market,symbol,quality_components,value_components,growth_components,momentum_components,low_risk_components,factor_count,core_factor_count,eligible_for_composite,component_count
hk,0001.HK,1,3,0,2,1,4,3,True,7
hk,0002.HK,1,3,0,2,1,4,3,True,7
hk,0003.HK,1,3,0,2,1,4,3,True,7
hk,0004.HK,1,3,0,2,1,4,3,True,7
hk,0005.HK,0,3,0,2,1,3,3,True,6
hk,0006.HK,1,3,0,2,1,4,3,True,7
hk,0007.HK,1,0,0,2,1,3,2,False,4
hk,0008.HK,1,2,0,2,1,4,3,True,6
hk,0009.HK,1,0,0,2,1,3,2,False,4
hk,0010.HK,1,3,0,2,1,4,3,True,7
hk,0011.HK,1,0,0,2,1,3,2,False,4
hk,0012.HK,1,3,0,2,1,4,3,True,7
hk,0013.HK,1,3,0,2,1,4,3,True,7
hk,0014.HK,1,3,0,2,1,4,3,True,7
hk,0016.HK,1,0,0,2,1,3,2,False,4
hk,0017.HK,1,0,0,2,1,3,2,False,4
hk,0018.HK,1,3,0,2,1,4,3,True,7
hk,0019.HK,1,3,0,2,1,4,3,True,7
hk,0020.HK,1,3,0,2,1,4,3,True,7
hk,0021.HK,1,3,0,2,1,4,3,True,7
hk,0022.HK,1,3,0,2,1,4,3,True,7
hk,0023.HK,1,3,0,2,1,4,3,True,7
hk,0025.HK,1,3,0,2,1,4,3,True,7
hk,0026.HK,1,0,0,2,1,3,2,False,4
hk,0027.HK,1,3,0,2,1,4,3,True,7
hk,0028.HK,1,3,0,2,1,4,3,True,7
hk,0029.HK,1,0,0,2,1,3,2,False,4
hk,0030.HK,1,3,0,2,1,4,3,True,7
hk,0031.HK,1,3,0,2,1,4,3,True,7
hk,0032.HK,1,3,0,2,1,4,3,True,7
hk,0033.HK,1,0,0,2,1,3,2,False,4
hk,0034.HK,1,3,0,2,1,4,3,True,7
hk,0035.HK,1,3,0,2,1,4,3,True,7
hk,0036.HK,1,3,0,2,1,4,3,True,7
hk,0037.HK,1,3,0,2,1,4,3,True,7
hk,0038.HK,1,3,0,2,1,4,3,True,7
hk,0039.HK,1,0,0,2,1,3,2,False,4
hk,0040.HK,1,3,0,2,1,4,3,True,7
hk,0041.HK,1,3,0,2,1,4,3,True,7
hk,0042.HK,1,2,0,2,1,4,3,True,6
hk,0045.HK,1,3,0,2,1,4,3,True,7
hk,0046.HK,1,3,0,2,1,4,3,True,7
hk,0048.HK,1,3,0,2,1,4,3,True,7
hk,0050.HK,1,3,0,2,1,4,3,True,7
hk,0051.HK,1,3,0,2,1,4,3,True,7
hk,0052.HK,1,3,0,2,1,4,3,True,7
hk,0053.HK,1,0,0,2,1,3,2,False,4
hk,0055.HK,1,3,0,2,1,4,3,True,7
hk,0057.HK,1,3,0,2,1,4,3,True,7
hk,0058.HK,1,3,0,2,1,4,3,True,7
hk,0059.HK,1,0,0,2,1,3,2,False,4
hk,0060.HK,1,3,0,2,1,4,3,True,7
hk,0061.HK,1,2,0,2,1,4,3,True,6
hk,0062.HK,1,3,0,2,1,4,3,True,7
hk,0063.HK,1,3,0,2,1,4,3,True,7
hk,0064.HK,1,3,0,2,1,4,3,True,7
hk,0065.HK,1,3,0,2,1,4,3,True,7
hk,0066.HK,1,3,0,2,1,4,3,True,7
hk,0068.HK,0,0,0,0,0,0,0,False,0
hk,0069.HK,1,3,0,2,1,4,3,True,7
hk,0070.HK,1,0,0,2,1,3,2,False,4
hk,0071.HK,1,3,0,2,1,4,3,True,7
hk,0072.HK,1,3,0,2,1,4,3,True,7
hk,0073.HK,1,0,0,2,1,3,2,False,4
hk,0075.HK,1,3,0,2,1,4,3,True,7
hk,0076.HK,1,3,0,2,1,4,3,True,7
hk,0077.HK,1,3,0,2,1,4,3,True,7
hk,0078.HK,1,3,0,2,1,4,3,True,7
hk,0079.HK,1,3,0,2,1,4,3,True,7
hk,0080.HK,1,3,0,2,1,4,3,True,7
hk,0081.HK,1,3,0,2,1,4,3,True,7
hk,0082.HK,1,3,0,2,1,4,3,True,7
hk,0083.HK,1,0,0,2,1,3,2,False,4
hk,0084.HK,1,3,0,2,1,4,3,True,7
hk,0085.HK,1,3,0,2,1,4,3,True,7
hk,0086.HK,1,3,0,2,1,4,3,True,7
hk,0087.HK,1,3,0,2,1,4,3,True,7
hk,0088.HK,1,3,0,2,1,4,3,True,7
hk,0089.HK,1,3,0,2,1,4,3,True,7
hk,0090.HK,1,3,0,2,1,4,3,True,7
hk,0092.HK,1,0,0,2,1,3,2,False,4
hk,0093.HK,1,3,0,2,1,4,3,True,7
hk,0094.HK,1,3,0,2,1,4,3,True,7
hk,0095.HK,1,3,0,2,1,4,3,True,7
hk,0096.HK,1,3,0,2,1,4,3,True,7
hk,0097.HK,1,3,0,2,1,4,3,True,7
hk,0098.HK,1,3,0,2,1,4,3,True,7
hk,0099.HK,1,3,0,2,1,4,3,True,7
hk,0100.HK,1,2,0,1,0,3,2,False,4
hk,0101.HK,1,3,0,2,1,4,3,True,7
hk,0102.HK,1,0,0,2,1,3,2,False,4
hk,0103.HK,1,3,0,2,1,4,3,True,7
hk,0104.HK,1,3,0,2,1,4,3,True,7
hk,0105.HK,1,3,0,2,1,4,3,True,7
hk,0106.HK,1,2,0,2,1,4,3,True,6
hk,0107.HK,1,3,0,2,1,4,3,True,7
hk,0108.HK,1,3,0,2,1,4,3,True,7
hk,0110.HK,1,2,0,2,1,4,3,True,6
hk,0111.HK,1,3,0,2,1,4,3,True,7
hk,0113.HK,1,3,0,2,1,4,3,True,7
hk,0114.HK,1,3,0,2,1,4,3,True,7
hk,0115.HK,1,3,0,2,1,4,3,True,7
hk,0116.HK,1,3,0,2,1,4,3,True,7
hk,0117.HK,1,3,0,2,1,4,3,True,7
hk,0118.HK,1,3,0,2,1,4,3,True,7
hk,0119.HK,1,3,0,2,1,4,3,True,7
hk,0120.HK,1,3,0,2,1,4,3,True,7
hk,0122.HK,1,3,0,2,1,4,3,True,7
hk,0123.HK,1,3,0,2,1,4,3,True,7
hk,0124.HK,1,3,0,2,1,4,3,True,7
hk,0125.HK,1,3,0,2,1,4,3,True,7
hk,0126.HK,1,3,0,2,1,4,3,True,7
hk,0127.HK,1,3,0,2,1,4,3,True,7
hk,0128.HK,1,3,0,2,1,4,3,True,7
hk,0129.HK,1,3,0,2,1,4,3,True,7
hk,0130.HK,1,3,0,2,1,4,3,True,7
hk,0131.HK,1,0,0,2,1,3,2,False,4
hk,0132.HK,1,3,0,2,1,4,3,True,7
hk,0133.HK,1,3,0,2,1,4,3,True,7
hk,0135.HK,1,3,0,2,1,4,3,True,7
hk,0136.HK,1,3,0,2,1,4,3,True,7
hk,0137.HK,1,3,0,2,1,4,3,True,7
hk,0138.HK,1,3,0,2,1,4,3,True,7
hk,0139.HK,1,3,0,2,1,4,3,True,7
hk,0142.HK,1,3,0,2,1,4,3,True,7
hk,0144.HK,1,3,0,2,1,4,3,True,7
hk,0145.HK,1,3,0,2,1,4,3,True,7
hk,0146.HK,1,0,0,2,1,3,2,False,4
hk,0147.HK,1,3,0,2,1,4,3,True,7
hk,0148.HK,1,3,0,2,1,4,3,True,7
hk,0149.HK,1,3,0,2,1,4,3,True,7
hk,0150.HK,1,3,0,2,1,4,3,True,7
hk,0151.HK,1,3,0,2,1,4,3,True,7
hk,0152.HK,1,3,0,2,1,4,3,True,7
hk,0154.HK,1,3,0,2,1,4,3,True,7
hk,0156.HK,1,3,0,2,1,4,3,True,7
hk,0157.HK,1,3,0,2,1,4,3,True,7
hk,0158.HK,1,3,0,2,1,4,3,True,7
hk,0159.HK,1,0,0,2,1,3,2,False,4
hk,0160.HK,1,3,0,2,1,4,3,True,7
hk,0162.HK,1,3,0,2,1,4,3,True,7
hk,0163.HK,1,3,0,2,1,4,3,True,7
hk,0164.HK,1,2,0,2,1,4,3,True,6
hk,0165.HK,1,3,0,2,1,4,3,True,7
hk,0166.HK,1,3,0,2,1,4,3,True,7
hk,0167.HK,1,3,0,2,1,4,3,True,7
hk,0168.HK,1,3,0,2,1,4,3,True,7
hk,0169.HK,1,3,0,2,1,4,3,True,7
hk,0171.HK,1,3,0,2,1,4,3,True,7
hk,0173.HK,1,3,0,2,1,4,3,True,7
hk,0174.HK,1,3,0,2,1,4,3,True,7
hk,0175.HK,1,3,0,2,1,4,3,True,7
hk,0176.HK,1,1,0,2,1,4,3,True,5
hk,0177.HK,1,3,0,2,1,4,3,True,7
hk,0178.HK,1,3,0,2,1,4,3,True,7
hk,0179.HK,1,3,0,2,1,4,3,True,7
hk,0180.HK,1,3,0,2,1,4,3,True,7
hk,0181.HK,1,3,0,2,1,4,3,True,7
hk,0182.HK,1,3,0,2,1,4,3,True,7
hk,0183.HK,1,0,0,2,1,3,2,False,4
hk,0184.HK,1,3,0,2,1,4,3,True,7
hk,0185.HK,1,3,0,2,1,4,3,True,7
hk,0186.HK,1,3,0,2,1,4,3,True,7
hk,0187.HK,1,3,0,2,1,4,3,True,7
hk,0188.HK,1,0,0,2,1,3,2,False,4
hk,0189.HK,1,3,0,2,1,4,3,True,7
hk,0191.HK,1,0,0,2,1,3,2,False,4
hk,0193.HK,1,0,0,2,1,3,2,False,4
hk,0194.HK,1,3,0,2,1,4,3,True,7
hk,0195.HK,1,0,0,2,1,3,2,False,4
hk,0196.HK,1,3,0,2,1,4,3,True,7
hk,0197.HK,1,0,0,2,1,3,2,False,4
hk,0199.HK,1,3,0,2,1,4,3,True,7
hk,0200.HK,1,3,0,2,1,4,3,True,7
hk,0201.HK,1,3,0,2,1,4,3,True,7
hk,0202.HK,1,3,0,2,1,4,3,True,7
hk,0204.HK,1,0,0,2,1,3,2,False,4
hk,0205.HK,1,3,0,2,1,4,3,True,7
hk,0206.HK,1,3,0,2,1,4,3,True,7
hk,0207.HK,1,0,0,2,1,3,2,False,4
hk,0209.HK,1,2,0,2,1,4,3,True,6
hk,0210.HK,1,3,0,2,1,4,3,True,7
hk,0211.HK,1,3,0,2,1,4,3,True,7
hk,0212.HK,1,3,0,2,1,4,3,True,7
hk,0213.HK,1,3,0,2,1,4,3,True,7
hk,0214.HK,1,3,0,2,1,4,3,True,7
hk,0215.HK,1,3,0,2,1,4,3,True,7
hk,0216.HK,1,3,0,2,1,4,3,True,7
hk,0217.HK,1,3,0,2,1,4,3,True,7
hk,0218.HK,1,3,0,2,1,4,3,True,7
hk,0219.HK,1,3,0,2,1,4,3,True,7
hk,0220.HK,1,3,0,2,1,4,3,True,7
hk,0222.HK,1,3,0,2,1,4,3,True,7
hk,0223.HK,1,3,0,2,1,4,3,True,7
hk,0224.HK,1,3,0,2,1,4,3,True,7
hk,0225.HK,1,3,0,2,1,4,3,True,7
hk,0226.HK,1,0,0,2,1,3,2,False,4
hk,0227.HK,1,3,0,2,1,4,3,True,7
hk,0228.HK,1,3,0,2,1,4,3,True,7
hk,0229.HK,1,3,0,2,1,4,3,True,7
hk,0230.HK,1,0,0,2,1,3,2,False,4
hk,0232.HK,1,3,0,2,1,4,3,True,7
hk,0234.HK,1,3,0,2,1,4,3,True,7
hk,0235.HK,1,3,0,2,1,4,3,True,7
hk,0236.HK,1,3,0,2,1,4,3,True,7
hk,0237.HK,1,3,0,2,1,4,3,True,7
hk,0239.HK,1,3,0,2,1,4,3,True,7
hk,0240.HK,1,3,0,2,1,4,3,True,7
hk,0241.HK,1,3,0,2,1,4,3,True,7
hk,0242.HK,1,3,0,2,1,4,3,True,7
hk,0243.HK,1,0,0,2,1,3,2,False,4
hk,0244.HK,1,2,0,2,1,4,3,True,6
hk,0245.HK,1,3,0,2,1,4,3,True,7
hk,0247.HK,1,0,0,2,1,3,2,False,4
hk,0248.HK,1,3,0,2,1,4,3,True,7
hk,0251.HK,1,3,0,2,1,4,3,True,7
hk,0252.HK,1,3,0,2,1,4,3,True,7
hk,0253.HK,1,3,0,2,1,4,3,True,7
hk,0254.HK,1,0,0,2,1,3,2,False,4
hk,0255.HK,1,3,0,2,1,4,3,True,7
hk,0256.HK,1,3,0,2,1,4,3,True,7
hk,0257.HK,1,3,0,2,1,4,3,True,7
hk,0258.HK,1,3,0,2,1,4,3,True,7
hk,0259.HK,1,3,0,2,1,4,3,True,7
hk,0260.HK,1,0,0,2,1,3,2,False,4
hk,0261.HK,1,3,0,2,1,4,3,True,7
hk,0262.HK,1,3,0,2,1,4,3,True,7
hk,0264.HK,1,2,0,2,1,4,3,True,6
hk,0265.HK,1,3,0,2,1,4,3,True,7
hk,0266.HK,1,3,0,2,1,4,3,True,7
hk,0267.HK,1,3,0,2,1,4,3,True,7
hk,0268.HK,1,3,0,2,1,4,3,True,7
hk,0269.HK,1,2,0,2,1,4,3,True,6
hk,0270.HK,1,3,0,2,1,4,3,True,7
hk,0271.HK,1,3,0,2,1,4,3,True,7
hk,0272.HK,1,3,0,2,1,4,3,True,7
hk,0273.HK,1,0,0,0,0,1,0,False,1
hk,0274.HK,1,3,0,2,1,4,3,True,7
hk,0276.HK,1,2,0,2,1,4,3,True,6
hk,0277.HK,1,3,0,2,1,4,3,True,7
hk,0278.HK,1,0,0,0,0,1,0,False,1
hk,0279.HK,1,3,0,2,1,4,3,True,7
hk,0280.HK,1,3,0,2,1,4,3,True,7
hk,0285.HK,1,3,0,2,1,4,3,True,7
hk,0286.HK,1,0,0,2,1,3,2,False,4
hk,0287.HK,1,3,0,2,1,4,3,True,7
hk,0288.HK,1,3,0,2,1,4,3,True,7
hk,0289.HK,1,3,0,2,1,4,3,True,7
hk,0290.HK,1,3,0,2,1,4,3,True,7
hk,0291.HK,1,3,0,2,1,4,3,True,7
hk,0292.HK,1,0,0,2,1,3,2,False,4
hk,0293.HK,1,3,0,2,1,4,3,True,7
hk,0294.HK,1,3,0,2,1,4,3,True,7
hk,0295.HK,1,3,0,2,1,4,3,True,7
hk,0296.HK,1,3,0,2,1,4,3,True,7
hk,0297.HK,1,3,0,2,1,4,3,True,7
hk,0298.HK,1,3,0,2,1,4,3,True,7
hk,0299.HK,1,0,0,2,1,3,2,False,4
hk,0300.HK,1,3,0,2,0,3,2,False,6
hk,0301.HK,1,3,0,2,1,4,3,True,7
hk,0302.HK,1,3,0,2,1,4,3,True,7
hk,0303.HK,1,3,0,2,1,4,3,True,7
hk,0305.HK,1,3,0,2,1,4,3,True,7
hk,0306.HK,1,3,0,2,1,4,3,True,7
hk,0308.HK,1,3,0,2,1,4,3,True,7
hk,0309.HK,1,3,0,2,1,4,3,True,7
hk,0310.HK,1,3,0,2,1,4,3,True,7
hk,0311.HK,1,3,0,2,1,4,3,True,7
hk,0312.HK,1,3,0,2,1,4,3,True,7
hk,0313.HK,1,3,0,2,1,4,3,True,7
hk,0314.HK,1,3,0,2,1,4,3,True,7
hk,0315.HK,1,0,0,2,1,3,2,False,4
hk,0316.HK,1,3,0,2,1,4,3,True,7
hk,0317.HK,1,3,0,2,1,4,3,True,7
hk,0318.HK,1,0,0,2,1,3,2,False,4
hk,0320.HK,1,3,0,2,1,4,3,True,7
hk,0321.HK,1,3,0,2,1,4,3,True,7
hk,0322.HK,1,3,0,2,1,4,3,True,7
hk,0323.HK,1,3,0,2,1,4,3,True,7
hk,0325.HK,1,3,0,2,0,3,2,False,6
hk,0326.HK,1,3,0,2,1,4,3,True,7
hk,0327.HK,1,3,0,2,1,4,3,True,7
hk,0328.HK,1,2,0,2,1,4,3,True,6
hk,0329.HK,1,3,0,2,1,4,3,True,7
hk,0330.HK,1,3,0,2,1,4,3,True,7
hk,0331.HK,1,0,0,2,1,3,2,False,4
hk,0332.HK,1,2,0,2,1,4,3,True,6
hk,0333.HK,1,0,0,2,1,3,2,False,4
hk,0334.HK,1,3,0,2,1,4,3,True,7
hk,0335.HK,1,3,0,2,1,4,3,True,7
hk,0336.HK,1,3,0,2,1,4,3,True,7
hk,0337.HK,1,3,0,2,1,4,3,True,7
hk,0338.HK,1,3,0,2,1,4,3,True,7
hk,0339.HK,1,3,0,2,1,4,3,True,7
hk,0340.HK,1,3,0,2,1,4,3,True,7
hk,0341.HK,1,3,0,2,1,4,3,True,7
hk,0343.HK,1,3,0,2,1,4,3,True,7
hk,0345.HK,1,3,0,2,1,4,3,True,7
hk,0346.HK,1,3,0,2,1,4,3,True,7
hk,0347.HK,1,3,0,2,1,4,3,True,7
hk,0348.HK,1,2,0,2,1,4,3,True,6
hk,0351.HK,1,3,0,2,1,4,3,True,7
hk,0352.HK,1,3,0,2,1,4,3,True,7
hk,0353.HK,1,3,0,2,1,4,3,True,7
hk,0354.HK,1,3,0,2,1,4,3,True,7
hk,0355.HK,1,3,0,2,1,4,3,True,7
hk,0356.HK,1,3,0,2,1,4,3,True,7
hk,0357.HK,1,3,0,2,1,4,3,True,7
hk,0358.HK,1,3,0,2,1,4,3,True,7
hk,0360.HK,1,3,0,2,1,4,3,True,7
hk,0361.HK,1,3,0,2,1,4,3,True,7
hk,0362.HK,1,0,0,2,1,3,2,False,4
hk,0363.HK,1,3,0,2,1,4,3,True,7
hk,0365.HK,1,3,0,2,1,4,3,True,7
hk,0366.HK,1,3,0,2,1,4,3,True,7
hk,0367.HK,1,3,0,2,1,4,3,True,7
hk,0368.HK,1,3,0,2,1,4,3,True,7
hk,0369.HK,1,3,0,2,1,4,3,True,7
hk,0370.HK,1,3,0,2,1,4,3,True,7
hk,0371.HK,1,3,0,2,1,4,3,True,7
hk,0372.HK,1,2,0,2,1,4,3,True,6
hk,0373.HK,1,3,0,2,1,4,3,True,7
hk,0374.HK,1,3,0,2,1,4,3,True,7
hk,0375.HK,1,3,0,2,1,4,3,True,7
hk,0376.HK,1,3,0,2,1,4,3,True,7
hk,0377.HK,1,2,0,2,1,4,3,True,6
hk,0379.HK,1,3,0,2,1,4,3,True,7
hk,0380.HK,1,3,0,2,1,4,3,True,7
hk,0381.HK,1,3,0,2,1,4,3,True,7
hk,0382.HK,1,2,0,2,1,4,3,True,6
hk,0383.HK,1,3,0,2,1,4,3,True,7
hk,0384.HK,1,3,0,2,1,4,3,True,7
hk,0385.HK,1,3,0,2,1,4,3,True,7
hk,0386.HK,1,3,0,2,1,4,3,True,7
hk,0387.HK,1,3,0,2,1,4,3,True,7
hk,0388.HK,1,3,0,2,1,4,3,True,7
hk,0389.HK,1,3,0,2,1,4,3,True,7
hk,0390.HK,1,3,0,2,1,4,3,True,7
hk,0391.HK,1,3,0,2,1,4,3,True,7
hk,0392.HK,1,3,0,2,1,4,3,True,7
hk,0393.HK,1,3,0,2,1,4,3,True,7
hk,0396.HK,1,3,0,2,1,4,3,True,7
hk,0397.HK,1,3,0,2,1,4,3,True,7
hk,0398.HK,1,3,0,2,1,4,3,True,7
hk,0399.HK,1,0,0,2,1,3,2,False,4
hk,0400.HK,1,3,0,2,1,4,3,True,7
hk,0401.HK,1,3,0,2,1,4,3,True,7
hk,0403.HK,1,3,0,2,1,4,3,True,7
hk,0406.HK,1,3,0,2,1,4,3,True,7
hk,0408.HK,1,3,0,2,1,4,3,True,7
hk,0410.HK,1,3,0,2,1,4,3,True,7
hk,0411.HK,1,0,0,2,1,3,2,False,4
hk,0412.HK,1,2,0,2,1,4,3,True,6
hk,0413.HK,1,3,0,2,1,4,3,True,7
hk,0417.HK,1,3,0,2,1,4,3,True,7
hk,0418.HK,1,3,0,2,1,4,3,True,7
hk,0419.HK,1,3,0,2,1,4,3,True,7
hk,0420.HK,1,3,0,2,1,4,3,True,7
hk,0422.HK,1,3,0,2,1,4,3,True,7
hk,0423.HK,1,3,0,2,1,4,3,True,7
hk,0425.HK,1,3,0,2,1,4,3,True,7
hk,0426.HK,1,2,0,2,1,4,3,True,6
hk,0428.HK,1,3,0,2,1,4,3,True,7
hk,0430.HK,1,3,0,2,1,4,3,True,7
hk,0431.HK,1,2,0,2,1,4,3,True,6
hk,0432.HK,1,2,0,2,1,4,3,True,6
hk,0433.HK,1,3,0,2,1,4,3,True,7
hk,0434.HK,1,3,0,2,1,4,3,True,7
hk,0436.HK,1,3,0,2,1,4,3,True,7
hk,0438.HK,1,3,0,2,1,4,3,True,7
hk,0439.HK,1,3,0,2,1,4,3,True,7
hk,0440.HK,0,3,0,2,1,3,3,True,6
hk,0442.HK,1,3,0,2,1,4,3,True,7
hk,0444.HK,1,1,0,2,1,4,3,True,5
hk,0450.HK,1,3,0,2,1,4,3,True,7
hk,0451.HK,1,3,0,2,1,4,3,True,7
hk,0455.HK,1,3,0,2,1,4,3,True,7
hk,0456.HK,1,3,0,2,1,4,3,True,7
hk,0458.HK,1,3,0,2,1,4,3,True,7
hk,0459.HK,1,0,0,2,1,3,2,False,4
hk,0460.HK,1,3,0,2,1,4,3,True,7
hk,0464.HK,1,3,0,2,1,4,3,True,7
hk,0465.HK,1,3,0,2,1,4,3,True,7
hk,0467.HK,1,3,0,2,1,4,3,True,7
hk,0468.HK,1,3,0,2,1,4,3,True,7
hk,0470.HK,1,3,0,0,0,2,1,False,4
hk,0471.HK,1,3,0,2,1,4,3,True,7
hk,0472.HK,1,3,0,2,1,4,3,True,7
hk,0474.HK,1,0,0,2,1,3,2,False,4
hk,0475.HK,1,2,0,2,1,4,3,True,6
hk,0476.HK,1,3,0,2,1,4,3,True,7
hk,0480.HK,1,3,0,2,1,4,3,True,7
hk,0482.HK,1,2,0,2,1,4,3,True,6
hk,0483.HK,1,3,0,2,1,4,3,True,7
hk,0484.HK,1,3,0,2,1,4,3,True,7
hk,0485.HK,1,3,0,2,1,4,3,True,7
hk,0486.HK,1,1,0,0,0,2,1,False,2
hk,0487.HK,1,3,0,2,1,4,3,True,7
hk,0488.HK,1,1,0,2,1,4,3,True,5
hk,0489.HK,1,0,0,2,1,3,2,False,4
hk,0491.HK,1,0,0,2,1,3,2,False,4
hk,0493.HK,1,2,0,2,1,4,3,True,6
hk,0495.HK,1,0,0,2,1,3,2,False,4
hk,0496.HK,1,3,0,2,1,4,3,True,7
hk,0497.HK,1,3,0,2,1,4,3,True,7
hk,0498.HK,1,3,0,2,1,4,3,True,7
hk,0499.HK,1,3,0,2,1,4,3,True,7
hk,0500.HK,1,3,0,2,1,4,3,True,7
hk,0501.HK,1,3,0,1,0,3,2,False,5
hk,0503.HK,1,0,0,0,0,1,0,False,1
hk,0505.HK,1,3,0,2,1,4,3,True,7
hk,0506.HK,1,3,0,2,1,4,3,True,7
hk,0508.HK,1,3,0,2,1,4,3,True,7
hk,0509.HK,1,0,0,2,1,3,2,False,4
hk,0510.HK,1,3,0,2,1,4,3,True,7
hk,0511.HK,1,3,0,2,1,4,3,True,7
hk,0512.HK,1,3,0,2,1,4,3,True,7
hk,0513.HK,1,0,0,2,1,3,2,False,4
hk,0515.HK,1,0,0,2,1,3,2,False,4
hk,0517.HK,1,3,0,2,1,4,3,True,7
hk,0518.HK,1,3,0,2,1,4,3,True,7
hk,0519.HK,1,0,0,2,1,3,2,False,4
hk,0520.HK,1,3,0,2,1,4,3,True,7
hk,0521.HK,1,3,0,2,1,4,3,True,7
hk,0522.HK,1,1,0,2,1,4,3,True,5
hk,0524.HK,1,2,0,2,1,4,3,True,6
hk,0525.HK,1,3,0,2,1,4,3,True,7
hk,0526.HK,1,3,0,2,1,4,3,True,7
hk,0527.HK,1,2,0,2,1,4,3,True,6
hk,0528.HK,1,3,0,2,1,4,3,True,7
hk,0529.HK,1,3,0,2,1,4,3,True,7
hk,0531.HK,1,0,0,2,1,3,2,False,4
hk,0532.HK,1,3,0,2,1,4,3,True,7
hk,0533.HK,1,3,0,2,1,4,3,True,7
hk,0535.HK,1,3,0,2,1,4,3,True,7
hk,0536.HK,1,3,0,2,1,4,3,True,7
hk,0537.HK,0,3,0,0,0,1,1,False,3
hk,0538.HK,1,3,0,2,1,4,3,True,7
hk,0540.HK,1,3,0,2,1,4,3,True,7
hk,0542.HK,1,2,0,2,1,4,3,True,6
hk,0543.HK,1,3,0,2,1,4,3,True,7
hk,0544.HK,1,2,0,2,1,4,3,True,6
hk,0546.HK,1,3,0,2,1,4,3,True,7
hk,0547.HK,1,3,0,2,1,4,3,True,7
hk,0548.HK,1,3,0,2,1,4,3,True,7
hk,0550.HK,1,3,0,2,1,4,3,True,7
hk,0551.HK,1,3,0,2,1,4,3,True,7
hk,0552.HK,1,3,0,2,1,4,3,True,7
hk,0553.HK,1,3,0,2,1,4,3,True,7
hk,0554.HK,1,3,0,2,1,4,3,True,7
hk,0556.HK,1,3,0,2,1,4,3,True,7
hk,0557.HK,1,3,0,2,1,4,3,True,7
hk,0558.HK,1,3,0,2,1,4,3,True,7
hk,0559.HK,1,0,0,2,1,3,2,False,4
hk,0560.HK,1,3,0,2,1,4,3,True,7
hk,0563.HK,1,3,0,2,1,4,3,True,7
hk,0564.HK,1,3,0,2,1,4,3,True,7
hk,0565.HK,1,1,0,2,1,4,3,True,5
hk,0567.HK,1,3,0,2,1,4,3,True,7
hk,0568.HK,1,3,0,2,1,4,3,True,7
hk,0570.HK,1,3,0,2,1,4,3,True,7
hk,0571.HK,1,0,0,2,1,3,2,False,4
hk,0572.HK,1,3,0,2,1,4,3,True,7
hk,0573.HK,1,3,0,2,1,4,3,True,7
hk,0574.HK,1,2,0,2,1,4,3,True,6
hk,0575.HK,1,2,0,2,1,4,3,True,6
hk,0576.HK,1,3,0,2,1,4,3,True,7
hk,0579.HK,1,3,0,2,1,4,3,True,7
hk,0580.HK,1,3,0,2,1,4,3,True,7
hk,0581.HK,1,3,0,2,1,4,3,True,7
hk,0582.HK,1,3,0,2,1,4,3,True,7
hk,0583.HK,1,3,0,2,1,4,3,True,7
hk,0585.HK,1,3,0,2,1,4,3,True,7
hk,0586.HK,1,3,0,2,1,4,3,True,7
hk,0587.HK,1,3,0,2,1,4,3,True,7
hk,0588.HK,1,3,0,2,1,4,3,True,7
hk,0589.HK,1,0,0,2,1,3,2,False,4
hk,0590.HK,1,3,0,2,1,4,3,True,7
hk,0591.HK,1,0,0,2,1,3,2,False,4
hk,0592.HK,1,0,0,2,1,3,2,False,4
hk,0593.HK,1,0,0,2,1,3,2,False,4
hk,0595.HK,1,3,0,2,1,4,3,True,7
hk,0596.HK,1,3,0,2,1,4,3,True,7
hk,0598.HK,1,3,0,2,1,4,3,True,7
hk,0599.HK,1,3,0,2,1,4,3,True,7
hk,0600.HK,1,2,0,0,0,2,1,False,3
hk,0601.HK,1,2,0,2,1,4,3,True,6
hk,0602.HK,1,2,0,2,1,4,3,True,6
hk,0603.HK,1,3,0,2,1,4,3,True,7
hk,0604.HK,1,3,0,2,1,4,3,True,7
hk,0605.HK,1,3,0,2,1,4,3,True,7
hk,0606.HK,1,3,0,2,1,4,3,True,7
hk,0607.HK,1,3,0,2,1,4,3,True,7
hk,0608.HK,1,3,0,2,1,4,3,True,7
hk,0609.HK,1,3,0,2,1,4,3,True,7
hk,0610.HK,1,3,0,2,1,4,3,True,7
hk,0611.HK,1,3,0,2,1,4,3,True,7
hk,0612.HK,1,0,0,2,1,3,2,False,4
hk,0613.HK,1,3,0,2,1,4,3,True,7
hk,0616.HK,1,3,0,2,1,4,3,True,7
hk,0617.HK,1,3,0,2,1,4,3,True,7
hk,0618.HK,1,3,0,2,1,4,3,True,7
hk,0619.HK,1,3,0,2,1,4,3,True,7
hk,0620.HK,1,3,0,2,1,4,3,True,7
hk,0621.HK,1,3,0,2,1,4,3,True,7
hk,0622.HK,1,3,0,2,1,4,3,True,7
hk,0623.HK,1,3,0,2,1,4,3,True,7
hk,0626.HK,1,3,0,2,1,4,3,True,7
hk,0627.HK,1,2,0,2,1,4,3,True,6
hk,0628.HK,1,3,0,2,1,4,3,True,7
hk,0629.HK,1,3,0,2,1,4,3,True,7
hk,0630.HK,1,3,0,2,1,4,3,True,7
hk,0631.HK,1,3,0,2,1,4,3,True,7
hk,0632.HK,1,3,0,2,1,4,3,True,7
hk,0635.HK,1,3,0,2,1,4,3,True,7
hk,0636.HK,1,3,0,2,1,4,3,True,7
hk,0637.HK,1,3,0,2,1,4,3,True,7
hk,0638.HK,1,3,0,1,0,3,2,False,5
hk,0639.HK,1,3,0,2,1,4,3,True,7
hk,0640.HK,1,3,0,2,1,4,3,True,7
hk,0641.HK,1,3,0,2,1,4,3,True,7
hk,0643.HK,1,3,0,2,1,4,3,True,7
hk,0645.HK,1,3,0,2,1,4,3,True,7
hk,0646.HK,1,2,0,2,1,4,3,True,6
hk,0648.HK,1,3,0,2,1,4,3,True,7
hk,0650.HK,1,3,0,2,1,4,3,True,7
hk,0653.HK,1,3,0,2,1,4,3,True,7
hk,0655.HK,1,3,0,2,1,4,3,True,7
hk,0656.HK,1,3,0,2,1,4,3,True,7
hk,0657.HK,1,3,0,2,1,4,3,True,7
hk,0658.HK,1,3,0,2,1,4,3,True,7
hk,0659.HK,1,0,0,2,1,3,2,False,4
hk,0660.HK,1,0,0,2,1,3,2,False,4
hk,0661.HK,1,3,0,2,1,4,3,True,7
hk,0662.HK,1,3,0,2,1,4,3,True,7
hk,0663.HK,1,0,0,2,1,3,2,False,4
hk,0664.HK,1,3,0,0,0,2,1,False,4
hk,0666.HK,1,3,0,2,0,3,2,False,6
hk,0667.HK,1,3,0,2,1,4,3,True,7
hk,0668.HK,1,3,0,0,0,2,1,False,4
hk,0669.HK,1,3,0,2,1,4,3,True,7
hk,0670.HK,1,3,0,2,1,4,3,True,7
hk,0672.HK,1,3,0,2,1,4,3,True,7
hk,0673.HK,1,3,0,2,1,4,3,True,7
hk,0674.HK,1,3,0,2,1,4,3,True,7
hk,0675.HK,1,3,0,2,1,4,3,True,7
hk,0676.HK,1,3,0,2,1,4,3,True,7
hk,0677.HK,1,3,0,2,1,4,3,True,7
hk,0679.HK,1,3,0,2,1,4,3,True,7
hk,0681.HK,1,3,0,2,1,4,3,True,7
hk,0682.HK,1,0,0,2,1,3,2,False,4
hk,0683.HK,1,3,0,2,1,4,3,True,7
hk,0684.HK,1,3,0,2,1,4,3,True,7
hk,0685.HK,1,3,0,2,1,4,3,True,7
hk,0686.HK,1,3,0,2,1,4,3,True,7
hk,0687.HK,1,3,0,2,1,4,3,True,7
hk,0688.HK,1,3,0,2,1,4,3,True,7
hk,0689.HK,1,3,0,2,1,4,3,True,7
hk,0690.HK,1,3,0,2,1,4,3,True,7
hk,0691.HK,1,3,0,2,1,4,3,True,7
hk,0693.HK,1,3,0,2,1,4,3,True,7
hk,0694.HK,1,3,0,2,1,4,3,True,7
hk,0695.HK,1,3,0,2,1,4,3,True,7
hk,0696.HK,1,3,0,2,1,4,3,True,7
hk,0697.HK,1,3,0,2,1,4,3,True,7
hk,0698.HK,1,3,0,2,1,4,3,True,7
hk,0699.HK,1,3,0,1,0,3,2,False,5
hk,0700.HK,1,3,0,2,1,4,3,True,7
hk,0701.HK,1,3,0,2,1,4,3,True,7
hk,0702.HK,1,0,0,2,1,3,2,False,4
hk,0703.HK,1,3,0,2,1,4,3,True,7
hk,0704.HK,1,0,0,2,1,3,2,False,4
hk,0707.HK,1,2,0,2,1,4,3,True,6
hk,0708.HK,1,0,0,2,1,3,2,False,4
hk,0709.HK,1,3,0,2,1,4,3,True,7
hk,0710.HK,1,3,0,2,1,4,3,True,7
hk,0711.HK,1,3,0,2,1,4,3,True,7
hk,0712.HK,1,2,0,2,1,4,3,True,6
hk,0713.HK,1,3,0,2,1,4,3,True,7
hk,0715.HK,1,0,0,2,1,3,2,False,4
hk,0716.HK,1,3,0,2,1,4,3,True,7
hk,0717.HK,1,3,0,2,1,4,3,True,7
hk,0718.HK,1,2,0,2,1,4,3,True,6
hk,0719.HK,1,3,0,2,1,4,3,True,7
hk,0720.HK,1,3,0,2,1,4,3,True,7
hk,0721.HK,1,0,0,2,1,3,2,False,4
hk,0722.HK,1,0,0,2,1,3,2,False,4
hk,0723.HK,1,3,0,2,1,4,3,True,7
hk,0724.HK,1,2,0,2,1,4,3,True,6
hk,0725.HK,1,3,0,2,1,4,3,True,7
hk,0726.HK,1,3,0,2,1,4,3,True,7
hk,0727.HK,1,3,0,2,1,4,3,True,7
hk,0728.HK,1,3,0,2,1,4,3,True,7
hk,0730.HK,1,3,0,2,1,4,3,True,7
hk,0731.HK,1,3,0,2,1,4,3,True,7
hk,0732.HK,1,3,0,2,1,4,3,True,7
hk,0733.HK,1,3,0,2,1,4,3,True,7
hk,0735.HK,0,0,0,2,1,2,2,False,3
hk,0736.HK,1,3,0,2,1,4,3,True,7
hk,0737.HK,1,3,0,2,1,4,3,True,7
hk,0738.HK,1,3,0,2,1,4,3,True,7
hk,0743.HK,1,3,0,2,1,4,3,True,7
hk,0745.HK,1,3,0,2,1,4,3,True,7
hk,0746.HK,1,3,0,2,1,4,3,True,7
hk,0747.HK,1,3,0,2,1,4,3,True,7
hk,0750.HK,1,3,0,2,1,4,3,True,7
hk,0751.HK,1,3,0,2,1,4,3,True,7
hk,0752.HK,1,3,0,2,1,4,3,True,7
hk,0753.HK,1,3,0,2,1,4,3,True,7
hk,0754.HK,1,0,0,2,1,3,2,False,4
hk,0755.HK,1,3,0,2,1,4,3,True,7
hk,0756.HK,1,0,0,2,1,3,2,False,4
hk,0757.HK,1,3,0,2,1,4,3,True,7
hk,0759.HK,1,0,0,2,1,3,2,False,4
hk,0760.HK,1,3,0,2,1,4,3,True,7
hk,0762.HK,1,3,0,2,1,4,3,True,7
hk,0763.HK,1,3,0,2,1,4,3,True,7
hk,0764.HK,1,3,0,2,1,4,3,True,7
hk,0765.HK,1,3,0,2,1,4,3,True,7
hk,0767.HK,1,3,0,2,1,4,3,True,7
hk,0768.HK,1,3,0,2,1,4,3,True,7
hk,0769.HK,1,3,0,2,1,4,3,True,7
hk,0770.HK,1,3,0,2,1,4,3,True,7
hk,0771.HK,1,3,0,2,1,4,3,True,7
hk,0772.HK,1,3,0,2,1,4,3,True,7
hk,0775.HK,1,3,0,2,1,4,3,True,7
hk,0776.HK,1,2,0,2,1,4,3,True,6
hk,0777.HK,1,3,0,2,1,4,3,True,7
hk,0780.HK,1,3,0,2,1,4,3,True,7
hk,0784.HK,1,3,0,2,1,4,3,True,7
hk,0788.HK,1,3,0,2,1,4,3,True,7
hk,0789.HK,1,3,0,2,1,4,3,True,7
hk,0794.HK,1,3,0,2,1,4,3,True,7
hk,0797.HK,1,3,0,2,1,4,3,True,7
hk,0798.HK,1,3,0,2,1,4,3,True,7
hk,0799.HK,1,3,0,2,1,4,3,True,7
hk,0800.HK,1,3,0,1,0,3,2,False,5
hk,0802.HK,1,0,0,2,1,3,2,False,4
hk,0804.HK,1,3,0,2,1,4,3,True,7
hk,0805.HK,1,3,0,2,0,3,2,False,6
hk,0806.HK,1,3,0,2,1,4,3,True,7
hk,0807.HK,1,3,0,2,1,4,3,True,7
hk,0809.HK,1,2,0,2,1,4,3,True,6
hk,0810.HK,1,3,0,2,1,4,3,True,7
hk,0811.HK,1,3,0,2,1,4,3,True,7
hk,0813.HK,1,2,0,2,1,4,3,True,6
hk,0814.HK,1,3,0,2,1,4,3,True,7
hk,0815.HK,1,3,0,2,1,4,3,True,7
hk,0816.HK,1,3,0,2,1,4,3,True,7
hk,0817.HK,1,3,0,2,1,4,3,True,7
hk,0818.HK,1,3,0,2,1,4,3,True,7
hk,0819.HK,1,3,0,2,1,4,3,True,7
hk,0821.HK,1,3,0,2,1,4,3,True,7
hk,0822.HK,1,3,0,2,1,4,3,True,7
hk,0825.HK,1,2,0,2,1,4,3,True,6
hk,0826.HK,1,3,0,2,1,4,3,True,7
hk,0827.HK,1,2,0,2,1,4,3,True,6
hk,0828.HK,1,3,0,2,1,4,3,True,7
hk,0829.HK,1,3,0,2,1,4,3,True,7
hk,0830.HK,1,3,0,2,1,4,3,True,7
hk,0831.HK,1,3,0,2,1,4,3,True,7
hk,0832.HK,1,2,0,2,1,4,3,True,6
hk,0833.HK,1,3,0,2,1,4,3,True,7
hk,0834.HK,1,3,0,2,1,4,3,True,7
hk,0836.HK,1,3,0,2,1,4,3,True,7
hk,0837.HK,1,3,0,2,1,4,3,True,7
hk,0838.HK,1,3,0,2,1,4,3,True,7
hk,0839.HK,1,3,0,2,1,4,3,True,7
hk,0840.HK,1,3,0,2,1,4,3,True,7
hk,0841.HK,1,3,0,2,1,4,3,True,7
hk,0842.HK,1,3,0,2,1,4,3,True,7
hk,0844.HK,1,3,0,2,1,4,3,True,7
hk,0845.HK,1,0,0,2,1,3,2,False,4
hk,0846.HK,1,3,0,2,1,4,3,True,7
hk,0848.HK,1,3,0,2,1,4,3,True,7
hk,0851.HK,1,3,0,2,1,4,3,True,7
hk,0852.HK,1,3,0,2,1,4,3,True,7
hk,0853.HK,1,3,0,2,1,4,3,True,7
hk,0854.HK,1,3,0,2,1,4,3,True,7
hk,0855.HK,1,3,0,2,1,4,3,True,7
hk,0856.HK,1,3,0,2,1,4,3,True,7
hk,0857.HK,1,3,0,2,1,4,3,True,7
hk,0858.HK,1,3,0,2,1,4,3,True,7
hk,0859.HK,1,3,0,2,1,4,3,True,7
hk,0860.HK,1,3,0,2,1,4,3,True,7
hk,0861.HK,1,3,0,2,1,4,3,True,7
hk,0862.HK,1,0,0,2,1,3,2,False,4
hk,0863.HK,1,3,0,2,1,4,3,True,7
hk,0864.HK,1,3,0,2,1,4,3,True,7
hk,0865.HK,1,3,0,2,1,4,3,True,7
hk,0866.HK,1,3,0,2,1,4,3,True,7
hk,0867.HK,1,3,0,2,1,4,3,True,7
hk,0868.HK,1,3,0,2,1,4,3,True,7
hk,0869.HK,1,3,0,2,1,4,3,True,7
hk,0871.HK,1,3,0,2,1,4,3,True,7
hk,0872.HK,0,0,0,2,1,2,2,False,3
hk,0873.HK,1,3,0,2,1,4,3,True,7
hk,0874.HK,1,3,0,2,1,4,3,True,7
hk,0875.HK,1,3,0,2,1,4,3,True,7
hk,0876.HK,1,3,0,2,1,4,3,True,7
hk,0878.HK,1,3,0,2,1,4,3,True,7
hk,0880.HK,1,3,0,2,1,4,3,True,7
hk,0881.HK,1,3,0,2,1,4,3,True,7
hk,0882.HK,1,3,0,2,1,4,3,True,7
hk,0883.HK,1,3,0,2,1,4,3,True,7
hk,0884.HK,1,3,0,2,1,4,3,True,7
hk,0887.HK,1,3,0,2,1,4,3,True,7
hk,0888.HK,1,2,0,2,1,4,3,True,6
hk,0889.HK,1,3,0,2,1,4,3,True,7
hk,0893.HK,1,3,0,2,1,4,3,True,7
hk,0894.HK,1,3,0,2,1,4,3,True,7
hk,0895.HK,1,3,0,2,1,4,3,True,7
hk,0896.HK,1,3,0,2,1,4,3,True,7
hk,0897.HK,1,3,0,2,1,4,3,True,7
hk,0898.HK,1,3,0,2,1,4,3,True,7
hk,0899.HK,1,3,0,2,1,4,3,True,7
hk,0900.HK,1,3,0,2,1,4,3,True,7
hk,0901.HK,0,2,0,0,0,1,1,False,2
hk,0902.HK,1,3,0,2,1,4,3,True,7
hk,0905.HK,1,3,0,2,1,4,3,True,7
hk,0906.HK,1,0,0,2,1,3,2,False,4
hk,0907.HK,1,2,0,2,1,4,3,True,6
hk,0909.HK,1,3,0,2,1,4,3,True,7
hk,0910.HK,1,2,0,2,1,4,3,True,6
hk,0911.HK,1,3,0,2,1,4,3,True,7
hk,0912.HK,1,3,0,2,1,4,3,True,7
hk,0913.HK,1,3,0,2,1,4,3,True,7
hk,0914.HK,1,3,0,2,1,4,3,True,7
hk,0915.HK,1,3,0,2,1,4,3,True,7
hk,0916.HK,1,3,0,2,1,4,3,True,7
hk,0917.HK,1,3,0,2,0,3,2,False,6
hk,0918.HK,1,3,0,2,1,4,3,True,7
hk,0919.HK,1,3,0,2,1,4,3,True,7
hk,0921.HK,1,3,0,2,1,4,3,True,7
hk,0922.HK,1,3,0,2,1,4,3,True,7
hk,0923.HK,1,3,0,2,1,4,3,True,7
hk,0924.HK,1,0,0,2,1,3,2,False,4
hk,0925.HK,1,0,0,2,1,3,2,False,4
hk,0926.HK,1,3,0,2,1,4,3,True,7
hk,0927.HK,1,3,0,2,1,4,3,True,7
hk,0928.HK,1,3,0,2,1,4,3,True,7
hk,0929.HK,1,3,0,2,1,4,3,True,7
hk,0931.HK,1,3,0,2,1,4,3,True,7
hk,0932.HK,1,3,0,2,1,4,3,True,7
hk,0933.HK,1,3,0,2,1,4,3,True,7
hk,0934.HK,1,3,0,2,1,4,3,True,7
hk,0936.HK,1,3,0,2,1,4,3,True,7
hk,0938.HK,1,2,0,2,1,4,3,True,6
hk,0939.HK,1,3,0,2,1,4,3,True,7
hk,0941.HK,1,3,0,2,1,4,3,True,7
hk,0943.HK,1,0,0,2,1,3,2,False,4
hk,0945.HK,1,3,0,2,1,4,3,True,7
hk,0947.HK,1,3,0,2,1,4,3,True,7
hk,0948.HK,1,3,0,2,1,4,3,True,7
hk,0950.HK,1,3,0,2,1,4,3,True,7
hk,0951.HK,1,3,0,2,1,4,3,True,7
hk,0952.HK,1,3,0,2,1,4,3,True,7
hk,0953.HK,1,3,0,2,1,4,3,True,7
hk,0954.HK,1,3,0,2,1,4,3,True,7
hk,0956.HK,1,3,0,2,1,4,3,True,7
hk,0959.HK,1,0,0,2,1,3,2,False,4
hk,0960.HK,1,3,0,2,1,4,3,True,7
hk,0966.HK,1,3,0,2,1,4,3,True,7
hk,0968.HK,1,3,0,2,1,4,3,True,7
hk,0969.HK,1,2,0,2,1,4,3,True,6
hk,0970.HK,1,3,0,2,1,4,3,True,7
hk,0973.HK,1,0,0,2,1,3,2,False,4
hk,0974.HK,1,3,0,2,1,4,3,True,7
hk,0975.HK,1,3,0,2,1,4,3,True,7
hk,0976.HK,1,0,0,2,1,3,2,False,4
hk,0978.HK,1,3,0,2,1,4,3,True,7
hk,0979.HK,1,0,0,2,1,3,2,False,4
hk,0980.HK,1,2,0,2,1,4,3,True,6
hk,0981.HK,1,3,0,2,1,4,3,True,7
hk,0982.HK,1,0,0,2,1,3,2,False,4
hk,0983.HK,1,3,0,2,1,4,3,True,7
hk,0984.HK,1,2,0,2,1,4,3,True,6
hk,0985.HK,1,0,0,0,0,1,0,False,1
hk,0986.HK,1,3,0,2,1,4,3,True,7
hk,0987.HK,1,3,0,2,1,4,3,True,7
hk,0988.HK,1,0,0,0,0,1,0,False,1
hk,0989.HK,1,2,0,2,1,4,3,True,6
hk,0990.HK,1,3,0,2,1,4,3,True,7
hk,0991.HK,1,3,0,2,1,4,3,True,7
hk,0992.HK,1,3,0,2,1,4,3,True,7
hk,0993.HK,1,2,0,2,1,4,3,True,6
hk,0994.HK,1,3,0,2,1,4,3,True,7
hk,0995.HK,1,3,0,2,1,4,3,True,7
hk,0997.HK,1,3,0,2,1,4,3,True,7
hk,0998.HK,1,3,0,2,1,4,3,True,7
hk,0999.HK,1,3,0,2,0,3,2,False,6
hk,1000.HK,1,3,0,2,1,4,3,True,7
hk,1001.HK,1,3,0,2,1,4,3,True,7
hk,1002.HK,1,3,0,2,1,4,3,True,7
hk,1003.HK,1,3,0,2,1,4,3,True,7
hk,1004.HK,1,2,0,2,1,4,3,True,6
hk,1005.HK,1,3,0,2,1,4,3,True,7
hk,1007.HK,1,0,0,2,1,3,2,False,4
hk,1008.HK,1,3,0,2,1,4,3,True,7
hk,1009.HK,1,0,0,2,1,3,2,False,4
hk,1010.HK,1,1,0,2,1,4,3,True,5
hk,1011.HK,1,2,0,2,1,4,3,True,6
hk,1013.HK,1,2,0,2,1,4,3,True,6
hk,1020.HK,1,3,0,2,1,4,3,True,7
hk,1021.HK,1,3,0,0,0,2,1,False,4
hk,1022.HK,1,3,0,2,1,4,3,True,7
hk,1023.HK,1,0,0,2,1,3,2,False,4
hk,1024.HK,1,3,0,2,1,4,3,True,7
hk,1025.HK,1,3,0,2,1,4,3,True,7
hk,1026.HK,1,3,0,2,1,4,3,True,7
hk,1027.HK,1,3,0,2,1,4,3,True,7
hk,1028.HK,1,3,0,2,1,4,3,True,7
hk,1029.HK,1,3,0,2,1,4,3,True,7
hk,1030.HK,1,3,0,2,1,4,3,True,7
hk,1031.HK,1,0,0,0,0,1,0,False,1
hk,1033.HK,1,3,0,2,1,4,3,True,7
hk,1036.HK,1,3,0,2,1,4,3,True,7
hk,1037.HK,1,3,0,2,1,4,3,True,7
hk,1038.HK,1,3,0,2,1,4,3,True,7
hk,1039.HK,1,3,0,2,1,4,3,True,7
hk,1044.HK,1,3,0,2,1,4,3,True,7
hk,1045.HK,1,3,0,2,1,4,3,True,7
hk,1046.HK,1,0,0,2,1,3,2,False,4
hk,1047.HK,1,0,0,2,1,3,2,False,4
hk,1049.HK,1,3,0,2,1,4,3,True,7
hk,1050.HK,1,3,0,2,1,4,3,True,7
hk,1051.HK,1,3,0,2,1,4,3,True,7
hk,1052.HK,1,3,0,2,1,4,3,True,7
hk,1053.HK,1,3,0,2,1,4,3,True,7
hk,1055.HK,1,3,0,2,1,4,3,True,7
hk,1057.HK,1,3,0,2,1,4,3,True,7
hk,1058.HK,1,3,0,2,1,4,3,True,7
hk,1059.HK,1,0,0,2,1,3,2,False,4
hk,1060.HK,1,3,0,2,1,4,3,True,7
hk,1061.HK,1,3,0,2,1,4,3,True,7
hk,1062.HK,1,3,0,2,1,4,3,True,7
hk,1063.HK,1,3,0,2,1,4,3,True,7
hk,1064.HK,1,3,0,2,1,4,3,True,7
hk,1065.HK,1,3,0,2,1,4,3,True,7
hk,1066.HK,1,3,0,2,1,4,3,True,7
hk,1068.HK,1,2,0,2,1,4,3,True,6
hk,1069.HK,1,0,0,2,1,3,2,False,4
hk,1070.HK,1,3,0,2,1,4,3,True,7
hk,1071.HK,1,3,0,2,1,4,3,True,7
hk,1072.HK,1,3,0,2,1,4,3,True,7
hk,1073.HK,1,3,0,2,1,4,3,True,7
hk,1075.HK,1,3,0,2,1,4,3,True,7
hk,1079.HK,1,0,0,2,1,3,2,False,4
hk,1080.HK,1,3,0,2,1,4,3,True,7
hk,1081.HK,0,3,0,0,0,1,1,False,3
hk,1082.HK,1,0,0,2,1,3,2,False,4
hk,1083.HK,1,3,0,2,1,4,3,True,7
hk,1084.HK,1,3,0,2,1,4,3,True,7
hk,1085.HK,1,3,0,2,1,4,3,True,7
hk,1086.HK,1,3,0,2,1,4,3,True,7
hk,1087.HK,1,3,0,2,1,4,3,True,7
hk,1088.HK,1,3,0,2,1,4,3,True,7
hk,1090.HK,1,3,0,2,1,4,3,True,7
hk,1091.HK,1,3,0,2,1,4,3,True,7
hk,1093.HK,1,3,0,2,1,4,3,True,7
hk,1094.HK,1,3,0,2,1,4,3,True,7
hk,1097.HK,1,2,0,2,1,4,3,True,6
hk,1098.HK,1,3,0,2,1,4,3,True,7
hk,1099.HK,1,3,0,2,1,4,3,True,7
hk,1100.HK,1,3,0,2,1,4,3,True,7
hk,1101.HK,1,0,0,2,1,3,2,False,4
hk,1102.HK,1,3,0,2,1,4,3,True,7
hk,1104.HK,1,0,0,2,1,3,2,False,4
hk,1105.HK,1,3,0,2,1,4,3,True,7
hk,1107.HK,1,0,0,2,1,3,2,False,4
hk,1108.HK,1,3,0,2,1,4,3,True,7
hk,1109.HK,1,3,0,2,1,4,3,True,7
hk,1110.HK,1,3,0,2,1,4,3,True,7
hk,1111.HK,1,3,0,2,0,3,2,False,6
hk,1112.HK,1,3,0,2,1,4,3,True,7
hk,1113.HK,1,3,0,2,1,4,3,True,7
hk,1114.HK,1,3,0,2,1,4,3,True,7
hk,1115.HK,1,3,0,2,1,4,3,True,7
hk,1116.HK,1,0,0,2,1,3,2,False,4
hk,1117.HK,1,3,0,2,1,4,3,True,7
hk,1118.HK,1,3,0,2,1,4,3,True,7
hk,1119.HK,1,3,0,2,1,4,3,True,7
hk,1120.HK,1,3,0,2,1,4,3,True,7
hk,1121.HK,1,3,0,2,1,4,3,True,7
hk,1122.HK,1,3,0,2,1,4,3,True,7
hk,1123.HK,1,3,0,2,1,4,3,True,7
hk,1124.HK,1,3,0,2,1,4,3,True,7
hk,1125.HK,1,0,0,2,1,3,2,False,4
hk,1126.HK,1,3,0,2,1,4,3,True,7
hk,1127.HK,1,3,0,2,1,4,3,True,7
hk,1128.HK,1,2,0,2,1,4,3,True,6
hk,1129.HK,1,3,0,2,1,4,3,True,7
hk,1130.HK,1,0,0,2,1,3,2,False,4
hk,1132.HK,1,3,0,2,1,4,3,True,7
hk,1133.HK,1,3,0,2,1,4,3,True,7
hk,1134.HK,1,3,0,2,1,4,3,True,7
hk,1137.HK,1,3,0,2,1,4,3,True,7
hk,1138.HK,1,3,0,2,1,4,3,True,7
hk,1140.HK,1,3,0,2,1,4,3,True,7
hk,1141.HK,1,3,0,2,1,4,3,True,7
hk,1142.HK,1,3,0,2,1,4,3,True,7
hk,1143.HK,1,3,0,2,1,4,3,True,7
hk,1145.HK,1,3,0,2,1,4,3,True,7
hk,1146.HK,1,3,0,2,1,4,3,True,7
hk,1147.HK,1,3,0,2,1,4,3,True,7
hk,1148.HK,1,3,0,2,1,4,3,True,7
hk,1150.HK,1,3,0,2,1,4,3,True,7
hk,1152.HK,1,3,0,2,1,4,3,True,7
hk,1153.HK,1,2,0,2,1,4,3,True,6
hk,1156.HK,1,2,0,2,1,4,3,True,6
hk,1157.HK,1,3,0,2,1,4,3,True,7
hk,1159.HK,1,2,0,2,1,4,3,True,6
hk,1160.HK,1,3,0,2,1,4,3,True,7
hk,1161.HK,1,3,0,2,1,4,3,True,7
hk,1162.HK,1,3,0,2,1,4,3,True,7
hk,1163.HK,1,3,0,2,1,4,3,True,7
hk,1164.HK,1,3,0,2,1,4,3,True,7
hk,1165.HK,1,0,0,2,1,3,2,False,4
hk,1166.HK,1,0,0,2,1,3,2,False,4
hk,1167.HK,1,3,0,2,1,4,3,True,7
hk,1168.HK,1,3,0,2,1,4,3,True,7
hk,1170.HK,1,3,0,2,1,4,3,True,7
hk,1171.HK,1,3,0,2,1,4,3,True,7
hk,1172.HK,1,3,0,2,1,4,3,True,7
hk,1173.HK,1,3,0,2,1,4,3,True,7
hk,1176.HK,1,2,0,2,1,4,3,True,6
hk,1177.HK,1,3,0,2,1,4,3,True,7
hk,1179.HK,1,3,0,2,1,4,3,True,7
hk,1180.HK,1,3,0,2,1,4,3,True,7
hk,1181.HK,1,3,0,2,1,4,3,True,7
hk,1182.HK,1,3,0,2,1,4,3,True,7
hk,1183.HK,1,3,0,2,1,4,3,True,7
hk,1184.HK,1,3,0,2,1,4,3,True,7
hk,1186.HK,1,3,0,2,1,4,3,True,7
hk,1187.HK,0,3,0,0,0,1,1,False,3
hk,1188.HK,1,2,0,2,1,4,3,True,6
hk,1189.HK,1,0,0,2,1,3,2,False,4
hk,1191.HK,0,1,0,0,0,1,1,False,1
hk,1193.HK,1,3,0,2,1,4,3,True,7
hk,1194.HK,1,0,0,0,0,1,0,False,1
hk,1195.HK,1,0,0,2,1,3,2,False,4
hk,1196.HK,1,3,0,2,1,4,3,True,7
hk,1198.HK,1,3,0,2,1,4,3,True,7
hk,1199.HK,1,2,0,2,1,4,3,True,6
hk,1200.HK,1,3,0,2,1,4,3,True,7
hk,1201.HK,1,3,0,2,1,4,3,True,7
hk,1202.HK,1,1,0,2,1,4,3,True,5
hk,1203.HK,1,3,0,2,1,4,3,True,7
hk,1204.HK,1,3,0,2,1,4,3,True,7
hk,1205.HK,1,3,0,2,1,4,3,True,7
hk,1206.HK,1,3,0,2,1,4,3,True,7
hk,1207.HK,1,0,0,2,1,3,2,False,4
hk,1208.HK,1,3,0,2,1,4,3,True,7
hk,1209.HK,1,3,0,2,1,4,3,True,7
hk,1211.HK,1,3,0,2,1,4,3,True,7
hk,1213.HK,1,3,0,2,1,4,3,True,7
hk,1215.HK,1,3,0,2,1,4,3,True,7
hk,1216.HK,1,3,0,2,1,4,3,True,7
hk,1217.HK,1,3,0,2,1,4,3,True,7
hk,1218.HK,1,3,0,2,1,4,3,True,7
hk,1220.HK,1,0,0,2,1,3,2,False,4
hk,1221.HK,1,0,0,2,1,3,2,False,4
hk,1222.HK,1,3,0,2,1,4,3,True,7
hk,1223.HK,1,3,0,2,1,4,3,True,7
hk,1224.HK,1,3,0,2,1,4,3,True,7
hk,1225.HK,1,3,0,2,1,4,3,True,7
hk,1226.HK,1,3,0,2,1,4,3,True,7
hk,1228.HK,1,2,0,2,1,4,3,True,6
hk,1229.HK,1,3,0,2,1,4,3,True,7
hk,1231.HK,1,3,0,2,1,4,3,True,7
hk,1232.HK,1,2,0,2,1,4,3,True,6
hk,1233.HK,1,2,0,2,1,4,3,True,6
hk,1234.HK,1,3,0,2,1,4,3,True,7
hk,1235.HK,1,3,0,2,1,4,3,True,7
hk,1236.HK,0,1,0,0,0,1,1,False,1
hk,1237.HK,1,3,0,2,1,4,3,True,7
hk,1238.HK,1,3,0,2,1,4,3,True,7
hk,1239.HK,1,2,0,2,1,4,3,True,6
hk,1240.HK,1,3,0,2,1,4,3,True,7
hk,1241.HK,1,3,0,2,1,4,3,True,7
hk,1243.HK,1,3,0,2,1,4,3,True,7
hk,1244.HK,1,3,0,2,1,4,3,True,7
hk,1245.HK,1,3,0,2,1,4,3,True,7
hk,1246.HK,1,2,0,2,1,4,3,True,6
hk,1247.HK,1,3,0,2,1,4,3,True,7
hk,1250.HK,1,3,0,2,1,4,3,True,7
hk,1251.HK,1,3,0,2,1,4,3,True,7
hk,1252.HK,1,0,0,2,1,3,2,False,4
hk,1253.HK,1,2,0,2,1,4,3,True,6
hk,1255.HK,1,2,0,2,1,4,3,True,6
hk,1257.HK,1,3,0,2,1,4,3,True,7
hk,1258.HK,1,3,0,2,1,4,3,True,7
hk,1259.HK,1,3,0,2,1,4,3,True,7
hk,1260.HK,1,3,0,2,1,4,3,True,7
hk,1262.HK,1,3,0,2,1,4,3,True,7
hk,1263.HK,1,0,0,0,0,1,0,False,1
hk,1265.HK,1,3,0,2,1,4,3,True,7
hk,1268.HK,1,3,0,2,1,4,3,True,7
hk,1269.HK,1,2,0,2,1,4,3,True,6
hk,1270.HK,1,3,0,2,1,4,3,True,7
hk,1271.HK,1,3,0,2,1,4,3,True,7
hk,1272.HK,1,3,0,2,1,4,3,True,7
hk,1273.HK,1,3,0,2,1,4,3,True,7
hk,1274.HK,1,3,0,2,0,3,2,False,6
hk,1276.HK,1,3,0,2,0,3,2,False,6
hk,1277.HK,1,3,0,2,1,4,3,True,7
hk,1278.HK,1,3,0,2,1,4,3,True,7
hk,1280.HK,1,3,0,2,1,4,3,True,7
hk,1281.HK,1,3,0,2,1,4,3,True,7
hk,1282.HK,1,3,0,2,1,4,3,True,7
hk,1283.HK,1,3,0,2,1,4,3,True,7
hk,1284.HK,1,3,0,2,0,3,2,False,6
hk,1285.HK,1,3,0,2,1,4,3,True,7
hk,1286.HK,1,3,0,2,1,4,3,True,7
hk,1288.HK,1,3,0,2,1,4,3,True,7
hk,1289.HK,1,3,0,2,1,4,3,True,7
hk,1290.HK,1,3,0,2,1,4,3,True,7
hk,1292.HK,1,3,0,2,1,4,3,True,7
hk,1293.HK,1,0,0,2,1,3,2,False,4
hk,1297.HK,1,0,0,0,0,1,0,False,1
hk,1298.HK,1,3,0,2,1,4,3,True,7
hk,1299.HK,1,3,0,2,1,4,3,True,7
hk,1300.HK,1,3,0,2,1,4,3,True,7
hk,1301.HK,1,3,0,2,1,4,3,True,7
hk,1302.HK,1,3,0,2,1,4,3,True,7
hk,1303.HK,1,3,0,2,1,4,3,True,7
hk,1304.HK,1,3,0,2,0,3,2,False,6
hk,1305.HK,1,3,0,2,1,4,3,True,7
hk,1308.HK,1,3,0,2,1,4,3,True,7
hk,1310.HK,1,2,0,2,1,4,3,True,6
hk,1312.HK,1,3,0,2,1,4,3,True,7
hk,1313.HK,1,3,0,2,1,4,3,True,7
hk,1314.HK,1,3,0,2,1,4,3,True,7
hk,1315.HK,1,3,0,2,1,4,3,True,7
hk,1316.HK,1,3,0,2,1,4,3,True,7
hk,1317.HK,1,3,0,2,1,4,3,True,7
hk,1318.HK,1,3,0,2,0,3,2,False,6
hk,1319.HK,1,3,0,2,1,4,3,True,7
hk,1321.HK,1,3,0,2,1,4,3,True,7
hk,1323.HK,1,3,0,2,1,4,3,True,7
hk,1326.HK,1,0,0,2,1,3,2,False,4
hk,1327.HK,1,3,0,2,1,4,3,True,7
hk,1328.HK,1,3,0,2,1,4,3,True,7
hk,1329.HK,1,0,0,2,1,3,2,False,4
hk,1330.HK,1,3,0,2,1,4,3,True,7
hk,1332.HK,1,2,0,2,1,4,3,True,6
hk,1333.HK,1,3,0,2,0,3,2,False,6
hk,1334.HK,1,3,0,2,0,3,2,False,6
hk,1335.HK,1,3,0,2,1,4,3,True,7
hk,1336.HK,1,3,0,2,1,4,3,True,7
hk,1338.HK,1,3,0,2,1,4,3,True,7
hk,1339.HK,1,3,0,2,1,4,3,True,7
hk,1340.HK,1,3,0,2,1,4,3,True,7
hk,1341.HK,1,0,0,2,1,3,2,False,4
hk,1343.HK,1,3,0,2,1,4,3,True,7
hk,1345.HK,1,3,0,2,1,4,3,True,7
hk,1346.HK,1,3,0,2,1,4,3,True,7
hk,1347.HK,1,3,0,2,1,4,3,True,7
hk,1348.HK,1,3,0,2,1,4,3,True,7
hk,1349.HK,1,3,0,2,1,4,3,True,7
hk,1351.HK,1,3,0,2,1,4,3,True,7
hk,1354.HK,1,3,0,2,0,3,2,False,6
hk,1355.HK,1,2,0,2,1,4,3,True,6
hk,1357.HK,1,3,0,2,1,4,3,True,7
hk,1358.HK,1,3,0,2,1,4,3,True,7
hk,1359.HK,1,3,0,2,1,4,3,True,7
hk,1361.HK,1,3,0,2,1,4,3,True,7
hk,1362.HK,1,3,0,2,1,4,3,True,7
hk,1364.HK,1,3,0,2,0,3,2,False,6
hk,1368.HK,1,3,0,2,1,4,3,True,7
hk,1370.HK,1,3,0,2,1,4,3,True,7
hk,1371.HK,1,0,0,2,1,3,2,False,4
hk,1372.HK,1,0,0,2,1,3,2,False,4
hk,1373.HK,1,0,0,2,1,3,2,False,4
hk,1375.HK,1,3,0,2,1,4,3,True,7
hk,1376.HK,1,0,0,2,1,3,2,False,4
hk,1377.HK,0,3,0,0,0,1,1,False,3
hk,1378.HK,1,3,0,2,1,4,3,True,7
hk,1379.HK,1,3,0,2,1,4,3,True,7
hk,1380.HK,1,3,0,2,1,4,3,True,7
hk,1381.HK,1,0,0,2,1,3,2,False,4
hk,1382.HK,1,3,0,2,1,4,3,True,7
hk,1383.HK,1,0,0,2,1,3,2,False,4
hk,1384.HK,1,3,0,1,0,3,2,False,5
hk,1385.HK,1,3,0,2,1,4,3,True,7
hk,1387.HK,0,0,0,2,1,2,2,False,3
hk,1388.HK,1,3,0,2,1,4,3,True,7
hk,1389.HK,1,3,0,2,1,4,3,True,7
hk,1392.HK,0,1,0,0,0,1,1,False,1
hk,1393.HK,1,3,0,2,1,4,3,True,7
hk,1395.HK,1,3,0,2,1,4,3,True,7
hk,1396.HK,1,3,0,2,1,4,3,True,7
hk,1397.HK,1,3,0,2,1,4,3,True,7
hk,1398.HK,1,3,0,2,1,4,3,True,7
hk,1399.HK,1,3,0,2,1,4,3,True,7
hk,1400.HK,1,0,0,2,1,3,2,False,4
hk,1401.HK,1,3,0,2,1,4,3,True,7
hk,1402.HK,1,3,0,2,1,4,3,True,7
hk,1405.HK,1,3,0,2,1,4,3,True,7
hk,1406.HK,1,0,0,2,1,3,2,False,4
hk,1407.HK,1,3,0,2,1,4,3,True,7
hk,1408.HK,1,3,0,2,1,4,3,True,7
hk,1410.HK,1,3,0,2,1,4,3,True,7
hk,1412.HK,1,3,0,2,1,4,3,True,7
hk,1413.HK,1,3,0,2,1,4,3,True,7
hk,1415.HK,1,3,0,2,1,4,3,True,7
hk,1416.HK,1,3,0,2,1,4,3,True,7
hk,1417.HK,1,3,0,2,1,4,3,True,7
hk,1418.HK,1,3,0,2,1,4,3,True,7
hk,1419.HK,1,0,0,2,1,3,2,False,4
hk,1420.HK,1,3,0,2,1,4,3,True,7
hk,1421.HK,1,0,0,2,1,3,2,False,4
hk,1425.HK,1,3,0,2,1,4,3,True,7
hk,1427.HK,1,3,0,2,1,4,3,True,7
hk,1428.HK,1,3,0,2,1,4,3,True,7
hk,1429.HK,1,3,0,2,1,4,3,True,7
hk,1431.HK,1,3,0,2,1,4,3,True,7
hk,1432.HK,1,3,0,2,1,4,3,True,7
hk,1433.HK,1,0,0,2,1,3,2,False,4
hk,1440.HK,1,3,0,2,1,4,3,True,7
hk,1442.HK,1,3,0,2,1,4,3,True,7
hk,1443.HK,1,3,0,2,1,4,3,True,7
hk,1446.HK,1,3,0,2,1,4,3,True,7
hk,1447.HK,1,3,0,2,1,4,3,True,7
hk,1448.HK,1,0,0,2,1,3,2,False,4
hk,1449.HK,1,3,0,2,1,4,3,True,7
hk,1450.HK,1,3,0,2,1,4,3,True,7
hk,1451.HK,1,3,0,2,1,4,3,True,7
hk,1452.HK,1,3,0,2,1,4,3,True,7
hk,1455.HK,1,3,0,2,1,4,3,True,7
hk,1456.HK,1,3,0,2,1,4,3,True,7
hk,1458.HK,1,3,0,2,1,4,3,True,7
hk,1459.HK,1,3,0,2,1,4,3,True,7
hk,1460.HK,1,3,0,2,1,4,3,True,7
hk,1461.HK,1,3,0,2,1,4,3,True,7
hk,1463.HK,1,3,0,2,1,4,3,True,7
hk,1466.HK,1,3,0,2,1,4,3,True,7
hk,1468.HK,1,3,0,2,1,4,3,True,7
hk,1469.HK,1,0,0,0,0,1,0,False,1
hk,1470.HK,1,0,0,2,1,3,2,False,4
hk,1471.HK,1,3,0,2,0,3,2,False,6
hk,1472.HK,1,3,0,2,1,4,3,True,7
hk,1473.HK,1,3,0,2,1,4,3,True,7
hk,1475.HK,1,3,0,2,1,4,3,True,7
hk,1476.HK,1,3,0,2,1,4,3,True,7
hk,1477.HK,1,3,0,2,1,4,3,True,7
hk,1478.HK,1,3,0,2,1,4,3,True,7
hk,1480.HK,1,3,0,2,1,4,3,True,7
hk,1481.HK,1,3,0,2,1,4,3,True,7
hk,1483.HK,1,3,0,2,1,4,3,True,7
hk,1486.HK,1,3,0,2,1,4,3,True,7
hk,1488.HK,1,2,0,2,1,4,3,True,6
hk,1489.HK,1,3,0,2,1,4,3,True,7
hk,1490.HK,1,3,0,2,1,4,3,True,7
hk,1495.HK,1,0,0,2,1,3,2,False,4
hk,1496.HK,1,3,0,2,1,4,3,True,7
hk,1497.HK,1,3,0,2,0,3,2,False,6
hk,1498.HK,1,3,0,2,1,4,3,True,7
hk,1499.HK,1,3,0,2,1,4,3,True,7
hk,1500.HK,1,3,0,2,1,4,3,True,7
hk,1501.HK,1,3,0,2,1,4,3,True,7
hk,1502.HK,1,3,0,2,1,4,3,True,7
hk,1508.HK,1,3,0,2,1,4,3,True,7
hk,1511.HK,0,1,0,0,0,1,1,False,1
hk,1513.HK,1,3,0,2,1,4,3,True,7
hk,1515.HK,1,3,0,2,1,4,3,True,7
hk,1516.HK,1,3,0,2,1,4,3,True,7
hk,1518.HK,1,3,0,2,1,4,3,True,7
hk,1519.HK,1,3,0,2,0,3,2,False,6
hk,1520.HK,1,3,0,2,1,4,3,True,7
hk,1521.HK,1,3,0,2,1,4,3,True,7
hk,1522.HK,1,3,0,2,1,4,3,True,7
hk,1523.HK,1,3,0,2,1,4,3,True,7
hk,1525.HK,1,3,0,2,1,4,3,True,7
hk,1526.HK,1,3,0,2,1,4,3,True,7
hk,1527.HK,1,3,0,2,1,4,3,True,7
hk,1528.HK,1,3,0,2,1,4,3,True,7
hk,1529.HK,1,3,0,2,1,4,3,True,7
hk,1530.HK,1,3,0,2,1,4,3,True,7
hk,1532.HK,1,3,0,2,1,4,3,True,7
hk,1533.HK,1,0,0,0,0,1,0,False,1
hk,1536.HK,1,3,0,2,1,4,3,True,7
hk,1538.HK,1,3,0,2,1,4,3,True,7
hk,1539.HK,1,3,0,2,1,4,3,True,7
hk,1540.HK,1,3,0,2,1,4,3,True,7
hk,1541.HK,1,3,0,2,0,3,2,False,6
hk,1542.HK,1,3,0,2,1,4,3,True,7
hk,1543.HK,1,3,0,2,1,4,3,True,7
hk,1545.HK,1,3,0,2,1,4,3,True,7
hk,1546.HK,1,3,0,2,1,4,3,True,7
hk,1547.HK,1,3,0,2,1,4,3,True,7
hk,1548.HK,1,3,0,2,1,4,3,True,7
hk,1549.HK,1,3,0,2,1,4,3,True,7
hk,1551.HK,1,3,0,2,1,4,3,True,7
hk,1552.HK,1,3,0,2,1,4,3,True,7
hk,1553.HK,1,3,0,2,1,4,3,True,7
hk,1555.HK,1,2,0,2,1,4,3,True,6
hk,1556.HK,1,3,0,2,1,4,3,True,7
hk,1557.HK,1,3,0,2,1,4,3,True,7
hk,1558.HK,1,0,0,2,1,3,2,False,4
hk,1559.HK,1,3,0,2,1,4,3,True,7
hk,1560.HK,1,3,0,2,1,4,3,True,7
hk,1561.HK,1,2,0,2,1,4,3,True,6
hk,1563.HK,1,3,0,2,1,4,3,True,7
hk,1565.HK,1,1,0,2,1,4,3,True,5
hk,1566.HK,1,2,0,2,1,4,3,True,6
hk,1568.HK,1,3,0,2,1,4,3,True,7
hk,1569.HK,1,3,0,2,1,4,3,True,7
hk,1570.HK,1,3,0,2,1,4,3,True,7
hk,1571.HK,1,3,0,2,1,4,3,True,7
hk,1572.HK,1,3,0,2,1,4,3,True,7
hk,1575.HK,1,2,0,2,1,4,3,True,6
hk,1576.HK,1,3,0,2,1,4,3,True,7
hk,1577.HK,1,3,0,2,1,4,3,True,7
hk,1578.HK,1,3,0,2,1,4,3,True,7
hk,1579.HK,1,3,0,2,1,4,3,True,7
hk,1580.HK,1,2,0,2,1,4,3,True,6
hk,1581.HK,1,3,0,2,1,4,3,True,7
hk,1582.HK,1,3,0,2,1,4,3,True,7
hk,1583.HK,1,3,0,2,1,4,3,True,7
hk,1585.HK,1,3,0,2,1,4,3,True,7
hk,1586.HK,1,3,0,2,1,4,3,True,7
hk,1587.HK,1,3,0,2,1,4,3,True,7
hk,1588.HK,1,3,0,2,1,4,3,True,7
hk,1591.HK,1,3,0,2,1,4,3,True,7
hk,1592.HK,1,2,0,2,1,4,3,True,6
hk,1593.HK,1,2,0,2,1,4,3,True,6
hk,1596.HK,1,3,0,2,1,4,3,True,7
hk,1597.HK,1,3,0,2,1,4,3,True,7
hk,1598.HK,1,0,0,2,1,3,2,False,4
hk,1599.HK,1,3,0,2,1,4,3,True,7
hk,1600.HK,1,3,0,2,1,4,3,True,7
hk,1601.HK,1,3,0,2,1,4,3,True,7
hk,1606.HK,1,3,0,2,1,4,3,True,7
hk,1608.HK,1,3,0,2,1,4,3,True,7
hk,1609.HK,1,0,0,0,0,1,0,False,1
hk,1610.HK,1,3,0,2,1,4,3,True,7
hk,1611.HK,1,3,0,2,1,4,3,True,7
hk,1612.HK,1,3,0,2,1,4,3,True,7
hk,1613.HK,1,3,0,2,1,4,3,True,7
hk,1615.HK,1,3,0,2,1,4,3,True,7
hk,1616.HK,1,3,0,2,1,4,3,True,7
hk,1617.HK,1,3,0,2,1,4,3,True,7
hk,1618.HK,1,3,0,2,1,4,3,True,7
hk,1620.HK,1,3,0,2,1,4,3,True,7
hk,1621.HK,1,3,0,2,1,4,3,True,7
hk,1622.HK,1,2,0,2,1,4,3,True,6
hk,1623.HK,1,3,0,2,1,4,3,True,7
hk,1626.HK,1,3,0,2,1,4,3,True,7
hk,1627.HK,1,3,0,2,1,4,3,True,7
hk,1628.HK,1,3,0,2,1,4,3,True,7
hk,1629.HK,1,3,0,2,1,4,3,True,7
hk,1630.HK,1,3,0,2,1,4,3,True,7
hk,1631.HK,1,3,0,2,1,4,3,True,7
hk,1632.HK,1,0,0,2,1,3,2,False,4
hk,1633.HK,1,3,0,2,1,4,3,True,7
hk,1635.HK,1,3,0,2,1,4,3,True,7
hk,1636.HK,1,0,0,2,1,3,2,False,4
hk,1637.HK,1,3,0,2,1,4,3,True,7
hk,1638.HK,1,3,0,2,1,4,3,True,7
hk,1640.HK,1,3,0,2,1,4,3,True,7
hk,1641.HK,1,3,0,1,0,3,2,False,5
hk,1643.HK,1,3,0,2,1,4,3,True,7
hk,1645.HK,1,3,0,2,1,4,3,True,7
hk,1647.HK,1,3,0,2,1,4,3,True,7
hk,1650.HK,1,3,0,2,1,4,3,True,7
hk,1651.HK,1,3,0,2,1,4,3,True,7
hk,1652.HK,1,3,0,2,1,4,3,True,7
hk,1653.HK,1,3,0,2,1,4,3,True,7
hk,1655.HK,1,0,0,2,1,3,2,False,4
hk,1656.HK,1,3,0,2,1,4,3,True,7
hk,1657.HK,1,0,0,2,1,3,2,False,4
hk,1658.HK,1,3,0,2,1,4,3,True,7
hk,1660.HK,1,3,0,2,1,4,3,True,7
hk,1661.HK,1,3,0,2,1,4,3,True,7
hk,1662.HK,1,3,0,2,1,4,3,True,7
hk,1663.HK,1,3,0,2,1,4,3,True,7
hk,1665.HK,1,0,0,2,1,3,2,False,4
hk,1666.HK,1,3,0,2,1,4,3,True,7
hk,1667.HK,1,3,0,2,1,4,3,True,7
hk,1668.HK,1,3,0,2,1,4,3,True,7
hk,1669.HK,1,3,0,2,1,4,3,True,7
hk,1671.HK,1,3,0,2,1,4,3,True,7
hk,1672.HK,1,3,0,2,1,4,3,True,7
hk,1673.HK,1,0,0,2,1,3,2,False,4
hk,1675.HK,1,3,0,2,1,4,3,True,7
hk,1676.HK,1,0,0,2,1,3,2,False,4
hk,1679.HK,1,2,0,2,1,4,3,True,6
hk,1680.HK,1,3,0,2,1,4,3,True,7
hk,1681.HK,1,3,0,2,1,4,3,True,7
hk,1682.HK,1,3,0,2,1,4,3,True,7
hk,1683.HK,1,3,0,2,1,4,3,True,7
hk,1685.HK,1,3,0,2,1,4,3,True,7
hk,1686.HK,1,2,0,2,1,4,3,True,6
hk,1688.HK,0,3,0,0,0,1,1,False,3
hk,1689.HK,1,3,0,2,1,4,3,True,7
hk,1690.HK,1,3,0,2,1,4,3,True,7
hk,1691.HK,1,3,0,2,1,4,3,True,7
hk,1692.HK,1,3,0,2,1,4,3,True,7
hk,1693.HK,1,1,0,2,1,4,3,True,5
hk,1695.HK,1,3,0,2,1,4,3,True,7
hk,1696.HK,1,3,0,2,1,4,3,True,7
hk,1697.HK,1,3,0,2,1,4,3,True,7
hk,1698.HK,1,2,0,2,1,4,3,True,6
hk,1699.HK,1,0,0,2,1,3,2,False,4
hk,1701.HK,1,3,0,2,1,4,3,True,7
hk,1702.HK,1,3,0,2,1,4,3,True,7
hk,1703.HK,1,3,0,2,1,4,3,True,7
hk,1705.HK,1,3,0,2,1,4,3,True,7
hk,1707.HK,1,0,0,2,1,3,2,False,4
hk,1708.HK,1,3,0,2,1,4,3,True,7
hk,1709.HK,1,3,0,2,1,4,3,True,7
hk,1710.HK,1,3,0,2,1,4,3,True,7
hk,1711.HK,1,3,0,2,1,4,3,True,7
hk,1712.HK,1,3,0,2,1,4,3,True,7
hk,1713.HK,1,3,0,2,1,4,3,True,7
hk,1715.HK,1,3,0,2,1,4,3,True,7
hk,1716.HK,1,3,0,2,1,4,3,True,7
hk,1717.HK,1,3,0,2,1,4,3,True,7
hk,1718.HK,1,3,0,2,1,4,3,True,7
hk,1719.HK,1,3,0,2,1,4,3,True,7
hk,1720.HK,1,3,0,2,1,4,3,True,7
hk,1721.HK,1,0,0,2,1,3,2,False,4
hk,1722.HK,1,3,0,2,1,4,3,True,7
hk,1723.HK,1,3,0,2,1,4,3,True,7
hk,1725.HK,1,2,0,2,1,4,3,True,6
hk,1726.HK,1,0,0,2,1,3,2,False,4
hk,1727.HK,1,3,0,2,1,4,3,True,7
hk,1728.HK,1,2,0,2,1,4,3,True,6
hk,1729.HK,1,3,0,2,1,4,3,True,7
hk,1730.HK,1,3,0,2,1,4,3,True,7
hk,1731.HK,1,3,0,2,1,4,3,True,7
hk,1732.HK,1,3,0,2,1,4,3,True,7
hk,1733.HK,1,3,0,2,1,4,3,True,7
hk,1735.HK,1,3,0,2,1,4,3,True,7
hk,1736.HK,1,2,0,2,1,4,3,True,6
hk,1737.HK,1,3,0,2,1,4,3,True,7
hk,1738.HK,1,2,0,2,1,4,3,True,6
hk,1739.HK,1,3,0,2,1,4,3,True,7
hk,1740.HK,1,3,0,2,1,4,3,True,7
hk,1741.HK,1,3,0,2,1,4,3,True,7
hk,1742.HK,1,3,0,2,1,4,3,True,7
hk,1745.HK,1,3,0,2,1,4,3,True,7
hk,1746.HK,1,3,0,2,1,4,3,True,7
hk,1747.HK,1,3,0,2,1,4,3,True,7
hk,1748.HK,1,0,0,2,1,3,2,False,4
hk,1749.HK,1,3,0,2,1,4,3,True,7
hk,1750.HK,1,3,0,2,1,4,3,True,7
hk,1751.HK,1,3,0,2,1,4,3,True,7
hk,1752.HK,1,0,0,2,1,3,2,False,4
hk,1753.HK,1,3,0,2,1,4,3,True,7
hk,1755.HK,1,3,0,2,1,4,3,True,7
hk,1756.HK,1,3,0,2,1,4,3,True,7
hk,1757.HK,1,3,0,2,1,4,3,True,7
hk,1758.HK,1,0,0,2,1,3,2,False,4
hk,1759.HK,1,3,0,2,1,4,3,True,7
hk,1760.HK,1,3,0,2,1,4,3,True,7
hk,1762.HK,1,3,0,2,1,4,3,True,7
hk,1763.HK,1,3,0,2,1,4,3,True,7
hk,1765.HK,1,2,0,2,1,4,3,True,6
hk,1766.HK,1,3,0,2,1,4,3,True,7
hk,1767.HK,1,3,0,2,1,4,3,True,7
hk,1768.HK,1,0,0,1,0,2,1,False,2
hk,1769.HK,1,3,0,2,1,4,3,True,7
hk,1770.HK,0,1,0,0,0,1,1,False,1
hk,1771.HK,1,3,0,2,1,4,3,True,7
hk,1772.HK,1,3,0,2,1,4,3,True,7
hk,1773.HK,1,1,0,2,1,4,3,True,5
hk,1775.HK,1,0,0,2,1,3,2,False,4
hk,1776.HK,1,3,0,2,1,4,3,True,7
hk,1777.HK,1,2,0,2,1,4,3,True,6
hk,1778.HK,1,3,0,2,1,4,3,True,7
hk,1779.HK,0,1,0,0,0,1,1,False,1
hk,1780.HK,1,3,0,2,1,4,3,True,7
hk,1782.HK,1,3,0,2,1,4,3,True,7
hk,1783.HK,1,3,0,2,1,4,3,True,7
hk,1785.HK,1,3,0,2,1,4,3,True,7
hk,1786.HK,1,3,0,2,1,4,3,True,7
hk,1787.HK,1,3,0,2,1,4,3,True,7
hk,1788.HK,1,3,0,2,1,4,3,True,7
hk,1789.HK,1,3,0,2,1,4,3,True,7
hk,1790.HK,1,3,0,2,1,4,3,True,7
hk,1792.HK,1,2,0,2,1,4,3,True,6
hk,1793.HK,1,3,0,2,1,4,3,True,7
hk,1795.HK,1,3,0,2,1,4,3,True,7
hk,1796.HK,1,3,0,2,1,4,3,True,7
hk,1797.HK,1,0,0,2,1,3,2,False,4
hk,1798.HK,1,3,0,2,1,4,3,True,7
hk,1799.HK,1,3,0,2,1,4,3,True,7
hk,1800.HK,1,3,0,2,1,4,3,True,7
hk,1801.HK,1,3,0,2,1,4,3,True,7
hk,1802.HK,1,2,0,2,1,4,3,True,6
hk,1803.HK,1,3,0,2,1,4,3,True,7
hk,1808.HK,1,3,0,2,1,4,3,True,7
hk,1809.HK,1,3,0,2,1,4,3,True,7
hk,1810.HK,1,3,0,2,1,4,3,True,7
hk,1811.HK,1,3,0,2,1,4,3,True,7
hk,1812.HK,1,3,0,2,1,4,3,True,7
hk,1813.HK,1,3,0,2,1,4,3,True,7
hk,1815.HK,1,3,0,2,1,4,3,True,7
hk,1816.HK,1,3,0,2,1,4,3,True,7
hk,1817.HK,1,3,0,2,1,4,3,True,7
hk,1818.HK,1,3,0,2,1,4,3,True,7
hk,1820.HK,1,3,0,2,1,4,3,True,7
hk,1821.HK,1,0,0,2,1,3,2,False,4
hk,1822.HK,1,3,0,2,1,4,3,True,7
hk,1823.HK,1,3,0,2,1,4,3,True,7
hk,1825.HK,1,0,0,2,1,3,2,False,4
hk,1826.HK,1,2,0,2,1,4,3,True,6
hk,1827.HK,1,3,0,2,1,4,3,True,7
hk,1828.HK,1,3,0,2,0,3,2,False,6
hk,1830.HK,1,3,0,2,1,4,3,True,7
hk,1831.HK,1,0,0,2,1,3,2,False,4
hk,1832.HK,1,3,0,2,1,4,3,True,7
hk,1833.HK,1,3,0,2,1,4,3,True,7
hk,1835.HK,1,3,0,2,1,4,3,True,7
hk,1836.HK,1,3,0,2,1,4,3,True,7
hk,1837.HK,1,3,0,2,1,4,3,True,7
hk,1839.HK,1,3,0,2,1,4,3,True,7
hk,1841.HK,1,3,0,2,1,4,3,True,7
hk,1842.HK,1,3,0,2,1,4,3,True,7
hk,1843.HK,1,3,0,2,1,4,3,True,7
hk,1845.HK,1,3,0,2,1,4,3,True,7
hk,1846.HK,1,3,0,2,1,4,3,True,7
hk,1847.HK,1,3,0,2,1,4,3,True,7
hk,1848.HK,1,3,0,2,1,4,3,True,7
hk,1849.HK,1,0,0,2,1,3,2,False,4
hk,1850.HK,1,0,0,2,1,3,2,False,4
hk,1851.HK,1,3,0,2,1,4,3,True,7
hk,1853.HK,1,3,0,2,1,4,3,True,7
hk,1854.HK,1,3,0,2,1,4,3,True,7
hk,1855.HK,1,3,0,2,1,4,3,True,7
hk,1856.HK,1,3,0,2,1,4,3,True,7
hk,1857.HK,1,3,0,2,1,4,3,True,7
hk,1858.HK,1,3,0,2,1,4,3,True,7
hk,1859.HK,1,0,0,2,1,3,2,False,4
hk,1860.HK,1,3,0,2,1,4,3,True,7
hk,1861.HK,1,3,0,2,1,4,3,True,7
hk,1862.HK,1,0,0,2,1,3,2,False,4
hk,1863.HK,1,3,0,2,1,4,3,True,7
hk,1865.HK,1,3,0,2,1,4,3,True,7
hk,1866.HK,1,3,0,2,1,4,3,True,7
hk,1867.HK,1,3,0,2,1,4,3,True,7
hk,1868.HK,1,3,0,2,1,4,3,True,7
hk,1869.HK,1,2,0,2,1,4,3,True,6
hk,1870.HK,1,3,0,2,1,4,3,True,7
hk,1871.HK,1,3,0,2,1,4,3,True,7
hk,1872.HK,1,3,0,2,1,4,3,True,7
hk,1873.HK,1,3,0,2,1,4,3,True,7
hk,1875.HK,1,3,0,2,1,4,3,True,7
hk,1876.HK,1,3,0,2,1,4,3,True,7
hk,1877.HK,1,3,0,2,1,4,3,True,7
hk,1878.HK,1,1,0,2,1,4,3,True,5
hk,1879.HK,0,0,0,0,0,0,0,False,0
hk,1880.HK,1,3,0,2,1,4,3,True,7
hk,1882.HK,1,3,0,2,1,4,3,True,7
hk,1883.HK,1,3,0,2,1,4,3,True,7
hk,1884.HK,1,3,0,2,1,4,3,True,7
hk,1888.HK,1,3,0,2,1,4,3,True,7
hk,1889.HK,1,3,0,2,1,4,3,True,7
hk,1890.HK,1,3,0,2,1,4,3,True,7
hk,1891.HK,1,3,0,2,1,4,3,True,7
hk,1894.HK,1,3,0,2,1,4,3,True,7
hk,1895.HK,1,3,0,2,1,4,3,True,7
hk,1896.HK,1,3,0,2,1,4,3,True,7
hk,1897.HK,1,3,0,2,1,4,3,True,7
hk,1898.HK,1,3,0,2,1,4,3,True,7
hk,1899.HK,1,3,0,2,1,4,3,True,7
hk,1900.HK,1,3,0,2,1,4,3,True,7
hk,1901.HK,1,3,0,2,1,4,3,True,7
hk,1903.HK,1,0,0,2,1,3,2,False,4
hk,1905.HK,1,3,0,2,1,4,3,True,7
hk,1906.HK,1,3,0,2,1,4,3,True,7
hk,1907.HK,1,3,0,2,1,4,3,True,7
hk,1908.HK,1,3,0,2,1,4,3,True,7
hk,1909.HK,1,3,0,2,1,4,3,True,7
hk,1910.HK,1,3,0,2,1,4,3,True,7
hk,1911.HK,1,3,0,2,1,4,3,True,7
hk,1912.HK,1,2,0,2,1,4,3,True,6
hk,1913.HK,1,3,0,2,1,4,3,True,7
hk,1915.HK,1,0,0,2,1,3,2,False,4
hk,1916.HK,1,3,0,2,1,4,3,True,7
hk,1917.HK,1,3,0,2,1,4,3,True,7
hk,1918.HK,1,3,0,2,1,4,3,True,7
hk,1919.HK,1,3,0,2,1,4,3,True,7
hk,1920.HK,1,3,0,2,1,4,3,True,7
hk,1921.HK,1,3,0,2,1,4,3,True,7
hk,1922.HK,1,0,0,2,1,3,2,False,4
hk,1925.HK,1,3,0,2,1,4,3,True,7
hk,1927.HK,1,3,0,2,1,4,3,True,7
hk,1928.HK,1,3,0,2,1,4,3,True,7
hk,1929.HK,1,3,0,2,1,4,3,True,7
hk,1930.HK,1,3,0,2,1,4,3,True,7
hk,1931.HK,1,3,0,2,1,4,3,True,7
hk,1932.HK,1,3,0,2,1,4,3,True,7
hk,1933.HK,1,3,0,2,1,4,3,True,7
hk,1935.HK,1,3,0,2,1,4,3,True,7
hk,1936.HK,1,3,0,2,1,4,3,True,7
hk,1937.HK,1,3,0,2,1,4,3,True,7
hk,1938.HK,1,3,0,2,1,4,3,True,7
hk,1939.HK,1,3,0,2,1,4,3,True,7
hk,1940.HK,1,3,0,2,1,4,3,True,7
hk,1941.HK,1,3,0,2,1,4,3,True,7
hk,1942.HK,1,3,0,2,1,4,3,True,7
hk,1943.HK,1,3,0,2,1,4,3,True,7
hk,1945.HK,1,3,0,2,1,4,3,True,7
hk,1947.HK,1,3,0,2,1,4,3,True,7
hk,1948.HK,1,3,0,2,1,4,3,True,7
hk,1949.HK,1,3,0,2,1,4,3,True,7
hk,1950.HK,1,3,0,2,1,4,3,True,7
hk,1951.HK,1,3,0,2,1,4,3,True,7
hk,1952.HK,1,3,0,2,1,4,3,True,7
hk,1953.HK,1,3,0,2,1,4,3,True,7
hk,1955.HK,1,3,0,2,1,4,3,True,7
hk,1956.HK,0,1,0,0,0,1,1,False,1
hk,1957.HK,1,3,0,2,1,4,3,True,7
hk,1958.HK,1,3,0,2,1,4,3,True,7
hk,1959.HK,1,3,0,2,1,4,3,True,7
hk,1960.HK,1,0,0,2,1,3,2,False,4
hk,1961.HK,1,0,0,2,1,3,2,False,4
hk,1962.HK,1,3,0,2,1,4,3,True,7
hk,1963.HK,1,3,0,2,1,4,3,True,7
hk,1965.HK,1,2,0,2,1,4,3,True,6
hk,1966.HK,1,2,0,2,1,4,3,True,6
hk,1967.HK,1,3,0,2,1,4,3,True,7
hk,1968.HK,1,3,0,2,1,4,3,True,7
hk,1969.HK,1,3,0,2,1,4,3,True,7
hk,1970.HK,1,3,0,2,1,4,3,True,7
hk,1971.HK,1,3,0,2,1,4,3,True,7
hk,1972.HK,1,3,0,2,1,4,3,True,7
hk,1973.HK,1,3,0,2,0,3,2,False,6
hk,1975.HK,1,0,0,2,1,3,2,False,4
hk,1977.HK,1,3,0,2,1,4,3,True,7
hk,1978.HK,1,3,0,2,1,4,3,True,7
hk,1979.HK,1,3,0,2,1,4,3,True,7
hk,1980.HK,1,3,0,2,1,4,3,True,7
hk,1981.HK,1,3,0,2,1,4,3,True,7
hk,1982.HK,1,3,0,2,1,4,3,True,7
hk,1983.HK,1,3,0,2,1,4,3,True,7
hk,1985.HK,1,3,0,2,1,4,3,True,7
hk,1986.HK,1,3,0,2,1,4,3,True,7
hk,1987.HK,1,3,0,2,1,4,3,True,7
hk,1988.HK,1,3,0,2,1,4,3,True,7
hk,1989.HK,1,3,0,0,0,2,1,False,4
hk,1991.HK,1,3,0,2,1,4,3,True,7
hk,1992.HK,1,0,0,2,1,3,2,False,4
hk,1993.HK,1,3,0,2,1,4,3,True,7
hk,1995.HK,1,3,0,2,1,4,3,True,7
hk,1996.HK,1,2,0,2,1,4,3,True,6
hk,1997.HK,1,3,0,2,1,4,3,True,7
hk,1999.HK,1,3,0,2,1,4,3,True,7
hk,2000.HK,1,3,0,2,1,4,3,True,7
hk,2001.HK,1,2,0,2,1,4,3,True,6
hk,2002.HK,1,3,0,2,1,4,3,True,7
hk,2003.HK,1,3,0,2,1,4,3,True,7
hk,2005.HK,1,3,0,2,1,4,3,True,7
hk,2007.HK,1,2,0,2,1,4,3,True,6
hk,2008.HK,1,3,0,2,1,4,3,True,7
hk,2009.HK,1,3,0,2,1,4,3,True,7
hk,2011.HK,1,3,0,2,1,4,3,True,7
hk,2012.HK,1,3,0,2,1,4,3,True,7
hk,2013.HK,1,3,0,2,1,4,3,True,7
hk,2015.HK,1,3,0,2,1,4,3,True,7
hk,2016.HK,1,3,0,2,1,4,3,True,7
hk,2017.HK,1,3,0,2,1,4,3,True,7
hk,2018.HK,1,3,0,2,1,4,3,True,7
hk,2019.HK,1,0,0,2,1,3,2,False,4
hk,2020.HK,1,3,0,2,1,4,3,True,7
hk,2022.HK,1,3,0,2,1,4,3,True,7
hk,2023.HK,1,3,0,2,1,4,3,True,7
hk,2025.HK,1,3,0,2,1,4,3,True,7
hk,2026.HK,1,3,0,1,0,3,2,False,5
hk,2028.HK,1,2,0,2,1,4,3,True,6
hk,2030.HK,1,3,0,2,1,4,3,True,7
hk,2031.HK,1,3,0,2,1,4,3,True,7
hk,2033.HK,1,0,0,2,1,3,2,False,4
hk,2038.HK,1,3,0,2,1,4,3,True,7
hk,2039.HK,1,3,0,2,1,4,3,True,7
hk,2048.HK,1,2,0,2,1,4,3,True,6
hk,2050.HK,1,3,0,2,0,3,2,False,6
hk,2051.HK,1,3,0,2,1,4,3,True,7
hk,2057.HK,1,3,0,2,1,4,3,True,7
hk,2066.HK,1,0,0,2,1,3,2,False,4
hk,2068.HK,1,3,0,2,1,4,3,True,7
hk,2076.HK,1,2,0,2,1,4,3,True,6
hk,2078.HK,1,3,0,2,1,4,3,True,7
hk,2080.HK,1,3,0,2,1,4,3,True,7
hk,2086.HK,1,3,0,2,1,4,3,True,7
hk,2088.HK,1,0,0,2,1,3,2,False,4
hk,2096.HK,1,3,0,2,1,4,3,True,7
hk,2097.HK,1,3,0,2,0,3,2,False,6
hk,2098.HK,1,3,0,2,1,4,3,True,7
hk,2099.HK,1,3,0,2,1,4,3,True,7
hk,2100.HK,1,3,0,2,1,4,3,True,7
hk,2101.HK,1,3,0,2,1,4,3,True,7
hk,2102.HK,1,0,0,2,1,3,2,False,4
hk,2105.HK,1,3,0,2,0,3,2,False,6
hk,2107.HK,1,3,0,2,1,4,3,True,7
hk,2108.HK,1,3,0,2,1,4,3,True,7
hk,2110.HK,1,0,0,2,1,3,2,False,4
hk,2111.HK,1,3,0,2,1,4,3,True,7
hk,2112.HK,1,2,0,2,1,4,3,True,6
hk,2113.HK,1,2,0,2,1,4,3,True,6
hk,2115.HK,1,0,0,2,1,3,2,False,4
hk,2116.HK,1,3,0,2,1,4,3,True,7
hk,2119.HK,1,3,0,2,1,4,3,True,7
hk,2120.HK,1,3,0,2,1,4,3,True,7
hk,2121.HK,1,3,0,2,1,4,3,True,7
hk,2122.HK,1,2,0,2,1,4,3,True,6
hk,2125.HK,1,3,0,2,1,4,3,True,7
hk,2126.HK,1,3,0,2,1,4,3,True,7
hk,2127.HK,1,3,0,2,1,4,3,True,7
hk,2128.HK,1,3,0,2,1,4,3,True,7
hk,2129.HK,1,3,0,2,1,4,3,True,7
hk,2130.HK,1,3,0,2,1,4,3,True,7
hk,2131.HK,1,3,0,2,1,4,3,True,7
hk,2132.HK,1,3,0,2,1,4,3,True,7
hk,2135.HK,1,3,0,2,1,4,3,True,7
hk,2136.HK,1,3,0,2,1,4,3,True,7
hk,2137.HK,1,3,0,2,1,4,3,True,7
hk,2138.HK,1,3,0,2,1,4,3,True,7
hk,2139.HK,1,3,0,2,1,4,3,True,7
hk,2142.HK,1,3,0,2,1,4,3,True,7
hk,2145.HK,1,3,0,2,1,4,3,True,7
hk,2146.HK,1,3,0,2,1,4,3,True,7
hk,2147.HK,1,3,0,2,1,4,3,True,7
hk,2148.HK,1,0,0,2,1,3,2,False,4
hk,2149.HK,1,3,0,2,0,3,2,False,6
hk,2150.HK,1,3,0,2,1,4,3,True,7
hk,2152.HK,1,3,0,2,1,4,3,True,7
hk,2153.HK,1,3,0,2,1,4,3,True,7
hk,2155.HK,1,3,0,2,1,4,3,True,7
hk,2156.HK,1,3,0,2,1,4,3,True,7
hk,2157.HK,1,3,0,2,1,4,3,True,7
hk,2158.HK,1,3,0,2,1,4,3,True,7
hk,2159.HK,1,3,0,2,1,4,3,True,7
hk,2160.HK,1,3,0,2,1,4,3,True,7
hk,2161.HK,1,3,0,2,1,4,3,True,7
hk,2162.HK,1,3,0,2,1,4,3,True,7
hk,2163.HK,1,0,0,2,1,3,2,False,4
hk,2165.HK,1,3,0,2,1,4,3,True,7
hk,2166.HK,1,3,0,2,1,4,3,True,7
hk,2167.HK,1,3,0,2,1,4,3,True,7
hk,2168.HK,1,3,0,2,1,4,3,True,7
hk,2169.HK,1,3,0,2,1,4,3,True,7
hk,2170.HK,1,3,0,2,1,4,3,True,7
hk,2171.HK,1,3,0,2,1,4,3,True,7
hk,2172.HK,1,3,0,2,1,4,3,True,7
hk,2175.HK,1,3,0,2,1,4,3,True,7
hk,2176.HK,1,3,0,2,1,4,3,True,7
hk,2177.HK,1,3,0,2,1,4,3,True,7
hk,2178.HK,1,3,0,2,1,4,3,True,7
hk,2179.HK,1,3,0,2,1,4,3,True,7
hk,2180.HK,1,3,0,2,1,4,3,True,7
hk,2181.HK,1,3,0,2,1,4,3,True,7
hk,2182.HK,1,3,0,2,1,4,3,True,7
hk,2185.HK,1,3,0,2,1,4,3,True,7
hk,2186.HK,1,3,0,2,1,4,3,True,7
hk,2187.HK,1,3,0,2,1,4,3,True,7
hk,2188.HK,1,3,0,2,1,4,3,True,7
hk,2189.HK,1,3,0,2,1,4,3,True,7
hk,2190.HK,1,3,0,2,1,4,3,True,7
hk,2192.HK,1,3,0,2,1,4,3,True,7
hk,2193.HK,1,3,0,2,1,4,3,True,7
hk,2195.HK,1,3,0,2,1,4,3,True,7
hk,2196.HK,1,3,0,2,1,4,3,True,7
hk,2197.HK,1,2,0,2,1,4,3,True,6
hk,2198.HK,1,3,0,2,1,4,3,True,7
hk,2199.HK,1,3,0,2,1,4,3,True,7
hk,2202.HK,1,3,0,2,1,4,3,True,7
hk,2203.HK,1,2,0,2,1,4,3,True,6
hk,2205.HK,1,3,0,2,1,4,3,True,7
hk,2207.HK,1,0,0,2,1,3,2,False,4
hk,2208.HK,1,3,0,2,1,4,3,True,7
hk,2209.HK,1,3,0,2,1,4,3,True,7
hk,2210.HK,1,3,0,2,1,4,3,True,7
hk,2211.HK,1,0,0,2,1,3,2,False,4
hk,2212.HK,1,3,0,2,1,4,3,True,7
hk,2215.HK,1,3,0,2,1,4,3,True,7
hk,2216.HK,1,3,0,2,1,4,3,True,7
hk,2217.HK,1,0,0,2,1,3,2,False,4
hk,2218.HK,1,3,0,2,1,4,3,True,7
hk,2219.HK,1,3,0,2,1,4,3,True,7
hk,2221.HK,1,3,0,2,1,4,3,True,7
hk,2222.HK,1,3,0,2,1,4,3,True,7
hk,2223.HK,1,3,0,2,1,4,3,True,7
hk,2225.HK,1,3,0,2,1,4,3,True,7
hk,2226.HK,1,2,0,2,1,4,3,True,6
hk,2227.HK,1,3,0,2,1,4,3,True,7
hk,2228.HK,1,3,0,2,0,3,2,False,6
hk,2230.HK,1,3,0,2,1,4,3,True,7
hk,2231.HK,1,2,0,2,1,4,3,True,6
hk,2232.HK,1,3,0,2,1,4,3,True,7
hk,2233.HK,1,3,0,2,1,4,3,True,7
hk,2235.HK,1,3,0,2,1,4,3,True,7
hk,2236.HK,1,3,0,2,1,4,3,True,7
hk,2237.HK,1,3,0,2,1,4,3,True,7
hk,2238.HK,1,3,0,2,1,4,3,True,7
hk,2239.HK,1,3,0,2,1,4,3,True,7
hk,2245.HK,1,3,0,2,1,4,3,True,7
hk,2246.HK,1,3,0,2,1,4,3,True,7
hk,2249.HK,0,3,0,0,0,1,1,False,3
hk,2250.HK,1,3,0,2,1,4,3,True,7
hk,2251.HK,1,3,0,2,1,4,3,True,7
hk,2252.HK,1,3,0,2,1,4,3,True,7
hk,2255.HK,1,3,0,2,1,4,3,True,7
hk,2256.HK,1,3,0,2,1,4,3,True,7
hk,2257.HK,1,2,0,2,1,4,3,True,6
hk,2258.HK,1,3,0,2,1,4,3,True,7
hk,2259.HK,1,3,0,1,0,3,2,False,5
hk,2260.HK,1,3,0,2,1,4,3,True,7
hk,2262.HK,1,3,0,2,1,4,3,True,7
hk,2263.HK,1,3,0,2,1,4,3,True,7
hk,2265.HK,1,3,0,2,1,4,3,True,7
hk,2266.HK,1,3,0,2,1,4,3,True,7
hk,2268.HK,1,3,0,2,0,3,2,False,6
hk,2269.HK,1,3,0,2,1,4,3,True,7
hk,2270.HK,1,3,0,2,1,4,3,True,7
hk,2271.HK,1,3,0,2,0,3,2,False,6
hk,2272.HK,0,1,0,0,0,1,1,False,1
hk,2273.HK,1,3,0,2,1,4,3,True,7
hk,2276.HK,1,3,0,2,1,4,3,True,7
hk,2279.HK,1,3,0,2,1,4,3,True,7
hk,2280.HK,1,0,0,2,1,3,2,False,4
hk,2281.HK,1,3,0,2,1,4,3,True,7
hk,2282.HK,1,3,0,2,1,4,3,True,7
hk,2283.HK,1,3,0,2,1,4,3,True,7
hk,2285.HK,1,3,0,2,1,4,3,True,7
hk,2286.HK,1,3,0,2,1,4,3,True,7
hk,2288.HK,1,3,0,2,1,4,3,True,7
hk,2289.HK,1,3,0,2,1,4,3,True,7
hk,2290.HK,0,1,0,0,0,1,1,False,1
hk,2291.HK,1,3,0,2,1,4,3,True,7
hk,2292.HK,1,0,0,2,1,3,2,False,4
hk,2293.HK,1,0,0,2,1,3,2,False,4
hk,2295.HK,1,3,0,2,1,4,3,True,7
hk,2297.HK,1,3,0,2,1,4,3,True,7
hk,2298.HK,1,3,0,2,1,4,3,True,7
hk,2299.HK,1,3,0,2,1,4,3,True,7
hk,2302.HK,1,3,0,2,1,4,3,True,7
hk,2306.HK,1,3,0,2,1,4,3,True,7
hk,2307.HK,1,3,0,2,1,4,3,True,7
hk,2309.HK,1,0,0,2,1,3,2,False,4
hk,2310.HK,1,2,0,2,1,4,3,True,6
hk,2312.HK,1,3,0,2,1,4,3,True,7
hk,2313.HK,1,3,0,2,1,4,3,True,7
hk,2314.HK,1,3,0,2,1,4,3,True,7
hk,2315.HK,1,3,0,2,1,4,3,True,7
hk,2317.HK,1,3,0,2,1,4,3,True,7
hk,2318.HK,1,3,0,2,1,4,3,True,7
hk,2319.HK,1,3,0,2,1,4,3,True,7
hk,2320.HK,1,3,0,2,1,4,3,True,7
hk,2321.HK,1,3,0,2,1,4,3,True,7
hk,2322.HK,1,3,0,2,1,4,3,True,7
hk,2323.HK,1,2,0,2,1,4,3,True,6
hk,2324.HK,1,3,0,2,1,4,3,True,7
hk,2325.HK,1,3,0,2,1,4,3,True,7
hk,2326.HK,1,3,0,2,1,4,3,True,7
hk,2327.HK,1,3,0,2,1,4,3,True,7
hk,2328.HK,1,3,0,2,1,4,3,True,7
hk,2329.HK,1,3,0,2,1,4,3,True,7
hk,2330.HK,1,3,0,2,1,4,3,True,7
hk,2331.HK,1,3,0,2,1,4,3,True,7
hk,2333.HK,1,3,0,2,1,4,3,True,7
hk,2335.HK,0,0,0,0,0,0,0,False,0
hk,2336.HK,1,3,0,2,1,4,3,True,7
hk,2337.HK,1,3,0,2,1,4,3,True,7
hk,2338.HK,1,3,0,2,1,4,3,True,7
hk,2339.HK,1,3,0,2,1,4,3,True,7
hk,2340.HK,1,3,0,2,1,4,3,True,7
hk,2342.HK,1,3,0,2,1,4,3,True,7
hk,2343.HK,1,3,0,2,1,4,3,True,7
hk,2347.HK,1,3,0,2,1,4,3,True,7
hk,2348.HK,1,3,0,2,1,4,3,True,7
hk,2349.HK,1,3,0,2,1,4,3,True,7
hk,2350.HK,1,3,0,2,1,4,3,True,7
hk,2352.HK,1,3,0,2,1,4,3,True,7
hk,2355.HK,1,3,0,2,1,4,3,True,7
hk,2356.HK,0,3,0,2,1,3,3,True,6
hk,2357.HK,1,3,0,2,1,4,3,True,7
hk,2358.HK,1,2,0,2,1,4,3,True,6
hk,2359.HK,1,3,0,2,1,4,3,True,7
hk,2360.HK,1,3,0,2,1,4,3,True,7
hk,2361.HK,1,3,0,2,1,4,3,True,7
hk,2362.HK,1,3,0,2,1,4,3,True,7
hk,2363.HK,1,2,0,2,1,4,3,True,6
hk,2367.HK,1,3,0,2,1,4,3,True,7
hk,2368.HK,1,3,0,2,1,4,3,True,7
hk,2369.HK,1,3,0,2,1,4,3,True,7
hk,2370.HK,1,3,0,2,1,4,3,True,7
hk,2371.HK,1,0,0,2,1,3,2,False,4
hk,2372.HK,1,3,0,2,1,4,3,True,7
hk,2373.HK,1,3,0,2,1,4,3,True,7
hk,2376.HK,1,3,0,2,1,4,3,True,7
hk,2377.HK,1,3,0,2,1,4,3,True,7
hk,2378.HK,1,3,0,2,1,4,3,True,7
hk,2380.HK,1,3,0,2,1,4,3,True,7
hk,2381.HK,1,3,0,2,1,4,3,True,7
hk,2382.HK,1,3,0,2,1,4,3,True,7
hk,2383.HK,1,2,0,2,1,4,3,True,6
hk,2385.HK,1,3,0,2,1,4,3,True,7
hk,2386.HK,1,3,0,2,1,4,3,True,7
hk,2388.HK,1,3,0,2,1,4,3,True,7
hk,2389.HK,1,3,0,2,1,4,3,True,7
hk,2390.HK,1,3,0,2,1,4,3,True,7
hk,2391.HK,1,1,0,2,1,4,3,True,5
hk,2392.HK,1,3,0,2,1,4,3,True,7
hk,2393.HK,1,3,0,2,1,4,3,True,7
hk,2396.HK,1,3,0,1,0,3,2,False,5
hk,2399.HK,1,3,0,2,1,4,3,True,7
hk,2400.HK,1,3,0,2,1,4,3,True,7
hk,2402.HK,1,3,0,2,1,4,3,True,7
hk,2405.HK,1,3,0,2,1,4,3,True,7
hk,2407.HK,1,3,0,2,1,4,3,True,7
hk,2408.HK,1,3,0,1,0,3,2,False,5
hk,2409.HK,1,3,0,2,1,4,3,True,7
hk,2410.HK,1,3,0,2,0,3,2,False,6
hk,2411.HK,1,3,0,2,1,4,3,True,7
hk,2415.HK,1,3,0,2,0,3,2,False,6
hk,2416.HK,1,3,0,2,0,3,2,False,6
hk,2418.HK,1,3,0,2,1,4,3,True,7
hk,2419.HK,1,3,0,2,0,3,2,False,6
hk,2420.HK,1,3,0,2,1,4,3,True,7
hk,2421.HK,1,3,0,2,1,4,3,True,7
hk,2422.HK,1,3,0,2,1,4,3,True,7
hk,2423.HK,1,3,0,2,1,4,3,True,7
hk,2425.HK,1,3,0,2,1,4,3,True,7
hk,2427.HK,1,3,0,2,1,4,3,True,7
hk,2429.HK,1,3,0,2,0,3,2,False,6
hk,2431.HK,1,3,0,2,0,3,2,False,6
hk,2432.HK,1,3,0,2,0,3,2,False,6
hk,2433.HK,1,3,0,2,1,4,3,True,7
hk,2436.HK,1,3,0,2,1,4,3,True,7
hk,2438.HK,1,3,0,2,0,3,2,False,6
hk,2439.HK,1,3,0,2,1,4,3,True,7
hk,2440.HK,1,3,0,2,1,4,3,True,7
hk,2442.HK,1,0,0,2,0,2,1,False,3
hk,2443.HK,1,3,0,2,0,3,2,False,6
hk,2448.HK,1,0,0,2,1,3,2,False,4
hk,2450.HK,1,3,0,2,1,4,3,True,7
hk,2451.HK,1,3,0,2,0,3,2,False,6
hk,2453.HK,1,3,0,2,0,3,2,False,6
hk,2455.HK,1,3,0,2,1,4,3,True,7
hk,2457.HK,1,3,0,2,1,4,3,True,7
hk,2458.HK,1,3,0,2,1,4,3,True,7
hk,2459.HK,1,3,0,2,1,4,3,True,7
hk,2460.HK,1,3,0,2,0,3,2,False,6
hk,2465.HK,1,3,0,2,0,3,2,False,6
hk,2469.HK,1,3,0,2,1,4,3,True,7
hk,2473.HK,1,3,0,2,0,3,2,False,6
hk,2475.HK,0,3,0,0,0,1,1,False,3
hk,2476.HK,0,3,0,0,0,1,1,False,3
hk,2477.HK,1,3,0,2,0,3,2,False,6
hk,2479.HK,1,3,0,2,0,3,2,False,6
hk,2480.HK,1,3,0,2,0,3,2,False,6
hk,2481.HK,1,3,0,2,0,3,2,False,6
hk,2482.HK,1,3,0,2,1,4,3,True,7
hk,2483.HK,1,3,0,2,0,3,2,False,6
hk,2486.HK,1,3,0,2,0,3,2,False,6
hk,2487.HK,1,3,0,2,0,3,2,False,6
hk,2488.HK,1,3,0,2,1,4,3,True,7
hk,2489.HK,1,3,0,2,0,3,2,False,6
hk,2490.HK,1,3,0,2,0,3,2,False,6
hk,2493.HK,0,3,0,0,0,1,1,False,3
hk,2495.HK,1,3,0,2,0,3,2,False,6
hk,2496.HK,1,2,0,2,0,3,2,False,5
hk,2497.HK,1,3,0,2,0,3,2,False,6
hk,2498.HK,1,3,0,2,0,3,2,False,6
hk,2499.HK,1,3,0,2,0,3,2,False,6
hk,2500.HK,1,3,0,2,1,4,3,True,7
hk,2501.HK,1,3,0,2,0,3,2,False,6
hk,2502.HK,1,3,0,2,0,3,2,False,6
hk,2503.HK,1,3,0,2,0,3,2,False,6
hk,2505.HK,1,3,0,2,0,3,2,False,6
hk,2506.HK,1,3,0,2,0,3,2,False,6
hk,2507.HK,1,3,0,2,0,3,2,False,6
hk,2508.HK,1,3,0,2,0,3,2,False,6
hk,2509.HK,1,3,0,2,0,3,2,False,6
hk,2511.HK,1,3,0,2,0,3,2,False,6
hk,2512.HK,1,3,0,2,0,3,2,False,6
hk,2513.HK,1,2,0,1,0,3,2,False,4
hk,2515.HK,1,3,0,2,0,3,2,False,6
hk,2516.HK,1,3,0,2,0,3,2,False,6
hk,2517.HK,1,3,0,2,0,3,2,False,6
hk,2518.HK,1,2,0,2,1,4,3,True,6
hk,2519.HK,1,3,0,2,0,3,2,False,6
hk,2520.HK,1,3,0,2,0,3,2,False,6
hk,2521.HK,1,3,0,2,0,3,2,False,6
hk,2522.HK,1,3,0,2,0,3,2,False,6
hk,2523.HK,0,0,0,0,0,0,0,False,0
hk,2525.HK,1,3,0,1,0,3,2,False,5
hk,2526.HK,1,3,0,0,0,2,1,False,4
hk,2528.HK,1,3,0,2,1,4,3,True,7
hk,2529.HK,1,3,0,2,0,3,2,False,6
hk,2530.HK,1,3,0,2,0,3,2,False,6
hk,2531.HK,1,3,0,2,0,3,2,False,6
hk,2533.HK,1,3,0,2,0,3,2,False,6
hk,2535.HK,1,3,0,2,0,3,2,False,6
hk,2536.HK,1,3,0,2,0,3,2,False,6
hk,2539.HK,0,1,0,1,0,2,2,False,2
hk,2540.HK,1,3,0,2,0,3,2,False,6
hk,2543.HK,1,3,0,1,0,3,2,False,5
hk,2545.HK,1,3,0,2,0,3,2,False,6
hk,2546.HK,0,1,0,1,0,2,2,False,2
hk,2549.HK,1,3,0,2,0,3,2,False,6
hk,2550.HK,1,3,0,2,0,3,2,False,6
hk,2551.HK,1,3,0,2,0,3,2,False,6
hk,2552.HK,1,3,0,2,1,4,3,True,7
hk,2553.HK,0,1,0,0,0,1,1,False,1
hk,2555.HK,1,3,0,2,0,3,2,False,6
hk,2556.HK,1,3,0,2,0,3,2,False,6
hk,2558.HK,1,3,0,2,1,4,3,True,7
hk,2559.HK,1,3,0,2,0,3,2,False,6
hk,2560.HK,1,3,0,2,0,3,2,False,6
hk,2561.HK,1,3,0,2,0,3,2,False,6
hk,2562.HK,1,3,0,2,0,3,2,False,6
hk,2563.HK,0,1,0,2,0,2,2,False,3
hk,2565.HK,1,3,0,2,0,3,2,False,6
hk,2566.HK,1,3,0,2,0,3,2,False,6
hk,2567.HK,1,3,0,2,0,3,2,False,6
hk,2569.HK,1,3,0,2,0,3,2,False,6
hk,2570.HK,1,3,0,2,0,3,2,False,6
hk,2571.HK,1,3,0,2,0,3,2,False,6
hk,2573.HK,1,3,0,2,0,3,2,False,6
hk,2575.HK,1,3,0,1,0,3,2,False,5
hk,2576.HK,1,3,0,2,0,3,2,False,6
hk,2577.HK,1,3,0,2,0,3,2,False,6
hk,2579.HK,1,3,0,1,0,3,2,False,5
hk,2580.HK,1,3,0,1,0,3,2,False,5
hk,2581.HK,1,3,0,1,0,3,2,False,5
hk,2582.HK,1,3,0,2,0,3,2,False,6
hk,2583.HK,1,3,0,1,0,3,2,False,5
hk,2585.HK,1,3,0,2,0,3,2,False,6
hk,2586.HK,1,3,0,2,0,3,2,False,6
hk,2587.HK,1,3,0,2,0,3,2,False,6
hk,2588.HK,1,3,0,2,1,4,3,True,7
hk,2589.HK,1,3,0,2,0,3,2,False,6
hk,2590.HK,1,3,0,2,0,3,2,False,6
hk,2591.HK,1,3,0,1,0,3,2,False,5
hk,2592.HK,1,3,0,2,0,3,2,False,6
hk,2593.HK,1,3,0,2,0,3,2,False,6
hk,2595.HK,1,3,0,1,0,3,2,False,5
hk,2596.HK,1,3,0,2,0,3,2,False,6
hk,2597.HK,0,1,0,2,0,2,2,False,3
hk,2598.HK,1,3,0,2,0,3,2,False,6
hk,2600.HK,1,3,0,2,1,4,3,True,7
hk,2601.HK,1,3,0,2,1,4,3,True,7
hk,2602.HK,1,3,0,2,1,4,3,True,7
hk,2603.HK,1,3,0,2,0,3,2,False,6
hk,2605.HK,1,3,0,2,0,3,2,False,6
hk,2607.HK,1,3,0,2,1,4,3,True,7
hk,2608.HK,1,2,0,2,1,4,3,True,6
hk,2609.HK,1,3,0,2,0,3,2,False,6
hk,2610.HK,1,3,0,2,0,3,2,False,6
hk,2611.HK,1,3,0,2,1,4,3,True,7
hk,2613.HK,1,3,0,2,0,3,2,False,6
hk,2615.HK,1,3,0,0,0,2,1,False,4
hk,2616.HK,1,3,0,2,1,4,3,True,7
hk,2617.HK,1,3,0,2,0,3,2,False,6
hk,2618.HK,1,3,0,2,1,4,3,True,7
hk,2619.HK,0,0,0,2,0,1,1,False,2
hk,2621.HK,1,3,0,2,0,3,2,False,6
hk,2623.HK,1,3,0,2,1,4,3,True,7
hk,2625.HK,1,3,0,2,0,3,2,False,6
hk,2627.HK,1,0,0,1,0,2,1,False,2
hk,2628.HK,1,3,0,2,1,4,3,True,7
hk,2629.HK,1,0,0,2,0,2,1,False,3
hk,2630.HK,0,1,0,1,0,2,2,False,2
hk,2631.HK,1,3,0,1,0,3,2,False,5
hk,2632.HK,1,2,0,0,0,2,1,False,3
hk,2633.HK,1,3,0,2,1,4,3,True,7
hk,2635.HK,1,3,0,1,0,3,2,False,5
hk,2637.HK,0,1,0,1,0,2,2,False,2
hk,2638.HK,1,3,0,2,1,4,3,True,7
hk,2643.HK,1,2,0,2,0,3,2,False,5
hk,2648.HK,1,3,0,2,0,3,2,False,6
hk,2649.HK,0,1,0,0,0,1,1,False,1
hk,2650.HK,1,3,0,1,0,3,2,False,5
hk,2651.HK,1,3,0,2,0,3,2,False,6
hk,2652.HK,1,3,0,1,0,3,2,False,5
hk,2655.HK,1,3,0,1,0,3,2,False,5
hk,2656.HK,1,3,0,1,0,3,2,False,5
hk,2657.HK,1,3,0,1,0,3,2,False,5
hk,2658.HK,0,1,0,1,0,2,2,False,2
hk,2659.HK,1,3,0,1,0,3,2,False,5
hk,2660.HK,1,3,0,2,1,4,3,True,7
hk,2661.HK,1,3,0,1,0,3,2,False,5
hk,2663.HK,1,3,0,2,1,4,3,True,7
hk,2665.HK,1,0,0,2,1,3,2,False,4
hk,2666.HK,1,3,0,2,1,4,3,True,7
hk,2667.HK,1,0,0,0,0,1,0,False,1
hk,2668.HK,1,3,0,2,1,4,3,True,7
hk,2669.HK,1,3,0,2,1,4,3,True,7
hk,2670.HK,0,1,0,1,0,2,2,False,2
hk,2671.HK,1,3,0,1,0,3,2,False,5
hk,2672.HK,0,0,0,0,0,0,0,False,0
hk,2675.HK,1,3,0,1,0,3,2,False,5
hk,2676.HK,1,3,0,1,0,3,2,False,5
hk,2677.HK,0,0,0,0,0,0,0,False,0
hk,2678.HK,1,3,0,2,1,4,3,True,7
hk,2680.HK,1,3,0,2,1,4,3,True,7
hk,2682.HK,1,3,0,2,1,4,3,True,7
hk,2683.HK,1,3,0,2,1,4,3,True,7
hk,2685.HK,0,1,0,1,0,2,2,False,2
hk,2687.HK,1,0,0,1,0,2,1,False,2
hk,2688.HK,1,3,0,2,1,4,3,True,7
hk,2689.HK,1,0,0,2,1,3,2,False,4
hk,2691.HK,1,3,0,1,0,3,2,False,5
hk,2692.HK,1,3,0,0,0,2,1,False,4
hk,2693.HK,1,3,0,1,0,3,2,False,5
hk,2695.HK,1,3,0,1,0,3,2,False,5
hk,2696.HK,1,3,0,2,1,4,3,True,7
hk,2697.HK,0,1,0,0,0,1,1,False,1
hk,2698.HK,0,1,0,1,0,2,2,False,2
hk,2699.HK,1,2,0,2,1,4,3,True,6
hk,2700.HK,1,3,0,2,1,4,3,True,7
hk,2701.HK,0,3,0,0,0,1,1,False,3
hk,2706.HK,1,2,0,0,0,2,1,False,3
hk,2708.HK,1,0,0,2,1,3,2,False,4
hk,2714.HK,1,3,0,0,0,2,1,False,4
hk,2715.HK,1,3,0,0,0,2,1,False,4
hk,2718.HK,1,3,0,1,0,3,2,False,5
hk,2720.HK,0,1,0,0,0,1,1,False,1
hk,2722.HK,1,3,0,2,1,4,3,True,7
hk,2723.HK,0,1,0,0,0,1,1,False,1
hk,2726.HK,1,3,0,0,0,2,1,False,4
hk,2727.HK,1,3,0,2,1,4,3,True,7
hk,2728.HK,1,3,0,2,1,4,3,True,7
hk,2729.HK,1,2,0,0,0,2,1,False,3
hk,2738.HK,1,2,0,2,1,4,3,True,6
hk,2768.HK,0,3,0,0,0,1,1,False,3
hk,2772.HK,1,3,0,2,1,4,3,True,7
hk,2777.HK,1,2,0,2,1,4,3,True,6
hk,2779.HK,1,3,0,2,1,4,3,True,7
hk,2788.HK,0,1,0,1,0,2,2,False,2
hk,2789.HK,1,3,0,2,1,4,3,True,7
hk,2797.HK,0,1,0,0,0,1,1,False,1
hk,2798.HK,1,3,0,2,1,4,3,True,7
hk,2799.HK,1,3,0,2,1,4,3,True,7
hk,2858.HK,1,3,0,2,1,4,3,True,7
hk,2863.HK,1,3,0,2,1,4,3,True,7
hk,2865.HK,1,3,0,2,0,3,2,False,6
hk,2866.HK,1,3,0,2,1,4,3,True,7
hk,2869.HK,1,3,0,2,1,4,3,True,7
hk,2877.HK,1,3,0,2,1,4,3,True,7
hk,2878.HK,1,3,0,2,1,4,3,True,7
hk,2880.HK,1,3,0,2,1,4,3,True,7
hk,2881.HK,1,3,0,2,0,3,2,False,6
hk,2882.HK,1,2,0,2,1,4,3,True,6
hk,2883.HK,1,3,0,2,1,4,3,True,7
hk,2885.HK,1,3,0,2,1,4,3,True,7
hk,2886.HK,1,3,0,2,1,4,3,True,7
hk,2888.HK,0,3,0,2,1,3,3,True,6
hk,2889.HK,1,3,0,1,0,3,2,False,5
hk,2892.HK,1,3,0,2,1,4,3,True,7
hk,2898.HK,1,0,0,2,0,2,1,False,3
hk,2899.HK,1,3,0,2,1,4,3,True,7
hk,2900.HK,0,0,0,0,0,0,0,False,0
hk,2902.HK,0,3,0,0,0,1,1,False,3
hk,2904.HK,0,3,0,0,0,1,1,False,3
hk,2905.HK,0,3,0,0,0,1,1,False,3
hk,2907.HK,0,2,0,0,0,1,1,False,2
hk,2910.HK,0,3,0,0,0,1,1,False,3
hk,2911.HK,0,3,0,0,0,1,1,False,3
hk,2914.HK,0,0,0,0,0,0,0,False,0
hk,2918.HK,0,3,0,0,0,1,1,False,3
hk,2919.HK,0,3,0,0,0,1,1,False,3
hk,2921.HK,0,3,0,0,0,1,1,False,3
hk,2923.HK,0,3,0,0,0,1,1,False,3
hk,2929.HK,0,0,0,0,0,0,0,False,0
hk,2931.HK,0,3,0,0,0,1,1,False,3
hk,2934.HK,0,2,0,0,0,1,1,False,2
hk,2935.HK,0,3,0,0,0,1,1,False,3
hk,2938.HK,0,3,0,0,0,1,1,False,3
hk,2940.HK,0,3,0,0,0,1,1,False,3
hk,2941.HK,0,3,0,0,0,1,1,False,3
hk,2942.HK,0,3,0,0,0,1,1,False,3
hk,2944.HK,0,2,0,0,0,1,1,False,2
hk,2945.HK,0,3,0,0,0,1,1,False,3
hk,2946.HK,0,3,0,0,0,1,1,False,3
hk,2948.HK,0,3,0,0,0,1,1,False,3
hk,2950.HK,0,3,0,0,0,1,1,False,3
hk,2951.HK,0,3,0,0,0,1,1,False,3
hk,2954.HK,0,3,0,0,0,1,1,False,3
hk,2955.HK,0,3,0,0,0,1,1,False,3
hk,2957.HK,0,2,0,0,0,1,1,False,2
hk,2958.HK,0,3,0,0,0,1,1,False,3
hk,2959.HK,0,3,0,0,0,1,1,False,3
hk,2962.HK,0,3,0,0,0,1,1,False,3
hk,2965.HK,0,3,0,0,0,1,1,False,3
hk,2967.HK,0,3,0,0,0,1,1,False,3
hk,2968.HK,0,3,0,0,0,1,1,False,3
hk,2969.HK,0,3,0,0,0,1,1,False,3
hk,2971.HK,0,3,0,0,0,1,1,False,3
hk,2973.HK,0,3,0,0,0,1,1,False,3
hk,2974.HK,0,0,0,0,0,0,0,False,0
hk,2975.HK,0,3,0,0,0,1,1,False,3
hk,2976.HK,0,3,0,0,0,1,1,False,3
hk,2977.HK,0,3,0,0,0,1,1,False,3
hk,2979.HK,0,3,0,0,0,1,1,False,3
hk,2982.HK,0,0,0,0,0,0,0,False,0
hk,2983.HK,0,3,0,0,0,1,1,False,3
hk,2985.HK,0,3,0,0,0,1,1,False,3
hk,2986.HK,0,3,0,0,0,1,1,False,3
hk,2988.HK,0,2,0,0,0,1,1,False,2
hk,2989.HK,0,1,0,0,0,1,1,False,1
hk,2990.HK,0,3,0,0,0,1,1,False,3
hk,2991.HK,0,2,0,0,0,1,1,False,2
hk,2994.HK,0,2,0,0,0,1,1,False,2
hk,2995.HK,0,3,0,0,0,1,1,False,3
hk,2997.HK,0,3,0,0,0,1,1,False,3
hk,2998.HK,0,0,0,0,0,0,0,False,0
hk,3200.HK,0,3,0,0,0,1,1,False,3
hk,3268.HK,1,3,0,0,0,2,1,False,4
hk,3277.HK,0,1,0,0,0,1,1,False,1
hk,3288.HK,1,3,0,2,0,3,2,False,6
hk,3296.HK,0,3,0,0,0,1,1,False,3
hk,3300.HK,1,2,0,2,1,4,3,True,6
hk,3301.HK,1,2,0,2,1,4,3,True,6
hk,3302.HK,1,3,0,2,1,4,3,True,7
hk,3303.HK,1,3,0,2,1,4,3,True,7
hk,3306.HK,1,0,0,2,1,3,2,False,4
hk,3308.HK,1,3,0,0,0,2,1,False,4
hk,3309.HK,1,3,0,2,1,4,3,True,7
hk,3310.HK,0,1,0,0,0,1,1,False,1
hk,3311.HK,1,3,0,2,1,4,3,True,7
hk,3313.HK,1,3,0,2,1,4,3,True,7
hk,3315.HK,1,3,0,2,1,4,3,True,7
hk,3316.HK,1,3,0,2,1,4,3,True,7
hk,3317.HK,1,3,0,1,0,3,2,False,5
hk,3318.HK,1,3,0,2,1,4,3,True,7
hk,3319.HK,1,3,0,2,1,4,3,True,7
hk,3320.HK,1,3,0,2,1,4,3,True,7
hk,3321.HK,1,2,0,2,1,4,3,True,6
hk,3322.HK,1,3,0,2,1,4,3,True,7
hk,3323.HK,1,3,0,2,1,4,3,True,7
hk,3326.HK,1,0,0,2,1,3,2,False,4
hk,3328.HK,1,3,0,2,1,4,3,True,7
hk,3329.HK,1,3,0,2,1,4,3,True,7
hk,3330.HK,1,3,0,2,1,4,3,True,7
hk,3331.HK,1,0,0,2,1,3,2,False,4
hk,3332.HK,1,3,0,2,1,4,3,True,7
hk,3333.HK,1,0,0,2,1,3,2,False,4
hk,3336.HK,1,3,0,2,1,4,3,True,7
hk,3337.HK,1,3,0,2,1,4,3,True,7
hk,3339.HK,1,3,0,2,1,4,3,True,7
hk,3344.HK,1,0,0,0,0,1,0,False,1
hk,3347.HK,1,3,0,2,1,4,3,True,7
hk,3348.HK,1,3,0,2,1,4,3,True,7
hk,3355.HK,1,0,0,0,0,1,0,False,1
hk,3360.HK,1,3,0,2,1,4,3,True,7
hk,3363.HK,1,3,0,2,1,4,3,True,7
hk,3366.HK,1,2,0,2,1,4,3,True,6
hk,3368.HK,1,3,0,2,1,4,3,True,7
hk,3369.HK,1,3,0,2,1,4,3,True,7
hk,3377.HK,1,2,0,2,1,4,3,True,6
hk,3378.HK,0,1,0,1,0,2,2,False,2
hk,3380.HK,1,3,0,2,1,4,3,True,7
hk,3382.HK,1,3,0,2,1,4,3,True,7
hk,3383.HK,1,3,0,2,1,4,3,True,7
hk,3388.HK,0,1,0,0,0,1,1,False,1
hk,3389.HK,1,3,0,2,1,4,3,True,7
hk,3390.HK,1,3,0,2,1,4,3,True,7
hk,3393.HK,1,3,0,2,1,4,3,True,7
hk,3395.HK,1,2,0,2,1,4,3,True,6
hk,3396.HK,1,3,0,2,1,4,3,True,7
hk,3398.HK,1,3,0,2,1,4,3,True,7
hk,3399.HK,1,3,0,2,1,4,3,True,7
hk,3600.HK,1,3,0,2,1,4,3,True,7
hk,3601.HK,1,3,0,2,1,4,3,True,7
hk,3603.HK,1,3,0,2,1,4,3,True,7
hk,3606.HK,1,3,0,2,1,4,3,True,7
hk,3608.HK,1,0,0,0,0,1,0,False,1
hk,3611.HK,0,0,0,2,0,1,1,False,2
hk,3613.HK,1,3,0,2,1,4,3,True,7
hk,3616.HK,1,3,0,2,1,4,3,True,7
hk,3618.HK,1,3,0,2,1,4,3,True,7
hk,3623.HK,1,3,0,2,1,4,3,True,7
hk,3625.HK,0,1,0,0,0,1,1,False,1
hk,3626.HK,1,0,0,2,1,3,2,False,4
hk,3628.HK,1,3,0,2,1,4,3,True,7
hk,3633.HK,1,3,0,2,1,4,3,True,7
hk,3636.HK,1,0,0,1,0,2,1,False,2
hk,3638.HK,1,3,0,2,1,4,3,True,7
hk,3639.HK,1,3,0,2,1,4,3,True,7
hk,3650.HK,1,3,0,2,0,3,2,False,6
hk,3658.HK,1,3,0,2,1,4,3,True,7
hk,3660.HK,1,2,0,2,1,4,3,True,6
hk,3661.HK,0,3,0,0,0,1,1,False,3
hk,3662.HK,1,3,0,2,1,4,3,True,7
hk,3666.HK,1,0,0,2,1,3,2,False,4
hk,3668.HK,1,3,0,2,1,4,3,True,7
hk,3669.HK,1,3,0,2,1,4,3,True,7
hk,3677.HK,1,3,0,2,0,3,2,False,6
hk,3678.HK,1,3,0,2,1,4,3,True,7
hk,3680.HK,1,2,0,2,1,4,3,True,6
hk,3681.HK,1,3,0,2,1,4,3,True,7
hk,3683.HK,1,1,0,2,1,4,3,True,5
hk,3686.HK,1,3,0,2,1,4,3,True,7
hk,3688.HK,1,3,0,2,1,4,3,True,7
hk,3689.HK,1,3,0,2,1,4,3,True,7
hk,3690.HK,1,3,0,2,1,4,3,True,7
hk,3692.HK,1,3,0,2,1,4,3,True,7
hk,3696.HK,1,3,0,1,0,3,2,False,5
hk,3698.HK,1,3,0,2,1,4,3,True,7
hk,3699.HK,1,3,0,2,1,4,3,True,7
hk,3700.HK,1,3,0,2,1,4,3,True,7
hk,3708.HK,1,0,0,2,1,3,2,False,4
hk,3709.HK,1,3,0,2,1,4,3,True,7
hk,3718.HK,1,3,0,2,1,4,3,True,7
hk,3728.HK,1,3,0,2,1,4,3,True,7
hk,3737.HK,1,3,0,2,1,4,3,True,7
hk,3738.HK,1,3,0,2,1,4,3,True,7
hk,3750.HK,1,3,0,2,0,3,2,False,6
hk,3752.HK,0,0,0,0,0,0,0,False,0
hk,3759.HK,1,3,0,2,1,4,3,True,7
hk,3768.HK,1,3,0,2,1,4,3,True,7
hk,3773.HK,1,3,0,2,1,4,3,True,7
hk,3774.HK,0,3,0,2,1,3,3,True,6
hk,3778.HK,1,3,0,2,1,4,3,True,7
hk,3788.HK,1,3,0,2,1,4,3,True,7
hk,3789.HK,1,1,0,2,1,4,3,True,5
hk,3798.HK,1,3,0,2,1,4,3,True,7
hk,3800.HK,1,3,0,2,1,4,3,True,7
hk,3808.HK,1,3,0,2,1,4,3,True,7
hk,3813.HK,1,3,0,2,1,4,3,True,7
hk,3816.HK,1,3,0,2,1,4,3,True,7
hk,3818.HK,1,3,0,2,1,4,3,True,7
hk,3822.HK,1,3,0,2,1,4,3,True,7
hk,3828.HK,1,3,0,2,1,4,3,True,7
hk,3830.HK,1,0,0,2,1,3,2,False,4
hk,3833.HK,1,3,0,2,1,4,3,True,7
hk,3836.HK,1,3,0,2,1,4,3,True,7
hk,3838.HK,1,3,0,2,1,4,3,True,7
hk,3839.HK,1,3,0,2,1,4,3,True,7
hk,3848.HK,1,3,0,2,1,4,3,True,7
hk,3858.HK,1,3,0,1,0,3,2,False,5
hk,3860.HK,1,3,0,2,1,4,3,True,7
hk,3866.HK,1,3,0,2,1,4,3,True,7
hk,3868.HK,1,3,0,2,1,4,3,True,7
hk,3869.HK,1,3,0,2,1,4,3,True,7
hk,3877.HK,1,3,0,2,1,4,3,True,7
hk,3878.HK,1,3,0,2,1,4,3,True,7
hk,3880.HK,1,3,0,2,0,3,2,False,6
hk,3881.HK,1,3,0,1,0,3,2,False,5
hk,3882.HK,1,3,0,2,1,4,3,True,7
hk,3883.HK,1,2,0,2,1,4,3,True,6
hk,3886.HK,1,3,0,2,1,4,3,True,7
hk,3887.HK,1,3,0,1,0,3,2,False,5
hk,3888.HK,1,3,0,2,1,4,3,True,7
hk,3889.HK,1,2,0,2,1,4,3,True,6
hk,3893.HK,1,0,0,2,1,3,2,False,4
hk,3896.HK,1,2,0,2,1,4,3,True,6
hk,3898.HK,1,3,0,2,1,4,3,True,7
hk,3899.HK,1,3,0,2,1,4,3,True,7
hk,3900.HK,1,3,0,2,1,4,3,True,7
hk,3903.HK,1,0,0,2,1,3,2,False,4
hk,3908.HK,1,3,0,2,1,4,3,True,7
hk,3913.HK,1,3,0,2,1,4,3,True,7
hk,3918.HK,1,3,0,2,1,4,3,True,7
hk,3919.HK,1,3,0,2,1,4,3,True,7
hk,3928.HK,1,3,0,2,1,4,3,True,7
hk,3931.HK,1,3,0,2,1,4,3,True,7
hk,3933.HK,1,3,0,2,1,4,3,True,7
hk,3938.HK,1,3,0,2,1,4,3,True,7
hk,3939.HK,1,3,0,2,1,4,3,True,7
hk,3948.HK,1,0,0,0,0,1,0,False,1
hk,3952.HK,0,0,0,0,0,0,0,False,0
hk,3958.HK,1,3,0,2,1,4,3,True,7
hk,3963.HK,1,3,0,2,1,4,3,True,7
hk,3968.HK,0,3,0,2,1,3,3,True,6
hk,3969.HK,1,3,0,2,1,4,3,True,7
hk,3978.HK,1,3,0,2,1,4,3,True,7
hk,3983.HK,1,3,0,2,1,4,3,True,7
hk,3986.HK,1,3,0,1,0,3,2,False,5
hk,3988.HK,0,3,0,2,1,3,3,True,6
hk,3989.HK,1,3,0,2,1,4,3,True,7
hk,3990.HK,1,3,0,2,1,4,3,True,7
hk,3991.HK,1,3,0,2,1,4,3,True,7
hk,3993.HK,1,3,0,2,1,4,3,True,7
hk,3996.HK,1,3,0,2,1,4,3,True,7
hk,3997.HK,1,3,0,2,1,4,3,True,7
hk,3998.HK,1,3,0,2,1,4,3,True,7
hk,3999.HK,1,3,0,2,1,4,3,True,7
hk,4335.HK,1,0,0,2,1,3,2,False,4
hk,4621.HK,0,3,0,1,0,2,2,False,4
hk,6030.HK,1,3,0,2,1,4,3,True,7
hk,6031.HK,0,3,0,1,0,2,2,False,4
hk,6033.HK,1,3,0,2,1,4,3,True,7
hk,6036.HK,1,3,0,2,1,4,3,True,7
hk,6038.HK,1,3,0,2,1,4,3,True,7
hk,6049.HK,1,3,0,2,1,4,3,True,7
hk,6051.HK,1,3,0,2,1,4,3,True,7
hk,6055.HK,1,3,0,2,1,4,3,True,7
hk,6058.HK,1,3,0,2,1,4,3,True,7
hk,6060.HK,1,3,0,2,1,4,3,True,7
hk,6063.HK,1,3,0,2,1,4,3,True,7
hk,6066.HK,1,3,0,2,1,4,3,True,7
hk,6067.HK,0,3,0,0,0,1,1,False,3
hk,6068.HK,1,3,0,2,1,4,3,True,7
hk,6069.HK,1,3,0,2,1,4,3,True,7
hk,6078.HK,1,3,0,2,1,4,3,True,7
hk,6080.HK,1,3,0,2,1,4,3,True,7
hk,6082.HK,1,2,0,1,0,3,2,False,4
hk,6083.HK,1,3,0,2,1,4,3,True,7
hk,6086.HK,1,3,0,2,0,3,2,False,6
hk,6088.HK,1,3,0,2,1,4,3,True,7
hk,6090.HK,1,3,0,1,0,3,2,False,5
hk,6093.HK,1,3,0,2,1,4,3,True,7
hk,6098.HK,1,3,0,2,1,4,3,True,7
hk,6099.HK,1,3,0,2,1,4,3,True,7
hk,6100.HK,1,3,0,2,1,4,3,True,7
hk,6106.HK,0,1,0,0,0,1,1,False,1
hk,6108.HK,1,3,0,2,1,4,3,True,7
hk,6110.HK,1,3,0,2,1,4,3,True,7
hk,6113.HK,1,3,0,2,1,4,3,True,7
hk,6117.HK,1,3,0,2,1,4,3,True,7
hk,6118.HK,1,3,0,2,1,4,3,True,7
hk,6119.HK,1,0,0,2,1,3,2,False,4
hk,6122.HK,1,0,0,2,1,3,2,False,4
hk,6123.HK,1,3,0,2,1,4,3,True,7
hk,6127.HK,1,3,0,2,1,4,3,True,7
hk,6128.HK,1,3,0,2,1,4,3,True,7
hk,6132.HK,0,1,0,0,0,1,1,False,1
hk,6133.HK,1,3,0,2,1,4,3,True,7
hk,6136.HK,1,3,0,2,1,4,3,True,7
hk,6138.HK,1,3,0,2,1,4,3,True,7
hk,6158.HK,1,2,0,2,1,4,3,True,6
hk,6160.HK,1,3,0,2,1,4,3,True,7
hk,6161.HK,1,0,0,0,0,1,0,False,1
hk,6162.HK,1,3,0,2,1,4,3,True,7
hk,6163.HK,1,3,0,2,1,4,3,True,7
hk,6166.HK,1,3,0,1,0,3,2,False,5
hk,6168.HK,1,3,0,2,0,3,2,False,6
hk,6169.HK,1,3,0,2,1,4,3,True,7
hk,6178.HK,1,3,0,2,1,4,3,True,7
hk,6181.HK,1,3,0,2,0,3,2,False,6
hk,6182.HK,1,3,0,2,1,4,3,True,7
hk,6185.HK,1,3,0,2,1,4,3,True,7
hk,6186.HK,1,3,0,2,1,4,3,True,7
hk,6188.HK,1,2,0,2,1,4,3,True,6
hk,6189.HK,1,0,0,2,1,3,2,False,4
hk,6190.HK,1,3,0,2,1,4,3,True,7
hk,6193.HK,1,3,0,2,1,4,3,True,7
hk,6196.HK,1,3,0,2,1,4,3,True,7
hk,6198.HK,1,3,0,2,1,4,3,True,7
hk,6199.HK,1,3,0,2,1,4,3,True,7
hk,6228.HK,0,3,0,0,0,1,1,False,3
hk,6288.HK,1,0,0,2,1,3,2,False,4
hk,6600.HK,1,3,0,1,0,3,2,False,5
hk,6601.HK,1,3,0,2,1,4,3,True,7
hk,6603.HK,1,3,0,2,0,3,2,False,6
hk,6606.HK,1,0,0,2,1,3,2,False,4
hk,6608.HK,1,3,0,2,1,4,3,True,7
hk,6609.HK,1,3,0,2,1,4,3,True,7
hk,6610.HK,1,3,0,2,1,4,3,True,7
hk,6611.HK,1,0,0,2,1,3,2,False,4
hk,6613.HK,1,3,0,2,0,3,2,False,6
hk,6616.HK,1,3,0,2,1,4,3,True,7
hk,6618.HK,1,3,0,2,1,4,3,True,7
hk,6622.HK,1,3,0,2,1,4,3,True,7
hk,6623.HK,1,3,0,2,0,3,2,False,6
hk,6626.HK,1,3,0,2,1,4,3,True,7
hk,6628.HK,1,3,0,2,1,4,3,True,7
hk,6633.HK,1,3,0,2,1,4,3,True,7
hk,6636.HK,1,0,0,0,0,1,0,False,1
hk,6638.HK,1,0,0,2,1,3,2,False,4
hk,6639.HK,1,3,0,2,1,4,3,True,7
hk,6651.HK,1,3,0,1,0,3,2,False,5
hk,6655.HK,1,3,0,2,1,4,3,True,7
hk,6656.HK,0,1,0,0,0,1,1,False,1
hk,6657.HK,1,3,0,2,0,3,2,False,6
hk,6658.HK,0,0,0,0,0,0,0,False,0
hk,6660.HK,1,3,0,2,1,4,3,True,7
hk,6661.HK,1,3,0,2,1,4,3,True,7
hk,6663.HK,1,0,0,2,1,3,2,False,4
hk,6666.HK,1,3,0,2,1,4,3,True,7
hk,6667.HK,1,3,0,2,1,4,3,True,7
hk,6668.HK,1,3,0,2,1,4,3,True,7
hk,6669.HK,1,3,0,2,1,4,3,True,7
hk,6675.HK,0,0,0,0,0,0,0,False,0
hk,6676.HK,1,3,0,2,1,4,3,True,7
hk,6677.HK,1,3,0,2,1,4,3,True,7
hk,6680.HK,1,3,0,2,1,4,3,True,7
hk,6681.HK,1,3,0,2,0,3,2,False,6
hk,6682.HK,1,3,0,2,0,3,2,False,6
hk,6683.HK,1,3,0,2,0,3,2,False,6
hk,6686.HK,1,3,0,2,1,4,3,True,7
hk,6687.HK,1,0,0,1,0,2,1,False,2
hk,6688.HK,0,0,0,0,0,0,0,False,0
hk,6689.HK,1,0,0,2,0,2,1,False,3
hk,6690.HK,1,3,0,2,1,4,3,True,7
hk,6693.HK,1,3,0,2,0,3,2,False,6
hk,6696.HK,1,0,0,2,1,3,2,False,4
hk,6698.HK,1,3,0,2,1,4,3,True,7
hk,6699.HK,1,3,0,2,1,4,3,True,7
hk,6715.HK,0,1,0,0,0,1,1,False,1
hk,6745.HK,0,3,0,0,0,1,1,False,3
hk,6805.HK,1,3,0,2,1,4,3,True,7
hk,6806.HK,1,3,0,2,1,4,3,True,7
hk,6808.HK,1,3,0,2,1,4,3,True,7
hk,6809.HK,0,3,0,0,0,1,1,False,3
hk,6810.HK,0,1,0,0,0,1,1,False,1
hk,6811.HK,1,3,0,2,1,4,3,True,7
hk,6812.HK,1,3,0,2,1,4,3,True,7
hk,6816.HK,1,3,0,2,1,4,3,True,7
hk,6818.HK,1,3,0,2,1,4,3,True,7
hk,6819.HK,1,0,0,2,1,3,2,False,4
hk,6820.HK,1,3,0,2,1,4,3,True,7
hk,6821.HK,1,3,0,2,1,4,3,True,7
hk,6822.HK,1,3,0,2,1,4,3,True,7
hk,6823.HK,1,3,0,2,1,4,3,True,7
hk,6826.HK,1,3,0,2,1,4,3,True,7
hk,6828.HK,1,3,0,2,1,4,3,True,7
hk,6829.HK,1,3,0,2,1,4,3,True,7
hk,6830.HK,1,3,0,2,1,4,3,True,7
hk,6831.HK,1,3,0,2,0,3,2,False,6
hk,6833.HK,1,3,0,2,1,4,3,True,7
hk,6836.HK,1,0,0,2,1,3,2,False,4
hk,6837.HK,1,0,0,2,1,3,2,False,4
hk,6838.HK,1,3,0,2,1,4,3,True,7
hk,6839.HK,1,2,0,2,1,4,3,True,6
hk,6855.HK,1,3,0,2,1,4,3,True,7
hk,6858.HK,1,3,0,2,1,4,3,True,7
hk,6860.HK,1,3,0,2,1,4,3,True,7
hk,6862.HK,1,3,0,2,1,4,3,True,7
hk,6865.HK,1,3,0,2,1,4,3,True,7
hk,6866.HK,1,3,0,2,1,4,3,True,7
hk,6868.HK,1,3,0,2,1,4,3,True,7
hk,6869.HK,1,3,0,2,1,4,3,True,7
hk,6871.HK,0,1,0,0,0,1,1,False,1
hk,6872.HK,0,1,0,0,0,1,1,False,1
hk,6877.HK,1,3,0,2,1,4,3,True,7
hk,6878.HK,1,0,0,2,1,3,2,False,4
hk,6880.HK,1,0,0,0,0,1,0,False,1
hk,6881.HK,1,3,0,2,1,4,3,True,7
hk,6882.HK,1,3,0,2,1,4,3,True,7
hk,6883.HK,0,3,0,2,0,2,2,False,5
hk,6885.HK,1,3,0,2,1,4,3,True,7
hk,6886.HK,1,3,0,2,1,4,3,True,7
hk,6887.HK,1,3,0,1,0,3,2,False,5
hk,6888.HK,1,3,0,2,1,4,3,True,7
hk,6889.HK,1,3,0,2,1,4,3,True,7
hk,6890.HK,1,3,0,2,1,4,3,True,7
hk,6893.HK,1,3,0,2,1,4,3,True,7
hk,6896.HK,1,3,0,2,1,4,3,True,7
hk,6898.HK,1,3,0,2,1,4,3,True,7
hk,6899.HK,1,0,0,2,1,3,2,False,4
hk,6908.HK,1,3,0,2,1,4,3,True,7
hk,6909.HK,1,3,0,2,1,4,3,True,7
hk,6911.HK,1,1,0,2,0,3,2,False,4
hk,6913.HK,1,3,0,2,1,4,3,True,7
hk,6915.HK,0,1,0,0,0,1,1,False,1
hk,6918.HK,1,3,0,2,1,4,3,True,7
hk,6919.HK,1,3,0,2,1,4,3,True,7
hk,6922.HK,1,3,0,2,1,4,3,True,7
hk,6928.HK,1,3,0,2,1,4,3,True,7
hk,6929.HK,1,3,0,2,1,4,3,True,7
hk,6933.HK,1,3,0,2,1,4,3,True,7
hk,6936.HK,1,3,0,2,0,3,2,False,6
hk,6938.HK,1,2,0,1,0,3,2,False,4
hk,6939.HK,1,3,0,2,1,4,3,True,7
hk,6951.HK,0,3,0,0,0,1,1,False,3
hk,6955.HK,1,3,0,2,1,4,3,True,7
hk,6958.HK,1,3,0,2,1,4,3,True,7
hk,6959.HK,1,3,0,2,0,3,2,False,6
hk,6960.HK,1,3,0,1,0,3,2,False,5
hk,6963.HK,1,3,0,2,1,4,3,True,7
hk,6966.HK,1,3,0,2,1,4,3,True,7
hk,6968.HK,1,3,0,2,1,4,3,True,7
hk,6969.HK,1,3,0,2,1,4,3,True,7
hk,6978.HK,1,3,0,2,1,4,3,True,7
hk,6979.HK,1,3,0,2,0,3,2,False,6
hk,6988.HK,1,3,0,2,1,4,3,True,7
hk,6989.HK,1,3,0,2,1,4,3,True,7
hk,6990.HK,1,3,0,2,0,3,2,False,6
hk,6993.HK,1,3,0,2,1,4,3,True,7
hk,6996.HK,1,3,0,2,1,4,3,True,7
hk,6998.HK,1,3,0,2,1,4,3,True,7
hk,6999.HK,1,3,0,2,1,4,3,True,7
hk,7489.HK,0,1,0,0,0,1,1,False,1
hk,7618.HK,1,3,0,1,0,3,2,False,5
hk,7630.HK,0,0,0,0,0,0,0,False,0
hk,7656.HK,0,1,0,0,0,1,1,False,1
hk,7666.HK,0,1,0,0,0,1,1,False,1
hk,7687.HK,0,1,0,0,0,1,1,False,1
hk,7688.HK,0,1,0,0,0,1,1,False,1
hk,7801.HK,1,0,0,0,0,1,0,False,1
hk,7827.HK,1,0,0,2,0,2,1,False,3
hk,8001.HK,1,0,0,2,1,3,2,False,4
hk,80011.HK,1,0,0,2,1,3,2,False,4
hk,80016.HK,1,0,0,2,1,3,2,False,4
hk,80020.HK,1,3,0,2,1,4,3,True,7
hk,8003.HK,1,3,0,2,1,4,3,True,7
hk,8005.HK,1,3,0,2,1,4,3,True,7
hk,8006.HK,1,3,0,2,1,4,3,True,7
hk,8007.HK,1,3,0,2,1,4,3,True,7
hk,8013.HK,1,1,0,2,1,4,3,True,5
hk,8017.HK,1,3,0,2,1,4,3,True,7
hk,80175.HK,1,3,0,2,1,4,3,True,7
hk,8018.HK,1,3,0,2,1,4,3,True,7
hk,8019.HK,1,3,0,2,1,4,3,True,7
hk,8020.HK,1,2,0,2,1,4,3,True,6
hk,8021.HK,1,0,0,2,1,3,2,False,4
hk,8023.HK,1,3,0,2,1,4,3,True,7
hk,8026.HK,1,3,0,2,1,4,3,True,7
hk,8027.HK,1,3,0,2,1,4,3,True,7
hk,8028.HK,1,3,0,2,1,4,3,True,7
hk,8029.HK,1,2,0,2,1,4,3,True,6
hk,80291.HK,1,3,0,2,1,4,3,True,7
hk,8030.HK,1,3,0,2,0,3,2,False,6
hk,8031.HK,1,3,0,2,1,4,3,True,7
hk,8033.HK,1,3,0,2,1,4,3,True,7
hk,8035.HK,1,3,0,2,1,4,3,True,7
hk,8036.HK,1,3,0,2,1,4,3,True,7
hk,8037.HK,1,3,0,2,1,4,3,True,7
hk,80388.HK,1,3,0,2,1,4,3,True,7
hk,8039.HK,1,0,0,2,1,3,2,False,4
hk,8040.HK,1,3,0,2,1,4,3,True,7
hk,8041.HK,1,0,0,2,1,3,2,False,4
hk,8042.HK,1,3,0,2,1,4,3,True,7
hk,8043.HK,1,3,0,2,1,4,3,True,7
hk,8045.HK,1,0,0,2,1,3,2,False,4
hk,8047.HK,1,0,0,2,1,3,2,False,4
hk,8048.HK,1,3,0,2,1,4,3,True,7
hk,8049.HK,1,3,0,2,1,4,3,True,7
hk,8050.HK,1,3,0,2,1,4,3,True,7
hk,8051.HK,1,3,0,2,1,4,3,True,7
hk,8052.HK,1,0,0,2,1,3,2,False,4
hk,8056.HK,1,2,0,2,1,4,3,True,6
hk,8057.HK,1,2,0,2,1,4,3,True,6
hk,8059.HK,1,2,0,2,1,4,3,True,6
hk,8060.HK,1,3,0,2,1,4,3,True,7
hk,8062.HK,1,3,0,2,1,4,3,True,7
hk,8063.HK,1,0,0,2,1,3,2,False,4
hk,8065.HK,1,3,0,2,1,4,3,True,7
hk,8066.HK,1,3,0,2,1,4,3,True,7
hk,8067.HK,1,0,0,2,1,3,2,False,4
hk,8069.HK,1,3,0,2,1,4,3,True,7
hk,8070.HK,1,3,0,2,1,4,3,True,7
hk,80700.HK,1,3,0,2,1,4,3,True,7
hk,8071.HK,1,3,0,2,1,4,3,True,7
hk,8072.HK,1,3,0,2,1,4,3,True,7
hk,8073.HK,1,3,0,2,1,4,3,True,7
hk,80737.HK,1,3,0,2,1,4,3,True,7
hk,8075.HK,0,0,0,0,0,0,0,False,0
hk,8076.HK,1,3,0,2,1,4,3,True,7
hk,8079.HK,1,3,0,2,1,4,3,True,7
hk,8080.HK,1,3,0,2,1,4,3,True,7
hk,8081.HK,1,3,0,2,1,4,3,True,7
hk,8082.HK,1,2,0,2,1,4,3,True,6
hk,8083.HK,1,3,0,2,1,4,3,True,7
hk,8086.HK,0,0,0,0,0,0,0,False,0
hk,8087.HK,1,3,0,2,1,4,3,True,7
hk,80883.HK,1,3,0,2,1,4,3,True,7
hk,8090.HK,0,1,0,0,0,1,1,False,1
hk,8091.HK,1,3,0,2,1,4,3,True,7
hk,8092.HK,1,3,0,2,1,4,3,True,7
hk,8093.HK,1,0,0,2,1,3,2,False,4
hk,80941.HK,1,3,0,2,1,4,3,True,7
hk,8095.HK,1,3,0,2,1,4,3,True,7
hk,8096.HK,1,3,0,2,1,4,3,True,7
hk,8098.HK,1,3,0,2,1,4,3,True,7
hk,80992.HK,1,3,0,2,1,4,3,True,7
hk,8100.HK,1,3,0,2,1,4,3,True,7
hk,81024.HK,1,3,0,2,1,4,3,True,7
hk,8103.HK,1,2,0,2,1,4,3,True,6
hk,8106.HK,1,3,0,2,1,4,3,True,7
hk,8107.HK,1,2,0,2,1,4,3,True,6
hk,8111.HK,1,3,0,2,1,4,3,True,7
hk,8112.HK,1,3,0,2,1,4,3,True,7
hk,8113.HK,1,3,0,2,1,4,3,True,7
hk,8115.HK,1,3,0,2,1,4,3,True,7
hk,8117.HK,1,3,0,2,1,4,3,True,7
hk,8118.HK,1,2,0,2,1,4,3,True,6
hk,8120.HK,1,3,0,2,1,4,3,True,7
hk,8121.HK,1,3,0,2,1,4,3,True,7
hk,81211.HK,1,3,0,2,1,4,3,True,7
hk,8123.HK,1,3,0,2,1,4,3,True,7
hk,8125.HK,1,3,0,2,1,4,3,True,7
hk,8126.HK,1,0,0,2,1,3,2,False,4
hk,8128.HK,1,3,0,2,1,4,3,True,7
hk,81299.HK,1,3,0,2,1,4,3,True,7
hk,8130.HK,1,0,0,2,1,3,2,False,4
hk,8131.HK,1,3,0,2,1,4,3,True,7
hk,8132.HK,1,2,0,2,1,4,3,True,6
hk,8133.HK,1,3,0,2,1,4,3,True,7
hk,8136.HK,1,3,0,2,1,4,3,True,7
hk,8137.HK,1,3,0,2,1,4,3,True,7
hk,8139.HK,1,3,0,2,1,4,3,True,7
hk,8140.HK,1,0,0,2,1,3,2,False,4
hk,8143.HK,1,3,0,2,1,4,3,True,7
hk,8146.HK,1,3,0,2,1,4,3,True,7
hk,8147.HK,1,3,0,2,1,4,3,True,7
hk,8148.HK,1,3,0,2,1,4,3,True,7
hk,8149.HK,1,3,0,2,1,4,3,True,7
hk,8150.HK,0,0,0,0,0,0,0,False,0
hk,8152.HK,1,3,0,2,1,4,3,True,7
hk,8153.HK,1,3,0,2,1,4,3,True,7
hk,8156.HK,1,0,0,2,1,3,2,False,4
hk,8158.HK,1,3,0,2,1,4,3,True,7
hk,8159.HK,1,1,0,2,1,4,3,True,5
hk,8160.HK,1,3,0,2,1,4,3,True,7
hk,8161.HK,1,3,0,2,1,4,3,True,7
hk,8162.HK,1,3,0,2,1,4,3,True,7
hk,8163.HK,1,2,0,2,1,4,3,True,6
hk,8166.HK,1,0,0,2,1,3,2,False,4
hk,8167.HK,1,0,0,2,1,3,2,False,4
hk,8168.HK,1,3,0,2,1,4,3,True,7
hk,8169.HK,1,3,0,2,1,4,3,True,7
hk,8172.HK,1,3,0,2,1,4,3,True,7
hk,8173.HK,1,3,0,2,1,4,3,True,7
hk,8176.HK,1,2,0,2,1,4,3,True,6
hk,8178.HK,1,3,0,2,1,4,3,True,7
hk,8179.HK,1,3,0,2,1,4,3,True,7
hk,8181.HK,1,3,0,2,1,4,3,True,7
hk,81810.HK,1,3,0,2,1,4,3,True,7
hk,8186.HK,1,3,0,2,1,4,3,True,7
hk,8187.HK,1,3,0,2,1,4,3,True,7
hk,8188.HK,1,3,0,2,1,4,3,True,7
hk,8189.HK,1,3,0,2,1,4,3,True,7
hk,8191.HK,1,3,0,2,1,4,3,True,7
hk,8193.HK,1,3,0,2,1,4,3,True,7
hk,8195.HK,1,3,0,2,1,4,3,True,7
hk,8196.HK,1,3,0,2,1,4,3,True,7
hk,8198.HK,1,3,0,2,1,4,3,True,7
hk,8200.HK,1,3,0,2,1,4,3,True,7
hk,8201.HK,1,0,0,2,1,3,2,False,4
hk,82020.HK,1,3,0,2,1,4,3,True,7
hk,8203.HK,1,2,0,2,1,4,3,True,6
hk,8205.HK,1,3,0,2,1,4,3,True,7
hk,8206.HK,1,2,0,2,1,4,3,True,6
hk,8208.HK,1,3,0,2,1,4,3,True,7
hk,8210.HK,1,3,0,2,1,4,3,True,7
hk,8211.HK,1,0,0,2,1,3,2,False,4
hk,8213.HK,1,2,0,2,1,4,3,True,6
hk,8215.HK,1,0,0,2,1,3,2,False,4
hk,8217.HK,1,3,0,2,1,4,3,True,7
hk,8218.HK,1,3,0,2,1,4,3,True,7
hk,8219.HK,1,3,0,2,1,4,3,True,7
hk,8220.HK,1,2,0,2,1,4,3,True,6
hk,8221.HK,1,3,0,2,1,4,3,True,7
hk,8222.HK,1,3,0,2,1,4,3,True,7
hk,8223.HK,1,3,0,2,1,4,3,True,7
hk,8225.HK,1,3,0,2,1,4,3,True,7
hk,8226.HK,1,3,0,2,1,4,3,True,7
hk,8227.HK,1,2,0,2,1,4,3,True,6
hk,8229.HK,1,3,0,2,1,4,3,True,7
hk,82318.HK,1,3,0,2,1,4,3,True,7
hk,8232.HK,1,2,0,2,1,4,3,True,6
hk,82331.HK,1,3,0,2,1,4,3,True,7
hk,82333.HK,1,3,0,2,1,4,3,True,7
hk,8237.HK,1,3,0,2,1,4,3,True,7
hk,8238.HK,1,2,0,2,1,4,3,True,6
hk,82388.HK,1,3,0,2,1,4,3,True,7
hk,8239.HK,1,3,0,2,1,4,3,True,7
hk,8241.HK,1,2,0,2,1,4,3,True,6
hk,8245.HK,1,2,0,2,1,4,3,True,6
hk,8246.HK,1,3,0,2,1,4,3,True,7
hk,8247.HK,1,3,0,2,1,4,3,True,7
hk,8249.HK,1,2,0,2,1,4,3,True,6
hk,8250.HK,1,0,0,2,1,3,2,False,4
hk,8257.HK,1,0,0,2,1,3,2,False,4
hk,8262.HK,1,0,0,2,1,3,2,False,4
hk,8267.HK,1,3,0,2,1,4,3,True,7
hk,8268.HK,1,3,0,2,1,4,3,True,7
hk,8269.HK,1,3,0,2,1,4,3,True,7
hk,8270.HK,1,3,0,2,1,4,3,True,7
hk,8271.HK,1,3,0,2,1,4,3,True,7
hk,8275.HK,1,3,0,2,1,4,3,True,7
hk,8277.HK,1,2,0,2,1,4,3,True,6
hk,8279.HK,1,3,0,2,1,4,3,True,7
hk,8280.HK,1,2,0,2,1,4,3,True,6
hk,8281.HK,1,3,0,2,1,4,3,True,7
hk,8282.HK,1,3,0,2,1,4,3,True,7
hk,8283.HK,1,3,0,2,1,4,3,True,7
hk,8285.HK,1,2,0,2,1,4,3,True,6
hk,8286.HK,1,2,0,2,1,4,3,True,6
hk,8290.HK,1,3,0,2,1,4,3,True,7
hk,8291.HK,1,2,0,2,1,4,3,True,6
hk,8292.HK,1,3,0,2,1,4,3,True,7
hk,8293.HK,1,1,0,2,1,4,3,True,5
hk,8295.HK,1,3,0,2,1,4,3,True,7
hk,8296.HK,1,3,0,2,1,4,3,True,7
hk,8297.HK,1,2,0,2,1,4,3,True,6
hk,8299.HK,1,3,0,2,1,4,3,True,7
hk,8300.HK,1,2,0,2,1,4,3,True,6
hk,8305.HK,1,3,0,2,1,4,3,True,7
hk,8307.HK,1,3,0,2,1,4,3,True,7
hk,8308.HK,1,3,0,2,1,4,3,True,7
hk,8309.HK,1,3,0,2,1,4,3,True,7
hk,8310.HK,1,2,0,2,1,4,3,True,6
hk,8311.HK,1,3,0,2,1,4,3,True,7
hk,8313.HK,1,3,0,2,1,4,3,True,7
hk,8315.HK,1,3,0,2,1,4,3,True,7
hk,8316.HK,1,3,0,2,1,4,3,True,7
hk,8317.HK,1,3,0,2,1,4,3,True,7
hk,8319.HK,1,3,0,2,1,4,3,True,7
hk,8320.HK,1,3,0,2,1,4,3,True,7
hk,8321.HK,1,0,0,2,1,3,2,False,4
hk,8325.HK,0,0,0,2,1,2,2,False,3
hk,8326.HK,1,3,0,2,1,4,3,True,7
hk,8328.HK,1,3,0,2,1,4,3,True,7
hk,8329.HK,1,3,0,2,1,4,3,True,7
hk,8331.HK,1,3,0,2,1,4,3,True,7
hk,8333.HK,1,3,0,2,1,4,3,True,7
hk,8337.HK,1,3,0,2,1,4,3,True,7
hk,8340.HK,1,3,0,2,1,4,3,True,7
hk,8341.HK,1,3,0,2,1,4,3,True,7
hk,8347.HK,1,3,0,2,1,4,3,True,7
hk,8348.HK,1,3,0,2,1,4,3,True,7
hk,8349.HK,1,0,0,2,1,3,2,False,4
hk,8350.HK,1,3,0,2,1,4,3,True,7
hk,8353.HK,1,0,0,2,1,3,2,False,4
hk,8356.HK,1,2,0,2,1,4,3,True,6
hk,8357.HK,1,3,0,2,1,4,3,True,7
hk,8360.HK,1,2,0,2,1,4,3,True,6
hk,8362.HK,1,3,0,2,1,4,3,True,7
hk,8363.HK,1,0,0,2,1,3,2,False,4
hk,8365.HK,1,3,0,2,1,4,3,True,7
hk,8366.HK,1,0,0,2,1,3,2,False,4
hk,8367.HK,1,2,0,2,1,4,3,True,6
hk,8368.HK,1,3,0,2,1,4,3,True,7
hk,83690.HK,1,3,0,2,1,4,3,True,7
hk,8370.HK,1,3,0,2,1,4,3,True,7
hk,8371.HK,1,3,0,2,1,4,3,True,7
hk,8372.HK,1,3,0,2,1,4,3,True,7
hk,8373.HK,1,3,0,2,1,4,3,True,7
hk,8375.HK,1,3,0,2,1,4,3,True,7
hk,8377.HK,1,2,0,2,1,4,3,True,6
hk,8379.HK,1,3,0,2,1,4,3,True,7
hk,8385.HK,1,2,0,2,1,4,3,True,6
hk,8391.HK,1,2,0,2,1,4,3,True,6
hk,8392.HK,1,3,0,2,1,4,3,True,7
hk,8395.HK,1,3,0,2,1,4,3,True,7
hk,8400.HK,1,3,0,2,1,4,3,True,7
hk,8401.HK,1,3,0,2,1,4,3,True,7
hk,8402.HK,1,3,0,2,1,4,3,True,7
hk,8403.HK,1,3,0,2,1,4,3,True,7
hk,8405.HK,1,0,0,2,1,3,2,False,4
hk,8406.HK,1,3,0,2,1,4,3,True,7
hk,8411.HK,1,3,0,2,1,4,3,True,7
hk,8412.HK,1,0,0,2,1,3,2,False,4
hk,8413.HK,1,3,0,2,1,4,3,True,7
hk,8416.HK,1,3,0,2,1,4,3,True,7
hk,8417.HK,1,3,0,2,1,4,3,True,7
hk,8418.HK,1,3,0,2,1,4,3,True,7
hk,8419.HK,1,3,0,2,1,4,3,True,7
hk,8420.HK,1,3,0,2,1,4,3,True,7
hk,8422.HK,1,0,0,2,1,3,2,False,4
hk,8423.HK,1,3,0,2,1,4,3,True,7
hk,8425.HK,1,3,0,2,1,4,3,True,7
hk,8426.HK,1,3,0,2,1,4,3,True,7
hk,8427.HK,1,0,0,2,1,3,2,False,4
hk,8428.HK,1,2,0,2,1,4,3,True,6
hk,8429.HK,1,3,0,2,1,4,3,True,7
hk,8430.HK,1,3,0,2,1,4,3,True,7
hk,8431.HK,1,3,0,2,1,4,3,True,7
hk,8432.HK,1,3,0,2,1,4,3,True,7
hk,8436.HK,1,3,0,2,1,4,3,True,7
hk,8437.HK,1,0,0,2,1,3,2,False,4
hk,8439.HK,1,3,0,2,1,4,3,True,7
hk,8445.HK,1,3,0,2,1,4,3,True,7
hk,8446.HK,1,3,0,2,1,4,3,True,7
hk,8447.HK,1,3,0,2,1,4,3,True,7
hk,8448.HK,1,3,0,2,1,4,3,True,7
hk,8450.HK,1,3,0,2,1,4,3,True,7
hk,8451.HK,1,3,0,2,1,4,3,True,7
hk,8452.HK,1,3,0,2,1,4,3,True,7
hk,8455.HK,1,2,0,2,1,4,3,True,6
hk,8456.HK,1,3,0,2,1,4,3,True,7
hk,8460.HK,1,3,0,2,1,4,3,True,7
hk,8462.HK,1,3,0,2,1,4,3,True,7
hk,8471.HK,1,3,0,2,1,4,3,True,7
hk,8472.HK,1,3,0,2,1,4,3,True,7
hk,8473.HK,1,3,0,2,1,4,3,True,7
hk,8475.HK,1,1,0,2,1,4,3,True,5
hk,8480.HK,1,3,0,2,1,4,3,True,7
hk,8481.HK,1,3,0,2,1,4,3,True,7
hk,8482.HK,1,3,0,2,1,4,3,True,7
hk,8483.HK,1,3,0,2,1,4,3,True,7
hk,8487.HK,1,0,0,2,1,3,2,False,4
hk,8489.HK,1,3,0,2,1,4,3,True,7
hk,8490.HK,1,3,0,2,1,4,3,True,7
hk,8491.HK,1,3,0,2,1,4,3,True,7
hk,8493.HK,1,2,0,2,1,4,3,True,6
hk,8495.HK,1,3,0,2,1,4,3,True,7
hk,8496.HK,1,0,0,2,1,3,2,False,4
hk,8500.HK,1,0,0,2,1,3,2,False,4
hk,8501.HK,1,3,0,2,1,4,3,True,7
hk,8502.HK,1,3,0,2,1,4,3,True,7
hk,8507.HK,1,3,0,2,1,4,3,True,7
hk,8509.HK,1,3,0,2,1,4,3,True,7
hk,8510.HK,1,2,0,2,1,4,3,True,6
hk,8511.HK,1,0,0,2,1,3,2,False,4
hk,8512.HK,1,3,0,2,1,4,3,True,7
hk,8513.HK,1,3,0,2,1,4,3,True,7
hk,8516.HK,1,3,0,2,1,4,3,True,7
hk,8519.HK,1,3,0,2,1,4,3,True,7
hk,8521.HK,1,3,0,2,1,4,3,True,7
hk,8523.HK,1,0,0,2,1,3,2,False,4
hk,8525.HK,1,3,0,2,1,4,3,True,7
hk,8526.HK,1,3,0,2,1,4,3,True,7
hk,8527.HK,1,2,0,2,1,4,3,True,6
hk,8529.HK,1,3,0,2,0,3,2,False,6
hk,8532.HK,1,2,0,2,1,4,3,True,6
hk,8535.HK,1,3,0,2,1,4,3,True,7
hk,8536.HK,1,3,0,2,1,4,3,True,7
hk,8537.HK,1,3,0,2,1,4,3,True,7
hk,8540.HK,1,3,0,2,1,4,3,True,7
hk,8545.HK,1,3,0,2,1,4,3,True,7
hk,8547.HK,1,3,0,2,1,4,3,True,7
hk,8549.HK,0,3,0,1,0,2,2,False,4
hk,8551.HK,0,3,0,0,0,1,1,False,3
hk,8552.HK,0,3,0,0,0,1,1,False,3
hk,8553.HK,0,3,0,0,0,1,1,False,3
hk,8557.HK,0,2,0,0,0,1,1,False,2
hk,8558.HK,0,3,0,0,0,1,1,False,3
hk,8559.HK,0,3,0,0,0,1,1,False,3
hk,8566.HK,0,3,0,0,0,1,1,False,3
hk,8567.HK,0,3,0,0,0,1,1,False,3
hk,8571.HK,0,3,0,0,0,1,1,False,3
hk,8572.HK,0,3,0,0,0,1,1,False,3
hk,8578.HK,0,3,0,0,0,1,1,False,3
hk,8583.HK,0,3,0,0,0,1,1,False,3
hk,8591.HK,0,3,0,0,0,1,1,False,3
hk,8592.HK,0,2,0,0,0,1,1,False,2
hk,8595.HK,0,2,0,0,0,1,1,False,2
hk,8597.HK,0,3,0,0,0,1,1,False,3
hk,8598.HK,0,0,0,0,0,0,0,False,0
hk,8600.HK,0,0,0,0,0,0,0,False,0
hk,8601.HK,1,3,0,2,1,4,3,True,7
hk,8603.HK,1,3,0,2,1,4,3,True,7
hk,8606.HK,1,3,0,2,1,4,3,True,7
hk,8607.HK,1,0,0,2,1,3,2,False,4
hk,8609.HK,1,0,0,2,1,3,2,False,4
hk,8610.HK,1,3,0,1,0,3,2,False,5
hk,8611.HK,1,3,0,2,1,4,3,True,7
hk,8612.HK,1,2,0,2,1,4,3,True,6
hk,8613.HK,1,2,0,2,1,4,3,True,6
hk,8616.HK,1,3,0,2,1,4,3,True,7
hk,8619.HK,1,3,0,2,1,4,3,True,7
hk,8620.HK,1,3,0,2,1,4,3,True,7
hk,8621.HK,1,3,0,2,1,4,3,True,7
hk,8622.HK,1,3,0,2,1,4,3,True,7
hk,8623.HK,1,2,0,2,1,4,3,True,6
hk,8627.HK,1,3,0,2,1,4,3,True,7
hk,8629.HK,1,3,0,2,0,3,2,False,6
hk,8631.HK,1,0,0,2,1,3,2,False,4
hk,8635.HK,1,3,0,2,1,4,3,True,7
hk,8637.HK,1,3,0,2,0,3,2,False,6
hk,8645.HK,1,0,0,2,1,3,2,False,4
hk,8646.HK,1,3,0,2,1,4,3,True,7
hk,8657.HK,1,3,0,2,1,4,3,True,7
hk,8659.HK,1,3,0,2,1,4,3,True,7
hk,86618.HK,1,3,0,2,1,4,3,True,7
hk,8668.HK,1,3,0,2,1,4,3,True,7
hk,89618.HK,1,3,0,2,1,4,3,True,7
hk,89888.HK,1,3,0,2,1,4,3,True,7
hk,89988.HK,1,3,0,2,1,4,3,True,7
hk,9600.HK,1,3,0,2,1,4,3,True,7
hk,9606.HK,1,3,0,2,0,3,2,False,6
hk,9608.HK,1,3,0,2,1,4,3,True,7
hk,9609.HK,0,1,0,1,0,2,2,False,2
hk,9611.HK,1,3,0,1,0,3,2,False,5
hk,9616.HK,1,3,0,2,1,4,3,True,7
hk,9618.HK,1,3,0,2,1,4,3,True,7
hk,9626.HK,1,2,0,2,1,4,3,True,6
hk,9630.HK,0,3,0,0,0,1,1,False,3
hk,9633.HK,1,3,0,2,1,4,3,True,7
hk,9636.HK,1,3,0,2,1,4,3,True,7
hk,9637.HK,0,1,0,0,0,1,1,False,1
hk,9638.HK,1,3,0,2,0,3,2,False,6
hk,9639.HK,1,3,0,2,0,3,2,False,6
hk,9658.HK,1,3,0,2,1,4,3,True,7
hk,9660.HK,1,3,0,2,0,3,2,False,6
hk,9663.HK,1,3,0,2,0,3,2,False,6
hk,9666.HK,1,0,0,2,1,3,2,False,4
hk,9668.HK,1,3,0,2,1,4,3,True,7
hk,9669.HK,1,3,0,2,0,3,2,False,6
hk,9676.HK,1,3,0,2,0,3,2,False,6
hk,9677.HK,1,3,0,2,1,4,3,True,7
hk,9678.HK,1,3,0,2,0,3,2,False,6
hk,9680.HK,1,3,0,2,0,3,2,False,6
hk,9686.HK,1,3,0,2,0,3,2,False,6
hk,9688.HK,1,3,0,2,1,4,3,True,7
hk,9689.HK,1,3,0,2,1,4,3,True,7
hk,9690.HK,1,3,0,2,0,3,2,False,6
hk,9696.HK,1,3,0,2,1,4,3,True,7
hk,9698.HK,1,3,0,2,1,4,3,True,7
hk,9699.HK,1,3,0,2,1,4,3,True,7
hk,9857.HK,1,3,0,2,1,4,3,True,7
hk,9858.HK,1,3,0,2,1,4,3,True,7
hk,9860.HK,1,3,0,2,0,3,2,False,6
hk,9863.HK,1,3,0,2,1,4,3,True,7
hk,9866.HK,1,3,0,2,1,4,3,True,7
hk,9868.HK,1,0,0,2,1,3,2,False,4
hk,9869.HK,1,3,0,2,1,4,3,True,7
hk,9876.HK,1,3,0,2,1,4,3,True,7
hk,9877.HK,1,3,0,2,1,4,3,True,7
hk,9878.HK,1,3,0,2,1,4,3,True,7
hk,9879.HK,1,3,0,2,0,3,2,False,6
hk,9880.HK,1,3,0,2,0,3,2,False,6
hk,9881.HK,1,0,0,2,0,2,1,False,3
hk,9882.HK,1,3,0,2,1,4,3,True,7
hk,9885.HK,1,3,0,2,0,3,2,False,6
hk,9886.HK,1,3,0,2,1,4,3,True,7
hk,9887.HK,1,3,0,2,0,3,2,False,6
hk,9888.HK,1,3,0,2,1,4,3,True,7
hk,9889.HK,1,3,0,2,1,4,3,True,7
hk,9890.HK,1,3,0,2,0,3,2,False,6
hk,9893.HK,1,3,0,2,1,4,3,True,7
hk,9896.HK,1,3,0,2,1,4,3,True,7
hk,9898.HK,1,3,0,2,1,4,3,True,7
hk,9899.HK,1,3,0,2,1,4,3,True,7
hk,9900.HK,1,3,0,2,1,4,3,True,7
hk,9901.HK,1,0,0,2,1,3,2,False,4
hk,9903.HK,1,3,0,1,0,3,2,False,5
hk,9906.HK,1,0,0,2,1,3,2,False,4
hk,9908.HK,1,3,0,2,1,4,3,True,7
hk,9909.HK,1,3,0,2,1,4,3,True,7
hk,9911.HK,1,3,0,2,1,4,3,True,7
hk,9913.HK,1,3,0,2,1,4,3,True,7
hk,9916.HK,1,3,0,2,1,4,3,True,7
hk,9918.HK,1,3,0,2,1,4,3,True,7
hk,9919.HK,1,3,0,2,1,4,3,True,7
hk,9922.HK,1,3,0,2,1,4,3,True,7
hk,9923.HK,1,3,0,2,1,4,3,True,7
hk,9926.HK,1,3,0,2,1,4,3,True,7
hk,9927.HK,1,3,0,1,0,3,2,False,5
hk,9928.HK,1,3,0,2,1,4,3,True,7
hk,9929.HK,1,3,0,2,1,4,3,True,7
hk,9930.HK,1,3,0,2,0,3,2,False,6
hk,9933.HK,1,3,0,2,1,4,3,True,7
hk,9936.HK,1,3,0,2,1,4,3,True,7
hk,9938.HK,1,3,0,2,1,4,3,True,7
hk,9939.HK,1,3,0,2,1,4,3,True,7
hk,9955.HK,1,3,0,2,1,4,3,True,7
hk,9956.HK,1,0,0,2,1,3,2,False,4
hk,9958.HK,1,0,0,2,1,3,2,False,4
hk,9959.HK,1,3,0,2,1,4,3,True,7
hk,9960.HK,1,3,0,2,1,4,3,True,7
hk,9961.HK,1,3,0,2,1,4,3,True,7
hk,9963.HK,1,3,0,2,1,4,3,True,7
hk,9966.HK,1,3,0,2,1,4,3,True,7
hk,9968.HK,1,2,0,2,1,4,3,True,6
hk,9969.HK,1,3,0,2,1,4,3,True,7
hk,9971.HK,0,0,0,0,0,0,0,False,0
hk,9973.HK,1,1,0,1,0,3,2,False,3
hk,9977.HK,1,0,0,2,1,3,2,False,4
hk,9978.HK,1,2,0,2,1,4,3,True,6
hk,9979.HK,1,3,0,2,1,4,3,True,7
hk,9980.HK,1,3,0,0,0,2,1,False,4
hk,9981.HK,1,3,0,0,0,2,1,False,4
hk,9982.HK,1,3,0,2,1,4,3,True,7
hk,9983.HK,1,3,0,2,1,4,3,True,7
hk,9985.HK,1,3,0,2,1,4,3,True,7
hk,9986.HK,1,0,0,2,1,3,2,False,4
hk,9987.HK,1,3,0,2,1,4,3,True,7
hk,9988.HK,1,3,0,2,1,4,3,True,7
hk,9989.HK,1,3,0,2,1,4,3,True,7
hk,9990.HK,1,3,0,2,1,4,3,True,7
hk,9991.HK,1,3,0,2,1,4,3,True,7
hk,9992.HK,1,3,0,2,1,4,3,True,7
hk,9993.HK,1,3,0,2,1,4,3,True,7
hk,9995.HK,1,3,0,2,1,4,3,True,7
hk,9996.HK,1,3,0,2,1,4,3,True,7
hk,9997.HK,1,0,0,2,1,3,2,False,4
hk,9998.HK,1,0,0,2,1,3,2,False,4
hk,9999.HK,1,2,0,2,1,4,3,True,6
us,A,1,0,0,2,1,3,2,False,4
us,A.NB,0,0,0,0,0,0,0,False,0
us,AA,1,1,0,2,1,4,3,True,5
us,AA.NB,0,0,0,0,0,0,0,False,0
us,AACB,1,0,0,2,0,2,1,False,3
us,AACB.NB,0,0,0,0,0,0,0,False,0
us,AACBR,0,2,0,2,0,2,2,False,4
us,AACBU,0,0,0,2,0,1,1,False,2
us,AACG,1,3,0,2,1,4,3,True,7
us,AACG.NB,0,0,0,0,0,0,0,False,0
us,AACI,1,1,0,0,0,2,1,False,2
us,AACI.NB,0,0,0,0,0,0,0,False,0
us,AACIW,0,1,0,0,0,1,1,False,1
us,AACO,0,0,0,0,0,0,0,False,0
us,AACOW,0,0,0,0,0,0,0,False,0
us,AACP,0,0,0,0,0,0,0,False,0
us,AACPR,0,0,0,0,0,0,0,False,0
us,AACPW,0,0,0,0,0,0,0,False,0
us,AADX,0,0,0,0,0,0,0,False,0
us,AAGR,0,0,0,2,0,1,1,False,2
us,AAIC.NB,0,0,0,0,0,0,0,False,0
us,AAL,1,0,0,2,1,3,2,False,4
us,AAL.NB,0,0,0,0,0,0,0,False,0
us,AAM,0,0,0,2,0,1,1,False,2
us,AAMC,1,0,0,1,1,3,2,False,3
us,AAMC.NB,0,0,0,0,0,0,0,False,0
us,AAME,1,2,0,2,1,4,3,True,6
us,AAME.NB,0,0,0,0,0,0,0,False,0
us,AAMI,1,3,0,2,1,4,3,True,7
us,AAMI.NB,0,0,0,0,0,0,0,False,0
us,AAN,0,0,0,2,1,2,2,False,3
us,AAOI,1,3,0,2,1,4,3,True,7
us,AAOI.NB,0,0,0,0,0,0,0,False,0
us,AAON,1,3,0,2,1,4,3,True,7
us,AAON.NB,0,0,0,0,0,0,0,False,0
us,AAP,1,3,0,2,1,4,3,True,7
us,AAP.NB,0,0,0,0,0,0,0,False,0
us,AAPG,1,3,0,2,0,3,2,False,6
us,AAPG.NB,0,0,0,0,0,0,0,False,0
us,AAPL,1,0,0,2,1,3,2,False,4
us,AAPL.NB,0,0,0,0,0,0,0,False,0
us,AARD,1,2,0,2,0,3,2,False,5
us,AARD.NB,0,0,0,0,0,0,0,False,0
us,AAT,1,3,0,2,1,4,3,True,7
us,AAT.NB,0,0,0,0,0,0,0,False,0
us,AAUC,1,3,0,2,0,3,2,False,6
us,AAUC.NB,0,0,0,0,0,0,0,False,0
us,ABAT,1,0,0,2,1,3,2,False,4
us,ABAT.NB,0,0,0,0,0,0,0,False,0
us,ABBV,1,1,0,2,1,4,3,True,5
us,ABBV.NB,0,0,0,0,0,0,0,False,0
us,ABCB,0,3,0,2,1,3,3,True,6
us,ABCB.NB,0,0,0,0,0,0,0,False,0
us,ABCL,1,3,0,2,1,4,3,True,7
us,ABCL.NB,0,0,0,0,0,0,0,False,0
us,ABCM.NB,0,0,0,0,0,0,0,False,0
us,ABEO,1,3,0,2,1,4,3,True,7
us,ABEO.NB,0,0,0,0,0,0,0,False,0
us,ABEV,1,3,0,2,1,4,3,True,7
us,ABEV.NB,0,0,0,0,0,0,0,False,0
us,ABG,1,3,0,2,1,4,3,True,7
us,ABG.NB,0,0,0,0,0,0,0,False,0
us,ABLV,1,3,0,2,1,4,3,True,7
us,ABLV.NB,0,0,0,0,0,0,0,False,0
us,ABLVW,0,2,0,2,1,3,3,True,5
us,ABM,1,3,0,2,1,4,3,True,7
us,ABM.NB,0,0,0,0,0,0,0,False,0
us,ABNB,1,3,0,2,1,4,3,True,7
us,ABNB.NB,0,0,0,0,0,0,0,False,0
us,ABOS,1,2,0,2,1,4,3,True,6
us,ABOS.NB,0,0,0,0,0,0,0,False,0
us,ABP,1,2,0,2,1,4,3,True,6
us,ABP.NB,0,0,0,0,0,0,0,False,0
us,ABPWW,0,2,0,0,0,1,1,False,2
us,ABR,1,3,0,2,1,4,3,True,7
us,ABR.NB,0,0,0,0,0,0,0,False,0
us,ABR_PA,0,0,0,0,0,0,0,False,0
us,ABR_PB,0,0,0,0,0,0,0,False,0
us,ABR_PC,0,0,0,0,0,0,0,False,0
us,ABR_PD,1,3,0,2,1,4,3,True,7
us,ABR_PD.NB,0,0,0,0,0,0,0,False,0
us,ABR_PE,1,3,0,2,1,4,3,True,7
us,ABR_PE.NB,0,0,0,0,0,0,0,False,0
us,ABR_PF,0,3,0,2,1,3,3,True,6
us,ABSI,1,3,0,2,1,4,3,True,7
us,ABSI.NB,0,0,0,0,0,0,0,False,0
us,ABT,1,0,0,2,1,3,2,False,4
us,ABT.NB,0,0,0,0,0,0,0,False,0
us,ABTC,1,3,0,2,1,4,3,True,7
us,ABTC.NB,0,0,0,0,0,0,0,False,0
us,ABTS,1,3,0,2,1,4,3,True,7
us,ABTS.NB,0,0,0,0,0,0,0,False,0
us,ABUS,1,3,0,2,1,4,3,True,7
us,ABUS.NB,0,0,0,0,0,0,0,False,0
us,ABVC,1,2,0,2,1,4,3,True,6
us,ABVC.NB,0,0,0,0,0,0,0,False,0
us,ABVE,1,0,0,2,1,3,2,False,4
us,ABVE.NB,0,0,0,0,0,0,0,False,0
us,ABVEW,0,0,0,2,1,2,2,False,3
us,ABVX,0,3,0,2,0,2,2,False,5
us,ABX,1,0,0,2,1,3,2,False,4
us,ABX.NB,0,0,0,0,0,0,0,False,0
us,ABXL,0,3,0,2,0,2,2,False,5
us,AC,1,0,0,2,1,3,2,False,4
us,AC.NB,0,0,0,0,0,0,0,False,0
us,ACA,1,3,0,2,1,4,3,True,7
us,ACA.NB,0,0,0,0,0,0,0,False,0
us,ACAA,0,0,0,0,0,0,0,False,0
us,ACAAW,0,0,0,0,0,0,0,False,0
us,ACAD,1,3,0,2,1,4,3,True,7
us,ACAD.NB,0,0,0,0,0,0,0,False,0
us,ACAH.NB,0,0,0,0,0,0,0,False,0
us,ACB,1,3,0,2,1,4,3,True,7
us,ACB.NB,0,0,0,0,0,0,0,False,0
us,ACCD.NB,0,0,0,0,0,0,0,False,0
us,ACCL,1,2,0,1,0,3,2,False,4
us,ACCL.NB,0,0,0,0,0,0,0,False,0
us,ACCO,1,3,0,2,1,4,3,True,7
us,ACCO.NB,0,0,0,0,0,0,0,False,0
us,ACCS,1,3,0,2,1,4,3,True,7
us,ACCS.NB,0,0,0,0,0,0,0,False,0
us,ACDC,1,3,0,2,1,4,3,True,7
us,ACDC.NB,0,0,0,0,0,0,0,False,0
us,ACEL,1,3,0,2,1,4,3,True,7
us,ACEL.NB,0,0,0,0,0,0,0,False,0
us,ACET,1,2,0,2,1,4,3,True,6
us,ACET.NB,0,0,0,0,0,0,0,False,0
us,ACFN,1,3,0,2,1,4,3,True,7
us,ACFN.NB,0,0,0,0,0,0,0,False,0
us,ACGC,0,0,0,0,0,0,0,False,0
us,ACGCW,0,0,0,0,0,0,0,False,0
us,ACGL,1,3,0,2,1,4,3,True,7
us,ACGL.NB,0,0,0,0,0,0,0,False,0
us,ACGLN,0,3,0,2,1,3,3,True,6
us,ACGLO,1,3,0,2,1,4,3,True,7
us,ACGLO.NB,0,0,0,0,0,0,0,False,0
us,ACGLP,1,0,0,0,0,1,0,False,1
us,ACGLP.NB,0,0,0,0,0,0,0,False,0
us,ACH,1,2,0,2,1,4,3,True,6
us,ACH.NB,0,0,0,0,0,0,0,False,0
us,ACHC,1,3,0,2,1,4,3,True,7
us,ACHC.NB,0,0,0,0,0,0,0,False,0
us,ACHR,1,1,0,2,1,4,3,True,5
us,ACHR.NB,0,0,0,0,0,0,0,False,0
us,ACHR_T,0,2,0,2,1,3,3,True,5
us,ACHV,1,2,0,2,1,4,3,True,6
us,ACHV.NB,0,0,0,0,0,0,0,False,0
us,ACI,1,3,0,2,1,4,3,True,7
us,ACI.NB,0,0,0,0,0,0,0,False,0
us,ACIC,1,3,0,2,1,4,3,True,7
us,ACIC.NB,0,0,0,0,0,0,0,False,0
us,ACIU,1,3,0,2,1,4,3,True,7
us,ACIU.NB,0,0,0,0,0,0,0,False,0
us,ACIW,1,3,0,2,1,4,3,True,7
us,ACIW.NB,0,0,0,0,0,0,0,False,0
us,ACLS,1,3,0,2,1,4,3,True,7
us,ACLS.NB,0,0,0,0,0,0,0,False,0
us,ACLX,1,1,0,2,1,4,3,True,5
us,ACLX.NB,0,0,0,0,0,0,0,False,0
us,ACM,1,0,0,2,1,3,2,False,4
us,ACM.NB,0,0,0,0,0,0,0,False,0
us,ACMR,1,3,0,2,1,4,3,True,7
us,ACMR.NB,0,0,0,0,0,0,0,False,0
us,ACN,1,0,0,2,1,3,2,False,4
us,ACN.NB,0,0,0,0,0,0,0,False,0
us,ACNB,0,0,0,2,1,2,2,False,3
us,ACNB.NB,0,0,0,0,0,0,0,False,0
us,ACNT,1,3,0,2,1,4,3,True,7
us,ACNT.NB,0,0,0,0,0,0,0,False,0
us,ACOG,1,3,0,2,1,4,3,True,7
us,ACOG.NB,0,0,0,0,0,0,0,False,0
us,ACON,1,0,0,2,1,3,2,False,4
us,ACON.NB,0,0,0,0,0,0,0,False,0
us,ACONW,0,3,0,2,1,3,3,True,6
us,ACP_PA,0,0,0,2,1,2,2,False,3
us,ACR,1,3,0,2,1,4,3,True,7
us,ACR.NB,0,0,0,0,0,0,0,False,0
us,ACRE,1,3,0,2,1,4,3,True,7
us,ACRE.NB,0,0,0,0,0,0,0,False,0
us,ACRS,1,3,0,2,1,4,3,True,7
us,ACRS.NB,0,0,0,0,0,0,0,False,0
us,ACRV,1,2,0,2,1,4,3,True,6
us,ACRV.NB,0,0,0,0,0,0,0,False,0
us,ACR_PC,0,3,0,2,1,3,3,True,6
us,ACR_PD,0,3,0,2,1,3,3,True,6
us,ACSB,1,0,0,0,0,1,0,False,1
us,ACSB.NB,0,0,0,0,0,0,0,False,0
us,ACT,1,3,0,2,1,4,3,True,7
us,ACT.NB,0,0,0,0,0,0,0,False,0
us,ACTG,1,3,0,2,1,4,3,True,7
us,ACTG.NB,0,0,0,0,0,0,0,False,0
us,ACTU,1,2,0,2,0,3,2,False,5
us,ACTU.NB,0,0,0,0,0,0,0,False,0
us,ACU,1,0,0,2,1,3,2,False,4
us,ACU.NB,0,0,0,0,0,0,0,False,0
us,ACVA,1,3,0,2,1,4,3,True,7
us,ACVA.NB,0,0,0,0,0,0,0,False,0
us,ACXP,1,2,0,2,1,4,3,True,6
us,ACXP.NB,0,0,0,0,0,0,0,False,0
us,AD,1,0,0,2,1,3,2,False,4
us,AD.NB,0,0,0,0,0,0,0,False,0
us,ADAC,1,1,0,0,0,2,1,False,2
us,ADAC.NB,0,0,0,0,0,0,0,False,0
us,ADACU,0,2,0,0,0,1,1,False,2
us,ADACW,0,2,0,0,0,1,1,False,2
us,ADAG,1,3,0,2,1,4,3,True,7
us,ADAG.NB,0,0,0,0,0,0,0,False,0
us,ADAM,1,0,0,2,1,3,2,False,4
us,ADAM.NB,0,0,0,0,0,0,0,False,0
us,ADAMG,0,1,0,2,0,2,2,False,3
us,ADAMH,0,1,0,1,0,2,2,False,2
us,ADAMI,0,1,0,2,0,2,2,False,3
us,ADAML,0,1,0,2,1,3,3,True,4
us,ADAMM,0,1,0,2,1,3,3,True,4
us,ADAMN,1,1,0,2,1,4,3,True,5
us,ADAMN.NB,0,0,0,0,0,0,0,False,0
us,ADAMO,0,1,0,0,0,1,1,False,1
us,ADAMZ,0,1,0,2,1,3,3,True,4
us,ADAP,1,1,0,2,1,4,3,True,5
us,ADAP.NB,0,0,0,0,0,0,0,False,0
us,ADBE,1,1,0,2,1,4,3,True,5
us,ADBE.NB,0,0,0,0,0,0,0,False,0
us,ADC,1,0,0,2,1,3,2,False,4
us,ADC.NB,0,0,0,0,0,0,0,False,0
us,ADCT,1,2,0,2,1,4,3,True,6
us,ADCT.NB,0,0,0,0,0,0,0,False,0
us,ADC_PA,0,0,0,2,1,2,2,False,3
us,ADEA,1,3,0,2,1,4,3,True,7
us,ADEA.NB,0,0,0,0,0,0,0,False,0
us,ADER.NB,0,0,0,0,0,0,0,False,0
us,ADGM,1,3,0,2,1,4,3,True,7
us,ADGM.NB,0,0,0,0,0,0,0,False,0
us,ADI,1,0,0,2,1,3,2,False,4
us,ADI.NB,0,0,0,0,0,0,0,False,0
us,ADIL,1,2,0,2,1,4,3,True,6
us,ADIL.NB,0,0,0,0,0,0,0,False,0
us,ADM,1,3,0,2,1,4,3,True,7
us,ADM.NB,0,0,0,0,0,0,0,False,0
us,ADMA,1,3,0,2,1,4,3,True,7
us,ADMA.NB,0,0,0,0,0,0,0,False,0
us,ADN,0,1,0,2,1,3,3,True,4
us,ADNT,1,0,0,2,1,3,2,False,4
us,ADNT.NB,0,0,0,0,0,0,0,False,0
us,ADP,1,0,0,2,1,3,2,False,4
us,ADP.NB,0,0,0,0,0,0,0,False,0
us,ADPT,1,3,0,2,1,4,3,True,7
us,ADPT.NB,0,0,0,0,0,0,0,False,0
us,ADRT,1,0,0,2,0,2,1,False,3
us,ADRT.NB,0,0,0,0,0,0,0,False,0
us,ADSE,1,2,0,2,1,4,3,True,6
us,ADSE.NB,0,0,0,0,0,0,0,False,0
us,ADSEW,0,2,0,2,1,3,3,True,5
us,ADSK,1,3,0,2,1,4,3,True,7
us,ADSK.NB,0,0,0,0,0,0,0,False,0
us,ADT,1,3,0,2,1,4,3,True,7
us,ADT.NB,0,0,0,0,0,0,0,False,0
us,ADTH,1,0,0,2,0,2,1,False,3
us,ADTH.NB,0,0,0,0,0,0,0,False,0
us,ADTN,1,3,0,2,1,4,3,True,7
us,ADTN.NB,0,0,0,0,0,0,0,False,0
us,ADTX,1,3,0,2,1,4,3,True,7
us,ADTX.NB,0,0,0,0,0,0,0,False,0
us,ADUR,1,0,0,2,1,3,2,False,4
us,ADUR.NB,0,0,0,0,0,0,0,False,0
us,ADUS,1,3,0,2,1,4,3,True,7
us,ADUS.NB,0,0,0,0,0,0,0,False,0
us,ADV,1,3,0,2,1,4,3,True,7
us,ADV.NB,0,0,0,0,0,0,0,False,0
us,ADVB,1,0,0,2,0,2,1,False,3
us,ADVB.NB,0,0,0,0,0,0,0,False,0
us,ADVM,1,0,0,2,1,3,2,False,4
us,ADVM.NB,0,0,0,0,0,0,0,False,0
us,ADXN,1,3,0,2,1,4,3,True,7
us,ADXN.NB,0,0,0,0,0,0,0,False,0
us,ADXS.NB,0,0,0,0,0,0,0,False,0
us,AE,1,0,0,2,1,3,2,False,4
us,AE.NB,0,0,0,0,0,0,0,False,0
us,AEAE,1,0,0,1,0,2,1,False,2
us,AEAE.NB,0,0,0,0,0,0,0,False,0
us,AEAQ,1,1,0,1,0,3,2,False,3
us,AEAQ.NB,0,0,0,0,0,0,0,False,0
us,AEAQU,0,2,0,1,0,2,2,False,3
us,AEAQW,0,2,0,0,0,1,1,False,2
us,AEBI,1,3,0,2,0,3,2,False,6
us,AEBI.NB,0,0,0,0,0,0,0,False,0
us,AEC,1,2,0,2,1,4,3,True,6
us,AEC.NB,0,0,0,0,0,0,0,False,0
us,AEE,1,3,0,2,1,4,3,True,7
us,AEE.NB,0,0,0,0,0,0,0,False,0
us,AEG,1,3,0,2,1,4,3,True,7
us,AEG.NB,0,0,0,0,0,0,0,False,0
us,AEHL,1,3,0,2,1,4,3,True,7
us,AEHL.NB,0,0,0,0,0,0,0,False,0
us,AEHR,1,3,0,2,1,4,3,True,7
us,AEHR.NB,0,0,0,0,0,0,0,False,0
us,AEI,1,3,0,2,1,4,3,True,7
us,AEI.NB,0,0,0,0,0,0,0,False,0
us,AEIS,1,3,0,2,1,4,3,True,7
us,AEIS.NB,0,0,0,0,0,0,0,False,0
us,AEM,1,3,0,2,1,4,3,True,7
us,AEM.NB,0,0,0,0,0,0,0,False,0
us,AEMD,1,2,0,2,1,4,3,True,6
us,AEMD.NB,0,0,0,0,0,0,0,False,0
us,AENT,0,0,0,2,1,2,2,False,3
us,AENTW,0,0,0,2,1,2,2,False,3
us,AEO,1,3,0,2,1,4,3,True,7
us,AEO.NB,0,0,0,0,0,0,0,False,0
us,AEON,1,1,0,2,1,4,3,True,5
us,AEON.NB,0,0,0,0,0,0,0,False,0
us,AEP,1,3,0,2,1,4,3,True,7
us,AEP.NB,0,0,0,0,0,0,0,False,0
us,AER,1,3,0,2,1,4,3,True,7
us,AER.NB,0,0,0,0,0,0,0,False,0
us,AERO,0,0,0,1,0,1,1,False,1
us,AERT,0,2,0,2,1,3,3,True,5
us,AERTW,0,2,0,2,1,3,3,True,5
us,AES,1,3,0,2,1,4,3,True,7
us,AES.NB,0,0,0,0,0,0,0,False,0
us,AESI,1,3,0,2,1,4,3,True,7
us,AESI.NB,0,0,0,0,0,0,0,False,0
us,AESP,0,1,0,0,0,1,1,False,1
us,AEVA,1,3,0,2,1,4,3,True,7
us,AEVA.NB,0,0,0,0,0,0,0,False,0
us,AEXA,1,2,0,1,0,3,2,False,4
us,AEXA.NB,0,0,0,0,0,0,0,False,0
us,AEY.NB,0,0,0,0,0,0,0,False,0
us,AEYE,1,3,0,2,1,4,3,True,7
us,AEYE.NB,0,0,0,0,0,0,0,False,0
us,AFAR,0,0,0,2,0,1,1,False,2
us,AFBI,0,3,0,2,1,3,3,True,6
us,AFBI.NB,0,0,0,0,0,0,0,False,0
us,AFCG,1,3,0,2,1,4,3,True,7
us,AFCG.NB,0,0,0,0,0,0,0,False,0
us,AFCGV,0,0,0,0,0,0,0,False,0
us,AFG,1,0,0,2,1,3,2,False,4
us,AFG.NB,0,0,0,0,0,0,0,False,0
us,AFGB,1,3,0,2,1,4,3,True,7
us,AFGB.NB,0,0,0,0,0,0,0,False,0
us,AFGC,0,3,0,2,1,3,3,True,6
us,AFGD,0,3,0,2,1,3,3,True,6
us,AFGE,1,3,0,2,1,4,3,True,7
us,AFGE.NB,0,0,0,0,0,0,0,False,0
us,AFIB,1,2,0,2,1,4,3,True,6
us,AFIB.NB,0,0,0,0,0,0,0,False,0
us,AFJK,1,2,0,2,0,3,2,False,5
us,AFJK.NB,0,0,0,0,0,0,0,False,0
us,AFJKR,0,2,0,2,0,2,2,False,4
us,AFJKU,0,2,0,1,0,2,2,False,3
us,AFL,1,3,0,2,1,4,3,True,7
us,AFL.NB,0,0,0,0,0,0,0,False,0
us,AFMD,1,0,0,0,0,1,0,False,1
us,AFMD.NB,0,0,0,0,0,0,0,False,0
us,AFRI,1,2,0,2,1,4,3,True,6
us,AFRI.NB,0,0,0,0,0,0,0,False,0
us,AFRIW,0,1,0,2,1,3,3,True,4
us,AFRM,0,0,0,2,1,2,2,False,3
us,AFSI_PA,0,2,0,0,0,1,1,False,2
us,AFSI_PB,0,2,0,0,0,1,1,False,2
us,AFSI_PC,0,2,0,0,0,1,1,False,2
us,AFSI_PD,0,2,0,0,0,1,1,False,2
us,AFSI_PE,0,2,0,0,0,1,1,False,2
us,AFSI_PF,0,2,0,0,0,1,1,False,2
us,AFYA,1,3,0,2,1,4,3,True,7
us,AFYA.NB,0,0,0,0,0,0,0,False,0
us,AF_PC,0,0,0,0,0,0,0,False,0
us,AG,1,3,0,2,1,4,3,True,7
us,AG.NB,0,0,0,0,0,0,0,False,0
us,AGAE,1,3,0,2,1,4,3,True,7
us,AGAE.NB,0,0,0,0,0,0,0,False,0
us,AGBK,1,2,0,0,0,2,1,False,3
us,AGBK.NB,0,0,0,0,0,0,0,False,0
us,AGCC,1,3,0,1,0,3,2,False,5
us,AGCC.NB,0,0,0,0,0,0,0,False,0
us,AGCO,1,3,0,2,1,4,3,True,7
us,AGCO.NB,0,0,0,0,0,0,0,False,0
us,AGDX,0,0,0,0,0,0,0,False,0
us,AGEN,1,2,0,2,1,4,3,True,6
us,AGEN.NB,0,0,0,0,0,0,0,False,0
us,AGH,1,3,0,2,0,3,2,False,6
us,AGH.NB,0,0,0,0,0,0,0,False,0
us,AGI,1,2,0,2,1,4,3,True,6
us,AGI.NB,0,0,0,0,0,0,0,False,0
us,AGIG,1,3,0,2,1,4,3,True,7
us,AGIG.NB,0,0,0,0,0,0,0,False,0
us,AGII,0,0,0,0,0,0,0,False,0
us,AGIO,1,0,0,2,1,3,2,False,4
us,AGIO.NB,0,0,0,0,0,0,0,False,0
us,AGL,1,3,0,2,1,4,3,True,7
us,AGL.NB,0,0,0,0,0,0,0,False,0
us,AGM,1,3,0,2,1,4,3,True,7
us,AGM.NB,0,0,0,0,0,0,0,False,0
us,AGMA,1,3,0,2,1,4,3,True,7
us,AGMA.NB,0,0,0,0,0,0,0,False,0
us,AGMB,1,2,0,0,0,2,1,False,3
us,AGMB.NB,0,0,0,0,0,0,0,False,0
us,AGMH,1,0,0,2,1,3,2,False,4
us,AGMH.NB,0,0,0,0,0,0,0,False,0
us,AGM_PA,1,0,0,0,0,1,0,False,1
us,AGM_PA.NB,0,0,0,0,0,0,0,False,0
us,AGM_PB,0,0,0,0,0,0,0,False,0
us,AGM_PC,1,0,0,2,1,3,2,False,4
us,AGM_PC.NB,0,0,0,0,0,0,0,False,0
us,AGM_PD,1,3,0,2,1,4,3,True,7
us,AGM_PD.NB,0,0,0,0,0,0,0,False,0
us,AGM_PE,1,3,0,2,1,4,3,True,7
us,AGM_PE.NB,0,0,0,0,0,0,0,False,0
us,AGM_PF,0,3,0,2,1,3,3,True,6
us,AGM_PG,1,3,0,2,1,4,3,True,7
us,AGM_PG.NB,0,0,0,0,0,0,0,False,0
us,AGM_PH,0,3,0,1,0,2,2,False,4
us,AGM_PI,0,0,0,0,0,0,0,False,0
us,AGNC,1,0,0,2,1,3,2,False,4
us,AGNC.NB,0,0,0,0,0,0,0,False,0
us,AGNCB,0,0,0,0,0,0,0,False,0
us,AGNCL,0,0,0,2,1,2,2,False,3
us,AGNCM,1,0,0,2,1,3,2,False,4
us,AGNCM.NB,0,0,0,0,0,0,0,False,0
us,AGNCN,1,0,0,2,1,3,2,False,4
us,AGNCN.NB,0,0,0,0,0,0,0,False,0
us,AGNCO,1,0,0,2,1,3,2,False,4
us,AGNCO.NB,0,0,0,0,0,0,0,False,0
us,AGNCP,0,0,0,2,1,2,2,False,3
us,AGNCZ,0,0,0,1,0,1,1,False,1
us,AGNT,1,3,0,2,1,4,3,True,7
us,AGNT.NB,0,0,0,0,0,0,0,False,0
us,AGO,1,3,0,2,1,4,3,True,7
us,AGO.NB,0,0,0,0,0,0,0,False,0
us,AGPU,1,3,0,2,1,4,3,True,7
us,AGPU.NB,0,0,0,0,0,0,0,False,0
us,AGR,1,0,0,2,1,3,2,False,4
us,AGR.NB,0,0,0,0,0,0,0,False,0
us,AGRO,1,3,0,2,1,4,3,True,7
us,AGRO.NB,0,0,0,0,0,0,0,False,0
us,AGRX.NB,0,0,0,0,0,0,0,False,0
us,AGRZ,1,1,0,1,0,3,2,False,3
us,AGRZ.NB,0,0,0,0,0,0,0,False,0
us,AGS,1,0,0,2,1,3,2,False,4
us,AGS.NB,0,0,0,0,0,0,0,False,0
us,AGX,1,3,0,2,1,4,3,True,7
us,AGX.NB,0,0,0,0,0,0,0,False,0
us,AGYS,1,3,0,2,1,4,3,True,7
us,AGYS.NB,0,0,0,0,0,0,0,False,0
us,AHCO,1,3,0,2,1,4,3,True,7
us,AHCO.NB,0,0,0,0,0,0,0,False,0
us,AHG,1,0,0,2,1,3,2,False,4
us,AHG.NB,0,0,0,0,0,0,0,False,0
us,AHH,1,3,0,2,1,4,3,True,7
us,AHH.NB,0,0,0,0,0,0,0,False,0
us,AHH_PA,1,3,0,2,1,4,3,True,7
us,AHH_PA.NB,0,0,0,0,0,0,0,False,0
us,AHI,0,0,0,2,0,1,1,False,2
us,AHL,1,3,0,1,0,3,2,False,5
us,AHL.NB,0,0,0,0,0,0,0,False,0
us,AHL_PC,0,3,0,2,1,3,3,True,6
us,AHL_PD,1,3,0,2,1,4,3,True,7
us,AHL_PD.NB,0,0,0,0,0,0,0,False,0
us,AHL_PE,1,3,0,2,1,4,3,True,7
us,AHL_PE.NB,0,0,0,0,0,0,0,False,0
us,AHL_PF,0,3,0,2,0,2,2,False,5
us,AHMA,1,3,0,1,0,3,2,False,5
us,AHMA.NB,0,0,0,0,0,0,0,False,0
us,AHR,1,3,0,2,0,3,2,False,6
us,AHR.NB,0,0,0,0,0,0,0,False,0
us,AHRT,1,3,0,2,1,4,3,True,7
us,AHRT.NB,0,0,0,0,0,0,0,False,0
us,AHRT_PA,1,3,0,2,1,4,3,True,7
us,AHRT_PA.NB,0,0,0,0,0,0,0,False,0
us,AHT,1,2,0,2,1,4,3,True,6
us,AHT.NB,0,0,0,0,0,0,0,False,0
us,AHT_PA,0,0,0,0,0,0,0,False,0
us,AHT_PD,1,2,0,2,1,4,3,True,6
us,AHT_PD.NB,0,0,0,0,0,0,0,False,0
us,AHT_PE,0,0,0,0,0,0,0,False,0
us,AHT_PF,1,2,0,2,1,4,3,True,6
us,AHT_PF.NB,0,0,0,0,0,0,0,False,0
us,AHT_PG,1,2,0,2,1,4,3,True,6
us,AHT_PG.NB,0,0,0,0,0,0,0,False,0
us,AHT_PH,1,2,0,2,1,4,3,True,6
us,AHT_PH.NB,0,0,0,0,0,0,0,False,0
us,AHT_PI,1,2,0,2,1,4,3,True,6
us,AHT_PI.NB,0,0,0,0,0,0,0,False,0
us,AI,1,3,0,2,1,4,3,True,7
us,AI.NB,0,0,0,0,0,0,0,False,0
us,AIAI,0,0,0,0,0,0,0,False,0
us,AIAS,1,0,0,0,0,1,0,False,1
us,AIAS.NB,0,0,0,0,0,0,0,False,0
us,AIB,1,3,0,0,0,2,1,False,4
us,AIB.NB,0,0,0,0,0,0,0,False,0
us,AIBZ,0,0,0,0,0,0,0,False,0
us,AICN,0,0,0,0,0,0,0,False,0
us,AIDM,0,0,0,0,0,0,0,False,0
us,AIDX,1,0,0,0,0,1,0,False,1
us,AIDX.NB,0,0,0,0,0,0,0,False,0
us,AIEV,0,0,0,2,1,2,2,False,3
us,AIFA,1,3,0,2,1,4,3,True,7
us,AIFA.NB,0,0,0,0,0,0,0,False,0
us,AIFC,1,3,0,2,1,4,3,True,7
us,AIFC.NB,0,0,0,0,0,0,0,False,0
us,AIFF,1,3,0,2,1,4,3,True,7
us,AIFF.NB,0,0,0,0,0,0,0,False,0
us,AIFU,1,3,0,2,1,4,3,True,7
us,AIFU.NB,0,0,0,0,0,0,0,False,0
us,AIG,1,3,0,2,1,4,3,True,7
us,AIG.NB,0,0,0,0,0,0,0,False,0
us,AIG_PA,1,0,0,0,0,1,0,False,1
us,AIG_PA.NB,0,0,0,0,0,0,0,False,0
us,AIH.NB,0,0,0,0,0,0,0,False,0
us,AIHS,1,2,0,2,1,4,3,True,6
us,AIHS.NB,0,0,0,0,0,0,0,False,0
us,AII,1,3,0,2,0,3,2,False,6
us,AII.NB,0,0,0,0,0,0,0,False,0
us,AIIA,1,2,0,1,0,3,2,False,4
us,AIIA.NB,0,0,0,0,0,0,0,False,0
us,AIIA_R,0,2,0,1,0,2,2,False,3
us,AIIA_U,0,2,0,1,0,2,2,False,3
us,AIIO,1,2,0,2,1,4,3,True,6
us,AIIO.NB,0,0,0,0,0,0,0,False,0
us,AIIOW,0,1,0,2,1,3,3,True,4
us,AIIR,1,0,0,2,0,2,1,False,3
us,AIIR.NB,0,0,0,0,0,0,0,False,0
us,AILE,0,0,0,2,0,1,1,False,2
us,AIM,1,2,0,2,1,4,3,True,6
us,AIM.NB,0,0,0,0,0,0,0,False,0
us,AIMD,1,0,0,2,1,3,2,False,4
us,AIMD.NB,0,0,0,0,0,0,0,False,0
us,AIMDW,0,3,0,2,1,3,3,True,6
us,AIN,1,3,0,2,1,4,3,True,7
us,AIN.NB,0,0,0,0,0,0,0,False,0
us,AINC,1,0,0,2,1,3,2,False,4
us,AINC.NB,0,0,0,0,0,0,0,False,0
us,AIOS,1,3,0,2,1,4,3,True,7
us,AIOS.NB,0,0,0,0,0,0,0,False,0
us,AIOT,1,3,0,2,1,4,3,True,7
us,AIOT.NB,0,0,0,0,0,0,0,False,0
us,AIP,1,2,0,2,1,4,3,True,6
us,AIP.NB,0,0,0,0,0,0,0,False,0
us,AIQD,0,0,0,0,0,0,0,False,0
us,AIQU,0,0,0,0,0,0,0,False,0
us,AIR,1,3,0,2,1,4,3,True,7
us,AIR.NB,0,0,0,0,0,0,0,False,0
us,AIRC,1,0,0,2,1,3,2,False,4
us,AIRC.NB,0,0,0,0,0,0,0,False,0
us,AIRE,1,1,0,2,0,3,2,False,4
us,AIRE.NB,0,0,0,0,0,0,0,False,0
us,AIRG,1,3,0,2,1,4,3,True,7
us,AIRG.NB,0,0,0,0,0,0,0,False,0
us,AIRI,1,3,0,2,1,4,3,True,7
us,AIRI.NB,0,0,0,0,0,0,0,False,0
us,AIRJ,1,0,0,2,1,3,2,False,4
us,AIRJ.NB,0,0,0,0,0,0,0,False,0
us,AIRJW,0,2,0,2,1,3,3,True,5
us,AIRO,1,3,0,2,0,3,2,False,6
us,AIRO.NB,0,0,0,0,0,0,0,False,0
us,AIRS,1,3,0,2,1,4,3,True,7
us,AIRS.NB,0,0,0,0,0,0,0,False,0
us,AIRT,1,3,0,2,1,4,3,True,7
us,AIRT.NB,0,0,0,0,0,0,0,False,0
us,AIRTP,0,0,0,2,1,2,2,False,3
us,AISP,1,0,0,2,1,3,2,False,4
us,AISP.NB,0,0,0,0,0,0,0,False,0
us,AISPW,0,2,0,2,1,3,3,True,5
us,AIT,1,2,0,2,1,4,3,True,6
us,AIT.NB,0,0,0,0,0,0,0,False,0
us,AITR,0,0,0,2,0,1,1,False,2
us,AIU,0,0,0,2,1,2,2,False,3
us,AIV,1,3,0,2,1,4,3,True,7
us,AIV.NB,0,0,0,0,0,0,0,False,0
us,AIV_PA,0,0,0,0,0,0,0,False,0
us,AIV_PZ,0,0,0,0,0,0,0,False,0
us,AIXC,1,1,0,2,1,4,3,True,5
us,AIXC.NB,0,0,0,0,0,0,0,False,0
us,AIXI,1,2,0,2,0,3,2,False,5
us,AIXI.NB,0,0,0,0,0,0,0,False,0
us,AIZ,1,0,0,2,1,3,2,False,4
us,AIZ.NB,0,0,0,0,0,0,0,False,0
us,AIZN,0,3,0,2,1,3,3,True,6
us,AIZP,1,0,0,0,0,1,0,False,1
us,AIZP.NB,0,0,0,0,0,0,0,False,0
us,AJG,1,3,0,2,1,4,3,True,7
us,AJG.NB,0,0,0,0,0,0,0,False,0
us,AJRD.NB,0,0,0,0,0,0,0,False,0
us,AKA,1,3,0,2,1,4,3,True,7
us,AKA.NB,0,0,0,0,0,0,0,False,0
us,AKAM,1,3,0,2,1,4,3,True,7
us,AKAM.NB,0,0,0,0,0,0,0,False,0
us,AKAN,1,3,0,2,0,3,2,False,6
us,AKAN.NB,0,0,0,0,0,0,0,False,0
us,AKBA,1,3,0,2,1,4,3,True,7
us,AKBA.NB,0,0,0,0,0,0,0,False,0
us,AKLI,1,0,0,2,0,2,1,False,3
us,AKLI.NB,0,0,0,0,0,0,0,False,0
us,AKOA,1,3,0,2,1,4,3,True,7
us,AKOA.NB,0,0,0,0,0,0,0,False,0
us,AKOB,1,3,0,2,1,4,3,True,7
us,AKOB.NB,0,0,0,0,0,0,0,False,0
us,AKR,1,0,0,2,1,3,2,False,4
us,AKR.NB,0,0,0,0,0,0,0,False,0
us,AKRO,1,0,0,2,1,3,2,False,4
us,AKRO.NB,0,0,0,0,0,0,0,False,0
us,AKTS,1,1,0,1,0,3,2,False,3
us,AKTS.NB,0,0,0,0,0,0,0,False,0
us,AKTX,1,2,0,2,1,4,3,True,6
us,AKTX.NB,0,0,0,0,0,0,0,False,0
us,AKU.NB,0,0,0,0,0,0,0,False,0
us,AKYA,1,0,0,2,1,3,2,False,4
us,AKYA.NB,0,0,0,0,0,0,0,False,0
us,AL,1,0,0,2,1,3,2,False,4
us,AL.NB,0,0,0,0,0,0,0,False,0
us,ALAB,1,3,0,2,0,3,2,False,6
us,ALAB.NB,0,0,0,0,0,0,0,False,0
us,ALAR,1,3,0,2,1,4,3,True,7
us,ALAR.NB,0,0,0,0,0,0,0,False,0
us,ALB,1,3,0,2,1,4,3,True,7
us,ALB.NB,0,0,0,0,0,0,0,False,0
us,ALBT,1,1,0,2,1,4,3,True,5
us,ALBT.NB,0,0,0,0,0,0,0,False,0
us,ALB_PA,0,3,0,2,0,2,2,False,5
us,ALC,1,3,0,2,1,4,3,True,7
us,ALC.NB,0,0,0,0,0,0,0,False,0
us,ALCC,1,2,0,2,1,4,3,True,6
us,ALCC.NB,0,0,0,0,0,0,0,False,0
us,ALCE,1,1,0,2,1,4,3,True,5
us,ALCE.NB,0,0,0,0,0,0,0,False,0
us,ALCO,1,0,0,2,1,3,2,False,4
us,ALCO.NB,0,0,0,0,0,0,0,False,0
us,ALCY,1,0,0,1,0,2,1,False,2
us,ALCY.NB,0,0,0,0,0,0,0,False,0
us,ALCYU,0,2,0,1,0,2,2,False,3
us,ALCYW,0,2,0,2,0,2,2,False,4
us,ALDF,1,0,0,2,0,2,1,False,3
us,ALDF.NB,0,0,0,0,0,0,0,False,0
us,ALDFU,0,2,0,2,0,2,2,False,4
us,ALDFW,0,2,0,2,0,2,2,False,4
us,ALDX,1,2,0,2,1,4,3,True,6
us,ALDX.NB,0,0,0,0,0,0,0,False,0
us,ALE,1,0,0,2,1,3,2,False,4
us,ALE.NB,0,0,0,0,0,0,0,False,0
us,ALEC,1,3,0,2,1,4,3,True,7
us,ALEC.NB,0,0,0,0,0,0,0,False,0
us,ALEX,1,0,0,2,1,3,2,False,4
us,ALEX.NB,0,0,0,0,0,0,0,False,0
us,ALF,1,0,0,2,0,2,1,False,3
us,ALF.NB,0,0,0,0,0,0,0,False,0
us,ALFUU,1,2,0,2,0,3,2,False,5
us,ALFUU.NB,0,0,0,0,0,0,0,False,0
us,ALFUW,0,2,0,2,0,2,2,False,4
us,ALG,1,3,0,2,1,4,3,True,7
us,ALG.NB,0,0,0,0,0,0,0,False,0
us,ALGM,1,3,0,2,1,4,3,True,7
us,ALGM.NB,0,0,0,0,0,0,0,False,0
us,ALGN,1,3,0,2,1,4,3,True,7
us,ALGN.NB,0,0,0,0,0,0,0,False,0
us,ALGR.NB,0,0,0,0,0,0,0,False,0
us,ALGS,1,3,0,2,1,4,3,True,7
us,ALGS.NB,0,0,0,0,0,0,0,False,0
us,ALGT,1,3,0,2,1,4,3,True,7
us,ALGT.NB,0,0,0,0,0,0,0,False,0
us,ALH,1,2,0,1,0,3,2,False,4
us,ALH.NB,0,0,0,0,0,0,0,False,0
us,ALHC,1,3,0,2,1,4,3,True,7
us,ALHC.NB,0,0,0,0,0,0,0,False,0
us,ALIM,1,0,0,2,1,3,2,False,4
us,ALIM.NB,0,0,0,0,0,0,0,False,0
us,ALIS,1,1,0,1,0,3,2,False,3
us,ALIS.NB,0,0,0,0,0,0,0,False,0
us,ALISR,0,2,0,1,0,2,2,False,3
us,ALISU,0,2,0,1,0,2,2,False,3
us,ALIT,1,3,0,2,1,4,3,True,7
us,ALIT.NB,0,0,0,0,0,0,0,False,0
us,ALK,1,0,0,2,1,3,2,False,4
us,ALK.NB,0,0,0,0,0,0,0,False,0
us,ALKS,1,3,0,2,1,4,3,True,7
us,ALKS.NB,0,0,0,0,0,0,0,False,0
us,ALKT,1,1,0,2,1,4,3,True,5
us,ALKT.NB,0,0,0,0,0,0,0,False,0
us,ALL,1,0,0,2,1,3,2,False,4
us,ALL.NB,0,0,0,0,0,0,0,False,0
us,ALLE,1,3,0,2,1,4,3,True,7
us,ALLE.NB,0,0,0,0,0,0,0,False,0
us,ALLG,0,0,0,2,0,1,1,False,2
us,ALLK.NB,0,0,0,0,0,0,0,False,0
us,ALLO,1,3,0,2,1,4,3,True,7
us,ALLO.NB,0,0,0,0,0,0,0,False,0
us,ALLR,1,3,0,2,1,4,3,True,7
us,ALLR.NB,0,0,0,0,0,0,0,False,0
us,ALLT,1,3,0,2,1,4,3,True,7
us,ALLT.NB,0,0,0,0,0,0,0,False,0
us,ALLY,0,0,0,2,1,2,2,False,3
us,ALLY.NB,0,0,0,0,0,0,0,False,0
us,ALLY_PB,0,0,0,0,0,0,0,False,0
us,ALL_PA,1,0,0,0,0,1,0,False,1
us,ALL_PA.NB,0,0,0,0,0,0,0,False,0
us,ALL_PB,1,0,0,2,1,3,2,False,4
us,ALL_PB.NB,0,0,0,0,0,0,0,False,0
us,ALL_PC,0,0,0,0,0,0,0,False,0
us,ALL_PD,1,0,0,0,0,1,0,False,1
us,ALL_PD.NB,0,0,0,0,0,0,0,False,0
us,ALL_PE,1,0,0,0,0,1,0,False,1
us,ALL_PE.NB,0,0,0,0,0,0,0,False,0
us,ALL_PF,0,0,0,0,0,0,0,False,0
us,ALL_PG,1,0,0,0,0,1,0,False,1
us,ALL_PG.NB,0,0,0,0,0,0,0,False,0
us,ALL_PH,1,0,0,2,1,3,2,False,4
us,ALL_PH.NB,0,0,0,0,0,0,0,False,0
us,ALL_PI,0,0,0,2,1,2,2,False,3
us,ALL_PJ,0,0,0,2,0,1,1,False,2
us,ALM,1,1,0,2,1,4,3,True,5
us,ALM.NB,0,0,0,0,0,0,0,False,0
us,ALMR,0,0,0,0,0,0,0,False,0
us,ALMS,1,3,0,2,0,3,2,False,6
us,ALMS.NB,0,0,0,0,0,0,0,False,0
us,ALMU,1,0,0,2,1,3,2,False,4
us,ALMU.NB,0,0,0,0,0,0,0,False,0
us,ALNT,1,3,0,2,1,4,3,True,7
us,ALNT.NB,0,0,0,0,0,0,0,False,0
us,ALNY,1,3,0,2,1,4,3,True,7
us,ALNY.NB,0,0,0,0,0,0,0,False,0
us,ALOT,1,3,0,2,1,4,3,True,7
us,ALOT.NB,0,0,0,0,0,0,0,False,0
us,ALOV,1,1,0,0,0,2,1,False,2
us,ALOV.NB,0,0,0,0,0,0,0,False,0
us,ALOVU.NB,0,0,0,0,0,0,0,False,0
us,ALOVW,0,0,0,0,0,0,0,False,0
us,ALOY,1,3,0,2,1,4,3,True,7
us,ALOY.NB,0,0,0,0,0,0,0,False,0
us,ALP,0,3,0,2,1,3,3,True,6
us,ALPP,1,0,0,2,1,3,2,False,4
us,ALPP.NB,0,0,0,0,0,0,0,False,0
us,ALPS,1,0,0,2,1,3,2,False,4
us,ALPS.NB,0,0,0,0,0,0,0,False,0
us,ALPX,0,0,0,0,0,0,0,False,0
us,ALP_PQ.NB,0,0,0,0,0,0,0,False,0
us,ALRM,1,3,0,2,1,4,3,True,7
us,ALRM.NB,0,0,0,0,0,0,0,False,0
us,ALRS,0,3,0,2,1,3,3,True,6
us,ALRS.NB,0,0,0,0,0,0,0,False,0
us,ALSA,1,0,0,2,1,3,2,False,4
us,ALSA.NB,0,0,0,0,0,0,0,False,0
us,ALSN,1,3,0,2,1,4,3,True,7
us,ALSN.NB,0,0,0,0,0,0,0,False,0
us,ALT,1,3,0,2,1,4,3,True,7
us,ALT.NB,0,0,0,0,0,0,0,False,0
us,ALTG,1,2,0,2,1,4,3,True,6
us,ALTG.NB,0,0,0,0,0,0,0,False,0
us,ALTG_PA,0,2,0,2,1,3,3,True,5
us,ALTI,1,3,0,2,1,4,3,True,7
us,ALTI.NB,0,0,0,0,0,0,0,False,0
us,ALTM,0,0,0,2,0,1,1,False,2
us,ALTO,1,3,0,2,1,4,3,True,7
us,ALTO.NB,0,0,0,0,0,0,0,False,0
us,ALTR,1,0,0,0,0,1,0,False,1
us,ALTR.NB,0,0,0,0,0,0,0,False,0
us,ALTS,1,3,0,0,0,2,1,False,4
us,ALTS.NB,0,0,0,0,0,0,0,False,0
us,ALUB,1,0,0,1,0,2,1,False,2
us,ALUB.NB,0,0,0,0,0,0,0,False,0
us,ALUB_T,0,2,0,0,0,1,1,False,2
us,ALUB_U,0,2,0,1,0,2,2,False,3
us,ALUR,1,0,0,2,1,3,2,False,4
us,ALUR.NB,0,0,0,0,0,0,0,False,0
us,ALUR_T,0,2,0,0,0,1,1,False,2
us,ALV,1,2,0,2,1,4,3,True,6
us,ALV.NB,0,0,0,0,0,0,0,False,0
us,ALVO,1,0,0,2,1,3,2,False,4
us,ALVO.NB,0,0,0,0,0,0,0,False,0
us,ALVOW,0,2,0,2,1,3,3,True,5
us,ALX,1,3,0,2,1,4,3,True,7
us,ALX.NB,0,0,0,0,0,0,0,False,0
us,ALXO,1,2,0,2,1,4,3,True,6
us,ALXO.NB,0,0,0,0,0,0,0,False,0
us,ALYA,0,0,0,0,0,0,0,False,0
us,ALZN,1,0,0,2,1,3,2,False,4
us,ALZN.NB,0,0,0,0,0,0,0,False,0
us,AL_PA,1,0,0,2,1,3,2,False,4
us,AL_PA.NB,0,0,0,0,0,0,0,False,0
us,AM,1,0,0,2,1,3,2,False,4
us,AM.NB,0,0,0,0,0,0,0,False,0
us,AMAL,0,0,0,2,1,2,2,False,3
us,AMAL.NB,0,0,0,0,0,0,0,False,0
us,AMAN,0,0,0,0,0,0,0,False,0
us,AMAT,1,1,0,2,1,4,3,True,5
us,AMAT.NB,0,0,0,0,0,0,0,False,0
us,AMBA,1,3,0,2,1,4,3,True,7
us,AMBA.NB,0,0,0,0,0,0,0,False,0
us,AMBI,1,3,0,2,1,4,3,True,7
us,AMBI.NB,0,0,0,0,0,0,0,False,0
us,AMBO,1,2,0,2,1,4,3,True,6
us,AMBO.NB,0,0,0,0,0,0,0,False,0
us,AMBP,1,0,0,2,1,3,2,False,4
us,AMBP.NB,0,0,0,0,0,0,0,False,0
us,AMBQ,1,3,0,1,0,3,2,False,5
us,AMBQ.NB,0,0,0,0,0,0,0,False,0
us,AMBR,1,3,0,2,1,4,3,True,7
us,AMBR.NB,0,0,0,0,0,0,0,False,0
us,AMC,1,2,0,2,1,4,3,True,6
us,AMC.NB,0,0,0,0,0,0,0,False,0
us,AMCI,1,0,0,2,1,3,2,False,4
us,AMCI.NB,0,0,0,0,0,0,0,False,0
us,AMCR,1,0,0,2,1,3,2,False,4
us,AMCR.NB,0,0,0,0,0,0,0,False,0
us,AMCX,1,3,0,2,1,4,3,True,7
us,AMCX.NB,0,0,0,0,0,0,0,False,0
us,AMD,1,3,0,2,1,4,3,True,7
us,AMD.NB,0,0,0,0,0,0,0,False,0
us,AME,1,3,0,2,1,4,3,True,7
us,AME.NB,0,0,0,0,0,0,0,False,0
us,AMED,1,0,0,2,1,3,2,False,4
us,AMED.NB,0,0,0,0,0,0,0,False,0
us,AMEH.NB,0,0,0,0,0,0,0,False,0
us,AMG,1,0,0,2,1,3,2,False,4
us,AMG.NB,0,0,0,0,0,0,0,False,0
us,AMGN,1,3,0,2,1,4,3,True,7
us,AMGN.NB,0,0,0,0,0,0,0,False,0
us,AMGSU,1,0,0,0,0,1,0,False,1
us,AMGSU.NB,0,0,0,0,0,0,0,False,0
us,AMH,1,3,0,2,1,4,3,True,7
us,AMH.NB,0,0,0,0,0,0,0,False,0
us,AMH_PA,0,0,0,0,0,0,0,False,0
us,AMH_PB,0,0,0,0,0,0,0,False,0
us,AMH_PC,0,0,0,0,0,0,0,False,0
us,AMH_PD,1,0,0,0,0,1,0,False,1
us,AMH_PD.NB,0,0,0,0,0,0,0,False,0
us,AMH_PE,0,0,0,0,0,0,0,False,0
us,AMH_PF,1,0,0,0,0,1,0,False,1
us,AMH_PF.NB,0,0,0,0,0,0,0,False,0
us,AMH_PG,1,3,0,2,1,4,3,True,7
us,AMH_PG.NB,0,0,0,0,0,0,0,False,0
us,AMH_PH,1,3,0,2,1,4,3,True,7
us,AMH_PH.NB,0,0,0,0,0,0,0,False,0
us,AMIX,1,2,0,2,0,3,2,False,5
us,AMIX.NB,0,0,0,0,0,0,0,False,0
us,AMJB,0,0,0,2,0,1,1,False,2
us,AMJK,0,0,0,0,0,0,0,False,0
us,AMK,0,0,0,2,1,2,2,False,3
us,AMKR,1,1,0,2,1,4,3,True,5
us,AMKR.NB,0,0,0,0,0,0,0,False,0
us,AMLI,0,2,0,2,1,3,3,True,5
us,AMLX,1,3,0,2,1,4,3,True,7
us,AMLX.NB,0,0,0,0,0,0,0,False,0
us,AMN,1,3,0,2,1,4,3,True,7
us,AMN.NB,0,0,0,0,0,0,0,False,0
us,AMOD,1,1,0,2,1,4,3,True,5
us,AMOD.NB,0,0,0,0,0,0,0,False,0
us,AMODW,0,1,0,2,1,3,3,True,4
us,AMP,1,0,0,2,1,3,2,False,4
us,AMP.NB,0,0,0,0,0,0,0,False,0
us,AMPE.NB,0,0,0,0,0,0,0,False,0
us,AMPG,1,0,0,2,1,3,2,False,4
us,AMPG.NB,0,0,0,0,0,0,0,False,0
us,AMPGR,0,3,0,0,0,1,1,False,3
us,AMPGW,0,3,0,0,0,1,1,False,3
us,AMPGZ,0,3,0,0,0,1,1,False,3
us,AMPH,1,3,0,2,1,4,3,True,7
us,AMPH.NB,0,0,0,0,0,0,0,False,0
us,AMPL,1,3,0,2,1,4,3,True,7
us,AMPL.NB,0,0,0,0,0,0,0,False,0
us,AMPX,1,0,0,2,1,3,2,False,4
us,AMPX.NB,0,0,0,0,0,0,0,False,0
us,AMPX_T,0,3,0,2,1,3,3,True,6
us,AMPY,1,3,0,2,1,4,3,True,7
us,AMPY.NB,0,0,0,0,0,0,0,False,0
us,AMR,1,3,0,2,1,4,3,True,7
us,AMR.NB,0,0,0,0,0,0,0,False,0
us,AMRC,1,3,0,2,1,4,3,True,7
us,AMRC.NB,0,0,0,0,0,0,0,False,0
us,AMRN,1,0,0,2,1,3,2,False,4
us,AMRN.NB,0,0,0,0,0,0,0,False,0
us,AMRS.NB,0,0,0,0,0,0,0,False,0
us,AMRX,1,2,0,2,1,4,3,True,6
us,AMRX.NB,0,0,0,0,0,0,0,False,0
us,AMRZ,1,3,0,2,0,3,2,False,6
us,AMRZ.NB,0,0,0,0,0,0,0,False,0
us,AMS,1,3,0,2,1,4,3,True,7
us,AMS.NB,0,0,0,0,0,0,0,False,0
us,AMSC,1,3,0,2,1,4,3,True,7
us,AMSC.NB,0,0,0,0,0,0,0,False,0
us,AMSF,1,0,0,2,1,3,2,False,4
us,AMSF.NB,0,0,0,0,0,0,0,False,0
us,AMSS,0,0,0,0,0,0,0,False,0
us,AMST,1,0,0,2,1,3,2,False,4
us,AMST.NB,0,0,0,0,0,0,0,False,0
us,AMT,1,3,0,2,1,4,3,True,7
us,AMT.NB,0,0,0,0,0,0,0,False,0
us,AMTB,1,0,0,2,1,3,2,False,4
us,AMTB.NB,0,0,0,0,0,0,0,False,0
us,AMTD,1,3,0,2,1,4,3,True,7
us,AMTD.NB,0,0,0,0,0,0,0,False,0
us,AMTG_PA,0,0,0,0,0,0,0,False,0
us,AMTI.NB,0,0,0,0,0,0,0,False,0
us,AMTM,1,0,0,2,0,2,1,False,3
us,AMTM.NB,0,0,0,0,0,0,0,False,0
us,AMTU,0,0,0,0,0,0,0,False,0
us,AMTX,1,2,0,2,1,4,3,True,6
us,AMTX.NB,0,0,0,0,0,0,0,False,0
us,AMT_PA,0,0,0,0,0,0,0,False,0
us,AMT_PB,0,0,0,0,0,0,0,False,0
us,AMUB,0,0,0,2,1,2,2,False,3
us,AMWD,1,0,0,2,1,3,2,False,4
us,AMWD.NB,0,0,0,0,0,0,0,False,0
us,AMWL,1,3,0,2,1,4,3,True,7
us,AMWL.NB,0,0,0,0,0,0,0,False,0
us,AMX,1,0,0,2,1,3,2,False,4
us,AMX.NB,0,0,0,0,0,0,0,False,0
us,AMZE,1,2,0,2,1,4,3,True,6
us,AMZE.NB,0,0,0,0,0,0,0,False,0
us,AMZN,1,3,0,2,1,4,3,True,7
us,AMZN.NB,0,0,0,0,0,0,0,False,0
us,AN,1,3,0,2,1,4,3,True,7
us,AN.NB,0,0,0,0,0,0,0,False,0
us,ANAB,1,3,0,2,1,4,3,True,7
us,ANAB.NB,0,0,0,0,0,0,0,False,0
us,ANABV,0,3,0,0,0,1,1,False,3
us,ANDE,1,3,0,2,1,4,3,True,7
us,ANDE.NB,0,0,0,0,0,0,0,False,0
us,ANDG,1,0,0,1,0,2,1,False,2
us,ANDG.NB,0,0,0,0,0,0,0,False,0
us,ANEB,0,0,0,2,1,2,2,False,3
us,ANET,1,3,0,2,1,4,3,True,7
us,ANET.NB,0,0,0,0,0,0,0,False,0
us,ANF,1,3,0,2,1,4,3,True,7
us,ANF.NB,0,0,0,0,0,0,0,False,0
us,ANGH,1,3,0,2,1,4,3,True,7
us,ANGH.NB,0,0,0,0,0,0,0,False,0
us,ANGHW,0,2,0,2,1,3,3,True,5
us,ANGI,1,3,0,2,1,4,3,True,7
us,ANGI.NB,0,0,0,0,0,0,0,False,0
us,ANGIV,0,0,0,2,1,2,2,False,3
us,ANGO,1,3,0,2,1,4,3,True,7
us,ANGO.NB,0,0,0,0,0,0,0,False,0
us,ANGX,1,2,0,2,1,4,3,True,6
us,ANGX.NB,0,0,0,0,0,0,0,False,0
us,ANG_PA,0,0,0,2,1,2,2,False,3
us,ANG_PB,0,0,0,2,1,2,2,False,3
us,ANG_PD,0,0,0,2,0,1,1,False,2
us,ANIK,1,3,0,2,1,4,3,True,7
us,ANIK.NB,0,0,0,0,0,0,0,False,0
us,ANIP,1,3,0,2,1,4,3,True,7
us,ANIP.NB,0,0,0,0,0,0,0,False,0
us,ANIX,1,1,0,2,1,4,3,True,5
us,ANIX.NB,0,0,0,0,0,0,0,False,0
us,ANL,1,2,0,2,0,3,2,False,5
us,ANL.NB,0,0,0,0,0,0,0,False,0
us,ANNA,1,2,0,2,1,4,3,True,6
us,ANNA.NB,0,0,0,0,0,0,0,False,0
us,ANNAW,0,3,0,2,1,3,3,True,6
us,ANNX,1,2,0,2,1,4,3,True,6
us,ANNX.NB,0,0,0,0,0,0,0,False,0
us,ANPA,1,3,0,2,0,3,2,False,6
us,ANPA.NB,0,0,0,0,0,0,0,False,0
us,ANRO,1,2,0,2,0,3,2,False,5
us,ANRO.NB,0,0,0,0,0,0,0,False,0
us,ANSC,1,0,0,2,0,2,1,False,3
us,ANSC.NB,0,0,0,0,0,0,0,False,0
us,ANSCU,1,2,0,2,0,3,2,False,5
us,ANSCU.NB,0,0,0,0,0,0,0,False,0
us,ANSCW,0,2,0,2,0,2,2,False,4
us,ANSS,1,0,0,2,1,3,2,False,4
us,ANSS.NB,0,0,0,0,0,0,0,False,0
us,ANTA,1,3,0,2,0,3,2,False,6
us,ANTA.NB,0,0,0,0,0,0,0,False,0
us,ANTX,1,2,0,2,1,4,3,True,6
us,ANTX.NB,0,0,0,0,0,0,0,False,0
us,ANVS,1,2,0,2,1,4,3,True,6
us,ANVS.NB,0,0,0,0,0,0,0,False,0
us,ANY,1,3,0,2,1,4,3,True,7
us,ANY.NB,0,0,0,0,0,0,0,False,0
us,AOGO,1,0,0,2,0,2,1,False,3
us,AOGO.NB,0,0,0,0,0,0,0,False,0
us,AOMD,0,3,0,2,0,2,2,False,5
us,AOMN,0,3,0,0,0,1,1,False,3
us,AOMR,1,0,0,2,1,3,2,False,4
us,AOMR.NB,0,0,0,0,0,0,0,False,0
us,AON,1,3,0,2,1,4,3,True,7
us,AON.NB,0,0,0,0,0,0,0,False,0
us,AONC.NB,0,0,0,0,0,0,0,False,0
us,AORT,1,3,0,2,1,4,3,True,7
us,AORT.NB,0,0,0,0,0,0,0,False,0
us,AOS,1,3,0,2,1,4,3,True,7
us,AOS.NB,0,0,0,0,0,0,0,False,0
us,AOSL,1,0,0,2,1,3,2,False,4
us,AOSL.NB,0,0,0,0,0,0,0,False,0
us,AOUT,1,3,0,2,1,4,3,True,7
us,AOUT.NB,0,0,0,0,0,0,0,False,0
us,AP,1,3,0,2,1,4,3,True,7
us,AP.NB,0,0,0,0,0,0,0,False,0
us,APA,1,3,0,2,1,4,3,True,7
us,APA.NB,0,0,0,0,0,0,0,False,0
us,APAC,0,1,0,1,0,2,2,False,2
us,APACR,0,2,0,1,0,2,2,False,3
us,APACU,1,2,0,1,0,3,2,False,4
us,APACU.NB,0,0,0,0,0,0,0,False,0
us,APADR,0,2,0,1,0,2,2,False,3
us,APADU,1,2,0,1,0,3,2,False,4
us,APADU.NB,0,0,0,0,0,0,0,False,0
us,APAM,1,3,0,2,1,4,3,True,7
us,APAM.NB,0,0,0,0,0,0,0,False,0
us,APAT,0,0,0,0,0,0,0,False,0
us,APC,1,2,0,0,0,2,1,False,3
us,APC.NB,0,0,0,0,0,0,0,False,0
us,APCA,1,0,0,2,0,2,1,False,3
us,APCA.NB,0,0,0,0,0,0,0,False,0
us,APCX,1,3,0,0,0,2,1,False,4
us,APCX.NB,0,0,0,0,0,0,0,False,0
us,APD,1,0,0,2,1,3,2,False,4
us,APD.NB,0,0,0,0,0,0,0,False,0
us,APD_W,0,0,0,0,0,0,0,False,0
us,APE,0,0,0,0,0,0,0,False,0
us,APEI,1,3,0,2,1,4,3,True,7
us,APEI.NB,0,0,0,0,0,0,0,False,0
us,APG,1,3,0,2,1,4,3,True,7
us,APG.NB,0,0,0,0,0,0,0,False,0
us,APGB.NB,0,0,0,0,0,0,0,False,0
us,APGE,1,2,0,2,0,3,2,False,5
us,APGE.NB,0,0,0,0,0,0,0,False,0
us,APH,1,3,0,2,1,4,3,True,7
us,APH.NB,0,0,0,0,0,0,0,False,0
us,API,1,3,0,2,1,4,3,True,7
us,API.NB,0,0,0,0,0,0,0,False,0
us,APLD,1,1,0,2,1,4,3,True,5
us,APLD.NB,0,0,0,0,0,0,0,False,0
us,APLE,1,3,0,2,1,4,3,True,7
us,APLE.NB,0,0,0,0,0,0,0,False,0
us,APLM,1,2,0,2,1,4,3,True,6
us,APLM.NB,0,0,0,0,0,0,0,False,0
us,APLMW,0,1,0,2,1,3,3,True,4
us,APLS,1,3,0,2,1,4,3,True,7
us,APLS.NB,0,0,0,0,0,0,0,False,0
us,APLT,1,0,0,2,1,3,2,False,4
us,APLT.NB,0,0,0,0,0,0,0,False,0
us,APM,1,3,0,2,1,4,3,True,7
us,APM.NB,0,0,0,0,0,0,0,False,0
us,APMC,0,0,0,0,0,0,0,False,0
us,APMD,0,0,0,0,0,0,0,False,0
us,APO,1,0,0,2,1,3,2,False,4
us,APO.NB,0,0,0,0,0,0,0,False,0
us,APOG,1,3,0,2,1,4,3,True,7
us,APOG.NB,0,0,0,0,0,0,0,False,0
us,APOS,0,3,0,2,0,2,2,False,5
us,APO_PA,1,3,0,2,0,3,2,False,6
us,APO_PA.NB,0,0,0,0,0,0,0,False,0
us,APP,1,3,0,2,1,4,3,True,7
us,APP.NB,0,0,0,0,0,0,0,False,0
us,APPF,1,0,0,2,1,3,2,False,4
us,APPF.NB,0,0,0,0,0,0,0,False,0
us,APPN,1,2,0,2,1,4,3,True,6
us,APPN.NB,0,0,0,0,0,0,0,False,0
us,APPS,1,3,0,2,1,4,3,True,7
us,APPS.NB,0,0,0,0,0,0,0,False,0
us,APRE,1,3,0,2,1,4,3,True,7
us,APRE.NB,0,0,0,0,0,0,0,False,0
us,APT,1,3,0,2,1,4,3,True,7
us,APT.NB,0,0,0,0,0,0,0,False,0
us,APTO,1,0,0,2,1,3,2,False,4
us,APTO.NB,0,0,0,0,0,0,0,False,0
us,APTV,1,3,0,2,1,4,3,True,7
us,APTV.NB,0,0,0,0,0,0,0,False,0
us,APTV_W,0,3,0,0,0,1,1,False,3
us,APUR,1,1,0,0,0,2,1,False,2
us,APUR.NB,0,0,0,0,0,0,0,False,0
us,APURR,0,0,0,0,0,0,0,False,0
us,APUS,1,2,0,2,0,3,2,False,5
us,APUS.NB,0,0,0,0,0,0,0,False,0
us,APVO,1,2,0,2,1,4,3,True,6
us,APVO.NB,0,0,0,0,0,0,0,False,0
us,APWC,1,3,0,2,1,4,3,True,7
us,APWC.NB,0,0,0,0,0,0,0,False,0
us,APXI,1,0,0,2,1,3,2,False,4
us,APXI.NB,0,0,0,0,0,0,0,False,0
us,APXT,1,1,0,1,0,3,2,False,3
us,APXT.NB,0,0,0,0,0,0,0,False,0
us,APXTU,0,2,0,1,0,2,2,False,3
us,APXTW,0,2,0,1,0,2,2,False,3
us,APYX,1,3,0,2,1,4,3,True,7
us,APYX.NB,0,0,0,0,0,0,0,False,0
us,AQB,1,1,0,2,1,4,3,True,5
us,AQB.NB,0,0,0,0,0,0,0,False,0
us,AQMS,1,2,0,2,1,4,3,True,6
us,AQMS.NB,0,0,0,0,0,0,0,False,0
us,AQN,1,0,0,2,1,3,2,False,4
us,AQN.NB,0,0,0,0,0,0,0,False,0
us,AQNB,1,3,0,2,1,4,3,True,7
us,AQNB.NB,0,0,0,0,0,0,0,False,0
us,AQST,1,2,0,2,1,4,3,True,6
us,AQST.NB,0,0,0,0,0,0,0,False,0
us,AQU,1,0,0,2,0,2,1,False,3
us,AQU.NB,0,0,0,0,0,0,0,False,0
us,AQUA.NB,0,0,0,0,0,0,0,False,0
us,AR,1,0,0,2,1,3,2,False,4
us,AR.NB,0,0,0,0,0,0,0,False,0
us,ARAI,1,3,0,2,0,3,2,False,6
us,ARAI.NB,0,0,0,0,0,0,0,False,0
us,ARAV.NB,0,0,0,0,0,0,0,False,0
us,ARAY,1,0,0,2,1,3,2,False,4
us,ARAY.NB,0,0,0,0,0,0,0,False,0
us,ARBB,1,2,0,2,0,3,2,False,5
us,ARBB.NB,0,0,0,0,0,0,0,False,0
us,ARBE,1,0,0,2,1,3,2,False,4
us,ARBE.NB,0,0,0,0,0,0,0,False,0
us,ARBEW,0,3,0,2,1,3,3,True,6
us,ARBK,1,3,0,2,1,4,3,True,7
us,ARBK.NB,0,0,0,0,0,0,0,False,0
us,ARC,1,0,0,2,1,3,2,False,4
us,ARC.NB,0,0,0,0,0,0,0,False,0
us,ARCB,1,3,0,2,1,4,3,True,7
us,ARCB.NB,0,0,0,0,0,0,0,False,0
us,ARCC,1,3,0,2,1,4,3,True,7
us,ARCC.NB,0,0,0,0,0,0,0,False,0
us,ARCH,1,0,0,2,1,3,2,False,4
us,ARCH.NB,0,0,0,0,0,0,0,False,0
us,ARCI,0,0,0,0,0,0,0,False,0
us,ARCIW,0,0,0,0,0,0,0,False,0
us,ARCL,1,1,0,0,0,2,1,False,2
us,ARCL.NB,0,0,0,0,0,0,0,False,0
us,ARCLR,0,0,0,0,0,0,0,False,0
us,ARCLW,0,0,0,0,0,0,0,False,0
us,ARCO,1,3,0,2,1,4,3,True,7
us,ARCO.NB,0,0,0,0,0,0,0,False,0
us,ARCT,1,3,0,2,1,4,3,True,7
us,ARCT.NB,0,0,0,0,0,0,0,False,0
us,ARDH,0,0,0,0,0,0,0,False,0
us,ARDS.NB,0,0,0,0,0,0,0,False,0
us,ARDT,1,3,0,2,0,3,2,False,6
us,ARDT.NB,0,0,0,0,0,0,0,False,0
us,ARDX,1,3,0,2,1,4,3,True,7
us,ARDX.NB,0,0,0,0,0,0,0,False,0
us,ARE,1,3,0,2,1,4,3,True,7
us,ARE.NB,0,0,0,0,0,0,0,False,0
us,AREB,0,0,0,2,1,2,2,False,3
us,AREBW,0,3,0,2,1,3,3,True,6
us,AREC,1,3,0,2,1,4,3,True,7
us,AREC.NB,0,0,0,0,0,0,0,False,0
us,AREN,1,2,0,2,1,4,3,True,6
us,AREN.NB,0,0,0,0,0,0,0,False,0
us,ARES,1,3,0,2,1,4,3,True,7
us,ARES.NB,0,0,0,0,0,0,0,False,0
us,ARES_PA,0,0,0,0,0,0,0,False,0
us,ARES_PB,0,3,0,2,0,2,2,False,5
us,ARE_PD,0,0,0,0,0,0,0,False,0
us,ARE_PE,0,0,0,0,0,0,0,False,0
us,ARGO_PA,0,0,0,2,1,2,2,False,3
us,ARGX,1,3,0,2,1,4,3,True,7
us,ARGX.NB,0,0,0,0,0,0,0,False,0
us,ARHS,1,3,0,2,1,4,3,True,7
us,ARHS.NB,0,0,0,0,0,0,0,False,0
us,ARI,1,3,0,2,1,4,3,True,7
us,ARI.NB,0,0,0,0,0,0,0,False,0
us,ARIS,1,3,0,2,1,4,3,True,7
us,ARIS.NB,0,0,0,0,0,0,0,False,0
us,ARI_PA,0,0,0,0,0,0,0,False,0
us,ARI_PC,0,0,0,0,0,0,0,False,0
us,ARKO,1,3,0,2,1,4,3,True,7
us,ARKO.NB,0,0,0,0,0,0,0,False,0
us,ARKR,1,0,0,2,1,3,2,False,4
us,ARKR.NB,0,0,0,0,0,0,0,False,0
us,ARL,1,3,0,2,1,4,3,True,7
us,ARL.NB,0,0,0,0,0,0,0,False,0
us,ARLO,1,3,0,2,1,4,3,True,7
us,ARLO.NB,0,0,0,0,0,0,0,False,0
us,ARM,1,3,0,2,0,3,2,False,6
us,ARM.NB,0,0,0,0,0,0,0,False,0
us,ARMK,1,0,0,2,1,3,2,False,4
us,ARMK.NB,0,0,0,0,0,0,0,False,0
us,ARMN,1,3,0,2,1,4,3,True,7
us,ARMN.NB,0,0,0,0,0,0,0,False,0
us,ARMP,1,2,0,2,1,4,3,True,6
us,ARMP.NB,0,0,0,0,0,0,0,False,0
us,AROC,1,3,0,2,1,4,3,True,7
us,AROC.NB,0,0,0,0,0,0,0,False,0
us,AROG,0,0,0,0,0,0,0,False,0
us,AROW,0,3,0,2,1,3,3,True,6
us,AROW.NB,0,0,0,0,0,0,0,False,0
us,ARQ,1,3,0,2,1,4,3,True,7
us,ARQ.NB,0,0,0,0,0,0,0,False,0
us,ARQQ,1,0,0,2,1,3,2,False,4
us,ARQQ.NB,0,0,0,0,0,0,0,False,0
us,ARQQW,0,3,0,2,1,3,3,True,6
us,ARQT,1,3,0,2,1,4,3,True,7
us,ARQT.NB,0,0,0,0,0,0,0,False,0
us,ARR,1,0,0,2,1,3,2,False,4
us,ARR.NB,0,0,0,0,0,0,0,False,0
us,ARRY,1,2,0,2,1,4,3,True,6
us,ARRY.NB,0,0,0,0,0,0,0,False,0
us,ARR_PA,0,0,0,0,0,0,0,False,0
us,ARR_PB,1,0,0,0,0,1,0,False,1
us,ARR_PB.NB,0,0,0,0,0,0,0,False,0
us,ARR_PC,1,0,0,2,1,3,2,False,4
us,ARR_PC.NB,0,0,0,0,0,0,0,False,0
us,ARTC,1,1,0,0,0,2,1,False,2
us,ARTC.NB,0,0,0,0,0,0,0,False,0
us,ARTCU,0,1,0,0,0,1,1,False,1
us,ARTCW,0,1,0,0,0,1,1,False,1
us,ARTE.NB,0,0,0,0,0,0,0,False,0
us,ARTL,1,1,0,2,1,4,3,True,5
us,ARTL.NB,0,0,0,0,0,0,0,False,0
us,ARTNA,1,3,0,2,1,4,3,True,7
us,ARTNA.NB,0,0,0,0,0,0,0,False,0
us,ARTV,1,3,0,2,0,3,2,False,6
us,ARTV.NB,0,0,0,0,0,0,0,False,0
us,ARTW,1,0,0,2,1,3,2,False,4
us,ARTW.NB,0,0,0,0,0,0,0,False,0
us,ARVN,1,3,0,2,1,4,3,True,7
us,ARVN.NB,0,0,0,0,0,0,0,False,0
us,ARW,1,3,0,2,1,4,3,True,7
us,ARW.NB,0,0,0,0,0,0,0,False,0
us,ARWR,1,0,0,2,1,3,2,False,4
us,ARWR.NB,0,0,0,0,0,0,0,False,0
us,ARX,1,3,0,2,0,3,2,False,6
us,ARX.NB,0,0,0,0,0,0,0,False,0
us,ARXS,0,1,0,0,0,1,1,False,1
us,AS,1,3,0,2,0,3,2,False,6
us,AS.NB,0,0,0,0,0,0,0,False,0
us,ASAG,0,0,0,0,0,0,0,False,0
us,ASAI,0,0,0,2,1,2,2,False,3
us,ASAN,1,3,0,2,1,4,3,True,7
us,ASAN.NB,0,0,0,0,0,0,0,False,0
us,ASB,0,0,0,2,1,2,2,False,3
us,ASB.NB,0,0,0,0,0,0,0,False,0
us,ASBA,0,0,0,2,0,1,1,False,2
us,ASBP,1,1,0,2,1,4,3,True,5
us,ASBP.NB,0,0,0,0,0,0,0,False,0
us,ASBPW,0,1,0,2,1,3,3,True,4
us,ASB_PB,0,0,0,0,0,0,0,False,0
us,ASB_PC,0,0,0,0,0,0,0,False,0
us,ASB_PD,0,0,0,0,0,0,0,False,0
us,ASB_PD.NB,0,0,0,0,0,0,0,False,0
us,ASB_PE,0,0,0,2,1,2,2,False,3
us,ASB_PE.NB,0,0,0,0,0,0,0,False,0
us,ASB_PF,0,0,0,2,1,2,2,False,3
us,ASC,1,3,0,2,1,4,3,True,7
us,ASC.NB,0,0,0,0,0,0,0,False,0
us,ASGN,1,0,0,2,1,3,2,False,4
us,ASGN.NB,0,0,0,0,0,0,0,False,0
us,ASH,1,0,0,2,1,3,2,False,4
us,ASH.NB,0,0,0,0,0,0,0,False,0
us,ASIC,1,2,0,2,0,3,2,False,5
us,ASIC.NB,0,0,0,0,0,0,0,False,0
us,ASIX,1,3,0,2,1,4,3,True,7
us,ASIX.NB,0,0,0,0,0,0,0,False,0
us,ASLE,1,3,0,2,1,4,3,True,7
us,ASLE.NB,0,0,0,0,0,0,0,False,0
us,ASLN,1,0,0,2,1,3,2,False,4
us,ASLN.NB,0,0,0,0,0,0,0,False,0
us,ASM,1,3,0,2,1,4,3,True,7
us,ASM.NB,0,0,0,0,0,0,0,False,0
us,ASMB,1,3,0,2,1,4,3,True,7
us,ASMB.NB,0,0,0,0,0,0,0,False,0
us,ASML,1,3,0,2,1,4,3,True,7
us,ASML.NB,0,0,0,0,0,0,0,False,0
us,ASND,1,3,0,2,1,4,3,True,7
us,ASND.NB,0,0,0,0,0,0,0,False,0
us,ASNS,1,3,0,2,1,4,3,True,7
us,ASNS.NB,0,0,0,0,0,0,0,False,0
us,ASO,1,3,0,2,1,4,3,True,7
us,ASO.NB,0,0,0,0,0,0,0,False,0
us,ASPC,1,0,0,2,0,2,1,False,3
us,ASPC.NB,0,0,0,0,0,0,0,False,0
us,ASPCR,0,2,0,2,0,2,2,False,4
us,ASPCU,0,2,0,2,0,2,2,False,4
us,ASPI,1,3,0,2,1,4,3,True,7
us,ASPI.NB,0,0,0,0,0,0,0,False,0
us,ASPN,1,3,0,2,1,4,3,True,7
us,ASPN.NB,0,0,0,0,0,0,0,False,0
us,ASPS,1,0,0,2,1,3,2,False,4
us,ASPS.NB,0,0,0,0,0,0,0,False,0
us,ASPSW,0,0,0,2,1,2,2,False,3
us,ASPSZ,0,0,0,2,1,2,2,False,3
us,ASR,1,3,0,2,1,4,3,True,7
us,ASR.NB,0,0,0,0,0,0,0,False,0
us,ASRT,1,3,0,2,1,4,3,True,7
us,ASRT.NB,0,0,0,0,0,0,0,False,0
us,ASRV,0,0,0,2,1,2,2,False,3
us,ASRV.NB,0,0,0,0,0,0,0,False,0
us,ASST,1,3,0,2,0,3,2,False,6
us,ASST.NB,0,0,0,0,0,0,0,False,0
us,ASTC,1,0,0,2,1,3,2,False,4
us,ASTC.NB,0,0,0,0,0,0,0,False,0
us,ASTE,1,3,0,2,1,4,3,True,7
us,ASTE.NB,0,0,0,0,0,0,0,False,0
us,ASTH,1,3,0,2,1,4,3,True,7
us,ASTH.NB,0,0,0,0,0,0,0,False,0
us,ASTI,1,3,0,2,1,4,3,True,7
us,ASTI.NB,0,0,0,0,0,0,0,False,0
us,ASTL,1,0,0,2,1,3,2,False,4
us,ASTL.NB,0,0,0,0,0,0,0,False,0
us,ASTLW,0,3,0,2,1,3,3,True,6
us,ASTR,1,0,0,2,1,3,2,False,4
us,ASTR.NB,0,0,0,0,0,0,0,False,0
us,ASTS,1,3,0,2,1,4,3,True,7
us,ASTS.NB,0,0,0,0,0,0,0,False,0
us,ASUR,1,3,0,2,1,4,3,True,7
us,ASUR.NB,0,0,0,0,0,0,0,False,0
us,ASX,1,3,0,2,1,4,3,True,7
us,ASX.NB,0,0,0,0,0,0,0,False,0
us,ASXC,1,0,0,2,1,3,2,False,4
us,ASXC.NB,0,0,0,0,0,0,0,False,0
us,ASYS,1,2,0,2,1,4,3,True,6
us,ASYS.NB,0,0,0,0,0,0,0,False,0
us,ATAI,1,3,0,2,1,4,3,True,7
us,ATAI.NB,0,0,0,0,0,0,0,False,0
us,ATAQ.NB,0,0,0,0,0,0,0,False,0
us,ATAT,1,3,0,2,1,4,3,True,7
us,ATAT.NB,0,0,0,0,0,0,0,False,0
us,ATCH,1,0,0,2,1,3,2,False,4
us,ATCH.NB,0,0,0,0,0,0,0,False,0
us,ATCO_PD,1,0,0,2,1,3,2,False,4
us,ATCO_PD.NB,0,0,0,0,0,0,0,False,0
us,ATCO_PH,1,0,0,2,1,3,2,False,4
us,ATCO_PH.NB,0,0,0,0,0,0,0,False,0
us,ATCX,0,1,0,2,1,3,3,True,4
us,ATEC,1,3,0,2,1,4,3,True,7
us,ATEC.NB,0,0,0,0,0,0,0,False,0
us,ATEK,1,0,0,1,0,2,1,False,2
us,ATEK.NB,0,0,0,0,0,0,0,False,0
us,ATEN,1,3,0,2,1,4,3,True,7
us,ATEN.NB,0,0,0,0,0,0,0,False,0
us,ATER,1,3,0,2,1,4,3,True,7
us,ATER.NB,0,0,0,0,0,0,0,False,0
us,ATEX,1,3,0,2,1,4,3,True,7
us,ATEX.NB,0,0,0,0,0,0,0,False,0
us,ATGE,1,0,0,2,1,3,2,False,4
us,ATGE.NB,0,0,0,0,0,0,0,False,0
us,ATGL,1,3,0,2,0,3,2,False,6
us,ATGL.NB,0,0,0,0,0,0,0,False,0
us,ATHA,1,2,0,2,1,4,3,True,6
us,ATHA.NB,0,0,0,0,0,0,0,False,0
us,ATHE,1,0,0,2,1,3,2,False,4
us,ATHE.NB,0,0,0,0,0,0,0,False,0
us,ATHM,1,2,0,2,1,4,3,True,6
us,ATHM.NB,0,0,0,0,0,0,0,False,0
us,ATHN.NB,0,0,0,0,0,0,0,False,0
us,ATHR,1,0,0,2,0,2,1,False,3
us,ATHR.NB,0,0,0,0,0,0,0,False,0
us,ATHS,0,1,0,2,0,2,2,False,3
us,ATH_PA,1,0,0,2,1,3,2,False,4
us,ATH_PA.NB,0,0,0,0,0,0,0,False,0
us,ATH_PB,1,1,0,2,1,4,3,True,5
us,ATH_PB.NB,0,0,0,0,0,0,0,False,0
us,ATH_PC,0,0,0,2,1,2,2,False,3
us,ATH_PD,0,1,0,2,1,3,3,True,4
us,ATH_PE,0,1,0,2,1,3,3,True,4
us,ATI,1,3,0,2,1,4,3,True,7
us,ATI.NB,0,0,0,0,0,0,0,False,0
us,ATII,1,0,0,2,0,2,1,False,3
us,ATII.NB,0,0,0,0,0,0,0,False,0
us,ATIIU,0,2,0,2,0,2,2,False,4
us,ATIIW,0,2,0,2,0,2,2,False,4
us,ATIP,0,0,0,2,1,2,2,False,3
us,ATKR,1,0,0,2,1,3,2,False,4
us,ATKR.NB,0,0,0,0,0,0,0,False,0
us,ATLC,1,0,0,2,1,3,2,False,4
us,ATLC.NB,0,0,0,0,0,0,0,False,0
us,ATLCL,0,3,0,2,1,3,3,True,6
us,ATLCP,0,3,0,2,1,3,3,True,6
us,ATLCZ,0,3,0,2,0,2,2,False,5
us,ATLN,1,2,0,2,1,4,3,True,6
us,ATLN.NB,0,0,0,0,0,0,0,False,0
us,ATLO,0,3,0,2,1,3,3,True,6
us,ATLO.NB,0,0,0,0,0,0,0,False,0
us,ATLX,1,3,0,2,1,4,3,True,7
us,ATLX.NB,0,0,0,0,0,0,0,False,0
us,ATMC,1,0,0,2,0,2,1,False,3
us,ATMC.NB,0,0,0,0,0,0,0,False,0
us,ATMP,0,3,0,2,1,3,3,True,6
us,ATMP.NB,0,0,0,0,0,0,0,False,0
us,ATMU,1,3,0,2,0,3,2,False,6
us,ATMU.NB,0,0,0,0,0,0,0,False,0
us,ATNI,1,3,0,2,1,4,3,True,7
us,ATNI.NB,0,0,0,0,0,0,0,False,0
us,ATNM,1,3,0,2,1,4,3,True,7
us,ATNM.NB,0,0,0,0,0,0,0,False,0
us,ATO,1,0,0,2,1,3,2,False,4
us,ATO.NB,0,0,0,0,0,0,0,False,0
us,ATOM,1,3,0,2,1,4,3,True,7
us,ATOM.NB,0,0,0,0,0,0,0,False,0
us,ATON,1,3,0,2,1,4,3,True,7
us,ATON.NB,0,0,0,0,0,0,0,False,0
us,ATOS,1,2,0,2,1,4,3,True,6
us,ATOS.NB,0,0,0,0,0,0,0,False,0
us,ATPC,1,3,0,2,0,3,2,False,6
us,ATPC.NB,0,0,0,0,0,0,0,False,0
us,ATR,1,3,0,2,1,4,3,True,7
us,ATR.NB,0,0,0,0,0,0,0,False,0
us,ATRA,1,2,0,2,1,4,3,True,6
us,ATRA.NB,0,0,0,0,0,0,0,False,0
us,ATRC,1,3,0,2,1,4,3,True,7
us,ATRC.NB,0,0,0,0,0,0,0,False,0
us,ATRI,1,0,0,2,1,3,2,False,4
us,ATRI.NB,0,0,0,0,0,0,0,False,0
us,ATRO,1,3,0,2,1,4,3,True,7
us,ATRO.NB,0,0,0,0,0,0,0,False,0
us,ATS,1,3,0,2,1,4,3,True,7
us,ATS.NB,0,0,0,0,0,0,0,False,0
us,ATTO,0,0,0,0,0,0,0,False,0
us,ATVI.NB,0,0,0,0,0,0,0,False,0
us,ATXG,1,3,0,2,1,4,3,True,7
us,ATXG.NB,0,0,0,0,0,0,0,False,0
us,ATXI,1,3,0,2,1,4,3,True,7
us,ATXI.NB,0,0,0,0,0,0,0,False,0
us,ATXS,0,0,0,2,1,2,2,False,3
us,ATYR,1,3,0,2,1,4,3,True,7
us,ATYR.NB,0,0,0,0,0,0,0,False,0
us,AU,1,3,0,2,1,4,3,True,7
us,AU.NB,0,0,0,0,0,0,0,False,0
us,AUB,0,3,0,2,1,3,3,True,6
us,AUB.NB,0,0,0,0,0,0,0,False,0
us,AUBN,0,3,0,2,1,3,3,True,6
us,AUBN.NB,0,0,0,0,0,0,0,False,0
us,AUB_PA,0,3,0,2,1,3,3,True,6
us,AUC,1,3,0,2,1,4,3,True,7
us,AUC.NB,0,0,0,0,0,0,0,False,0
us,AUDC,1,3,0,2,1,4,3,True,7
us,AUDC.NB,0,0,0,0,0,0,0,False,0
us,AUGO,1,3,0,2,1,4,3,True,7
us,AUGO.NB,0,0,0,0,0,0,0,False,0
us,AUGX,0,0,0,2,1,2,2,False,3
us,AUID,1,3,0,2,1,4,3,True,7
us,AUID.NB,0,0,0,0,0,0,0,False,0
us,AUMN,1,2,0,2,1,4,3,True,6
us,AUMN.NB,0,0,0,0,0,0,0,False,0
us,AUNA,1,3,0,2,0,3,2,False,6
us,AUNA.NB,0,0,0,0,0,0,0,False,0
us,AUPH,1,3,0,2,1,4,3,True,7
us,AUPH.NB,0,0,0,0,0,0,0,False,0
us,AUR,1,1,0,2,1,4,3,True,5
us,AUR.NB,0,0,0,0,0,0,0,False,0
us,AURA,1,2,0,2,1,4,3,True,6
us,AURA.NB,0,0,0,0,0,0,0,False,0
us,AURE,1,0,0,2,0,2,1,False,3
us,AURE.NB,0,0,0,0,0,0,0,False,0
us,AURN,0,0,0,0,0,0,0,False,0
us,AUROW,0,2,0,2,1,3,3,True,5
us,AUST,1,0,0,2,1,3,2,False,4
us,AUST.NB,0,0,0,0,0,0,0,False,0
us,AUTL,1,3,0,2,1,4,3,True,7
us,AUTL.NB,0,0,0,0,0,0,0,False,0
us,AUUD,1,3,0,2,1,4,3,True,7
us,AUUD.NB,0,0,0,0,0,0,0,False,0
us,AUUDW,0,3,0,0,0,1,1,False,3
us,AUVI,0,3,0,2,0,2,2,False,5
us,AUVIP,1,3,0,0,0,2,1,False,4
us,AUVIP.NB,0,0,0,0,0,0,0,False,0
us,AVA,1,3,0,2,1,4,3,True,7
us,AVA.NB,0,0,0,0,0,0,0,False,0
us,AVAC,0,0,0,0,0,0,0,False,0
us,AVAH,1,3,0,2,1,4,3,True,7
us,AVAH.NB,0,0,0,0,0,0,0,False,0
us,AVAL,0,3,0,2,1,3,3,True,6
us,AVAL.NB,0,0,0,0,0,0,0,False,0
us,AVAT,1,0,0,0,0,1,0,False,1
us,AVAT.NB,0,0,0,0,0,0,0,False,0
us,AVAV,1,3,0,2,1,4,3,True,7
us,AVAV.NB,0,0,0,0,0,0,0,False,0
us,AVB,1,2,0,2,1,4,3,True,6
us,AVB.NB,0,0,0,0,0,0,0,False,0
us,AVBC,1,3,0,1,0,3,2,False,5
us,AVBC.NB,0,0,0,0,0,0,0,False,0
us,AVBH,1,3,0,2,1,4,3,True,7
us,AVBH.NB,0,0,0,0,0,0,0,False,0
us,AVBP,1,2,0,2,0,3,2,False,5
us,AVBP.NB,0,0,0,0,0,0,0,False,0
us,AVCT.NB,0,0,0,0,0,0,0,False,0
us,AVD,1,3,0,2,1,4,3,True,7
us,AVD.NB,0,0,0,0,0,0,0,False,0
us,AVDL,1,0,0,2,1,3,2,False,4
us,AVDL.NB,0,0,0,0,0,0,0,False,0
us,AVEX,0,3,0,0,0,1,1,False,3
us,AVGO,1,3,0,2,1,4,3,True,7
us,AVGO.NB,0,0,0,0,0,0,0,False,0
us,AVGOP,0,0,0,0,0,0,0,False,0
us,AVHI.NB,0,0,0,0,0,0,0,False,0
us,AVIR,1,2,0,2,1,4,3,True,6
us,AVIR.NB,0,0,0,0,0,0,0,False,0
us,AVLN,0,0,0,0,0,0,0,False,0
us,AVNS,1,3,0,2,1,4,3,True,7
us,AVNS.NB,0,0,0,0,0,0,0,False,0
us,AVNT,1,3,0,2,1,4,3,True,7
us,AVNT.NB,0,0,0,0,0,0,0,False,0
us,AVNW,1,2,0,2,1,4,3,True,6
us,AVNW.NB,0,0,0,0,0,0,0,False,0
us,AVO,1,0,0,2,1,3,2,False,4
us,AVO.NB,0,0,0,0,0,0,0,False,0
us,AVPT,1,3,0,2,1,4,3,True,7
us,AVPT.NB,0,0,0,0,0,0,0,False,0
us,AVR,1,2,0,2,0,3,2,False,5
us,AVR.NB,0,0,0,0,0,0,0,False,0
us,AVT,1,0,0,2,1,3,2,False,4
us,AVT.NB,0,0,0,0,0,0,0,False,0
us,AVTR,1,0,0,2,1,3,2,False,4
us,AVTR.NB,0,0,0,0,0,0,0,False,0
us,AVTR_PA,1,0,0,0,0,1,0,False,1
us,AVTR_PA.NB,0,0,0,0,0,0,0,False,0
us,AVTX,1,3,0,2,1,4,3,True,7
us,AVTX.NB,0,0,0,0,0,0,0,False,0
us,AVX,1,3,0,2,1,4,3,True,7
us,AVX.NB,0,0,0,0,0,0,0,False,0
us,AVXL,1,0,0,2,1,3,2,False,4
us,AVXL.NB,0,0,0,0,0,0,0,False,0
us,AVY,1,3,0,2,1,4,3,True,7
us,AVY.NB,0,0,0,0,0,0,0,False,0
us,AWH,1,0,0,2,1,3,2,False,4
us,AWH.NB,0,0,0,0,0,0,0,False,0
us,AWI,1,3,0,2,1,4,3,True,7
us,AWI.NB,0,0,0,0,0,0,0,False,0
us,AWIN,1,0,0,2,1,3,2,False,4
us,AWIN.NB,0,0,0,0,0,0,0,False,0
us,AWK,1,0,0,2,1,3,2,False,4
us,AWK.NB,0,0,0,0,0,0,0,False,0
us,AWR,1,3,0,2,1,4,3,True,7
us,AWR.NB,0,0,0,0,0,0,0,False,0
us,AWRE,1,1,0,2,1,4,3,True,5
us,AWRE.NB,0,0,0,0,0,0,0,False,0
us,AWX,1,3,0,2,1,4,3,True,7
us,AWX.NB,0,0,0,0,0,0,0,False,0
us,AX,0,0,0,2,1,2,2,False,3
us,AX.NB,0,0,0,0,0,0,0,False,0
us,AXDX,1,0,0,2,1,3,2,False,4
us,AXDX.NB,0,0,0,0,0,0,0,False,0
us,AXG,1,0,0,2,0,2,1,False,3
us,AXG.NB,0,0,0,0,0,0,0,False,0
us,AXGN,1,3,0,2,1,4,3,True,7
us,AXGN.NB,0,0,0,0,0,0,0,False,0
us,AXIA,1,3,0,2,1,4,3,True,7
us,AXIA.NB,0,0,0,0,0,0,0,False,0
us,AXIA_P,0,3,0,2,1,3,3,True,6
us,AXIA_PC,0,3,0,1,0,2,2,False,4
us,AXIL,1,0,0,2,1,3,2,False,4
us,AXIL.NB,0,0,0,0,0,0,0,False,0
us,AXIN,1,0,0,1,0,2,1,False,2
us,AXIN.NB,0,0,0,0,0,0,0,False,0
us,AXINR,0,2,0,1,0,2,2,False,3
us,AXINU,0,2,0,1,0,2,2,False,3
us,AXL,1,3,0,2,1,4,3,True,7
us,AXL.NB,0,0,0,0,0,0,0,False,0
us,AXLA.NB,0,0,0,0,0,0,0,False,0
us,AXNX,1,0,0,2,1,3,2,False,4
us,AXNX.NB,0,0,0,0,0,0,0,False,0
us,AXON,1,3,0,2,1,4,3,True,7
us,AXON.NB,0,0,0,0,0,0,0,False,0
us,AXP,1,0,0,2,1,3,2,False,4
us,AXP.NB,0,0,0,0,0,0,0,False,0
us,AXR,1,3,0,2,1,4,3,True,7
us,AXR.NB,0,0,0,0,0,0,0,False,0
us,AXS,1,3,0,2,1,4,3,True,7
us,AXS.NB,0,0,0,0,0,0,0,False,0
us,AXSM,1,3,0,2,1,4,3,True,7
us,AXSM.NB,0,0,0,0,0,0,0,False,0
us,AXS_PE,1,3,0,2,1,4,3,True,7
us,AXS_PE.NB,0,0,0,0,0,0,0,False,0
us,AXTA,1,3,0,2,1,4,3,True,7
us,AXTA.NB,0,0,0,0,0,0,0,False,0
us,AXTI,1,3,0,2,1,4,3,True,7
us,AXTI.NB,0,0,0,0,0,0,0,False,0
us,AXY,0,0,0,0,0,0,0,False,0
us,AY,1,0,0,2,1,3,2,False,4
us,AY.NB,0,0,0,0,0,0,0,False,0
us,AYA,1,3,0,2,1,4,3,True,7
us,AYA.NB,0,0,0,0,0,0,0,False,0
us,AYI,1,0,0,2,1,3,2,False,4
us,AYI.NB,0,0,0,0,0,0,0,False,0
us,AYTU,1,0,0,2,1,3,2,False,4
us,AYTU.NB,0,0,0,0,0,0,0,False,0
us,AZ,1,3,0,2,1,4,3,True,7
us,AZ.NB,0,0,0,0,0,0,0,False,0
us,AZEK,1,0,0,2,1,3,2,False,4
us,AZEK.NB,0,0,0,0,0,0,0,False,0
us,AZI,1,1,0,2,0,3,2,False,4
us,AZI.NB,0,0,0,0,0,0,0,False,0
us,AZIO,1,0,0,2,1,3,2,False,4
us,AZIO.NB,0,0,0,0,0,0,0,False,0
us,AZN,1,3,0,2,1,4,3,True,7
us,AZN.NB,0,0,0,0,0,0,0,False,0
us,AZO,1,0,0,2,1,3,2,False,4
us,AZO.NB,0,0,0,0,0,0,0,False,0
us,AZTA,1,1,0,2,1,4,3,True,5
us,AZTA.NB,0,0,0,0,0,0,0,False,0
us,AZTR,1,3,0,2,0,3,2,False,6
us,AZTR.NB,0,0,0,0,0,0,0,False,0
us,AZUL,0,0,0,0,0,0,0,False,0
us,AZZ,1,3,0,2,1,4,3,True,7
us,AZZ.NB,0,0,0,0,0,0,0,False,0
us,B,1,3,0,2,1,4,3,True,7
us,B.NB,0,0,0,0,0,0,0,False,0
us,BA,1,0,0,2,1,3,2,False,4
us,BA.NB,0,0,0,0,0,0,0,False,0
us,BABA,1,3,0,2,1,4,3,True,7
us,BABA.NB,0,0,0,0,0,0,0,False,0
us,BAC,0,0,0,2,1,2,2,False,3
us,BAC.NB,0,0,0,0,0,0,0,False,0
us,BACA,1,0,0,2,0,2,1,False,3
us,BACA.NB,0,0,0,0,0,0,0,False,0
us,BACC,1,1,0,1,0,3,2,False,3
us,BACC.NB,0,0,0,0,0,0,0,False,0
us,BACCR,0,2,0,1,0,2,2,False,3
us,BACCU,0,2,0,2,0,2,2,False,4
us,BACK,1,0,0,0,0,1,0,False,1
us,BACK.NB,0,0,0,0,0,0,0,False,0
us,BACQ.NB,0,0,0,0,0,0,0,False,0
us,BACQR,0,0,0,2,0,1,1,False,2
us,BACQU,0,0,0,2,0,1,1,False,2
us,BAC_PA,0,0,0,0,0,0,0,False,0
us,BAC_PA.NB,0,0,0,0,0,0,0,False,0
us,BAC_PB,0,0,0,2,1,2,2,False,3
us,BAC_PB.NB,0,0,0,0,0,0,0,False,0
us,BAC_PD,0,0,0,0,0,0,0,False,0
us,BAC_PE,0,0,0,2,1,2,2,False,3
us,BAC_PE.NB,0,0,0,0,0,0,0,False,0
us,BAC_PI,0,0,0,0,0,0,0,False,0
us,BAC_PK,0,0,0,2,1,2,2,False,3
us,BAC_PK.NB,0,0,0,0,0,0,0,False,0
us,BAC_PL,0,0,0,2,1,2,2,False,3
us,BAC_PL.NB,0,0,0,0,0,0,0,False,0
us,BAC_PM,0,0,0,2,1,2,2,False,3
us,BAC_PM.NB,0,0,0,0,0,0,0,False,0
us,BAC_PN,0,0,0,2,1,2,2,False,3
us,BAC_PN.NB,0,0,0,0,0,0,0,False,0
us,BAC_PO,0,0,0,2,1,2,2,False,3
us,BAC_PP,0,0,0,2,1,2,2,False,3
us,BAC_PQ,0,0,0,2,1,2,2,False,3
us,BAC_PS,0,0,0,2,1,2,2,False,3
us,BAC_PW,0,0,0,0,0,0,0,False,0
us,BAC_PY,0,0,0,0,0,0,0,False,0
us,BAC_PY.NB,0,0,0,0,0,0,0,False,0
us,BAER,1,0,0,2,1,3,2,False,4
us,BAER.NB,0,0,0,0,0,0,0,False,0
us,BAERW,0,2,0,2,1,3,3,True,5
us,BAFN,0,3,0,2,1,3,3,True,6
us,BAFN.NB,0,0,0,0,0,0,0,False,0
us,BAH,1,3,0,2,1,4,3,True,7
us,BAH.NB,0,0,0,0,0,0,0,False,0
us,BAK,1,2,0,2,1,4,3,True,6
us,BAK.NB,0,0,0,0,0,0,0,False,0
us,BALL,1,3,0,2,1,4,3,True,7
us,BALL.NB,0,0,0,0,0,0,0,False,0
us,BALY,1,3,0,2,0,3,2,False,6
us,BALY.NB,0,0,0,0,0,0,0,False,0
us,BAM,1,3,0,2,1,4,3,True,7
us,BAM.NB,0,0,0,0,0,0,0,False,0
us,BANC,0,0,0,2,1,2,2,False,3
us,BANC.NB,0,0,0,0,0,0,0,False,0
us,BANC_PC,0,0,0,0,0,0,0,False,0
us,BANC_PD,0,0,0,0,0,0,0,False,0
us,BANC_PD.NB,0,0,0,0,0,0,0,False,0
us,BANC_PE,0,0,0,0,0,0,0,False,0
us,BANC_PE.NB,0,0,0,0,0,0,0,False,0
us,BANC_PF,0,0,0,2,0,1,1,False,2
us,BAND,1,3,0,2,1,4,3,True,7
us,BAND.NB,0,0,0,0,0,0,0,False,0
us,BANF,0,0,0,2,1,2,2,False,3
us,BANF.NB,0,0,0,0,0,0,0,False,0
us,BANFP,0,0,0,2,1,2,2,False,3
us,BANL,1,3,0,2,1,4,3,True,7
us,BANL.NB,0,0,0,0,0,0,0,False,0
us,BANR,0,1,0,2,1,3,3,True,4
us,BANR.NB,0,0,0,0,0,0,0,False,0
us,BANX,1,3,0,2,1,4,3,True,7
us,BANX.NB,0,0,0,0,0,0,0,False,0
us,BANXR,0,3,0,0,0,1,1,False,3
us,BAOS,1,3,0,2,1,4,3,True,7
us,BAOS.NB,0,0,0,0,0,0,0,False,0
us,BAP,0,3,0,2,1,3,3,True,6
us,BAP.NB,0,0,0,0,0,0,0,False,0
us,BARK,1,3,0,2,1,4,3,True,7
us,BARK.NB,0,0,0,0,0,0,0,False,0
us,BASE,0,0,0,2,1,2,2,False,3
us,BASI,0,0,0,0,0,0,0,False,0
us,BATL,1,3,0,2,1,4,3,True,7
us,BATL.NB,0,0,0,0,0,0,0,False,0
us,BATRA,1,3,0,2,1,4,3,True,7
us,BATRA.NB,0,0,0,0,0,0,0,False,0
us,BATRK,1,3,0,2,1,4,3,True,7
us,BATRK.NB,0,0,0,0,0,0,0,False,0
us,BAX,1,3,0,2,1,4,3,True,7
us,BAX.NB,0,0,0,0,0,0,0,False,0
us,BAYA,1,0,0,2,0,2,1,False,3
us,BAYA.NB,0,0,0,0,0,0,0,False,0
us,BAYAR,0,2,0,2,0,2,2,False,4
us,BAYAU,0,2,0,2,0,2,2,False,4
us,BA_PA,0,0,0,2,1,2,2,False,3
us,BB,1,3,0,2,1,4,3,True,7
us,BB.NB,0,0,0,0,0,0,0,False,0
us,BBAI,1,0,0,2,1,3,2,False,4
us,BBAI.NB,0,0,0,0,0,0,0,False,0
us,BBAI_T,0,3,0,2,1,3,3,True,6
us,BBAR,1,3,0,2,1,4,3,True,7
us,BBAR.NB,0,0,0,0,0,0,0,False,0
us,BBBY,1,0,0,2,1,3,2,False,4
us,BBBY.NB,0,0,0,0,0,0,0,False,0
us,BBBY_T,0,0,0,2,1,2,2,False,3
us,BBCP,1,2,0,2,1,4,3,True,6
us,BBCP.NB,0,0,0,0,0,0,0,False,0
us,BBCQ,1,1,0,0,0,2,1,False,2
us,BBCQ.NB,0,0,0,0,0,0,0,False,0
us,BBCQU,0,1,0,0,0,1,1,False,1
us,BBCQW,0,1,0,0,0,1,1,False,1
us,BBD,1,3,0,2,1,4,3,True,7
us,BBD.NB,0,0,0,0,0,0,0,False,0
us,BBDC,1,3,0,2,1,4,3,True,7
us,BBDC.NB,0,0,0,0,0,0,0,False,0
us,BBDO,1,3,0,2,1,4,3,True,7
us,BBDO.NB,0,0,0,0,0,0,0,False,0
us,BBGI,1,2,0,2,1,4,3,True,6
us,BBGI.NB,0,0,0,0,0,0,0,False,0
us,BBIO,1,2,0,2,1,4,3,True,6
us,BBIO.NB,0,0,0,0,0,0,0,False,0
us,BBLG,1,0,0,2,1,3,2,False,4
us,BBLG.NB,0,0,0,0,0,0,0,False,0
us,BBLGW,0,3,0,2,1,3,3,True,6
us,BBNX,1,0,0,2,0,2,1,False,3
us,BBNX.NB,0,0,0,0,0,0,0,False,0
us,BBOT,1,0,0,2,0,2,1,False,3
us,BBOT.NB,0,0,0,0,0,0,0,False,0
us,BBSI,1,3,0,2,1,4,3,True,7
us,BBSI.NB,0,0,0,0,0,0,0,False,0
us,BBT,0,3,0,2,1,3,3,True,6
us,BBT.NB,0,0,0,0,0,0,0,False,0
us,BBT_PD,0,0,0,0,0,0,0,False,0
us,BBT_PE,0,0,0,0,0,0,0,False,0
us,BBU,1,0,0,2,1,3,2,False,4
us,BBU.NB,0,0,0,0,0,0,0,False,0
us,BBUC,1,2,0,2,1,4,3,True,6
us,BBUC.NB,0,0,0,0,0,0,0,False,0
us,BBVA,1,3,0,2,1,4,3,True,7
us,BBVA.NB,0,0,0,0,0,0,0,False,0
us,BBW,1,3,0,2,1,4,3,True,7
us,BBW.NB,0,0,0,0,0,0,0,False,0
us,BBWI,1,2,0,2,1,4,3,True,6
us,BBWI.NB,0,0,0,0,0,0,0,False,0
us,BBY,1,3,0,2,1,4,3,True,7
us,BBY.NB,0,0,0,0,0,0,0,False,0
us,BC,1,0,0,2,1,3,2,False,4
us,BC.NB,0,0,0,0,0,0,0,False,0
us,BCAB,1,2,0,2,1,4,3,True,6
us,BCAB.NB,0,0,0,0,0,0,0,False,0
us,BCAL,0,3,0,2,1,3,3,True,6
us,BCAL.NB,0,0,0,0,0,0,0,False,0
us,BCAR,1,0,0,1,0,2,1,False,2
us,BCAR.NB,0,0,0,0,0,0,0,False,0
us,BCARU,1,2,0,1,0,3,2,False,4
us,BCARU.NB,0,0,0,0,0,0,0,False,0
us,BCARW,0,2,0,1,0,2,2,False,3
us,BCAX,1,2,0,2,0,3,2,False,5
us,BCAX.NB,0,0,0,0,0,0,0,False,0
us,BCBP,0,3,0,2,1,3,3,True,6
us,BCBP.NB,0,0,0,0,0,0,0,False,0
us,BCC,1,3,0,2,1,4,3,True,7
us,BCC.NB,0,0,0,0,0,0,0,False,0
us,BCDA,1,2,0,2,1,4,3,True,6
us,BCDA.NB,0,0,0,0,0,0,0,False,0
us,BCE,1,3,0,2,1,4,3,True,7
us,BCE.NB,0,0,0,0,0,0,0,False,0
us,BCEL.NB,0,0,0,0,0,0,0,False,0
us,BCG,1,0,0,2,1,3,2,False,4
us,BCG.NB,0,0,0,0,0,0,0,False,0
us,BCGWW,0,3,0,2,1,3,3,True,6
us,BCH,1,3,0,2,1,4,3,True,7
us,BCH.NB,0,0,0,0,0,0,0,False,0
us,BCHT,1,2,0,2,1,4,3,True,6
us,BCHT.NB,0,0,0,0,0,0,0,False,0
us,BCIC,1,3,0,2,1,4,3,True,7
us,BCIC.NB,0,0,0,0,0,0,0,False,0
us,BCLI,1,1,0,2,1,4,3,True,5
us,BCLI.NB,0,0,0,0,0,0,0,False,0
us,BCML,1,0,0,2,1,3,2,False,4
us,BCML.NB,0,0,0,0,0,0,0,False,0
us,BCO,1,3,0,2,1,4,3,True,7
us,BCO.NB,0,0,0,0,0,0,0,False,0
us,BCOV,1,0,0,2,1,3,2,False,4
us,BCOV.NB,0,0,0,0,0,0,0,False,0
us,BCOW,1,0,0,2,1,3,2,False,4
us,BCOW.NB,0,0,0,0,0,0,0,False,0
us,BCPC,1,3,0,2,1,4,3,True,7
us,BCPC.NB,0,0,0,0,0,0,0,False,0
us,BCRX,1,2,0,2,1,4,3,True,6
us,BCRX.NB,0,0,0,0,0,0,0,False,0
us,BCS,0,3,0,2,1,3,3,True,6
us,BCS.NB,0,0,0,0,0,0,0,False,0
us,BCSF,1,3,0,2,1,4,3,True,7
us,BCSF.NB,0,0,0,0,0,0,0,False,0
us,BCSS,1,0,0,1,0,2,1,False,2
us,BCSS.NB,0,0,0,0,0,0,0,False,0
us,BCSS_T,0,2,0,1,0,2,2,False,3
us,BCSS_U,1,2,0,1,0,3,2,False,4
us,BCSS_U.NB,0,0,0,0,0,0,0,False,0
us,BCTX,1,0,0,2,1,3,2,False,4
us,BCTX.NB,0,0,0,0,0,0,0,False,0
us,BCTXL,0,0,0,2,1,2,2,False,3
us,BCTXW,0,0,0,0,0,0,0,False,0
us,BCTXZ,0,0,0,2,1,2,2,False,3
us,BCV,1,0,0,2,1,3,2,False,4
us,BCV.NB,0,0,0,0,0,0,0,False,0
us,BCV_PA,1,0,0,2,1,3,2,False,4
us,BCV_PA.NB,0,0,0,0,0,0,0,False,0
us,BCYC,1,3,0,2,1,4,3,True,7
us,BCYC.NB,0,0,0,0,0,0,0,False,0
us,BC_PC,1,3,0,2,1,4,3,True,7
us,BC_PC.NB,0,0,0,0,0,0,0,False,0
us,BDC,1,3,0,2,1,4,3,True,7
us,BDC.NB,0,0,0,0,0,0,0,False,0
us,BDCI,0,1,0,1,0,2,2,False,2
us,BDCIU,0,2,0,1,0,2,2,False,3
us,BDCIW,0,2,0,1,0,2,2,False,3
us,BDCX,0,0,0,2,1,2,2,False,3
us,BDCZ,0,0,0,2,1,2,2,False,3
us,BDC_PB,0,0,0,0,0,0,0,False,0
us,BDL,1,3,0,2,1,4,3,True,7
us,BDL.NB,0,0,0,0,0,0,0,False,0
us,BDMD,1,3,0,2,1,4,3,True,7
us,BDMD.NB,0,0,0,0,0,0,0,False,0
us,BDMDW,0,2,0,2,1,3,3,True,5
us,BDN,1,0,0,2,1,3,2,False,4
us,BDN.NB,0,0,0,0,0,0,0,False,0
us,BDN_PE,0,0,0,0,0,0,0,False,0
us,BDRX,1,3,0,2,1,4,3,True,7
us,BDRX.NB,0,0,0,0,0,0,0,False,0
us,BDSX,1,2,0,2,1,4,3,True,6
us,BDSX.NB,0,0,0,0,0,0,0,False,0
us,BDTX,1,3,0,2,1,4,3,True,7
us,BDTX.NB,0,0,0,0,0,0,0,False,0
us,BDX,1,1,0,2,1,4,3,True,5
us,BDX.NB,0,0,0,0,0,0,0,False,0
us,BDXA,0,0,0,0,0,0,0,False,0
us,BDXB,0,0,0,0,0,0,0,False,0
us,BE,1,0,0,2,1,3,2,False,4
us,BE.NB,0,0,0,0,0,0,0,False,0
us,BEAG,1,0,0,2,0,2,1,False,3
us,BEAG.NB,0,0,0,0,0,0,0,False,0
us,BEAGR,0,2,0,2,0,2,2,False,4
us,BEAGU,0,2,0,2,0,2,2,False,4
us,BEAM,1,3,0,2,1,4,3,True,7
us,BEAM.NB,0,0,0,0,0,0,0,False,0
us,BEAT,1,0,0,2,1,3,2,False,4
us,BEAT.NB,0,0,0,0,0,0,0,False,0
us,BEATW,0,2,0,2,1,3,3,True,5
us,BEBE,1,1,0,0,0,2,1,False,2
us,BEBE.NB,0,0,0,0,0,0,0,False,0
us,BEBE_T,0,2,0,0,0,1,1,False,2
us,BEBE_U,1,2,0,0,0,2,1,False,3
us,BEBE_U.NB,0,0,0,0,0,0,0,False,0
us,BECN,1,0,0,2,1,3,2,False,4
us,BECN.NB,0,0,0,0,0,0,0,False,0
us,BEDU,1,0,0,2,1,3,2,False,4
us,BEDU.NB,0,0,0,0,0,0,0,False,0
us,BEEM,1,3,0,2,1,4,3,True,7
us,BEEM.NB,0,0,0,0,0,0,0,False,0
us,BEEP,1,3,0,2,1,4,3,True,7
us,BEEP.NB,0,0,0,0,0,0,0,False,0
us,BEKE,1,3,0,2,1,4,3,True,7
us,BEKE.NB,0,0,0,0,0,0,0,False,0
us,BELFA,1,3,0,2,1,4,3,True,7
us,BELFA.NB,0,0,0,0,0,0,0,False,0
us,BELFB,1,3,0,2,1,4,3,True,7
us,BELFB.NB,0,0,0,0,0,0,0,False,0
us,BEN,1,0,0,2,1,3,2,False,4
us,BEN.NB,0,0,0,0,0,0,0,False,0
us,BENF,0,2,0,2,1,3,3,True,5
us,BENFW,0,0,0,2,1,2,2,False,3
us,BEP,1,3,0,2,1,4,3,True,7
us,BEP.NB,0,0,0,0,0,0,0,False,0
us,BEPC,1,2,0,2,1,4,3,True,6
us,BEPC.NB,0,0,0,0,0,0,0,False,0
us,BEPI,0,0,0,2,1,2,2,False,3
us,BEPJ,0,0,0,2,0,1,1,False,2
us,BEP_PA,1,3,0,2,1,4,3,True,7
us,BEP_PA.NB,0,0,0,0,0,0,0,False,0
us,BERY,1,0,0,2,1,3,2,False,4
us,BERY.NB,0,0,0,0,0,0,0,False,0
us,BERZ,0,3,0,2,1,3,3,True,6
us,BESS,1,0,0,2,1,3,2,False,4
us,BESS.NB,0,0,0,0,0,0,0,False,0
us,BESS_T,0,3,0,2,1,3,3,True,6
us,BEST,1,0,0,2,1,3,2,False,4
us,BEST.NB,0,0,0,0,0,0,0,False,0
us,BETA,1,2,0,1,0,3,2,False,4
us,BETA.NB,0,0,0,0,0,0,0,False,0
us,BETR,1,0,0,2,1,3,2,False,4
us,BETR.NB,0,0,0,0,0,0,0,False,0
us,BETRW,0,3,0,2,1,3,3,True,6
us,BFA,1,3,0,2,1,4,3,True,7
us,BFA.NB,0,0,0,0,0,0,0,False,0
us,BFAC,0,0,0,2,1,2,2,False,3
us,BFAM,1,3,0,2,1,4,3,True,7
us,BFAM.NB,0,0,0,0,0,0,0,False,0
us,BFB,1,3,0,2,1,4,3,True,7
us,BFB.NB,0,0,0,0,0,0,0,False,0
us,BFC,0,3,0,2,1,3,3,True,6
us,BFC.NB,0,0,0,0,0,0,0,False,0
us,BFFI,0,0,0,0,0,0,0,False,0
us,BFH,1,3,0,2,1,4,3,True,7
us,BFH.NB,0,0,0,0,0,0,0,False,0
us,BFH_PA,0,3,0,1,0,2,2,False,4
us,BFH_PB,0,0,0,0,0,0,0,False,0
us,BFI,1,0,0,2,0,2,1,False,3
us,BFI.NB,0,0,0,0,0,0,0,False,0
us,BFIN,0,0,0,2,1,2,2,False,3
us,BFIN.NB,0,0,0,0,0,0,0,False,0
us,BFK,1,0,0,2,1,3,2,False,4
us,BFK.NB,0,0,0,0,0,0,0,False,0
us,BFLY,1,3,0,2,1,4,3,True,7
us,BFLY.NB,0,0,0,0,0,0,0,False,0
us,BFLY_T,0,3,0,0,0,1,1,False,3
us,BFRA.NB,0,0,0,0,0,0,0,False,0
us,BFRG,1,0,0,2,1,3,2,False,4
us,BFRG.NB,0,0,0,0,0,0,0,False,0
us,BFRGW,0,3,0,2,1,3,3,True,6
us,BFRI,1,0,0,2,1,3,2,False,4
us,BFRI.NB,0,0,0,0,0,0,0,False,0
us,BFRIW,0,3,0,2,1,3,3,True,6
us,BFS,1,3,0,2,1,4,3,True,7
us,BFS.NB,0,0,0,0,0,0,0,False,0
us,BFST,1,1,0,2,1,4,3,True,5
us,BFST.NB,0,0,0,0,0,0,0,False,0
us,BFS_PA,0,0,0,0,0,0,0,False,0
us,BFS_PC,1,0,0,0,0,1,0,False,1
us,BFS_PC.NB,0,0,0,0,0,0,0,False,0
us,BFS_PD,1,3,0,2,1,4,3,True,7
us,BFS_PD.NB,0,0,0,0,0,0,0,False,0
us,BFS_PE,1,3,0,2,1,4,3,True,7
us,BFS_PE.NB,0,0,0,0,0,0,0,False,0
us,BFZ,0,0,0,2,1,2,2,False,3
us,BG,1,1,0,2,1,4,3,True,5
us,BG.NB,0,0,0,0,0,0,0,False,0
us,BGC,1,3,0,2,1,4,3,True,7
us,BGC.NB,0,0,0,0,0,0,0,False,0
us,BGDE,1,2,0,2,1,4,3,True,6
us,BGDE.NB,0,0,0,0,0,0,0,False,0
us,BGFV,1,0,0,2,1,3,2,False,4
us,BGFV.NB,0,0,0,0,0,0,0,False,0
us,BGI,1,1,0,2,1,4,3,True,5
us,BGI.NB,0,0,0,0,0,0,0,False,0
us,BGIN,1,3,0,1,0,3,2,False,5
us,BGIN.NB,0,0,0,0,0,0,0,False,0
us,BGL,1,1,0,2,1,4,3,True,5
us,BGL.NB,0,0,0,0,0,0,0,False,0
us,BGLC,1,3,0,2,1,4,3,True,7
us,BGLC.NB,0,0,0,0,0,0,0,False,0
us,BGLWW,0,1,0,2,1,3,3,True,4
us,BGM,1,3,0,2,1,4,3,True,7
us,BGM.NB,0,0,0,0,0,0,0,False,0
us,BGMS,1,3,0,2,1,4,3,True,7
us,BGMS.NB,0,0,0,0,0,0,0,False,0
us,BGMSP,0,3,0,2,1,3,3,True,6
us,BGO,0,0,0,0,0,0,0,False,0
us,BGS,1,3,0,2,1,4,3,True,7
us,BGS.NB,0,0,0,0,0,0,0,False,0
us,BGSF,1,3,0,2,1,4,3,True,7
us,BGSF.NB,0,0,0,0,0,0,0,False,0
us,BGSI,1,3,0,2,1,4,3,True,7
us,BGSI.NB,0,0,0,0,0,0,0,False,0
us,BH,1,3,0,2,1,4,3,True,7
us,BH.NB,0,0,0,0,0,0,0,False,0
us,BHA,1,3,0,2,1,4,3,True,7
us,BHA.NB,0,0,0,0,0,0,0,False,0
us,BHAC,0,0,0,2,1,2,2,False,3
us,BHAT,1,0,0,2,1,3,2,False,4
us,BHAT.NB,0,0,0,0,0,0,0,False,0
us,BHAV,0,0,0,0,0,0,0,False,0
us,BHAVR,0,0,0,0,0,0,0,False,0
us,BHB,1,3,0,2,1,4,3,True,7
us,BHB.NB,0,0,0,0,0,0,0,False,0
us,BHC,1,2,0,2,1,4,3,True,6
us,BHC.NB,0,0,0,0,0,0,0,False,0
us,BHE,1,1,0,2,1,4,3,True,5
us,BHE.NB,0,0,0,0,0,0,0,False,0
us,BHF,1,0,0,2,1,3,2,False,4
us,BHF.NB,0,0,0,0,0,0,0,False,0
us,BHFAL,1,3,0,2,1,4,3,True,7
us,BHFAL.NB,0,0,0,0,0,0,0,False,0
us,BHFAM,0,3,0,2,1,3,3,True,6
us,BHFAN,0,3,0,2,1,3,3,True,6
us,BHFAO,0,3,0,2,1,3,3,True,6
us,BHFAP,1,3,0,2,1,4,3,True,7
us,BHFAP.NB,0,0,0,0,0,0,0,False,0
us,BHIL,0,0,0,0,0,0,0,False,0
us,BHM,1,2,0,2,1,4,3,True,6
us,BHM.NB,0,0,0,0,0,0,0,False,0
us,BHP,1,0,0,2,1,3,2,False,4
us,BHP.NB,0,0,0,0,0,0,0,False,0
us,BHR,1,3,0,2,1,4,3,True,7
us,BHR.NB,0,0,0,0,0,0,0,False,0
us,BHRB,0,0,0,2,1,2,2,False,3
us,BHRB.NB,0,0,0,0,0,0,0,False,0
us,BHR_PB,1,3,0,2,1,4,3,True,7
us,BHR_PB.NB,0,0,0,0,0,0,0,False,0
us,BHR_PD,1,3,0,2,1,4,3,True,7
us,BHR_PD.NB,0,0,0,0,0,0,0,False,0
us,BHST,1,3,0,2,1,4,3,True,7
us,BHST.NB,0,0,0,0,0,0,0,False,0
us,BHVN,1,2,0,2,1,4,3,True,6
us,BHVN.NB,0,0,0,0,0,0,0,False,0
us,BIAF,1,0,0,2,1,3,2,False,4
us,BIAF.NB,0,0,0,0,0,0,0,False,0
us,BIAFW,0,3,0,2,1,3,3,True,6
us,BIDU,1,3,0,2,1,4,3,True,7
us,BIDU.NB,0,0,0,0,0,0,0,False,0
us,BIG,1,0,0,2,1,3,2,False,4
us,BIG.NB,0,0,0,0,0,0,0,False,0
us,BIIB,1,1,0,2,1,4,3,True,5
us,BIIB.NB,0,0,0,0,0,0,0,False,0
us,BIII,1,1,0,0,0,2,1,False,2
us,BIII.NB,0,0,0,0,0,0,0,False,0
us,BIII_T,0,1,0,0,0,1,1,False,1
us,BIII_U,0,1,0,0,0,1,1,False,1
us,BILI,1,2,0,2,1,4,3,True,6
us,BILI.NB,0,0,0,0,0,0,0,False,0
us,BILL,1,0,0,2,1,3,2,False,4
us,BILL.NB,0,0,0,0,0,0,0,False,0
us,BIMI,1,0,0,2,1,3,2,False,4
us,BIMI.NB,0,0,0,0,0,0,0,False,0
us,BINI,0,0,0,2,1,2,2,False,3
us,BIO,1,3,0,2,1,4,3,True,7
us,BIO.NB,0,0,0,0,0,0,0,False,0
us,BIOA,1,3,0,2,0,3,2,False,6
us,BIOA.NB,0,0,0,0,0,0,0,False,0
us,BIOB,1,3,0,2,1,4,3,True,7
us,BIOB.NB,0,0,0,0,0,0,0,False,0
us,BIOL,1,0,0,2,1,3,2,False,4
us,BIOL.NB,0,0,0,0,0,0,0,False,0
us,BIOR,0,0,0,2,0,1,1,False,2
us,BIOS.NB,0,0,0,0,0,0,0,False,0
us,BIOT,0,0,0,0,0,0,0,False,0
us,BIOX,1,0,0,2,1,3,2,False,4
us,BIOX.NB,0,0,0,0,0,0,0,False,0
us,BIPC,1,1,0,2,1,4,3,True,5
us,BIPC.NB,0,0,0,0,0,0,0,False,0
us,BIP_PA,0,0,0,2,1,2,2,False,3
us,BIP_PB,0,0,0,2,1,2,2,False,3
us,BIRD,1,3,0,2,1,4,3,True,7
us,BIRD.NB,0,0,0,0,0,0,0,False,0
us,BIRK,1,0,0,2,0,2,1,False,3
us,BIRK.NB,0,0,0,0,0,0,0,False,0
us,BITF.NB,0,0,0,0,0,0,0,False,0
us,BIVI,0,0,0,2,1,2,2,False,3
us,BIVIW,0,0,0,2,1,2,2,False,3
us,BIXI,1,1,0,1,0,3,2,False,3
us,BIXI.NB,0,0,0,0,0,0,0,False,0
us,BIXIU,0,2,0,1,0,2,2,False,3
us,BIXIW,0,2,0,0,0,1,1,False,2
us,BIYA,1,3,0,2,0,3,2,False,6
us,BIYA.NB,0,0,0,0,0,0,0,False,0
us,BJ,1,3,0,2,1,4,3,True,7
us,BJ.NB,0,0,0,0,0,0,0,False,0
us,BJDX,1,2,0,2,1,4,3,True,6
us,BJDX.NB,0,0,0,0,0,0,0,False,0
us,BJRI,1,3,0,2,1,4,3,True,7
us,BJRI.NB,0,0,0,0,0,0,0,False,0
us,BK,0,3,0,2,1,3,3,True,6
us,BK.NB,0,0,0,0,0,0,0,False,0
us,BKCC.NB,0,0,0,0,0,0,0,False,0
us,BKD,1,2,0,2,1,4,3,True,6
us,BKD.NB,0,0,0,0,0,0,0,False,0
us,BKE,1,3,0,2,1,4,3,True,7
us,BKE.NB,0,0,0,0,0,0,0,False,0
us,BKH,1,3,0,2,1,4,3,True,7
us,BKH.NB,0,0,0,0,0,0,0,False,0
us,BKHA,1,1,0,2,0,3,2,False,4
us,BKHA.NB,0,0,0,0,0,0,0,False,0
us,BKHAR,0,0,0,2,0,1,1,False,2
us,BKHAU,0,0,0,2,0,1,1,False,2
us,BKKT,1,0,0,2,1,3,2,False,4
us,BKKT.NB,0,0,0,0,0,0,0,False,0
us,BKKT_T,0,3,0,2,1,3,3,True,6
us,BKN,1,0,0,2,1,3,2,False,4
us,BKN.NB,0,0,0,0,0,0,0,False,0
us,BKNG,1,1,0,2,1,4,3,True,5
us,BKNG.NB,0,0,0,0,0,0,0,False,0
us,BKR,1,0,0,2,1,3,2,False,4
us,BKR.NB,0,0,0,0,0,0,0,False,0
us,BKSC.NB,0,0,0,0,0,0,0,False,0
us,BKSW,0,0,0,0,0,0,0,False,0
us,BKSY,1,0,0,2,1,3,2,False,4
us,BKSY.NB,0,0,0,0,0,0,0,False,0
us,BKSY_T,0,3,0,2,1,3,3,True,6
us,BKTI,1,3,0,2,1,4,3,True,7
us,BKTI.NB,0,0,0,0,0,0,0,False,0
us,BKU,1,0,0,2,1,3,2,False,4
us,BKU.NB,0,0,0,0,0,0,0,False,0
us,BKV,1,3,0,2,0,3,2,False,6
us,BKV.NB,0,0,0,0,0,0,0,False,0
us,BKYI,1,0,0,2,1,3,2,False,4
us,BKYI.NB,0,0,0,0,0,0,0,False,0
us,BK_PC,0,0,0,0,0,0,0,False,0
us,BK_PK,0,3,0,2,1,3,3,True,6
us,BL,1,3,0,2,1,4,3,True,7
us,BL.NB,0,0,0,0,0,0,0,False,0
us,BLBD,1,0,0,2,1,3,2,False,4
us,BLBD.NB,0,0,0,0,0,0,0,False,0
us,BLBX,1,3,0,2,1,4,3,True,7
us,BLBX.NB,0,0,0,0,0,0,0,False,0
us,BLCM.NB,0,0,0,0,0,0,0,False,0
us,BLCO,1,3,0,2,1,4,3,True,7
us,BLCO.NB,0,0,0,0,0,0,0,False,0
us,BLD,1,3,0,2,1,4,3,True,7
us,BLD.NB,0,0,0,0,0,0,0,False,0
us,BLDP,1,3,0,2,1,4,3,True,7
us,BLDP.NB,0,0,0,0,0,0,0,False,0
us,BLDR,1,3,0,2,1,4,3,True,7
us,BLDR.NB,0,0,0,0,0,0,0,False,0
us,BLE,1,0,0,2,1,3,2,False,4
us,BLE.NB,0,0,0,0,0,0,0,False,0
us,BLEU,1,0,0,2,0,2,1,False,3
us,BLEU.NB,0,0,0,0,0,0,0,False,0
us,BLFS,1,3,0,2,1,4,3,True,7
us,BLFS.NB,0,0,0,0,0,0,0,False,0
us,BLFY,1,0,0,2,1,3,2,False,4
us,BLFY.NB,0,0,0,0,0,0,0,False,0
us,BLIN,1,0,0,2,1,3,2,False,4
us,BLIN.NB,0,0,0,0,0,0,0,False,0
us,BLIV,1,3,0,2,0,3,2,False,6
us,BLIV.NB,0,0,0,0,0,0,0,False,0
us,BLK,1,1,0,2,1,4,3,True,5
us,BLK.NB,0,0,0,0,0,0,0,False,0
us,BLKB,1,0,0,2,1,3,2,False,4
us,BLKB.NB,0,0,0,0,0,0,0,False,0
us,BLLN,1,2,0,1,0,3,2,False,4
us,BLLN.NB,0,0,0,0,0,0,0,False,0
us,BLMN,1,3,0,2,1,4,3,True,7
us,BLMN.NB,0,0,0,0,0,0,0,False,0
us,BLMZ,1,1,0,2,0,3,2,False,4
us,BLMZ.NB,0,0,0,0,0,0,0,False,0
us,BLND,1,2,0,2,1,4,3,True,6
us,BLND.NB,0,0,0,0,0,0,0,False,0
us,BLNE,1,3,0,2,1,4,3,True,7
us,BLNE.NB,0,0,0,0,0,0,0,False,0
us,BLNK,1,3,0,2,1,4,3,True,7
us,BLNK.NB,0,0,0,0,0,0,0,False,0
us,BLRK,1,1,0,0,0,2,1,False,2
us,BLRK.NB,0,0,0,0,0,0,0,False,0
us,BLRKU,0,2,0,1,0,2,2,False,3
us,BLRKW,0,2,0,0,0,1,1,False,2
us,BLRX,1,3,0,2,1,4,3,True,7
us,BLRX.NB,0,0,0,0,0,0,0,False,0
us,BLSH,1,3,0,1,0,3,2,False,5
us,BLSH.NB,0,0,0,0,0,0,0,False,0
us,BLTE,1,2,0,2,1,4,3,True,6
us,BLTE.NB,0,0,0,0,0,0,0,False,0
us,BLTG,0,0,0,0,0,0,0,False,0
us,BLU.NB,0,0,0,0,0,0,0,False,0
us,BLUA,1,0,0,1,1,3,2,False,3
us,BLUA.NB,0,0,0,0,0,0,0,False,0
us,BLUW,1,0,0,1,0,2,1,False,2
us,BLUW.NB,0,0,0,0,0,0,0,False,0
us,BLUWU,0,0,0,2,0,1,1,False,2
us,BLUWW,0,0,0,1,0,1,1,False,1
us,BLX,0,3,0,2,1,3,3,True,6
us,BLX.NB,0,0,0,0,0,0,0,False,0
us,BLZE,1,3,0,2,1,4,3,True,7
us,BLZE.NB,0,0,0,0,0,0,0,False,0
us,BLZR,0,1,0,1,0,2,2,False,2
us,BLZRU,1,2,0,1,0,3,2,False,4
us,BLZRU.NB,0,0,0,0,0,0,0,False,0
us,BLZRW,0,2,0,1,0,2,2,False,3
us,BMA,1,3,0,2,1,4,3,True,7
us,BMA.NB,0,0,0,0,0,0,0,False,0
us,BMBL,1,3,0,2,1,4,3,True,7
us,BMBL.NB,0,0,0,0,0,0,0,False,0
us,BMEA,1,2,0,2,1,4,3,True,6
us,BMEA.NB,0,0,0,0,0,0,0,False,0
us,BMGL,1,2,0,2,0,3,2,False,5
us,BMGL.NB,0,0,0,0,0,0,0,False,0
us,BMHL,1,3,0,2,0,3,2,False,6
us,BMHL.NB,0,0,0,0,0,0,0,False,0
us,BMI,1,0,0,2,1,3,2,False,4
us,BMI.NB,0,0,0,0,0,0,0,False,0
us,BML_PG,0,0,0,2,1,2,2,False,3
us,BML_PG.NB,0,0,0,0,0,0,0,False,0
us,BML_PH,0,0,0,2,1,2,2,False,3
us,BML_PH.NB,0,0,0,0,0,0,0,False,0
us,BML_PI,0,0,0,0,0,0,0,False,0
us,BML_PJ,0,0,0,2,1,2,2,False,3
us,BML_PJ.NB,0,0,0,0,0,0,0,False,0
us,BML_PL,0,0,0,2,1,2,2,False,3
us,BML_PL.NB,0,0,0,0,0,0,0,False,0
us,BMM,1,2,0,2,1,4,3,True,6
us,BMM.NB,0,0,0,0,0,0,0,False,0
us,BMNP,0,0,0,0,0,0,0,False,0
us,BMNR,1,0,0,2,1,3,2,False,4
us,BMNR.NB,0,0,0,0,0,0,0,False,0
us,BMO,0,0,0,2,1,2,2,False,3
us,BMO.NB,0,0,0,0,0,0,0,False,0
us,BMR,1,3,0,2,1,4,3,True,7
us,BMR.NB,0,0,0,0,0,0,0,False,0
us,BMRA,1,0,0,2,1,3,2,False,4
us,BMRA.NB,0,0,0,0,0,0,0,False,0
us,BMRC,0,1,0,2,1,3,3,True,4
us,BMRC.NB,0,0,0,0,0,0,0,False,0
us,BMRN,1,3,0,2,1,4,3,True,7
us,BMRN.NB,0,0,0,0,0,0,0,False,0
us,BMTX,1,0,0,2,1,3,2,False,4
us,BMTX.NB,0,0,0,0,0,0,0,False,0
us,BMY,1,0,0,2,1,3,2,False,4
us,BMY.NB,0,0,0,0,0,0,0,False,0
us,BMY_P,0,0,0,0,0,0,0,False,0
us,BN,1,3,0,2,1,4,3,True,7
us,BN.NB,0,0,0,0,0,0,0,False,0
us,BNAI,1,0,0,2,1,3,2,False,4
us,BNAI.NB,0,0,0,0,0,0,0,False,0
us,BNAIW,0,3,0,2,1,3,3,True,6
us,BNBX,1,0,0,2,1,3,2,False,4
us,BNBX.NB,0,0,0,0,0,0,0,False,0
us,BNC,0,3,0,2,1,3,3,True,6
us,BNCWW,0,2,0,2,1,3,3,True,5
us,BNCWZ,0,2,0,2,1,3,3,True,5
us,BNED,1,3,0,2,1,4,3,True,7
us,BNED.NB,0,0,0,0,0,0,0,False,0
us,BNGO,1,3,0,2,1,4,3,True,7
us,BNGO.NB,0,0,0,0,0,0,0,False,0
us,BNIX,0,0,0,2,1,2,2,False,3
us,BNKD,0,3,0,2,0,2,2,False,5
us,BNKD.NB,0,0,0,0,0,0,0,False,0
us,BNKK,1,3,0,2,1,4,3,True,7
us,BNKK.NB,0,0,0,0,0,0,0,False,0
us,BNKU,0,3,0,2,0,2,2,False,5
us,BNKU.NB,0,0,0,0,0,0,0,False,0
us,BNL,1,1,0,2,1,4,3,True,5
us,BNL.NB,0,0,0,0,0,0,0,False,0
us,BNR,1,3,0,2,1,4,3,True,7
us,BNR.NB,0,0,0,0,0,0,0,False,0
us,BNREA,0,0,0,1,0,1,1,False,1
us,BNRG,1,3,0,2,1,4,3,True,7
us,BNRG.NB,0,0,0,0,0,0,0,False,0
us,BNS,0,0,0,2,1,2,2,False,3
us,BNS.NB,0,0,0,0,0,0,0,False,0
us,BNT,1,3,0,2,1,4,3,True,7
us,BNT.NB,0,0,0,0,0,0,0,False,0
us,BNTC,1,0,0,2,1,3,2,False,4
us,BNTC.NB,0,0,0,0,0,0,0,False,0
us,BNTX,1,3,0,2,1,4,3,True,7
us,BNTX.NB,0,0,0,0,0,0,0,False,0
us,BNTY,1,0,0,0,0,1,0,False,1
us,BNTY.NB,0,0,0,0,0,0,0,False,0
us,BNY,0,0,0,2,1,2,2,False,3
us,BNY.NB,0,0,0,0,0,0,0,False,0
us,BNY_PK,0,0,0,2,0,1,1,False,2
us,BNZI,1,0,0,2,1,3,2,False,4
us,BNZI.NB,0,0,0,0,0,0,0,False,0
us,BNZIW,0,3,0,2,1,3,3,True,6
us,BOAC.NB,0,0,0,0,0,0,0,False,0
us,BOBS,1,3,0,0,0,2,1,False,4
us,BOBS.NB,0,0,0,0,0,0,0,False,0
us,BOC,1,3,0,2,1,4,3,True,7
us,BOC.NB,0,0,0,0,0,0,0,False,0
us,BODI,1,3,0,2,1,4,3,True,7
us,BODI.NB,0,0,0,0,0,0,0,False,0
us,BOF,1,3,0,2,0,3,2,False,6
us,BOF.NB,0,0,0,0,0,0,0,False,0
us,BOH,1,0,0,2,1,3,2,False,4
us,BOH.NB,0,0,0,0,0,0,0,False,0
us,BOH_PA,0,0,0,2,1,2,2,False,3
us,BOH_PB,0,0,0,2,0,1,1,False,2
us,BOKF,1,3,0,2,1,4,3,True,7
us,BOKF.NB,0,0,0,0,0,0,0,False,0
us,BOLD,1,2,0,2,0,3,2,False,5
us,BOLD.NB,0,0,0,0,0,0,0,False,0
us,BOLT,1,3,0,2,1,4,3,True,7
us,BOLT.NB,0,0,0,0,0,0,0,False,0
us,BON,1,3,0,2,1,4,3,True,7
us,BON.NB,0,0,0,0,0,0,0,False,0
us,BOOM,1,3,0,2,1,4,3,True,7
us,BOOM.NB,0,0,0,0,0,0,0,False,0
us,BOOT,1,3,0,2,1,4,3,True,7
us,BOOT.NB,0,0,0,0,0,0,0,False,0
us,BORR,1,3,0,2,1,4,3,True,7
us,BORR.NB,0,0,0,0,0,0,0,False,0
us,BOSC,1,3,0,2,1,4,3,True,7
us,BOSC.NB,0,0,0,0,0,0,0,False,0
us,BOT,0,0,0,0,0,0,0,False,0
us,BOTJ,1,3,0,2,1,4,3,True,7
us,BOTJ.NB,0,0,0,0,0,0,0,False,0
us,BOUW,0,0,0,0,0,0,0,False,0
us,BOW,1,3,0,2,0,3,2,False,6
us,BOW.NB,0,0,0,0,0,0,0,False,0
us,BOWN,1,0,0,2,0,2,1,False,3
us,BOWN.NB,0,0,0,0,0,0,0,False,0
us,BOX,1,2,0,2,1,4,3,True,6
us,BOX.NB,0,0,0,0,0,0,0,False,0
us,BOXL,1,3,0,2,1,4,3,True,7
us,BOXL.NB,0,0,0,0,0,0,0,False,0
us,BP,1,2,0,2,1,4,3,True,6
us,BP.NB,0,0,0,0,0,0,0,False,0
us,BPAC,1,1,0,1,0,3,2,False,3
us,BPAC.NB,0,0,0,0,0,0,0,False,0
us,BPACR,0,2,0,0,0,1,1,False,2
us,BPACU,0,2,0,1,0,2,2,False,3
us,BPMC,1,0,0,2,1,3,2,False,4
us,BPMC.NB,0,0,0,0,0,0,0,False,0
us,BPOP,0,3,0,2,1,3,3,True,6
us,BPOP.NB,0,0,0,0,0,0,0,False,0
us,BPOPM,0,0,0,2,1,2,2,False,3
us,BPRN,0,0,0,2,1,2,2,False,3
us,BPRN.NB,0,0,0,0,0,0,0,False,0
us,BPTH,1,2,0,2,1,4,3,True,6
us,BPTH.NB,0,0,0,0,0,0,0,False,0
us,BPYPN,1,3,0,2,1,4,3,True,7
us,BPYPN.NB,0,0,0,0,0,0,0,False,0
us,BPYPO,1,3,0,2,1,4,3,True,7
us,BPYPO.NB,0,0,0,0,0,0,0,False,0
us,BPYPP,1,3,0,2,1,4,3,True,7
us,BPYPP.NB,0,0,0,0,0,0,0,False,0
us,BQ,1,3,0,2,1,4,3,True,7
us,BQ.NB,0,0,0,0,0,0,0,False,0
us,BR,1,0,0,2,1,3,2,False,4
us,BR.NB,0,0,0,0,0,0,0,False,0
us,BRAC,0,0,0,2,0,1,1,False,2
us,BRAG,1,3,0,2,1,4,3,True,7
us,BRAG.NB,0,0,0,0,0,0,0,False,0
us,BRAI,1,1,0,0,0,2,1,False,2
us,BRAI.NB,0,0,0,0,0,0,0,False,0
us,BRBI,0,3,0,1,0,2,2,False,4
us,BRBR,1,0,0,2,1,3,2,False,4
us,BRBR.NB,0,0,0,0,0,0,0,False,0
us,BRBS,0,1,0,2,1,3,3,True,4
us,BRBS.NB,0,0,0,0,0,0,0,False,0
us,BRC,1,0,0,2,1,3,2,False,4
us,BRC.NB,0,0,0,0,0,0,0,False,0
us,BRCB,1,2,0,1,0,3,2,False,4
us,BRCB.NB,0,0,0,0,0,0,0,False,0
us,BRCC,1,3,0,2,1,4,3,True,7
us,BRCC.NB,0,0,0,0,0,0,0,False,0
us,BRD.NB,0,0,0,0,0,0,0,False,0
us,BRDG,1,0,0,2,1,3,2,False,4
us,BRDG.NB,0,0,0,0,0,0,0,False,0
us,BREZ,0,0,0,0,0,0,0,False,0
us,BREZR,0,0,0,0,0,0,0,False,0
us,BRFH,1,3,0,2,1,4,3,True,7
us,BRFH.NB,0,0,0,0,0,0,0,False,0
us,BRFS,1,0,0,2,1,3,2,False,4
us,BRFS.NB,0,0,0,0,0,0,0,False,0
us,BRIA,1,1,0,2,0,3,2,False,4
us,BRIA.NB,0,0,0,0,0,0,0,False,0
us,BRID,1,0,0,2,1,3,2,False,4
us,BRID.NB,0,0,0,0,0,0,0,False,0
us,BRKA,1,3,0,2,1,4,3,True,7
us,BRKA.NB,0,0,0,0,0,0,0,False,0
us,BRKB,1,3,0,2,1,4,3,True,7
us,BRKB.NB,0,0,0,0,0,0,0,False,0
us,BRKH,0,0,0,0,0,0,0,False,0
us,BRKHM,0,0,0,0,0,0,0,False,0
us,BRKL,0,0,0,2,1,2,2,False,3
us,BRKL.NB,0,0,0,0,0,0,0,False,0
us,BRKR,1,3,0,2,1,4,3,True,7
us,BRKR.NB,0,0,0,0,0,0,0,False,0
us,BRKRP,0,3,0,1,0,2,2,False,4
us,BRLS,1,2,0,2,1,4,3,True,6
us,BRLS.NB,0,0,0,0,0,0,0,False,0
us,BRLSW,0,2,0,2,1,3,3,True,5
us,BRLT,1,3,0,2,1,4,3,True,7
us,BRLT.NB,0,0,0,0,0,0,0,False,0
us,BRMK.NB,0,0,0,0,0,0,0,False,0
us,BRN,1,0,0,2,1,3,2,False,4
us,BRN.NB,0,0,0,0,0,0,0,False,0
us,BRNS,1,3,0,2,1,4,3,True,7
us,BRNS.NB,0,0,0,0,0,0,0,False,0
us,BRO,1,0,0,2,1,3,2,False,4
us,BRO.NB,0,0,0,0,0,0,0,False,0
us,BROS,1,3,0,2,1,4,3,True,7
us,BROS.NB,0,0,0,0,0,0,0,False,0
us,BRP.NB,0,0,0,0,0,0,0,False,0
us,BRR,1,1,0,2,0,3,2,False,4
us,BRR.NB,0,0,0,0,0,0,0,False,0
us,BRRWW,0,2,0,2,0,2,2,False,4
us,BRSH,1,0,0,2,1,3,2,False,4
us,BRSH.NB,0,0,0,0,0,0,0,False,0
us,BRSL,1,3,0,2,1,4,3,True,7
us,BRSL.NB,0,0,0,0,0,0,0,False,0
us,BRSP,1,1,0,2,1,4,3,True,5
us,BRSP.NB,0,0,0,0,0,0,0,False,0
us,BRT,1,3,0,2,1,4,3,True,7
us,BRT.NB,0,0,0,0,0,0,0,False,0
us,BRTH,1,0,0,0,0,1,0,False,1
us,BRTH.NB,0,0,0,0,0,0,0,False,0
us,BRTX,1,3,0,2,1,4,3,True,7
us,BRTX.NB,0,0,0,0,0,0,0,False,0
us,BRUN,1,1,0,2,0,3,2,False,4
us,BRUN.NB,0,0,0,0,0,0,0,False,0
us,BRUNW,0,2,0,2,0,2,2,False,4
us,BRX,1,0,0,2,1,3,2,False,4
us,BRX.NB,0,0,0,0,0,0,0,False,0
us,BRY,1,0,0,2,1,3,2,False,4
us,BRY.NB,0,0,0,0,0,0,0,False,0
us,BRZE,1,3,0,2,1,4,3,True,7
us,BRZE.NB,0,0,0,0,0,0,0,False,0
us,BSAA,1,0,0,1,0,2,1,False,2
us,BSAA.NB,0,0,0,0,0,0,0,False,0
us,BSAAR,0,0,0,1,0,1,1,False,1
us,BSAAU,0,0,0,2,0,1,1,False,2
us,BSAC,1,3,0,2,1,4,3,True,7
us,BSAC.NB,0,0,0,0,0,0,0,False,0
us,BSBK,1,3,0,2,1,4,3,True,7
us,BSBK.NB,0,0,0,0,0,0,0,False,0
us,BSBR,0,0,0,2,1,2,2,False,3
us,BSBR.NB,0,0,0,0,0,0,0,False,0
us,BSET,1,0,0,2,1,3,2,False,4
us,BSET.NB,0,0,0,0,0,0,0,False,0
us,BSFC,1,2,0,2,1,4,3,True,6
us,BSFC.NB,0,0,0,0,0,0,0,False,0
us,BSIN,1,0,0,2,1,3,2,False,4
us,BSIN.NB,0,0,0,0,0,0,0,False,0
us,BSLK,0,0,0,2,1,2,2,False,3
us,BSLKW,0,0,0,0,0,0,0,False,0
us,BSME,0,0,0,0,0,0,0,False,0
us,BSP,0,0,0,0,0,0,0,False,0
us,BSQR.NB,0,0,0,0,0,0,0,False,0
us,BSRR,0,1,0,2,1,3,3,True,4
us,BSRR.NB,0,0,0,0,0,0,0,False,0
us,BSVN,1,0,0,2,1,3,2,False,4
us,BSVN.NB,0,0,0,0,0,0,0,False,0
us,BSX,1,1,0,2,1,4,3,True,5
us,BSX.NB,0,0,0,0,0,0,0,False,0
us,BSX_PA,0,0,0,0,0,0,0,False,0
us,BSY,1,3,0,2,1,4,3,True,7
us,BSY.NB,0,0,0,0,0,0,0,False,0
us,BTA,1,0,0,2,1,3,2,False,4
us,BTA.NB,0,0,0,0,0,0,0,False,0
us,BTAI,1,2,0,2,1,4,3,True,6
us,BTAI.NB,0,0,0,0,0,0,0,False,0
us,BTBD,1,0,0,2,1,3,2,False,4
us,BTBD.NB,0,0,0,0,0,0,0,False,0
us,BTBDW,0,3,0,2,1,3,3,True,6
us,BTBT,1,3,0,2,1,4,3,True,7
us,BTBT.NB,0,0,0,0,0,0,0,False,0
us,BTCS,1,3,0,2,1,4,3,True,7
us,BTCS.NB,0,0,0,0,0,0,0,False,0
us,BTCT,1,3,0,2,1,4,3,True,7
us,BTCT.NB,0,0,0,0,0,0,0,False,0
us,BTCY,1,2,0,2,1,4,3,True,6
us,BTCY.NB,0,0,0,0,0,0,0,False,0
us,BTDR,1,3,0,2,1,4,3,True,7
us,BTDR.NB,0,0,0,0,0,0,0,False,0
us,BTE,1,2,0,2,1,4,3,True,6
us,BTE.NB,0,0,0,0,0,0,0,False,0
us,BTFT,1,0,0,0,0,1,0,False,1
us,BTFT.NB,0,0,0,0,0,0,0,False,0
us,BTG,1,3,0,2,1,4,3,True,7
us,BTG.NB,0,0,0,0,0,0,0,False,0
us,BTGO,1,3,0,1,0,3,2,False,5
us,BTGO.NB,0,0,0,0,0,0,0,False,0
us,BTI,1,3,0,2,1,4,3,True,7
us,BTI.NB,0,0,0,0,0,0,0,False,0
us,BTM,1,3,0,2,1,4,3,True,7
us,BTM.NB,0,0,0,0,0,0,0,False,0
us,BTMD,1,2,0,2,1,4,3,True,6
us,BTMD.NB,0,0,0,0,0,0,0,False,0
us,BTMWW,0,3,0,2,1,3,3,True,6
us,BTOC,1,0,0,2,0,2,1,False,3
us,BTOC.NB,0,0,0,0,0,0,0,False,0
us,BTOG,1,3,0,2,1,4,3,True,7
us,BTOG.NB,0,0,0,0,0,0,0,False,0
us,BTQ,1,3,0,2,0,3,2,False,6
us,BTQ.NB,0,0,0,0,0,0,0,False,0
us,BTSG,1,0,0,2,0,2,1,False,3
us,BTSG.NB,0,0,0,0,0,0,0,False,0
us,BTSGU,0,3,0,2,0,2,2,False,5
us,BTTC,1,1,0,1,0,3,2,False,3
us,BTTC.NB,0,0,0,0,0,0,0,False,0
us,BTU,1,3,0,2,1,4,3,True,7
us,BTU.NB,0,0,0,0,0,0,0,False,0
us,BUD,1,3,0,2,1,4,3,True,7
us,BUD.NB,0,0,0,0,0,0,0,False,0
us,BUDA,1,0,0,1,0,2,1,False,2
us,BUDA.NB,0,0,0,0,0,0,0,False,0
us,BULL,1,0,0,2,1,3,2,False,4
us,BULL.NB,0,0,0,0,0,0,0,False,0
us,BULLW,0,3,0,2,1,3,3,True,6
us,BULZ,0,3,0,2,1,3,3,True,6
us,BUR,1,3,0,2,1,4,3,True,7
us,BUR.NB,0,0,0,0,0,0,0,False,0
us,BURL,1,3,0,2,1,4,3,True,7
us,BURL.NB,0,0,0,0,0,0,0,False,0
us,BURU,1,2,0,2,1,4,3,True,6
us,BURU.NB,0,0,0,0,0,0,0,False,0
us,BUSE,0,3,0,2,1,3,3,True,6
us,BUSE.NB,0,0,0,0,0,0,0,False,0
us,BUSEP,0,3,0,0,0,1,1,False,3
us,BUUU,1,2,0,1,0,3,2,False,4
us,BUUU.NB,0,0,0,0,0,0,0,False,0
us,BV,1,0,0,2,1,3,2,False,4
us,BV.NB,0,0,0,0,0,0,0,False,0
us,BVC,1,3,0,2,1,4,3,True,7
us,BVC.NB,0,0,0,0,0,0,0,False,0
us,BVFL,0,1,0,2,1,3,3,True,4
us,BVFL.NB,0,0,0,0,0,0,0,False,0
us,BVH.NB,0,0,0,0,0,0,0,False,0
us,BVN,1,1,0,2,1,4,3,True,5
us,BVN.NB,0,0,0,0,0,0,0,False,0
us,BVS,1,3,0,2,1,4,3,True,7
us,BVS.NB,0,0,0,0,0,0,0,False,0
us,BW,1,0,0,2,1,3,2,False,4
us,BW.NB,0,0,0,0,0,0,0,False,0
us,BWA,1,3,0,2,1,4,3,True,7
us,BWA.NB,0,0,0,0,0,0,0,False,0
us,BWAY,1,3,0,2,1,4,3,True,7
us,BWAY.NB,0,0,0,0,0,0,0,False,0
us,BWB,1,3,0,2,1,4,3,True,7
us,BWB.NB,0,0,0,0,0,0,0,False,0
us,BWBBP,0,3,0,2,1,3,3,True,6
us,BWEN,1,3,0,2,1,4,3,True,7
us,BWEN.NB,0,0,0,0,0,0,0,False,0
us,BWFG,0,0,0,2,1,2,2,False,3
us,BWFG.NB,0,0,0,0,0,0,0,False,0
us,BWGC,0,0,0,0,0,0,0,False,0
us,BWIN,1,3,0,2,1,4,3,True,7
us,BWIN.NB,0,0,0,0,0,0,0,False,0
us,BWIV,0,0,0,0,0,0,0,False,0
us,BWIV_T,0,0,0,0,0,0,0,False,0
us,BWLP,1,3,0,2,1,4,3,True,7
us,BWLP.NB,0,0,0,0,0,0,0,False,0
us,BWMN,1,3,0,2,1,4,3,True,7
us,BWMN.NB,0,0,0,0,0,0,0,False,0
us,BWMX,1,1,0,2,1,4,3,True,5
us,BWMX.NB,0,0,0,0,0,0,0,False,0
us,BWNB,0,2,0,2,1,3,3,True,5
us,BWXT,1,3,0,2,1,4,3,True,7
us,BWXT.NB,0,0,0,0,0,0,0,False,0
us,BW_PA,1,2,0,2,1,4,3,True,6
us,BW_PA.NB,0,0,0,0,0,0,0,False,0
us,BX,1,0,0,2,1,3,2,False,4
us,BX.NB,0,0,0,0,0,0,0,False,0
us,BXBL,0,0,0,0,0,0,0,False,0
us,BXC,1,3,0,2,1,4,3,True,7
us,BXC.NB,0,0,0,0,0,0,0,False,0
us,BXDC,0,0,0,0,0,0,0,False,0
us,BXMT,1,0,0,2,1,3,2,False,4
us,BXMT.NB,0,0,0,0,0,0,0,False,0
us,BXP,1,3,0,2,1,4,3,True,7
us,BXP.NB,0,0,0,0,0,0,0,False,0
us,BXP_PB,0,0,0,0,0,0,0,False,0
us,BXRX.NB,0,0,0,0,0,0,0,False,0
us,BXSL,1,3,0,2,1,4,3,True,7
us,BXSL.NB,0,0,0,0,0,0,0,False,0
us,BXS_PA,0,0,0,0,0,0,0,False,0
us,BXS_PA.NB,0,0,0,0,0,0,0,False,0
us,BY,0,0,0,2,1,2,2,False,3
us,BY.NB,0,0,0,0,0,0,0,False,0
us,BYAH,1,3,0,2,0,3,2,False,6
us,BYAH.NB,0,0,0,0,0,0,0,False,0
us,BYD,1,1,0,2,1,4,3,True,5
us,BYD.NB,0,0,0,0,0,0,0,False,0
us,BYFC,0,3,0,2,1,3,3,True,6
us,BYFC.NB,0,0,0,0,0,0,0,False,0
us,BYM,1,0,0,2,1,3,2,False,4
us,BYM.NB,0,0,0,0,0,0,0,False,0
us,BYND,1,2,0,2,1,4,3,True,6
us,BYND.NB,0,0,0,0,0,0,0,False,0
us,BYNO,1,0,0,2,1,3,2,False,4
us,BYNO.NB,0,0,0,0,0,0,0,False,0
us,BYRN,1,0,0,2,1,3,2,False,4
us,BYRN.NB,0,0,0,0,0,0,0,False,0
us,BYSI,1,2,0,2,1,4,3,True,6
us,BYSI.NB,0,0,0,0,0,0,0,False,0
us,BYU,0,0,0,2,1,2,2,False,3
us,BZ,1,2,0,2,1,4,3,True,6
us,BZ.NB,0,0,0,0,0,0,0,False,0
us,BZAI,1,0,0,2,1,3,2,False,4
us,BZAI.NB,0,0,0,0,0,0,0,False,0
us,BZAIW,0,3,0,2,1,3,3,True,6
us,BZFD,1,0,0,2,1,3,2,False,4
us,BZFD.NB,0,0,0,0,0,0,0,False,0
us,BZFDW,0,3,0,2,1,3,3,True,6
us,BZFL,0,0,0,0,0,0,0,False,0
us,BZH,1,0,0,2,1,3,2,False,4
us,BZH.NB,0,0,0,0,0,0,0,False,0
us,BZUN,1,3,0,2,1,4,3,True,7
us,BZUN.NB,0,0,0,0,0,0,0,False,0
us,C,0,2,0,2,1,3,3,True,5
us,C.NB,0,0,0,0,0,0,0,False,0
us,CAAP,1,3,0,2,1,4,3,True,7
us,CAAP.NB,0,0,0,0,0,0,0,False,0
us,CAAS,1,3,0,2,1,4,3,True,7
us,CAAS.NB,0,0,0,0,0,0,0,False,0
us,CABA,1,2,0,2,1,4,3,True,6
us,CABA.NB,0,0,0,0,0,0,0,False,0
us,CABO,1,3,0,2,1,4,3,True,7
us,CABO.NB,0,0,0,0,0,0,0,False,0
us,CABR,1,2,0,2,0,3,2,False,5
us,CABR.NB,0,0,0,0,0,0,0,False,0
us,CAC,1,3,0,2,1,4,3,True,7
us,CAC.NB,0,0,0,0,0,0,0,False,0
us,CACC,1,3,0,2,1,4,3,True,7
us,CACC.NB,0,0,0,0,0,0,0,False,0
us,CACI,1,0,0,2,1,3,2,False,4
us,CACI.NB,0,0,0,0,0,0,0,False,0
us,CADE,0,0,0,2,1,2,2,False,3
us,CADE_PA,0,0,0,2,1,2,2,False,3
us,CADL,1,2,0,2,1,4,3,True,6
us,CADL.NB,0,0,0,0,0,0,0,False,0
us,CAE,1,3,0,2,1,4,3,True,7
us,CAE.NB,0,0,0,0,0,0,0,False,0
us,CAEP,1,2,0,2,0,3,2,False,5
us,CAEP.NB,0,0,0,0,0,0,0,False,0
us,CAES,0,0,0,0,0,0,0,False,0
us,CAG,1,3,0,2,1,4,3,True,7
us,CAG.NB,0,0,0,0,0,0,0,False,0
us,CAH,1,0,0,2,1,3,2,False,4
us,CAH.NB,0,0,0,0,0,0,0,False,0
us,CAI,1,3,0,2,0,3,2,False,6
us,CAI.NB,0,0,0,0,0,0,0,False,0
us,CAII,0,1,0,0,0,1,1,False,1
us,CAJ.NB,0,0,0,0,0,0,0,False,0
us,CAKE,1,3,0,2,1,4,3,True,7
us,CAKE.NB,0,0,0,0,0,0,0,False,0
us,CAL,1,3,0,2,1,4,3,True,7
us,CAL.NB,0,0,0,0,0,0,0,False,0
us,CALB,1,0,0,2,1,3,2,False,4
us,CALB.NB,0,0,0,0,0,0,0,False,0
us,CALC,1,1,0,2,1,4,3,True,5
us,CALC.NB,0,0,0,0,0,0,0,False,0
us,CALM,1,3,0,2,1,4,3,True,7
us,CALM.NB,0,0,0,0,0,0,0,False,0
us,CALT,0,0,0,2,1,2,2,False,3
us,CALX,1,0,0,2,1,3,2,False,4
us,CALX.NB,0,0,0,0,0,0,0,False,0
us,CALY,1,0,0,2,1,3,2,False,4
us,CALY.NB,0,0,0,0,0,0,0,False,0
us,CAMP,1,3,0,2,0,3,2,False,6
us,CAMP.NB,0,0,0,0,0,0,0,False,0
us,CAMT,1,3,0,2,1,4,3,True,7
us,CAMT.NB,0,0,0,0,0,0,0,False,0
us,CAN,1,3,0,2,1,4,3,True,7
us,CAN.NB,0,0,0,0,0,0,0,False,0
us,CANF,1,3,0,2,1,4,3,True,7
us,CANF.NB,0,0,0,0,0,0,0,False,0
us,CANG,1,3,0,2,1,4,3,True,7
us,CANG.NB,0,0,0,0,0,0,0,False,0
us,CAPN,1,0,0,2,0,2,1,False,3
us,CAPN.NB,0,0,0,0,0,0,0,False,0
us,CAPNR,0,2,0,2,0,2,2,False,4
us,CAPNU,0,2,0,2,0,2,2,False,4
us,CAPR,1,3,0,2,1,4,3,True,7
us,CAPR.NB,0,0,0,0,0,0,0,False,0
us,CAPS,1,3,0,2,0,3,2,False,6
us,CAPS.NB,0,0,0,0,0,0,0,False,0
us,CAPT,1,0,0,2,1,3,2,False,4
us,CAPT.NB,0,0,0,0,0,0,0,False,0
us,CAPTW,0,0,0,0,0,0,0,False,0
us,CAQ,0,0,0,0,0,0,0,False,0
us,CAQUW,0,0,0,0,0,0,0,False,0
us,CAR,1,0,0,2,1,3,2,False,4
us,CAR.NB,0,0,0,0,0,0,0,False,0
us,CARD,0,3,0,2,0,2,2,False,5
us,CARE,0,3,0,2,1,3,3,True,6
us,CARE.NB,0,0,0,0,0,0,0,False,0
us,CARG,1,3,0,2,1,4,3,True,7
us,CARG.NB,0,0,0,0,0,0,0,False,0
us,CARL,1,3,0,2,0,3,2,False,6
us,CARL.NB,0,0,0,0,0,0,0,False,0
us,CARM,0,1,0,2,1,3,3,True,4
us,CARR,1,3,0,2,1,4,3,True,7
us,CARR.NB,0,0,0,0,0,0,0,False,0
us,CARS,1,3,0,2,1,4,3,True,7
us,CARS.NB,0,0,0,0,0,0,0,False,0
us,CART,1,3,0,2,0,3,2,False,6
us,CART.NB,0,0,0,0,0,0,0,False,0
us,CARU,0,3,0,2,0,2,2,False,5
us,CARV,0,0,0,2,1,2,2,False,3
us,CARV.NB,0,0,0,0,0,0,0,False,0
us,CASH,1,0,0,2,1,3,2,False,4
us,CASH.NB,0,0,0,0,0,0,0,False,0
us,CASI,1,3,0,2,1,4,3,True,7
us,CASI.NB,0,0,0,0,0,0,0,False,0
us,CASS,1,0,0,2,1,3,2,False,4
us,CASS.NB,0,0,0,0,0,0,0,False,0
us,CAST,1,0,0,0,0,1,0,False,1
us,CAST.NB,0,0,0,0,0,0,0,False,0
us,CASY,1,3,0,2,1,4,3,True,7
us,CASY.NB,0,0,0,0,0,0,0,False,0
us,CAT,1,3,0,2,1,4,3,True,7
us,CAT.NB,0,0,0,0,0,0,0,False,0
us,CATC,0,0,0,2,1,2,2,False,3
us,CATC.NB,0,0,0,0,0,0,0,False,0
us,CATO,1,3,0,2,1,4,3,True,7
us,CATO.NB,0,0,0,0,0,0,0,False,0
us,CATX,1,3,0,2,1,4,3,True,7
us,CATX.NB,0,0,0,0,0,0,0,False,0
us,CATY,0,0,0,2,1,2,2,False,3
us,CATY.NB,0,0,0,0,0,0,0,False,0
us,CAUD,0,0,0,2,0,1,1,False,2
us,CAVA,1,3,0,2,0,3,2,False,6
us,CAVA.NB,0,0,0,0,0,0,0,False,0
us,CB,1,1,0,2,1,4,3,True,5
us,CB.NB,0,0,0,0,0,0,0,False,0
us,CBAN,0,0,0,2,1,2,2,False,3
us,CBAN.NB,0,0,0,0,0,0,0,False,0
us,CBAT,1,3,0,2,1,4,3,True,7
us,CBAT.NB,0,0,0,0,0,0,0,False,0
us,CBAY.NB,0,0,0,0,0,0,0,False,0
us,CBB.NB,0,0,0,0,0,0,0,False,0
us,CBB_PB,1,0,0,0,0,1,0,False,1
us,CBB_PB.NB,0,0,0,0,0,0,0,False,0
us,CBC,1,3,0,2,1,4,3,True,7
us,CBC.NB,0,0,0,0,0,0,0,False,0
us,CBD.NB,0,0,0,0,0,0,0,False,0
us,CBFV,0,1,0,2,1,3,3,True,4
us,CBFV.NB,0,0,0,0,0,0,0,False,0
us,CBIO,1,2,0,2,1,4,3,True,6
us,CBIO.NB,0,0,0,0,0,0,0,False,0
us,CBK,0,3,0,1,0,2,2,False,4
us,CBK.NB,0,0,0,0,0,0,0,False,0
us,CBL,1,3,0,2,1,4,3,True,7
us,CBL.NB,0,0,0,0,0,0,0,False,0
us,CBLL,1,3,0,2,0,3,2,False,6
us,CBLL.NB,0,0,0,0,0,0,0,False,0
us,CBL_PD,1,0,0,0,0,1,0,False,1
us,CBL_PD.NB,0,0,0,0,0,0,0,False,0
us,CBL_PE,1,0,0,0,0,1,0,False,1
us,CBL_PE.NB,0,0,0,0,0,0,0,False,0
us,CBNA,0,3,0,2,0,2,2,False,5
us,CBNA.NB,0,0,0,0,0,0,0,False,0
us,CBNK,0,2,0,2,1,3,3,True,5
us,CBNK.NB,0,0,0,0,0,0,0,False,0
us,CBOE,1,3,0,2,1,4,3,True,7
us,CBOE.NB,0,0,0,0,0,0,0,False,0
us,CBRE,1,0,0,2,1,3,2,False,4
us,CBRE.NB,0,0,0,0,0,0,0,False,0
us,CBRG,1,0,0,2,1,3,2,False,4
us,CBRG.NB,0,0,0,0,0,0,0,False,0
us,CBRL,1,1,0,2,1,4,3,True,5
us,CBRL.NB,0,0,0,0,0,0,0,False,0
us,CBRS,0,2,0,0,0,1,1,False,2
us,CBSH,0,0,0,2,1,2,2,False,3
us,CBSH.NB,0,0,0,0,0,0,0,False,0
us,CBSHP,0,0,0,0,0,0,0,False,0
us,CBSHP.NB,0,0,0,0,0,0,0,False,0
us,CBT,1,0,0,2,1,3,2,False,4
us,CBT.NB,0,0,0,0,0,0,0,False,0
us,CBU,1,3,0,2,1,4,3,True,7
us,CBU.NB,0,0,0,0,0,0,0,False,0
us,CBUS,1,3,0,2,1,4,3,True,7
us,CBUS.NB,0,0,0,0,0,0,0,False,0
us,CBZ,1,3,0,2,1,4,3,True,7
us,CBZ.NB,0,0,0,0,0,0,0,False,0
us,CC,1,3,0,2,1,4,3,True,7
us,CC.NB,0,0,0,0,0,0,0,False,0
us,CCAP,1,0,0,2,1,3,2,False,4
us,CCAP.NB,0,0,0,0,0,0,0,False,0
us,CCAQ,1,0,0,2,0,2,1,False,3
us,CCAQ.NB,0,0,0,0,0,0,0,False,0
us,CCAQU,0,0,0,2,0,1,1,False,2
us,CCAQW,0,0,0,2,0,1,1,False,2
us,CCB,0,1,0,2,1,3,3,True,4
us,CCB.NB,0,0,0,0,0,0,0,False,0
us,CCBG,1,0,0,2,1,3,2,False,4
us,CCBG.NB,0,0,0,0,0,0,0,False,0
us,CCC,1,3,0,2,1,4,3,True,7
us,CCC.NB,0,0,0,0,0,0,0,False,0
us,CCCC,1,3,0,2,1,4,3,True,7
us,CCCC.NB,0,0,0,0,0,0,0,False,0
us,CCCX,1,2,0,0,0,2,1,False,3
us,CCCX.NB,0,0,0,0,0,0,0,False,0
us,CCCXW,0,2,0,0,0,1,1,False,2
us,CCEC,1,3,0,2,1,4,3,True,7
us,CCEC.NB,0,0,0,0,0,0,0,False,0
us,CCEL,1,0,0,2,1,3,2,False,4
us,CCEL.NB,0,0,0,0,0,0,0,False,0
us,CCEP,1,3,0,2,1,4,3,True,7
us,CCEP.NB,0,0,0,0,0,0,0,False,0
us,CCF.NB,0,0,0,0,0,0,0,False,0
us,CCG,1,3,0,2,1,4,3,True,7
us,CCG.NB,0,0,0,0,0,0,0,False,0
us,CCGWW,0,2,0,2,1,3,3,True,5
us,CCHH,1,3,0,1,0,3,2,False,5
us,CCHH.NB,0,0,0,0,0,0,0,False,0
us,CCI,1,0,0,2,1,3,2,False,4
us,CCI.NB,0,0,0,0,0,0,0,False,0
us,CCIA,0,0,0,2,0,1,1,False,2
us,CCID,0,0,0,1,0,1,1,False,1
us,CCIF.NB,0,0,0,0,0,0,0,False,0
us,CCII,1,0,0,1,0,2,1,False,2
us,CCII.NB,0,0,0,0,0,0,0,False,0
us,CCIIU,0,2,0,1,0,2,2,False,3
us,CCIIW,0,2,0,1,0,2,2,False,3
us,CCIX,1,0,0,2,0,2,1,False,3
us,CCIX.NB,0,0,0,0,0,0,0,False,0
us,CCIXU,1,2,0,2,0,3,2,False,5
us,CCIXU.NB,0,0,0,0,0,0,0,False,0
us,CCIXW,0,2,0,2,0,2,2,False,4
us,CCI_PA,0,0,0,0,0,0,0,False,0
us,CCJ,1,3,0,2,1,4,3,True,7
us,CCJ.NB,0,0,0,0,0,0,0,False,0
us,CCK,1,0,0,2,1,3,2,False,4
us,CCK.NB,0,0,0,0,0,0,0,False,0
us,CCL,1,0,0,2,1,3,2,False,4
us,CCL.NB,0,0,0,0,0,0,0,False,0
us,CCLD,1,3,0,2,1,4,3,True,7
us,CCLD.NB,0,0,0,0,0,0,0,False,0
us,CCLDO,0,3,0,2,1,3,3,True,6
us,CCLDP,0,0,0,0,0,0,0,False,0
us,CCLV,0,0,0,0,0,0,0,False,0
us,CCM,1,2,0,2,1,4,3,True,6
us,CCM.NB,0,0,0,0,0,0,0,False,0
us,CCNE,0,0,0,2,1,2,2,False,3
us,CCNE.NB,0,0,0,0,0,0,0,False,0
us,CCNEP,0,0,0,2,1,2,2,False,3
us,CCO,1,2,0,2,1,4,3,True,6
us,CCO.NB,0,0,0,0,0,0,0,False,0
us,CCOI,1,2,0,2,1,4,3,True,6
us,CCOI.NB,0,0,0,0,0,0,0,False,0
us,CCRD,0,0,0,2,1,2,2,False,3
us,CCRN,1,3,0,2,1,4,3,True,7
us,CCRN.NB,0,0,0,0,0,0,0,False,0
us,CCS,1,0,0,2,1,3,2,False,4
us,CCS.NB,0,0,0,0,0,0,0,False,0
us,CCSI,1,3,0,2,1,4,3,True,7
us,CCSI.NB,0,0,0,0,0,0,0,False,0
us,CCTG,1,3,0,2,0,3,2,False,6
us,CCTG.NB,0,0,0,0,0,0,0,False,0
us,CCTS,1,0,0,2,0,2,1,False,3
us,CCTS.NB,0,0,0,0,0,0,0,False,0
us,CCU,1,3,0,2,1,4,3,True,7
us,CCU.NB,0,0,0,0,0,0,0,False,0
us,CCXI,1,0,0,0,0,1,0,False,1
us,CCXI.NB,0,0,0,0,0,0,0,False,0
us,CCXIU,1,0,0,0,0,1,0,False,1
us,CCXIU.NB,0,0,0,0,0,0,0,False,0
us,CCXIW,0,0,0,0,0,0,0,False,0
us,CD,1,3,0,2,1,4,3,True,7
us,CD.NB,0,0,0,0,0,0,0,False,0
us,CDAQ,1,0,0,2,0,2,1,False,3
us,CDAQ.NB,0,0,0,0,0,0,0,False,0
us,CDE,1,3,0,2,1,4,3,True,7
us,CDE.NB,0,0,0,0,0,0,0,False,0
us,CDIO,1,0,0,2,1,3,2,False,4
us,CDIO.NB,0,0,0,0,0,0,0,False,0
us,CDIOW,0,3,0,2,1,3,3,True,6
us,CDLR,1,3,0,2,0,3,2,False,6
us,CDLR.NB,0,0,0,0,0,0,0,False,0
us,CDLX,1,2,0,2,1,4,3,True,6
us,CDLX.NB,0,0,0,0,0,0,0,False,0
us,CDMO,1,0,0,2,1,3,2,False,4
us,CDMO.NB,0,0,0,0,0,0,0,False,0
us,CDNA,1,3,0,2,1,4,3,True,7
us,CDNA.NB,0,0,0,0,0,0,0,False,0
us,CDNL,1,2,0,1,0,3,2,False,4
us,CDNL.NB,0,0,0,0,0,0,0,False,0
us,CDNS,1,0,0,2,1,3,2,False,4
us,CDNS.NB,0,0,0,0,0,0,0,False,0
us,CDP,1,0,0,2,1,3,2,False,4
us,CDP.NB,0,0,0,0,0,0,0,False,0
us,CDRE,1,3,0,2,1,4,3,True,7
us,CDRE.NB,0,0,0,0,0,0,0,False,0
us,CDRO,1,0,0,2,1,3,2,False,4
us,CDRO.NB,0,0,0,0,0,0,0,False,0
us,CDROW,0,1,0,2,1,3,3,True,4
us,CDR_PB,1,2,0,2,1,4,3,True,6
us,CDR_PB.NB,0,0,0,0,0,0,0,False,0
us,CDR_PC,1,2,0,2,1,4,3,True,6
us,CDR_PC.NB,0,0,0,0,0,0,0,False,0
us,CDT,1,1,0,2,1,4,3,True,5
us,CDT.NB,0,0,0,0,0,0,0,False,0
us,CDTG,1,3,0,2,0,3,2,False,6
us,CDTG.NB,0,0,0,0,0,0,0,False,0
us,CDTTW,0,1,0,2,1,3,3,True,4
us,CDTX,1,0,0,2,1,3,2,False,4
us,CDTX.NB,0,0,0,0,0,0,0,False,0
us,CDW,1,3,0,2,1,4,3,True,7
us,CDW.NB,0,0,0,0,0,0,0,False,0
us,CDXS,1,3,0,2,1,4,3,True,7
us,CDXS.NB,0,0,0,0,0,0,0,False,0
us,CDZI,1,3,0,2,1,4,3,True,7
us,CDZI.NB,0,0,0,0,0,0,0,False,0
us,CDZIP,0,3,0,2,1,3,3,True,6
us,CE,1,3,0,2,1,4,3,True,7
us,CE.NB,0,0,0,0,0,0,0,False,0
us,CECO,1,3,0,2,1,4,3,True,7
us,CECO.NB,0,0,0,0,0,0,0,False,0
us,CEFD,0,0,0,2,1,2,2,False,3
us,CEG,1,3,0,2,1,4,3,True,7
us,CEG.NB,0,0,0,0,0,0,0,False,0
us,CEI,1,0,0,2,1,3,2,False,4
us,CEI.NB,0,0,0,0,0,0,0,False,0
us,CEL,1,0,0,0,0,1,0,False,1
us,CEL.NB,0,0,0,0,0,0,0,False,0
us,CELC,1,2,0,2,1,4,3,True,6
us,CELC.NB,0,0,0,0,0,0,0,False,0
us,CELG_R,0,3,0,2,1,3,3,True,6
us,CELH,1,3,0,2,1,4,3,True,7
us,CELH.NB,0,0,0,0,0,0,0,False,0
us,CELU,1,2,0,2,1,4,3,True,6
us,CELU.NB,0,0,0,0,0,0,0,False,0
us,CELUW,0,3,0,2,1,3,3,True,6
us,CELZ,1,3,0,2,1,4,3,True,7
us,CELZ.NB,0,0,0,0,0,0,0,False,0
us,CENN,1,3,0,2,1,4,3,True,7
us,CENN.NB,0,0,0,0,0,0,0,False,0
us,CENT,1,0,0,2,1,3,2,False,4
us,CENT.NB,0,0,0,0,0,0,0,False,0
us,CENTA,1,0,0,2,1,3,2,False,4
us,CENTA.NB,0,0,0,0,0,0,0,False,0
us,CENX,1,3,0,2,1,4,3,True,7
us,CENX.NB,0,0,0,0,0,0,0,False,0
us,CEPF,1,2,0,1,0,3,2,False,4
us,CEPF.NB,0,0,0,0,0,0,0,False,0
us,CEPL,0,2,0,2,0,2,2,False,4
us,CEPO,1,2,0,2,0,3,2,False,5
us,CEPO.NB,0,0,0,0,0,0,0,False,0
us,CEPS,1,1,0,0,0,2,1,False,2
us,CEPS.NB,0,0,0,0,0,0,0,False,0
us,CEPT,1,2,0,2,0,3,2,False,5
us,CEPT.NB,0,0,0,0,0,0,0,False,0
us,CEPU,1,3,0,2,1,4,3,True,7
us,CEPU.NB,0,0,0,0,0,0,0,False,0
us,CEPV,1,2,0,1,0,3,2,False,4
us,CEPV.NB,0,0,0,0,0,0,0,False,0
us,CERE,1,0,0,2,1,3,2,False,4
us,CERE.NB,0,0,0,0,0,0,0,False,0
us,CERO,0,0,0,2,1,2,2,False,3
us,CERS,1,3,0,2,1,4,3,True,7
us,CERS.NB,0,0,0,0,0,0,0,False,0
us,CERT,1,3,0,2,1,4,3,True,7
us,CERT.NB,0,0,0,0,0,0,0,False,0
us,CETX,1,0,0,2,1,3,2,False,4
us,CETX.NB,0,0,0,0,0,0,0,False,0
us,CETY,1,3,0,2,1,4,3,True,7
us,CETY.NB,0,0,0,0,0,0,0,False,0
us,CEVA,1,3,0,2,1,4,3,True,7
us,CEVA.NB,0,0,0,0,0,0,0,False,0
us,CF,1,3,0,2,1,4,3,True,7
us,CF.NB,0,0,0,0,0,0,0,False,0
us,CFB,1,0,0,2,1,3,2,False,4
us,CFB.NB,0,0,0,0,0,0,0,False,0
us,CFBK,0,3,0,2,1,3,3,True,6
us,CFBK.NB,0,0,0,0,0,0,0,False,0
us,CFFI,0,1,0,2,1,3,3,True,4
us,CFFI.NB,0,0,0,0,0,0,0,False,0
us,CFFN,0,1,0,2,1,3,3,True,4
us,CFFN.NB,0,0,0,0,0,0,0,False,0
us,CFFS,1,0,0,2,0,2,1,False,3
us,CFFS.NB,0,0,0,0,0,0,0,False,0
us,CFG,0,0,0,2,1,2,2,False,3
us,CFG.NB,0,0,0,0,0,0,0,False,0
us,CFG_PD,0,0,0,2,1,2,2,False,3
us,CFG_PD.NB,0,0,0,0,0,0,0,False,0
us,CFG_PE,0,0,0,2,1,2,2,False,3
us,CFG_PH,0,0,0,2,0,1,1,False,2
us,CFG_PI,0,0,0,2,0,1,1,False,2
us,CFLT,1,0,0,2,1,3,2,False,4
us,CFLT.NB,0,0,0,0,0,0,0,False,0
us,CFMS.NB,0,0,0,0,0,0,0,False,0
us,CFND,1,3,0,1,0,3,2,False,5
us,CFND.NB,0,0,0,0,0,0,0,False,0
us,CFR,0,3,0,2,1,3,3,True,6
us,CFR.NB,0,0,0,0,0,0,0,False,0
us,CFRX.NB,0,0,0,0,0,0,0,False,0
us,CFR_PA,0,0,0,0,0,0,0,False,0
us,CFR_PB,0,3,0,2,1,3,3,True,6
us,CFSB,1,0,0,2,1,3,2,False,4
us,CFSB.NB,0,0,0,0,0,0,0,False,0
us,CFTR_PA,0,0,0,0,0,0,0,False,0
us,CG,1,3,0,2,1,4,3,True,7
us,CG.NB,0,0,0,0,0,0,0,False,0
us,CGAU,1,1,0,2,1,4,3,True,5
us,CGAU.NB,0,0,0,0,0,0,0,False,0
us,CGBD,1,3,0,2,1,4,3,True,7
us,CGBD.NB,0,0,0,0,0,0,0,False,0
us,CGC,1,3,0,2,1,4,3,True,7
us,CGC.NB,0,0,0,0,0,0,0,False,0
us,CGCTU,0,2,0,2,0,2,2,False,4
us,CGCTW,0,2,0,2,0,2,2,False,4
us,CGEM,1,2,0,2,1,4,3,True,6
us,CGEM.NB,0,0,0,0,0,0,0,False,0
us,CGEN,1,3,0,2,1,4,3,True,7
us,CGEN.NB,0,0,0,0,0,0,0,False,0
us,CGGJ,1,0,0,0,0,1,0,False,1
us,CGGJ.NB,0,0,0,0,0,0,0,False,0
us,CGNT,1,3,0,2,1,4,3,True,7
us,CGNT.NB,0,0,0,0,0,0,0,False,0
us,CGNX,1,3,0,2,1,4,3,True,7
us,CGNX.NB,0,0,0,0,0,0,0,False,0
us,CGON,1,3,0,2,0,3,2,False,6
us,CGON.NB,0,0,0,0,0,0,0,False,0
us,CGRD,0,0,0,0,0,0,0,False,0
us,CGTL,1,3,0,2,0,3,2,False,6
us,CGTL.NB,0,0,0,0,0,0,0,False,0
us,CGTX,1,2,0,2,1,4,3,True,6
us,CGTX.NB,0,0,0,0,0,0,0,False,0
us,CHA,1,3,0,2,0,3,2,False,6
us,CHA.NB,0,0,0,0,0,0,0,False,0
us,CHACR,0,0,0,1,0,1,1,False,1
us,CHACU,0,0,0,1,0,1,1,False,1
us,CHAI,1,2,0,2,1,4,3,True,6
us,CHAI.NB,0,0,0,0,0,0,0,False,0
us,CHAR,1,1,0,2,0,3,2,False,4
us,CHAR.NB,0,0,0,0,0,0,0,False,0
us,CHARR,0,2,0,2,0,2,2,False,4
us,CHARU,0,2,0,2,0,2,2,False,4
us,CHCI,1,3,0,2,1,4,3,True,7
us,CHCI.NB,0,0,0,0,0,0,0,False,0
us,CHCO,0,0,0,2,1,2,2,False,3
us,CHCO.NB,0,0,0,0,0,0,0,False,0
us,CHCT,1,3,0,2,1,4,3,True,7
us,CHCT.NB,0,0,0,0,0,0,0,False,0
us,CHD,1,3,0,2,1,4,3,True,7
us,CHD.NB,0,0,0,0,0,0,0,False,0
us,CHDN,1,0,0,2,1,3,2,False,4
us,CHDN.NB,0,0,0,0,0,0,0,False,0
us,CHE,1,1,0,2,1,4,3,True,5
us,CHE.NB,0,0,0,0,0,0,0,False,0
us,CHEC,1,0,0,1,0,2,1,False,2
us,CHEC.NB,0,0,0,0,0,0,0,False,0
us,CHECU,0,0,0,0,0,0,0,False,0
us,CHECW,0,0,0,1,0,1,1,False,1
us,CHEF,1,0,0,2,1,3,2,False,4
us,CHEF.NB,0,0,0,0,0,0,0,False,0
us,CHEK,1,2,0,2,1,4,3,True,6
us,CHEK.NB,0,0,0,0,0,0,0,False,0
us,CHGA,1,0,0,2,1,3,2,False,4
us,CHGA.NB,0,0,0,0,0,0,0,False,0
us,CHGG,1,3,0,2,1,4,3,True,7
us,CHGG.NB,0,0,0,0,0,0,0,False,0
us,CHH,1,3,0,2,1,4,3,True,7
us,CHH.NB,0,0,0,0,0,0,0,False,0
us,CHIHO,0,0,0,0,0,0,0,False,0
us,CHK,1,0,0,2,1,3,2,False,4
us,CHK.NB,0,0,0,0,0,0,0,False,0
us,CHKP,1,3,0,2,1,4,3,True,7
us,CHKP.NB,0,0,0,0,0,0,0,False,0
us,CHK_PD,0,0,0,0,0,0,0,False,0
us,CHLW,0,0,0,0,0,0,0,False,0
us,CHMG,0,0,0,2,1,2,2,False,3
us,CHMG.NB,0,0,0,0,0,0,0,False,0
us,CHMI,1,3,0,2,1,4,3,True,7
us,CHMI.NB,0,0,0,0,0,0,0,False,0
us,CHMI_PA,1,3,0,2,1,4,3,True,7
us,CHMI_PA.NB,0,0,0,0,0,0,0,False,0
us,CHMI_PB,1,3,0,2,1,4,3,True,7
us,CHMI_PB.NB,0,0,0,0,0,0,0,False,0
us,CHNR,1,2,0,2,1,4,3,True,6
us,CHNR.NB,0,0,0,0,0,0,0,False,0
us,CHO,0,0,0,0,0,0,0,False,0
us,CHON,0,0,0,0,0,0,0,False,0
us,CHOW,1,3,0,1,0,3,2,False,5
us,CHOW.NB,0,0,0,0,0,0,0,False,0
us,CHPG,1,0,0,2,0,2,1,False,3
us,CHPG.NB,0,0,0,0,0,0,0,False,0
us,CHPGR,0,0,0,1,0,1,1,False,1
us,CHPGU,1,0,0,2,0,2,1,False,3
us,CHPGU.NB,0,0,0,0,0,0,0,False,0
us,CHPT,1,3,0,2,1,4,3,True,7
us,CHPT.NB,0,0,0,0,0,0,0,False,0
us,CHR,1,3,0,2,1,4,3,True,7
us,CHR.NB,0,0,0,0,0,0,0,False,0
us,CHRA.NB,0,0,0,0,0,0,0,False,0
us,CHRD,1,3,0,2,1,4,3,True,7
us,CHRD.NB,0,0,0,0,0,0,0,False,0
us,CHRN,1,0,0,2,1,3,2,False,4
us,CHRN.NB,0,0,0,0,0,0,0,False,0
us,CHRS,1,3,0,2,1,4,3,True,7
us,CHRS.NB,0,0,0,0,0,0,0,False,0
us,CHRW,1,2,0,2,1,4,3,True,6
us,CHRW.NB,0,0,0,0,0,0,0,False,0
us,CHSCL,1,0,0,2,1,3,2,False,4
us,CHSCL.NB,0,0,0,0,0,0,0,False,0
us,CHSCM,1,0,0,2,1,3,2,False,4
us,CHSCM.NB,0,0,0,0,0,0,0,False,0
us,CHSCN,1,0,0,2,1,3,2,False,4
us,CHSCN.NB,0,0,0,0,0,0,0,False,0
us,CHSCO,1,0,0,2,1,3,2,False,4
us,CHSCO.NB,0,0,0,0,0,0,0,False,0
us,CHSCP,1,0,0,2,1,3,2,False,4
us,CHSCP.NB,0,0,0,0,0,0,0,False,0
us,CHSN,1,3,0,2,1,4,3,True,7
us,CHSN.NB,0,0,0,0,0,0,0,False,0
us,CHT,1,3,0,2,1,4,3,True,7
us,CHT.NB,0,0,0,0,0,0,0,False,0
us,CHTR,1,0,0,2,1,3,2,False,4
us,CHTR.NB,0,0,0,0,0,0,0,False,0
us,CHUY,1,0,0,2,1,3,2,False,4
us,CHUY.NB,0,0,0,0,0,0,0,False,0
us,CHWY,1,3,0,2,1,4,3,True,7
us,CHWY.NB,0,0,0,0,0,0,0,False,0
us,CHYM,1,3,0,2,0,3,2,False,6
us,CHYM.NB,0,0,0,0,0,0,0,False,0
us,CI,1,3,0,2,1,4,3,True,7
us,CI.NB,0,0,0,0,0,0,0,False,0
us,CIA,1,3,0,2,1,4,3,True,7
us,CIA.NB,0,0,0,0,0,0,0,False,0
us,CIAN.NB,0,0,0,0,0,0,0,False,0
us,CIB,1,3,0,2,1,4,3,True,7
us,CIB.NB,0,0,0,0,0,0,0,False,0
us,CICB,0,3,0,2,0,2,2,False,5
us,CICC,0,3,0,0,0,1,1,False,3
us,CIEN,1,0,0,2,1,3,2,False,4
us,CIEN.NB,0,0,0,0,0,0,0,False,0
us,CIFR,1,3,0,2,1,4,3,True,7
us,CIFR.NB,0,0,0,0,0,0,0,False,0
us,CIG,1,3,0,2,1,4,3,True,7
us,CIG.NB,0,0,0,0,0,0,0,False,0
us,CIGC,1,3,0,2,1,4,3,True,7
us,CIGC.NB,0,0,0,0,0,0,0,False,0
us,CIGI,1,3,0,2,1,4,3,True,7
us,CIGI.NB,0,0,0,0,0,0,0,False,0
us,CIGL,1,3,0,2,0,3,2,False,6
us,CIGL.NB,0,0,0,0,0,0,0,False,0
us,CIIT,1,1,0,2,1,4,3,True,5
us,CIIT.NB,0,0,0,0,0,0,0,False,0
us,CIM,1,0,0,2,1,3,2,False,4
us,CIM.NB,0,0,0,0,0,0,0,False,0
us,CIMN,0,3,0,2,0,2,2,False,5
us,CIMO,0,3,0,2,0,2,2,False,5
us,CIMP,0,3,0,1,0,2,2,False,4
us,CIM_PA,1,3,0,2,1,4,3,True,7
us,CIM_PA.NB,0,0,0,0,0,0,0,False,0
us,CIM_PB,1,3,0,2,1,4,3,True,7
us,CIM_PB.NB,0,0,0,0,0,0,0,False,0
us,CIM_PC,1,3,0,2,1,4,3,True,7
us,CIM_PC.NB,0,0,0,0,0,0,0,False,0
us,CIM_PD,1,3,0,2,1,4,3,True,7
us,CIM_PD.NB,0,0,0,0,0,0,0,False,0
us,CINF,1,0,0,2,1,3,2,False,4
us,CINF.NB,0,0,0,0,0,0,0,False,0
us,CING,1,0,0,2,1,3,2,False,4
us,CING.NB,0,0,0,0,0,0,0,False,0
us,CINGW,0,2,0,2,1,3,3,True,5
us,CINT,1,3,0,2,1,4,3,True,7
us,CINT.NB,0,0,0,0,0,0,0,False,0
us,CIO,1,0,0,2,1,3,2,False,4
us,CIO.NB,0,0,0,0,0,0,0,False,0
us,CION,1,0,0,2,1,3,2,False,4
us,CION.NB,0,0,0,0,0,0,0,False,0
us,CIO_PA,1,0,0,2,1,3,2,False,4
us,CIO_PA.NB,0,0,0,0,0,0,0,False,0
us,CIRC,1,0,0,2,1,3,2,False,4
us,CIRC.NB,0,0,0,0,0,0,0,False,0
us,CISO,1,3,0,2,1,4,3,True,7
us,CISO.NB,0,0,0,0,0,0,0,False,0
us,CISS,1,3,0,2,0,3,2,False,6
us,CISS.NB,0,0,0,0,0,0,0,False,0
us,CITE,1,0,0,2,1,3,2,False,4
us,CITE.NB,0,0,0,0,0,0,0,False,0
us,CITR,1,3,0,2,1,4,3,True,7
us,CITR.NB,0,0,0,0,0,0,0,False,0
us,CIVB,0,0,0,2,1,2,2,False,3
us,CIVB.NB,0,0,0,0,0,0,0,False,0
us,CIVBP,0,0,0,0,0,0,0,False,0
us,CIVBP.NB,0,0,0,0,0,0,0,False,0
us,CIVI,0,0,0,2,1,2,2,False,3
us,CIX,1,3,0,2,1,4,3,True,7
us,CIX.NB,0,0,0,0,0,0,0,False,0
us,CIZN,0,0,0,0,0,0,0,False,0
us,CIZN.NB,0,0,0,0,0,0,0,False,0
us,CJMB,1,3,0,2,0,3,2,False,6
us,CJMB.NB,0,0,0,0,0,0,0,False,0
us,CJOY,0,0,0,0,0,0,0,False,0
us,CKHL,1,0,0,0,0,1,0,False,1
us,CKHL.NB,0,0,0,0,0,0,0,False,0
us,CKPT,1,0,0,2,1,3,2,False,4
us,CKPT.NB,0,0,0,0,0,0,0,False,0
us,CKX,1,3,0,2,1,4,3,True,7
us,CKX.NB,0,0,0,0,0,0,0,False,0
us,CL,1,3,0,2,1,4,3,True,7
us,CL.NB,0,0,0,0,0,0,0,False,0
us,CLAR,1,3,0,2,1,4,3,True,7
us,CLAR.NB,0,0,0,0,0,0,0,False,0
us,CLB,1,1,0,2,1,4,3,True,5
us,CLB.NB,0,0,0,0,0,0,0,False,0
us,CLBK,1,0,0,2,1,3,2,False,4
us,CLBK.NB,0,0,0,0,0,0,0,False,0
us,CLBR,1,1,0,0,0,2,1,False,2
us,CLBR.NB,0,0,0,0,0,0,0,False,0
us,CLBR_T,0,1,0,0,0,1,1,False,1
us,CLBT,1,3,0,2,1,4,3,True,7
us,CLBT.NB,0,0,0,0,0,0,0,False,0
us,CLBZ,0,0,0,0,0,0,0,False,0
us,CLCO,1,0,0,2,1,3,2,False,4
us,CLCO.NB,0,0,0,0,0,0,0,False,0
us,CLDI,1,2,0,2,1,4,3,True,6
us,CLDI.NB,0,0,0,0,0,0,0,False,0
us,CLDT,1,3,0,2,1,4,3,True,7
us,CLDT.NB,0,0,0,0,0,0,0,False,0
us,CLDT_PA,1,3,0,2,1,4,3,True,7
us,CLDT_PA.NB,0,0,0,0,0,0,0,False,0
us,CLDX,1,3,0,2,1,4,3,True,7
us,CLDX.NB,0,0,0,0,0,0,0,False,0
us,CLEU,1,0,0,2,0,2,1,False,3
us,CLEU.NB,0,0,0,0,0,0,0,False,0
us,CLF,1,0,0,2,1,3,2,False,4
us,CLF.NB,0,0,0,0,0,0,0,False,0
us,CLFD,1,0,0,2,1,3,2,False,4
us,CLFD.NB,0,0,0,0,0,0,0,False,0
us,CLGN,1,3,0,2,1,4,3,True,7
us,CLGN.NB,0,0,0,0,0,0,0,False,0
us,CLH,1,3,0,2,1,4,3,True,7
us,CLH.NB,0,0,0,0,0,0,0,False,0
us,CLHN,0,0,0,0,0,0,0,False,0
us,CLIK,1,2,0,2,0,3,2,False,5
us,CLIK.NB,0,0,0,0,0,0,0,False,0
us,CLIR,1,3,0,2,1,4,3,True,7
us,CLIR.NB,0,0,0,0,0,0,0,False,0
us,CLLB,0,0,0,0,0,0,0,False,0
us,CLLS,1,3,0,2,1,4,3,True,7
us,CLLS.NB,0,0,0,0,0,0,0,False,0
us,CLMB,1,1,0,2,1,4,3,True,5
us,CLMB.NB,0,0,0,0,0,0,0,False,0
us,CLMT,1,2,0,2,1,4,3,True,6
us,CLMT.NB,0,0,0,0,0,0,0,False,0
us,CLNE,1,3,0,2,1,4,3,True,7
us,CLNE.NB,0,0,0,0,0,0,0,False,0
us,CLNN,1,2,0,2,1,4,3,True,6
us,CLNN.NB,0,0,0,0,0,0,0,False,0
us,CLNS_PA,0,0,0,0,0,0,0,False,0
us,CLNS_PC,0,0,0,0,0,0,0,False,0
us,CLNS_PD,0,0,0,0,0,0,0,False,0
us,CLNS_PF,0,0,0,0,0,0,0,False,0
us,CLNY_PB,1,0,0,0,0,1,0,False,1
us,CLNY_PB.NB,0,0,0,0,0,0,0,False,0
us,CLNY_PE,1,0,0,0,0,1,0,False,1
us,CLNY_PE.NB,0,0,0,0,0,0,0,False,0
us,CLOE,1,0,0,2,1,3,2,False,4
us,CLOE.NB,0,0,0,0,0,0,0,False,0
us,CLOV,1,3,0,2,1,4,3,True,7
us,CLOV.NB,0,0,0,0,0,0,0,False,0
us,CLPR,1,2,0,2,1,4,3,True,6
us,CLPR.NB,0,0,0,0,0,0,0,False,0
us,CLPS,1,0,0,2,1,3,2,False,4
us,CLPS.NB,0,0,0,0,0,0,0,False,0
us,CLPT,1,3,0,2,1,4,3,True,7
us,CLPT.NB,0,0,0,0,0,0,0,False,0
us,CLRB,1,2,0,2,1,4,3,True,6
us,CLRB.NB,0,0,0,0,0,0,0,False,0
us,CLRC,1,0,0,0,0,1,0,False,1
us,CLRC.NB,0,0,0,0,0,0,0,False,0
us,CLRO,1,2,0,2,1,4,3,True,6
us,CLRO.NB,0,0,0,0,0,0,0,False,0
us,CLS,1,3,0,2,1,4,3,True,7
us,CLS.NB,0,0,0,0,0,0,0,False,0
us,CLSD,1,0,0,2,1,3,2,False,4
us,CLSD.NB,0,0,0,0,0,0,0,False,0
us,CLSK,0,0,0,2,1,2,2,False,3
us,CLSKW,0,0,0,2,1,2,2,False,3
us,CLST,1,3,0,2,1,4,3,True,7
us,CLST.NB,0,0,0,0,0,0,0,False,0
us,CLV,0,0,0,0,0,0,0,False,0
us,CLVR.NB,0,0,0,0,0,0,0,False,0
us,CLVT,1,2,0,2,1,4,3,True,6
us,CLVT.NB,0,0,0,0,0,0,0,False,0
us,CLW,1,3,0,2,1,4,3,True,7
us,CLW.NB,0,0,0,0,0,0,0,False,0
us,CLWT,1,3,0,2,1,4,3,True,7
us,CLWT.NB,0,0,0,0,0,0,0,False,0
us,CLX,1,1,0,2,1,4,3,True,5
us,CLX.NB,0,0,0,0,0,0,0,False,0
us,CLYM,1,2,0,2,1,4,3,True,6
us,CLYM.NB,0,0,0,0,0,0,0,False,0
us,CM,0,0,0,2,1,2,2,False,3
us,CM.NB,0,0,0,0,0,0,0,False,0
us,CMA,0,0,0,2,1,2,2,False,3
us,CMA.NB,0,0,0,0,0,0,0,False,0
us,CMAX,1,0,0,2,1,3,2,False,4
us,CMAX.NB,0,0,0,0,0,0,0,False,0
us,CMA_PB,0,0,0,0,0,0,0,False,0
us,CMBM,1,2,0,2,1,4,3,True,6
us,CMBM.NB,0,0,0,0,0,0,0,False,0
us,CMBT,1,3,0,2,1,4,3,True,7
us,CMBT.NB,0,0,0,0,0,0,0,False,0
us,CMC,1,2,0,2,1,4,3,True,6
us,CMC.NB,0,0,0,0,0,0,0,False,0
us,CMCL,1,3,0,2,1,4,3,True,7
us,CMCL.NB,0,0,0,0,0,0,0,False,0
us,CMCM,1,3,0,2,1,4,3,True,7
us,CMCM.NB,0,0,0,0,0,0,0,False,0
us,CMCO,1,3,0,2,1,4,3,True,7
us,CMCO.NB,0,0,0,0,0,0,0,False,0
us,CMCSA,1,0,0,2,1,3,2,False,4
us,CMCSA.NB,0,0,0,0,0,0,0,False,0
us,CMCSV,0,0,0,0,0,0,0,False,0
us,CMCT,1,2,0,2,1,4,3,True,6
us,CMCT.NB,0,0,0,0,0,0,0,False,0
us,CMCTP,1,0,0,0,0,1,0,False,1
us,CMCTP.NB,0,0,0,0,0,0,0,False,0
us,CMDB,1,3,0,2,0,3,2,False,6
us,CMDB.NB,0,0,0,0,0,0,0,False,0
us,CME,1,0,0,2,1,3,2,False,4
us,CME.NB,0,0,0,0,0,0,0,False,0
us,CMG,1,1,0,2,1,4,3,True,5
us,CMG.NB,0,0,0,0,0,0,0,False,0
us,CMI,1,3,0,2,1,4,3,True,7
us,CMI.NB,0,0,0,0,0,0,0,False,0
us,CMII,1,1,0,0,0,2,1,False,2
us,CMII.NB,0,0,0,0,0,0,0,False,0
us,CMIIU,1,1,0,0,0,2,1,False,2
us,CMIIU.NB,0,0,0,0,0,0,0,False,0
us,CMIIW,0,1,0,0,0,1,1,False,1
us,CMLS,1,0,0,2,1,3,2,False,4
us,CMLS.NB,0,0,0,0,0,0,0,False,0
us,CMMB,1,2,0,2,1,4,3,True,6
us,CMMB.NB,0,0,0,0,0,0,0,False,0
us,CMND,1,0,0,2,1,3,2,False,4
us,CMND.NB,0,0,0,0,0,0,0,False,0
us,CMP,1,2,0,2,1,4,3,True,6
us,CMP.NB,0,0,0,0,0,0,0,False,0
us,CMPO,0,3,0,2,1,3,3,True,6
us,CMPOV,0,0,0,0,0,0,0,False,0
us,CMPR,1,0,0,2,1,3,2,False,4
us,CMPR.NB,0,0,0,0,0,0,0,False,0
us,CMPS,1,2,0,2,1,4,3,True,6
us,CMPS.NB,0,0,0,0,0,0,0,False,0
us,CMPX,1,3,0,2,1,4,3,True,7
us,CMPX.NB,0,0,0,0,0,0,0,False,0
us,CMRC,1,3,0,2,1,4,3,True,7
us,CMRC.NB,0,0,0,0,0,0,0,False,0
us,CMRE,1,2,0,2,1,4,3,True,6
us,CMRE.NB,0,0,0,0,0,0,0,False,0
us,CMRE_PB,1,2,0,2,1,4,3,True,6
us,CMRE_PB.NB,0,0,0,0,0,0,0,False,0
us,CMRE_PC,1,2,0,2,1,4,3,True,6
us,CMRE_PC.NB,0,0,0,0,0,0,0,False,0
us,CMRE_PD,1,2,0,2,1,4,3,True,6
us,CMRE_PD.NB,0,0,0,0,0,0,0,False,0
us,CMRE_PE,1,0,0,2,1,3,2,False,4
us,CMRE_PE.NB,0,0,0,0,0,0,0,False,0
us,CMRE_W,0,0,0,0,0,0,0,False,0
us,CMS,1,0,0,2,1,3,2,False,4
us,CMS.NB,0,0,0,0,0,0,0,False,0
us,CMSA,1,3,0,2,1,4,3,True,7
us,CMSA.NB,0,0,0,0,0,0,0,False,0
us,CMSC,1,3,0,2,1,4,3,True,7
us,CMSC.NB,0,0,0,0,0,0,0,False,0
us,CMSD,1,3,0,2,1,4,3,True,7
us,CMSD.NB,0,0,0,0,0,0,0,False,0
us,CMSL,0,0,0,0,0,0,0,False,0
us,CMS_PA,0,0,0,0,0,0,0,False,0
us,CMS_PB,1,3,0,2,1,4,3,True,7
us,CMS_PB.NB,0,0,0,0,0,0,0,False,0
us,CMS_PC,1,3,0,2,1,4,3,True,7
us,CMS_PC.NB,0,0,0,0,0,0,0,False,0
us,CMT,1,3,0,2,1,4,3,True,7
us,CMT.NB,0,0,0,0,0,0,0,False,0
us,CMTG,1,3,0,2,1,4,3,True,7
us,CMTG.NB,0,0,0,0,0,0,0,False,0
us,CMTL,1,0,0,2,1,3,2,False,4
us,CMTL.NB,0,0,0,0,0,0,0,False,0
us,CMTV,0,3,0,2,1,3,3,True,6
us,CMTV.NB,0,0,0,0,0,0,0,False,0
us,CNA,1,3,0,2,1,4,3,True,7
us,CNA.NB,0,0,0,0,0,0,0,False,0
us,CNC,1,3,0,2,1,4,3,True,7
us,CNC.NB,0,0,0,0,0,0,0,False,0
us,CNCK,0,3,0,2,1,3,3,True,6
us,CNCKW,0,3,0,2,1,3,3,True,6
us,CNDA,1,0,0,2,1,3,2,False,4
us,CNDA.NB,0,0,0,0,0,0,0,False,0
us,CNDT,1,3,0,2,1,4,3,True,7
us,CNDT.NB,0,0,0,0,0,0,0,False,0
us,CNET,1,3,0,2,1,4,3,True,7
us,CNET.NB,0,0,0,0,0,0,0,False,0
us,CNEY,1,3,0,2,1,4,3,True,7
us,CNEY.NB,0,0,0,0,0,0,0,False,0
us,CNF,1,3,0,2,1,4,3,True,7
us,CNF.NB,0,0,0,0,0,0,0,False,0
us,CNGL,1,0,0,1,0,2,1,False,2
us,CNGL.NB,0,0,0,0,0,0,0,False,0
us,CNH,1,3,0,2,1,4,3,True,7
us,CNH.NB,0,0,0,0,0,0,0,False,0
us,CNI,1,3,0,2,1,4,3,True,7
us,CNI.NB,0,0,0,0,0,0,0,False,0
us,CNK,1,3,0,2,1,4,3,True,7
us,CNK.NB,0,0,0,0,0,0,0,False,0
us,CNL,1,2,0,2,1,4,3,True,6
us,CNL.NB,0,0,0,0,0,0,0,False,0
us,CNM,1,3,0,2,1,4,3,True,7
us,CNM.NB,0,0,0,0,0,0,0,False,0
us,CNMD,1,1,0,2,1,4,3,True,5
us,CNMD.NB,0,0,0,0,0,0,0,False,0
us,CNNE,1,3,0,2,1,4,3,True,7
us,CNNE.NB,0,0,0,0,0,0,0,False,0
us,CNO,1,0,0,2,1,3,2,False,4
us,CNO.NB,0,0,0,0,0,0,0,False,0
us,CNOB,0,1,0,2,1,3,3,True,4
us,CNOB.NB,0,0,0,0,0,0,0,False,0
us,CNOBP,0,1,0,2,1,3,3,True,4
us,CNO_PA,0,3,0,2,1,3,3,True,6
us,CNP,1,0,0,2,1,3,2,False,4
us,CNP.NB,0,0,0,0,0,0,0,False,0
us,CNP_PB,0,0,0,0,0,0,0,False,0
us,CNQ,1,3,0,2,1,4,3,True,7
us,CNQ.NB,0,0,0,0,0,0,0,False,0
us,CNR,1,3,0,2,1,4,3,True,7
us,CNR.NB,0,0,0,0,0,0,0,False,0
us,CNS,1,3,0,2,1,4,3,True,7
us,CNS.NB,0,0,0,0,0,0,0,False,0
us,CNSL,1,0,0,2,1,3,2,False,4
us,CNSL.NB,0,0,0,0,0,0,0,False,0
us,CNSP,1,2,0,2,1,4,3,True,6
us,CNSP.NB,0,0,0,0,0,0,0,False,0
us,CNTA,1,3,0,2,1,4,3,True,7
us,CNTA.NB,0,0,0,0,0,0,0,False,0
us,CNTB,1,3,0,2,1,4,3,True,7
us,CNTB.NB,0,0,0,0,0,0,0,False,0
us,CNTG,1,0,0,2,1,3,2,False,4
us,CNTG.NB,0,0,0,0,0,0,0,False,0
us,CNTM,0,0,0,2,0,1,1,False,2
us,CNTN,1,2,0,2,1,4,3,True,6
us,CNTN.NB,0,0,0,0,0,0,0,False,0
us,CNTX,1,2,0,2,1,4,3,True,6
us,CNTX.NB,0,0,0,0,0,0,0,False,0
us,CNTY,1,2,0,2,1,4,3,True,6
us,CNTY.NB,0,0,0,0,0,0,0,False,0
us,CNVS,1,3,0,2,1,4,3,True,7
us,CNVS.NB,0,0,0,0,0,0,0,False,0
us,CNX,1,3,0,2,1,4,3,True,7
us,CNX.NB,0,0,0,0,0,0,0,False,0
us,CNXC,1,1,0,2,1,4,3,True,5
us,CNXC.NB,0,0,0,0,0,0,0,False,0
us,CNXN,1,1,0,2,1,4,3,True,5
us,CNXN.NB,0,0,0,0,0,0,0,False,0
us,CNXU,0,1,0,0,0,1,1,False,1
us,COAG,0,0,0,0,0,0,0,False,0
us,COCH,1,0,0,2,1,3,2,False,4
us,COCH.NB,0,0,0,0,0,0,0,False,0
us,COCHW,0,2,0,2,1,3,3,True,5
us,COCO,1,0,0,2,1,3,2,False,4
us,COCO.NB,0,0,0,0,0,0,0,False,0
us,COCP,1,2,0,2,1,4,3,True,6
us,COCP.NB,0,0,0,0,0,0,0,False,0
us,CODA,1,0,0,2,1,3,2,False,4
us,CODA.NB,0,0,0,0,0,0,0,False,0
us,CODI,1,2,0,2,1,4,3,True,6
us,CODI.NB,0,0,0,0,0,0,0,False,0
us,CODI_PA,1,2,0,2,1,4,3,True,6
us,CODI_PA.NB,0,0,0,0,0,0,0,False,0
us,CODI_PB,1,2,0,2,1,4,3,True,6
us,CODI_PB.NB,0,0,0,0,0,0,0,False,0
us,CODI_PC,1,2,0,2,1,4,3,True,6
us,CODI_PC.NB,0,0,0,0,0,0,0,False,0
us,CODX,1,3,0,2,1,4,3,True,7
us,CODX.NB,0,0,0,0,0,0,0,False,0
us,COE,1,2,0,2,1,4,3,True,6
us,COE.NB,0,0,0,0,0,0,0,False,0
us,COEPW,0,3,0,0,0,1,1,False,3
us,COF,0,0,0,2,1,2,2,False,3
us,COF.NB,0,0,0,0,0,0,0,False,0
us,COFS,0,0,0,2,1,2,2,False,3
us,COFS.NB,0,0,0,0,0,0,0,False,0
us,COF_PC,0,0,0,0,0,0,0,False,0
us,COF_PD,0,0,0,0,0,0,0,False,0
us,COF_PD.NB,0,0,0,0,0,0,0,False,0
us,COF_PF,0,0,0,0,0,0,0,False,0
us,COF_PG,0,0,0,0,0,0,0,False,0
us,COF_PG.NB,0,0,0,0,0,0,0,False,0
us,COF_PH,0,0,0,0,0,0,0,False,0
us,COF_PH.NB,0,0,0,0,0,0,0,False,0
us,COF_PI,0,0,0,2,1,2,2,False,3
us,COF_PI.NB,0,0,0,0,0,0,0,False,0
us,COF_PJ,0,0,0,2,1,2,2,False,3
us,COF_PK,0,0,0,2,1,2,2,False,3
us,COF_PL,0,0,0,2,1,2,2,False,3
us,COF_PN,0,0,0,2,1,2,2,False,3
us,COF_PP,0,0,0,0,0,0,0,False,0
us,COF_PP.NB,0,0,0,0,0,0,0,False,0
us,COGT,1,2,0,2,1,4,3,True,6
us,COGT.NB,0,0,0,0,0,0,0,False,0
us,COHN,1,3,0,2,1,4,3,True,7
us,COHN.NB,0,0,0,0,0,0,0,False,0
us,COHR,1,0,0,2,1,3,2,False,4
us,COHR.NB,0,0,0,0,0,0,0,False,0
us,COHU,1,3,0,2,1,4,3,True,7
us,COHU.NB,0,0,0,0,0,0,0,False,0
us,COIN,1,3,0,2,1,4,3,True,7
us,COIN.NB,0,0,0,0,0,0,0,False,0
us,COKE,1,2,0,2,1,4,3,True,6
us,COKE.NB,0,0,0,0,0,0,0,False,0
us,COLA,1,0,0,2,0,2,1,False,3
us,COLA.NB,0,0,0,0,0,0,0,False,0
us,COLAR,0,2,0,2,0,2,2,False,4
us,COLAU,0,2,0,1,0,2,2,False,3
us,COLB,0,0,0,2,1,2,2,False,3
us,COLB.NB,0,0,0,0,0,0,0,False,0
us,COLD,1,3,0,2,1,4,3,True,7
us,COLD.NB,0,0,0,0,0,0,0,False,0
us,COLL,1,3,0,2,1,4,3,True,7
us,COLL.NB,0,0,0,0,0,0,0,False,0
us,COLM,1,3,0,2,1,4,3,True,7
us,COLM.NB,0,0,0,0,0,0,0,False,0
us,COMM,1,1,0,2,1,4,3,True,5
us,COMM.NB,0,0,0,0,0,0,0,False,0
us,COMP,1,3,0,2,1,4,3,True,7
us,COMP.NB,0,0,0,0,0,0,0,False,0
us,COMS.NB,0,0,0,0,0,0,0,False,0
us,COMSP,0,0,0,0,0,0,0,False,0
us,CON,1,3,0,2,0,3,2,False,6
us,CON.NB,0,0,0,0,0,0,0,False,0
us,CON_W,0,0,0,2,0,1,1,False,2
us,COO,1,0,0,2,1,3,2,False,4
us,COO.NB,0,0,0,0,0,0,0,False,0
us,COOK,1,3,0,2,1,4,3,True,7
us,COOK.NB,0,0,0,0,0,0,0,False,0
us,COOL,1,0,0,2,1,3,2,False,4
us,COOL.NB,0,0,0,0,0,0,0,False,0
us,COOP,1,0,0,2,1,3,2,False,4
us,COOP.NB,0,0,0,0,0,0,0,False,0
us,COOT,1,3,0,2,1,4,3,True,7
us,COOT.NB,0,0,0,0,0,0,0,False,0
us,COOTW,0,3,0,2,1,3,3,True,6
us,COP,1,3,0,2,1,4,3,True,7
us,COP.NB,0,0,0,0,0,0,0,False,0
us,COPL,1,2,0,2,0,3,2,False,5
us,COPL.NB,0,0,0,0,0,0,0,False,0
us,COPL_T,0,2,0,2,0,2,2,False,4
us,COPL_U,0,2,0,2,0,2,2,False,4
us,COPR,0,0,0,2,0,1,1,False,2
us,COR,1,0,0,2,1,3,2,False,4
us,COR.NB,0,0,0,0,0,0,0,False,0
us,CORR_PA,0,2,0,0,0,1,1,False,2
us,CORS.NB,0,0,0,0,0,0,0,False,0
us,CORT,1,3,0,2,1,4,3,True,7
us,CORT.NB,0,0,0,0,0,0,0,False,0
us,CORZ,1,0,0,2,0,2,1,False,3
us,CORZ.NB,0,0,0,0,0,0,0,False,0
us,CORZW,0,2,0,2,0,2,2,False,4
us,CORZZ,0,2,0,2,0,2,2,False,4
us,COSM,1,3,0,2,1,4,3,True,7
us,COSM.NB,0,0,0,0,0,0,0,False,0
us,COSO,1,1,0,2,1,4,3,True,5
us,COSO.NB,0,0,0,0,0,0,0,False,0
us,COST,1,1,0,2,1,4,3,True,5
us,COST.NB,0,0,0,0,0,0,0,False,0
us,COTY,1,0,0,2,1,3,2,False,4
us,COTY.NB,0,0,0,0,0,0,0,False,0
us,COUR,1,0,0,2,1,3,2,False,4
us,COUR.NB,0,0,0,0,0,0,0,False,0
us,COYA,1,3,0,2,1,4,3,True,7
us,COYA.NB,0,0,0,0,0,0,0,False,0
us,CP,1,3,0,2,1,4,3,True,7
us,CP.NB,0,0,0,0,0,0,0,False,0
us,CPA,1,3,0,2,1,4,3,True,7
us,CPA.NB,0,0,0,0,0,0,0,False,0
us,CPAC,1,3,0,2,1,4,3,True,7
us,CPAC.NB,0,0,0,0,0,0,0,False,0
us,CPAY,1,3,0,2,1,4,3,True,7
us,CPAY.NB,0,0,0,0,0,0,0,False,0
us,CPB,1,0,0,2,1,3,2,False,4
us,CPB.NB,0,0,0,0,0,0,0,False,0
us,CPBI,0,3,0,2,0,2,2,False,5
us,CPBI.NB,0,0,0,0,0,0,0,False,0
us,CPF,0,0,0,2,1,2,2,False,3
us,CPF.NB,0,0,0,0,0,0,0,False,0
us,CPHC,1,3,0,2,1,4,3,True,7
us,CPHC.NB,0,0,0,0,0,0,0,False,0
us,CPHI,1,3,0,2,1,4,3,True,7
us,CPHI.NB,0,0,0,0,0,0,0,False,0
us,CPIX,1,3,0,2,1,4,3,True,7
us,CPIX.NB,0,0,0,0,0,0,0,False,0
us,CPK,1,3,0,2,1,4,3,True,7
us,CPK.NB,0,0,0,0,0,0,0,False,0
us,CPNG,1,3,0,2,1,4,3,True,7
us,CPNG.NB,0,0,0,0,0,0,0,False,0
us,CPOP,1,3,0,2,1,4,3,True,7
us,CPOP.NB,0,0,0,0,0,0,0,False,0
us,CPRI,1,3,0,2,1,4,3,True,7
us,CPRI.NB,0,0,0,0,0,0,0,False,0
us,CPRT,1,0,0,2,1,3,2,False,4
us,CPRT.NB,0,0,0,0,0,0,0,False,0
us,CPRX,1,3,0,2,1,4,3,True,7
us,CPRX.NB,0,0,0,0,0,0,0,False,0
us,CPS,1,2,0,2,1,4,3,True,6
us,CPS.NB,0,0,0,0,0,0,0,False,0
us,CPSH,1,3,0,2,1,4,3,True,7
us,CPSH.NB,0,0,0,0,0,0,0,False,0
us,CPSS,1,3,0,2,1,4,3,True,7
us,CPSS.NB,0,0,0,0,0,0,0,False,0
us,CPT,1,3,0,2,1,4,3,True,7
us,CPT.NB,0,0,0,0,0,0,0,False,0
us,CPTN,1,0,0,2,1,3,2,False,4
us,CPTN.NB,0,0,0,0,0,0,0,False,0
us,CQFT,0,0,0,0,0,0,0,False,0
us,CR,1,0,0,2,1,3,2,False,4
us,CR.NB,0,0,0,0,0,0,0,False,0
us,CRAC,0,0,0,1,0,1,1,False,1
us,CRACR,0,2,0,0,0,1,1,False,2
us,CRACU,1,2,0,1,0,3,2,False,4
us,CRACU.NB,0,0,0,0,0,0,0,False,0
us,CRACW,0,2,0,1,0,2,2,False,3
us,CRAI,1,3,0,2,1,4,3,True,7
us,CRAI.NB,0,0,0,0,0,0,0,False,0
us,CRAN,0,1,0,1,0,2,2,False,2
us,CRANR,0,2,0,0,0,1,1,False,2
us,CRANU,1,2,0,1,0,3,2,False,4
us,CRANU.NB,0,0,0,0,0,0,0,False,0
us,CRAQ,1,0,0,2,0,2,1,False,3
us,CRAQ.NB,0,0,0,0,0,0,0,False,0
us,CRAQR,0,2,0,1,0,2,2,False,3
us,CRAQU,0,2,0,2,0,2,2,False,4
us,CRBD,0,3,0,2,0,2,2,False,5
us,CRBG,1,0,0,2,1,3,2,False,4
us,CRBG.NB,0,0,0,0,0,0,0,False,0
us,CRBP,1,2,0,2,1,4,3,True,6
us,CRBP.NB,0,0,0,0,0,0,0,False,0
us,CRBU,1,3,0,2,1,4,3,True,7
us,CRBU.NB,0,0,0,0,0,0,0,False,0
us,CRC,1,3,0,2,1,4,3,True,7
us,CRC.NB,0,0,0,0,0,0,0,False,0
us,CRCL,1,3,0,2,0,3,2,False,6
us,CRCL.NB,0,0,0,0,0,0,0,False,0
us,CRCT,1,3,0,2,1,4,3,True,7
us,CRCT.NB,0,0,0,0,0,0,0,False,0
us,CRDA,1,3,0,2,1,4,3,True,7
us,CRDA.NB,0,0,0,0,0,0,0,False,0
us,CRDB,1,3,0,2,1,4,3,True,7
us,CRDB.NB,0,0,0,0,0,0,0,False,0
us,CRDF,1,3,0,2,1,4,3,True,7
us,CRDF.NB,0,0,0,0,0,0,0,False,0
us,CRDL,1,2,0,2,1,4,3,True,6
us,CRDL.NB,0,0,0,0,0,0,0,False,0
us,CRDO,1,3,0,2,1,4,3,True,7
us,CRDO.NB,0,0,0,0,0,0,0,False,0
us,CRE,1,3,0,2,0,3,2,False,6
us,CRE.NB,0,0,0,0,0,0,0,False,0
us,CREC.NB,0,0,0,0,0,0,0,False,0
us,CREG,1,3,0,2,1,4,3,True,7
us,CREG.NB,0,0,0,0,0,0,0,False,0
us,CRESW,0,0,0,0,0,0,0,False,0
us,CRESY,1,0,0,2,1,3,2,False,4
us,CRESY.NB,0,0,0,0,0,0,0,False,0
us,CREV,0,0,0,2,1,2,2,False,3
us,CREVW,0,0,0,0,0,0,0,False,0
us,CREX,1,3,0,2,1,4,3,True,7
us,CREX.NB,0,0,0,0,0,0,0,False,0
us,CRGO,1,0,0,2,1,3,2,False,4
us,CRGO.NB,0,0,0,0,0,0,0,False,0
us,CRGOW,0,3,0,2,1,3,3,True,6
us,CRGX,1,0,0,2,0,2,1,False,3
us,CRGX.NB,0,0,0,0,0,0,0,False,0
us,CRGY,1,3,0,2,1,4,3,True,7
us,CRGY.NB,0,0,0,0,0,0,0,False,0
us,CRH,1,3,0,2,1,4,3,True,7
us,CRH.NB,0,0,0,0,0,0,0,False,0
us,CRI,1,3,0,2,1,4,3,True,7
us,CRI.NB,0,0,0,0,0,0,0,False,0
us,CRIS,1,3,0,2,1,4,3,True,7
us,CRIS.NB,0,0,0,0,0,0,0,False,0
us,CRK,1,3,0,2,1,4,3,True,7
us,CRK.NB,0,0,0,0,0,0,0,False,0
us,CRKN,1,0,0,2,1,3,2,False,4
us,CRKN.NB,0,0,0,0,0,0,0,False,0
us,CRL,1,3,0,2,1,4,3,True,7
us,CRL.NB,0,0,0,0,0,0,0,False,0
us,CRM,1,3,0,2,1,4,3,True,7
us,CRM.NB,0,0,0,0,0,0,0,False,0
us,CRMD,1,3,0,2,1,4,3,True,7
us,CRMD.NB,0,0,0,0,0,0,0,False,0
us,CRML,1,0,0,2,1,3,2,False,4
us,CRML.NB,0,0,0,0,0,0,0,False,0
us,CRMLW,0,0,0,2,1,2,2,False,3
us,CRMO,0,0,0,0,0,0,0,False,0
us,CRMT,1,3,0,2,1,4,3,True,7
us,CRMT.NB,0,0,0,0,0,0,0,False,0
us,CRNC,1,0,0,2,1,3,2,False,4
us,CRNC.NB,0,0,0,0,0,0,0,False,0
us,CRNT,1,3,0,2,1,4,3,True,7
us,CRNT.NB,0,0,0,0,0,0,0,False,0
us,CRNX,1,3,0,2,1,4,3,True,7
us,CRNX.NB,0,0,0,0,0,0,0,False,0
us,CRON,1,3,0,2,1,4,3,True,7
us,CRON.NB,0,0,0,0,0,0,0,False,0
us,CROX,1,3,0,2,1,4,3,True,7
us,CROX.NB,0,0,0,0,0,0,0,False,0
us,CRS,1,0,0,2,1,3,2,False,4
us,CRS.NB,0,0,0,0,0,0,0,False,0
us,CRSP,1,3,0,2,1,4,3,True,7
us,CRSP.NB,0,0,0,0,0,0,0,False,0
us,CRSR,1,3,0,2,1,4,3,True,7
us,CRSR.NB,0,0,0,0,0,0,0,False,0
us,CRTD.NB,0,0,0,0,0,0,0,False,0
us,CRTO,1,3,0,2,1,4,3,True,7
us,CRTO.NB,0,0,0,0,0,0,0,False,0
us,CRUS,1,3,0,2,1,4,3,True,7
us,CRUS.NB,0,0,0,0,0,0,0,False,0
us,CRVL,1,3,0,2,1,4,3,True,7
us,CRVL.NB,0,0,0,0,0,0,0,False,0
us,CRVO,1,3,0,2,1,4,3,True,7
us,CRVO.NB,0,0,0,0,0,0,0,False,0
us,CRVS,1,2,0,2,1,4,3,True,6
us,CRVS.NB,0,0,0,0,0,0,0,False,0
us,CRWD,1,3,0,2,1,4,3,True,7
us,CRWD.NB,0,0,0,0,0,0,0,False,0
us,CRWS,1,3,0,2,1,4,3,True,7
us,CRWS.NB,0,0,0,0,0,0,0,False,0
us,CRWV,1,3,0,2,0,3,2,False,6
us,CRWV.NB,0,0,0,0,0,0,0,False,0
us,CS.NB,0,0,0,0,0,0,0,False,0
us,CSAI,1,0,0,2,0,2,1,False,3
us,CSAI.NB,0,0,0,0,0,0,0,False,0
us,CSAN,1,3,0,2,1,4,3,True,7
us,CSAN.NB,0,0,0,0,0,0,0,False,0
us,CSBR,1,0,0,2,1,3,2,False,4
us,CSBR.NB,0,0,0,0,0,0,0,False,0
us,CSC,0,0,0,0,0,0,0,False,0
us,CSCA,0,0,0,0,0,0,0,False,0
us,CSCI,0,3,0,2,1,3,3,True,6
us,CSCM,0,0,0,0,0,0,0,False,0
us,CSCO,1,0,0,2,1,3,2,False,4
us,CSCO.NB,0,0,0,0,0,0,0,False,0
us,CSGP,1,3,0,2,1,4,3,True,7
us,CSGP.NB,0,0,0,0,0,0,0,False,0
us,CSGS,1,3,0,2,1,4,3,True,7
us,CSGS.NB,0,0,0,0,0,0,0,False,0
us,CSHR,0,1,0,0,0,1,1,False,1
us,CSHRW,0,0,0,0,0,0,0,False,0
us,CSIQ,1,3,0,2,1,4,3,True,7
us,CSIQ.NB,0,0,0,0,0,0,0,False,0
us,CSL,1,0,0,2,1,3,2,False,4
us,CSL.NB,0,0,0,0,0,0,0,False,0
us,CSLM,0,1,0,2,1,3,3,True,4
us,CSPI,1,1,0,2,1,4,3,True,5
us,CSPI.NB,0,0,0,0,0,0,0,False,0
us,CSQR,0,0,0,0,0,0,0,False,0
us,CSR,1,3,0,2,1,4,3,True,7
us,CSR.NB,0,0,0,0,0,0,0,False,0
us,CSR_PC,0,0,0,2,1,2,2,False,3
us,CSSE,1,0,0,2,0,2,1,False,3
us,CSSE.NB,0,0,0,0,0,0,0,False,0
us,CSSEP,0,0,0,2,1,2,2,False,3
us,CSSEP.NB,0,0,0,0,0,0,0,False,0
us,CSTA.NB,0,0,0,0,0,0,0,False,0
us,CSTE,1,3,0,2,1,4,3,True,7
us,CSTE.NB,0,0,0,0,0,0,0,False,0
us,CSTL,1,3,0,2,1,4,3,True,7
us,CSTL.NB,0,0,0,0,0,0,0,False,0
us,CSTM,1,0,0,2,1,3,2,False,4
us,CSTM.NB,0,0,0,0,0,0,0,False,0
us,CSV,1,3,0,2,1,4,3,True,7
us,CSV.NB,0,0,0,0,0,0,0,False,0
us,CSW,1,3,0,2,1,4,3,True,7
us,CSW.NB,0,0,0,0,0,0,0,False,0
us,CSWC,1,3,0,2,1,4,3,True,7
us,CSWC.NB,0,0,0,0,0,0,0,False,0
us,CSX,1,0,0,2,1,3,2,False,4
us,CSX.NB,0,0,0,0,0,0,0,False,0
us,CTAAR,0,0,0,0,0,0,0,False,0
us,CTAS,1,3,0,2,1,4,3,True,7
us,CTAS.NB,0,0,0,0,0,0,0,False,0
us,CTA_PA,1,0,0,2,1,3,2,False,4
us,CTA_PA.NB,0,0,0,0,0,0,0,False,0
us,CTA_PB,1,0,0,2,1,3,2,False,4
us,CTA_PB.NB,0,0,0,0,0,0,0,False,0
us,CTBB,1,0,0,2,1,3,2,False,4
us,CTBB.NB,0,0,0,0,0,0,0,False,0
us,CTBI,0,3,0,2,1,3,3,True,6
us,CTBI.NB,0,0,0,0,0,0,0,False,0
us,CTDD,1,0,0,2,1,3,2,False,4
us,CTDD.NB,0,0,0,0,0,0,0,False,0
us,CTEV,1,2,0,2,1,4,3,True,6
us,CTEV.NB,0,0,0,0,0,0,0,False,0
us,CTGG,0,0,0,0,0,0,0,False,0
us,CTGO,1,2,0,2,1,4,3,True,6
us,CTGO.NB,0,0,0,0,0,0,0,False,0
us,CTHH,0,0,0,0,0,0,0,False,0
us,CTHR,1,0,0,2,1,3,2,False,4
us,CTHR.NB,0,0,0,0,0,0,0,False,0
us,CTKB,1,3,0,2,1,4,3,True,7
us,CTKB.NB,0,0,0,0,0,0,0,False,0
us,CTLP,1,0,0,2,1,3,2,False,4
us,CTLP.NB,0,0,0,0,0,0,0,False,0
us,CTLT,1,0,0,2,1,3,2,False,4
us,CTLT.NB,0,0,0,0,0,0,0,False,0
us,CTM,1,3,0,2,1,4,3,True,7
us,CTM.NB,0,0,0,0,0,0,0,False,0
us,CTMB,0,0,0,0,0,0,0,False,0
us,CTMX,1,3,0,2,1,4,3,True,7
us,CTMX.NB,0,0,0,0,0,0,0,False,0
us,CTNM,1,2,0,2,0,3,2,False,5
us,CTNM.NB,0,0,0,0,0,0,0,False,0
us,CTNT,1,3,0,2,0,3,2,False,6
us,CTNT.NB,0,0,0,0,0,0,0,False,0
us,CTO,1,3,0,2,1,4,3,True,7
us,CTO.NB,0,0,0,0,0,0,0,False,0
us,CTOR,1,0,0,2,1,3,2,False,4
us,CTOR.NB,0,0,0,0,0,0,0,False,0
us,CTOS,1,0,0,2,1,3,2,False,4
us,CTOS.NB,0,0,0,0,0,0,0,False,0
us,CTO_PA,1,3,0,2,1,4,3,True,7
us,CTO_PA.NB,0,0,0,0,0,0,0,False,0
us,CTRA,1,3,0,2,1,4,3,True,7
us,CTRA.NB,0,0,0,0,0,0,0,False,0
us,CTRE,1,3,0,2,1,4,3,True,7
us,CTRE.NB,0,0,0,0,0,0,0,False,0
us,CTRI,1,3,0,2,0,3,2,False,6
us,CTRI.NB,0,0,0,0,0,0,0,False,0
us,CTRM,1,3,0,2,1,4,3,True,7
us,CTRM.NB,0,0,0,0,0,0,0,False,0
us,CTRN,1,3,0,2,1,4,3,True,7
us,CTRN.NB,0,0,0,0,0,0,0,False,0
us,CTS,1,0,0,2,1,3,2,False,4
us,CTS.NB,0,0,0,0,0,0,0,False,0
us,CTSH,1,0,0,2,1,3,2,False,4
us,CTSH.NB,0,0,0,0,0,0,0,False,0
us,CTSO,1,3,0,2,1,4,3,True,7
us,CTSO.NB,0,0,0,0,0,0,0,False,0
us,CTV,0,0,0,2,1,2,2,False,3
us,CTVA,1,3,0,2,1,4,3,True,7
us,CTVA.NB,0,0,0,0,0,0,0,False,0
us,CTW,1,0,0,1,0,2,1,False,2
us,CTW.NB,0,0,0,0,0,0,0,False,0
us,CTXR,1,0,0,2,1,3,2,False,4
us,CTXR.NB,0,0,0,0,0,0,0,False,0
us,CUB,1,0,0,2,0,2,1,False,3
us,CUB.NB,0,0,0,0,0,0,0,False,0
us,CUBB,0,0,0,2,1,2,2,False,3
us,CUBE,1,3,0,2,1,4,3,True,7
us,CUBE.NB,0,0,0,0,0,0,0,False,0
us,CUBE_PA,0,0,0,0,0,0,0,False,0
us,CUBI,0,0,0,2,1,2,2,False,3
us,CUBI.NB,0,0,0,0,0,0,0,False,0
us,CUBI_PC,0,0,0,0,0,0,0,False,0
us,CUBI_PC.NB,0,0,0,0,0,0,0,False,0
us,CUBI_PD,0,0,0,0,0,0,0,False,0
us,CUBI_PD.NB,0,0,0,0,0,0,0,False,0
us,CUBI_PE,0,0,0,2,1,2,2,False,3
us,CUBI_PE.NB,0,0,0,0,0,0,0,False,0
us,CUBI_PF,0,0,0,2,1,2,2,False,3
us,CUBI_PF.NB,0,0,0,0,0,0,0,False,0
us,CUBWU,0,0,0,2,0,1,1,False,2
us,CUBWW,0,0,0,2,0,1,1,False,2
us,CUE,1,3,0,2,1,4,3,True,7
us,CUE.NB,0,0,0,0,0,0,0,False,0
us,CUEN.NB,0,0,0,0,0,0,0,False,0
us,CUK,1,0,0,2,1,3,2,False,4
us,CUK.NB,0,0,0,0,0,0,0,False,0
us,CULL,1,1,0,2,1,4,3,True,5
us,CULL.NB,0,0,0,0,0,0,0,False,0
us,CULP,1,3,0,2,1,4,3,True,7
us,CULP.NB,0,0,0,0,0,0,0,False,0
us,CUPR,1,3,0,2,0,3,2,False,6
us,CUPR.NB,0,0,0,0,0,0,0,False,0
us,CURB,1,0,0,2,0,2,1,False,3
us,CURB.NB,0,0,0,0,0,0,0,False,0
us,CURI,1,3,0,2,1,4,3,True,7
us,CURI.NB,0,0,0,0,0,0,0,False,0
us,CURR,1,2,0,2,1,4,3,True,6
us,CURR.NB,0,0,0,0,0,0,0,False,0
us,CURV,1,2,0,2,1,4,3,True,6
us,CURV.NB,0,0,0,0,0,0,0,False,0
us,CURX,1,2,0,1,0,3,2,False,4
us,CURX.NB,0,0,0,0,0,0,0,False,0
us,CUTR,1,0,0,2,1,3,2,False,4
us,CUTR.NB,0,0,0,0,0,0,0,False,0
us,CUVL,0,0,0,2,1,2,2,False,3
us,CUX,0,0,0,0,0,0,0,False,0
us,CUZ,1,0,0,2,1,3,2,False,4
us,CUZ.NB,0,0,0,0,0,0,0,False,0
us,CUZ_PA,0,0,0,0,0,0,0,False,0
us,CV,1,3,0,2,0,3,2,False,6
us,CV.NB,0,0,0,0,0,0,0,False,0
us,CVAC,1,0,0,2,1,3,2,False,4
us,CVAC.NB,0,0,0,0,0,0,0,False,0
us,CVBF,0,0,0,2,1,2,2,False,3
us,CVBF.NB,0,0,0,0,0,0,0,False,0
us,CVCO,1,3,0,2,1,4,3,True,7
us,CVCO.NB,0,0,0,0,0,0,0,False,0
us,CVE,1,0,0,2,1,3,2,False,4
us,CVE.NB,0,0,0,0,0,0,0,False,0
us,CVEO,1,3,0,2,1,4,3,True,7
us,CVEO.NB,0,0,0,0,0,0,0,False,0
us,CVGI,1,3,0,2,1,4,3,True,7
us,CVGI.NB,0,0,0,0,0,0,0,False,0
us,CVGL,0,0,0,0,0,0,0,False,0
us,CVGW,1,0,0,2,1,3,2,False,4
us,CVGW.NB,0,0,0,0,0,0,0,False,0
us,CVI,1,0,0,2,1,3,2,False,4
us,CVI.NB,0,0,0,0,0,0,0,False,0
us,CVII,1,0,0,2,1,3,2,False,4
us,CVII.NB,0,0,0,0,0,0,0,False,0
us,CVKD,1,2,0,2,1,4,3,True,6
us,CVKD.NB,0,0,0,0,0,0,0,False,0
us,CVLG,1,1,0,2,1,4,3,True,5
us,CVLG.NB,0,0,0,0,0,0,0,False,0
us,CVLT,1,3,0,2,1,4,3,True,7
us,CVLT.NB,0,0,0,0,0,0,0,False,0
us,CVM,1,0,0,2,1,3,2,False,4
us,CVM.NB,0,0,0,0,0,0,0,False,0
us,CVNA,1,2,0,2,1,4,3,True,6
us,CVNA.NB,0,0,0,0,0,0,0,False,0
us,CVR,1,3,0,2,1,4,3,True,7
us,CVR.NB,0,0,0,0,0,0,0,False,0
us,CVRX,1,3,0,2,1,4,3,True,7
us,CVRX.NB,0,0,0,0,0,0,0,False,0
us,CVS,1,3,0,2,1,4,3,True,7
us,CVS.NB,0,0,0,0,0,0,0,False,0
us,CVSA,1,0,0,2,1,3,2,False,4
us,CVSA.NB,0,0,0,0,0,0,0,False,0
us,CVU,1,3,0,2,1,4,3,True,7
us,CVU.NB,0,0,0,0,0,0,0,False,0
us,CVV,1,3,0,2,1,4,3,True,7
us,CVV.NB,0,0,0,0,0,0,0,False,0
us,CVX,1,3,0,2,1,4,3,True,7
us,CVX.NB,0,0,0,0,0,0,0,False,0
us,CW,1,3,0,2,1,4,3,True,7
us,CW.NB,0,0,0,0,0,0,0,False,0
us,CWAN,1,3,0,2,1,4,3,True,7
us,CWAN.NB,0,0,0,0,0,0,0,False,0
us,CWBC,0,1,0,2,1,3,3,True,4
us,CWBC.NB,0,0,0,0,0,0,0,False,0
us,CWCO,1,3,0,2,1,4,3,True,7
us,CWCO.NB,0,0,0,0,0,0,0,False,0
us,CWD,1,3,0,2,0,3,2,False,6
us,CWD.NB,0,0,0,0,0,0,0,False,0
us,CWEN,1,3,0,2,1,4,3,True,7
us,CWEN.NB,0,0,0,0,0,0,0,False,0
us,CWENA,1,3,0,2,0,3,2,False,6
us,CWENA.NB,0,0,0,0,0,0,0,False,0
us,CWH,1,1,0,2,1,4,3,True,5
us,CWH.NB,0,0,0,0,0,0,0,False,0
us,CWK,1,3,0,2,1,4,3,True,7
us,CWK.NB,0,0,0,0,0,0,0,False,0
us,CWST,1,3,0,2,1,4,3,True,7
us,CWST.NB,0,0,0,0,0,0,0,False,0
us,CWT,1,3,0,2,1,4,3,True,7
us,CWT.NB,0,0,0,0,0,0,0,False,0
us,CX,1,0,0,2,1,3,2,False,4
us,CX.NB,0,0,0,0,0,0,0,False,0
us,CXAI,1,0,0,2,1,3,2,False,4
us,CXAI.NB,0,0,0,0,0,0,0,False,0
us,CXAIW,0,3,0,2,1,3,3,True,6
us,CXDO,1,3,0,2,1,4,3,True,7
us,CXDO.NB,0,0,0,0,0,0,0,False,0
us,CXII,0,1,0,0,0,1,1,False,1
us,CXM,1,3,0,2,1,4,3,True,7
us,CXM.NB,0,0,0,0,0,0,0,False,0
us,CXT,1,3,0,2,1,4,3,True,7
us,CXT.NB,0,0,0,0,0,0,0,False,0
us,CXW,1,3,0,2,1,4,3,True,7
us,CXW.NB,0,0,0,0,0,0,0,False,0
us,CYAB,1,0,0,0,0,1,0,False,1
us,CYAB.NB,0,0,0,0,0,0,0,False,0
us,CYAD.NB,0,0,0,0,0,0,0,False,0
us,CYBN,1,2,0,2,1,4,3,True,6
us,CYBN.NB,0,0,0,0,0,0,0,False,0
us,CYBR,1,0,0,2,1,3,2,False,4
us,CYBR.NB,0,0,0,0,0,0,0,False,0
us,CYCE,0,0,0,0,0,0,0,False,0
us,CYCN,1,3,0,2,1,4,3,True,7
us,CYCN.NB,0,0,0,0,0,0,0,False,0
us,CYCU,1,0,0,2,1,3,2,False,4
us,CYCU.NB,0,0,0,0,0,0,0,False,0
us,CYCUW,0,3,0,2,1,3,3,True,6
us,CYD,1,3,0,2,1,4,3,True,7
us,CYD.NB,0,0,0,0,0,0,0,False,0
us,CYH,1,0,0,2,1,3,2,False,4
us,CYH.NB,0,0,0,0,0,0,0,False,0
us,CYN,1,3,0,2,1,4,3,True,7
us,CYN.NB,0,0,0,0,0,0,0,False,0
us,CYPH,1,2,0,2,1,4,3,True,6
us,CYPH.NB,0,0,0,0,0,0,0,False,0
us,CYRX,1,3,0,2,1,4,3,True,7
us,CYRX.NB,0,0,0,0,0,0,0,False,0
us,CYSC,0,0,0,0,0,0,0,False,0
us,CYT.NB,0,0,0,0,0,0,0,False,0
us,CYTH.NB,0,0,0,0,0,0,0,False,0
us,CYTK,1,2,0,2,1,4,3,True,6
us,CYTK.NB,0,0,0,0,0,0,0,False,0
us,CYTO,1,0,0,2,1,3,2,False,4
us,CYTO.NB,0,0,0,0,0,0,0,False,0
us,CZFS,0,2,0,2,1,3,3,True,5
us,CZFS.NB,0,0,0,0,0,0,0,False,0
us,CZNC,0,3,0,2,1,3,3,True,6
us,CZNC.NB,0,0,0,0,0,0,0,False,0
us,CZOO.NB,0,0,0,0,0,0,0,False,0
us,CZR,1,3,0,2,1,4,3,True,7
us,CZR.NB,0,0,0,0,0,0,0,False,0
us,CZWI,1,1,0,2,1,4,3,True,5
us,CZWI.NB,0,0,0,0,0,0,0,False,0
us,C_PC,0,0,0,0,0,0,0,False,0
us,C_PJ,0,0,0,0,0,0,0,False,0
us,C_PK,0,0,0,0,0,0,0,False,0
us,C_PK.NB,0,0,0,0,0,0,0,False,0
us,C_PL,0,0,0,0,0,0,0,False,0
us,C_PN,0,0,0,2,1,2,2,False,3
us,C_PP,0,0,0,0,0,0,0,False,0
us,C_PR,0,2,0,1,0,2,2,False,3
us,C_PS,0,0,0,0,0,0,0,False,0
us,D,1,3,0,2,1,4,3,True,7
us,D.NB,0,0,0,0,0,0,0,False,0
us,DAAQ,1,0,0,2,0,2,1,False,3
us,DAAQ.NB,0,0,0,0,0,0,0,False,0
us,DAAQU,0,2,0,2,0,2,2,False,4
us,DAAQW,0,2,0,2,0,2,2,False,4
us,DAC,1,3,0,2,1,4,3,True,7
us,DAC.NB,0,0,0,0,0,0,0,False,0
us,DADA,1,0,0,2,1,3,2,False,4
us,DADA.NB,0,0,0,0,0,0,0,False,0
us,DAIC,1,1,0,2,1,4,3,True,5
us,DAIC.NB,0,0,0,0,0,0,0,False,0
us,DAICW,0,2,0,2,1,3,3,True,5
us,DAIO,1,3,0,2,1,4,3,True,7
us,DAIO.NB,0,0,0,0,0,0,0,False,0
us,DAKT,0,3,0,2,1,3,3,True,6
us,DAL,1,0,0,2,1,3,2,False,4
us,DAL.NB,0,0,0,0,0,0,0,False,0
us,DALN,0,0,0,2,1,2,2,False,3
us,DAN,1,3,0,2,1,4,3,True,7
us,DAN.NB,0,0,0,0,0,0,0,False,0
us,DAO,1,2,0,2,1,4,3,True,6
us,DAO.NB,0,0,0,0,0,0,0,False,0
us,DAR,1,3,0,2,1,4,3,True,7
us,DAR.NB,0,0,0,0,0,0,0,False,0
us,DARE,1,2,0,2,1,4,3,True,6
us,DARE.NB,0,0,0,0,0,0,0,False,0
us,DASH,1,3,0,2,1,4,3,True,7
us,DASH.NB,0,0,0,0,0,0,0,False,0
us,DAVA,1,0,0,2,1,3,2,False,4
us,DAVA.NB,0,0,0,0,0,0,0,False,0
us,DAVE,1,0,0,2,1,3,2,False,4
us,DAVE.NB,0,0,0,0,0,0,0,False,0
us,DAVEW,0,3,0,2,1,3,3,True,6
us,DAWN,1,0,0,2,1,3,2,False,4
us,DAWN.NB,0,0,0,0,0,0,0,False,0
us,DAY,0,0,0,2,1,2,2,False,3
us,DAZS,0,0,0,0,0,0,0,False,0
us,DB,0,3,0,2,1,3,3,True,6
us,DB.NB,0,0,0,0,0,0,0,False,0
us,DBCA,1,1,0,0,0,2,1,False,2
us,DBCA.NB,0,0,0,0,0,0,0,False,0
us,DBCAU,0,1,0,0,0,1,1,False,1
us,DBCAW,0,1,0,0,0,1,1,False,1
us,DBD,1,3,0,2,0,3,2,False,6
us,DBD.NB,0,0,0,0,0,0,0,False,0
us,DBGI,1,2,0,2,1,4,3,True,6
us,DBGI.NB,0,0,0,0,0,0,0,False,0
us,DBI,1,3,0,2,1,4,3,True,7
us,DBI.NB,0,0,0,0,0,0,0,False,0
us,DBRG,1,3,0,2,1,4,3,True,7
us,DBRG.NB,0,0,0,0,0,0,0,False,0
us,DBRG_PG,0,0,0,0,0,0,0,False,0
us,DBRG_PH,0,3,0,2,1,3,3,True,6
us,DBRG_PI,0,3,0,2,1,3,3,True,6
us,DBRG_PJ,0,3,0,2,1,3,3,True,6
us,DBVT,1,3,0,2,1,4,3,True,7
us,DBVT.NB,0,0,0,0,0,0,0,False,0
us,DBX,1,2,0,2,1,4,3,True,6
us,DBX.NB,0,0,0,0,0,0,0,False,0
us,DC,1,2,0,2,1,4,3,True,6
us,DC.NB,0,0,0,0,0,0,0,False,0
us,DCBG,0,0,0,2,0,1,1,False,2
us,DCBO,1,3,0,2,1,4,3,True,7
us,DCBO.NB,0,0,0,0,0,0,0,False,0
us,DCCA,1,0,0,0,0,1,0,False,1
us,DCCA.NB,0,0,0,0,0,0,0,False,0
us,DCGO,1,3,0,2,1,4,3,True,7
us,DCGO.NB,0,0,0,0,0,0,0,False,0
us,DCH,1,3,0,2,1,4,3,True,7
us,DCH.NB,0,0,0,0,0,0,0,False,0
us,DCI,1,0,0,2,1,3,2,False,4
us,DCI.NB,0,0,0,0,0,0,0,False,0
us,DCO,1,3,0,2,1,4,3,True,7
us,DCO.NB,0,0,0,0,0,0,0,False,0
us,DCOM,0,0,0,2,1,2,2,False,3
us,DCOM.NB,0,0,0,0,0,0,0,False,0
us,DCOMG,0,0,0,2,0,1,1,False,2
us,DCOMP,0,0,0,2,1,2,2,False,3
us,DCOM_P,0,0,0,2,1,2,2,False,3
us,DCOY,1,2,0,2,1,4,3,True,6
us,DCOY.NB,0,0,0,0,0,0,0,False,0
us,DCR,0,0,0,0,0,0,0,False,0
us,DCT.NB,0,0,0,0,0,0,0,False,0
us,DCTH,1,3,0,2,1,4,3,True,7
us,DCTH.NB,0,0,0,0,0,0,0,False,0
us,DCX,1,3,0,2,1,4,3,True,7
us,DCX.NB,0,0,0,0,0,0,0,False,0
us,DD,1,2,0,2,1,4,3,True,6
us,DD.NB,0,0,0,0,0,0,0,False,0
us,DDC,1,3,0,2,0,3,2,False,6
us,DDC.NB,0,0,0,0,0,0,0,False,0
us,DDD,1,3,0,2,1,4,3,True,7
us,DDD.NB,0,0,0,0,0,0,0,False,0
us,DDI,1,3,0,2,1,4,3,True,7
us,DDI.NB,0,0,0,0,0,0,0,False,0
us,DDL,1,3,0,2,1,4,3,True,7
us,DDL.NB,0,0,0,0,0,0,0,False,0
us,DDOG,1,0,0,2,1,3,2,False,4
us,DDOG.NB,0,0,0,0,0,0,0,False,0
us,DDS,1,3,0,2,1,4,3,True,7
us,DDS.NB,0,0,0,0,0,0,0,False,0
us,DD_W,0,0,0,0,0,0,0,False,0
us,DE,1,0,0,2,1,3,2,False,4
us,DE.NB,0,0,0,0,0,0,0,False,0
us,DEA,1,0,0,2,1,3,2,False,4
us,DEA.NB,0,0,0,0,0,0,0,False,0
us,DEC,1,0,0,2,1,3,2,False,4
us,DEC.NB,0,0,0,0,0,0,0,False,0
us,DECA,0,0,0,1,1,2,2,False,2
us,DECK,1,3,0,2,1,4,3,True,7
us,DECK.NB,0,0,0,0,0,0,0,False,0
us,DEFT,1,3,0,2,1,4,3,True,7
us,DEFT.NB,0,0,0,0,0,0,0,False,0
us,DEI,1,3,0,2,1,4,3,True,7
us,DEI.NB,0,0,0,0,0,0,0,False,0
us,DELL,1,2,0,2,1,4,3,True,6
us,DELL.NB,0,0,0,0,0,0,0,False,0
us,DENN,1,0,0,2,1,3,2,False,4
us,DENN.NB,0,0,0,0,0,0,0,False,0
us,DEO,1,0,0,2,1,3,2,False,4
us,DEO.NB,0,0,0,0,0,0,0,False,0
us,DERM,1,3,0,2,1,4,3,True,7
us,DERM.NB,0,0,0,0,0,0,0,False,0
us,DESP.NB,0,0,0,0,0,0,0,False,0
us,DESR,0,0,0,0,0,0,0,False,0
us,DETX,1,0,0,2,1,3,2,False,4
us,DETX.NB,0,0,0,0,0,0,0,False,0
us,DEVS,1,0,0,2,1,3,2,False,4
us,DEVS.NB,0,0,0,0,0,0,0,False,0
us,DFDV,1,0,0,2,0,2,1,False,3
us,DFDV.NB,0,0,0,0,0,0,0,False,0
us,DFDVW,0,3,0,2,0,2,2,False,5
us,DFH,1,3,0,2,1,4,3,True,7
us,DFH.NB,0,0,0,0,0,0,0,False,0
us,DFIN,1,3,0,2,1,4,3,True,7
us,DFIN.NB,0,0,0,0,0,0,0,False,0
us,DFLI,1,0,0,2,1,3,2,False,4
us,DFLI.NB,0,0,0,0,0,0,0,False,0
us,DFLIW,0,3,0,2,1,3,3,True,6
us,DFNS,1,0,0,2,1,3,2,False,4
us,DFNS.NB,0,0,0,0,0,0,0,False,0
us,DFNSW,0,1,0,2,1,3,3,True,4
us,DFS,1,0,0,0,0,1,0,False,1
us,DFS.NB,0,0,0,0,0,0,0,False,0
us,DFSC,0,0,0,2,1,2,2,False,3
us,DFSCW,0,0,0,2,1,2,2,False,3
us,DFTX,1,2,0,2,1,4,3,True,6
us,DFTX.NB,0,0,0,0,0,0,0,False,0
us,DFT_PC,0,0,0,0,0,0,0,False,0
us,DG,1,3,0,2,1,4,3,True,7
us,DG.NB,0,0,0,0,0,0,0,False,0
us,DGAC,0,0,0,0,0,0,0,False,0
us,DGICA,1,3,0,2,1,4,3,True,7
us,DGICA.NB,0,0,0,0,0,0,0,False,0
us,DGICB,1,3,0,2,1,4,3,True,7
us,DGICB.NB,0,0,0,0,0,0,0,False,0
us,DGII,1,0,0,2,1,3,2,False,4
us,DGII.NB,0,0,0,0,0,0,0,False,0
us,DGLY,1,2,0,2,1,4,3,True,6
us,DGLY.NB,0,0,0,0,0,0,0,False,0
us,DGNX,1,1,0,2,0,3,2,False,4
us,DGNX.NB,0,0,0,0,0,0,0,False,0
us,DGX,1,0,0,2,1,3,2,False,4
us,DGX.NB,0,0,0,0,0,0,0,False,0
us,DGXX,1,3,0,2,1,4,3,True,7
us,DGXX.NB,0,0,0,0,0,0,0,False,0
us,DH,1,3,0,2,1,4,3,True,7
us,DH.NB,0,0,0,0,0,0,0,False,0
us,DHAI,0,2,0,2,0,2,2,False,4
us,DHC,1,0,0,2,1,3,2,False,4
us,DHC.NB,0,0,0,0,0,0,0,False,0
us,DHCNI,0,3,0,2,1,3,3,True,6
us,DHCNL,0,3,0,2,1,3,3,True,6
us,DHI,1,0,0,2,1,3,2,False,4
us,DHI.NB,0,0,0,0,0,0,0,False,0
us,DHIL,1,0,0,2,1,3,2,False,4
us,DHIL.NB,0,0,0,0,0,0,0,False,0
us,DHR,1,0,0,2,1,3,2,False,4
us,DHR.NB,0,0,0,0,0,0,0,False,0
us,DHR_PA,1,0,0,0,0,1,0,False,1
us,DHR_PA.NB,0,0,0,0,0,0,0,False,0
us,DHR_PB,0,0,0,0,0,0,0,False,0
us,DHT,1,3,0,2,1,4,3,True,7
us,DHT.NB,0,0,0,0,0,0,0,False,0
us,DHX,1,3,0,2,1,4,3,True,7
us,DHX.NB,0,0,0,0,0,0,0,False,0
us,DHY_R,0,0,0,0,0,0,0,False,0
us,DHY_R_W,0,0,0,0,0,0,0,False,0
us,DIBS,1,3,0,2,1,4,3,True,7
us,DIBS.NB,0,0,0,0,0,0,0,False,0
us,DIMR,1,0,0,0,0,1,0,False,1
us,DIMR.NB,0,0,0,0,0,0,0,False,0
us,DIN,1,2,0,2,1,4,3,True,6
us,DIN.NB,0,0,0,0,0,0,0,False,0
us,DINO,1,3,0,2,1,4,3,True,7
us,DINO.NB,0,0,0,0,0,0,0,False,0
us,DIOD,1,3,0,2,1,4,3,True,7
us,DIOD.NB,0,0,0,0,0,0,0,False,0
us,DIS,1,0,0,2,1,3,2,False,4
us,DIS.NB,0,0,0,0,0,0,0,False,0
us,DISCB.NB,0,0,0,0,0,0,0,False,0
us,DISCK.NB,0,0,0,0,0,0,0,False,0
us,DIT,1,0,0,2,1,3,2,False,4
us,DIT.NB,0,0,0,0,0,0,0,False,0
us,DJCO,1,1,0,2,1,4,3,True,5
us,DJCO.NB,0,0,0,0,0,0,0,False,0
us,DJP,0,0,0,2,1,2,2,False,3
us,DJP.NB,0,0,0,0,0,0,0,False,0
us,DJT,1,0,0,2,1,3,2,False,4
us,DJT.NB,0,0,0,0,0,0,0,False,0
us,DJTWW,0,3,0,2,1,3,3,True,6
us,DK,1,0,0,2,1,3,2,False,4
us,DK.NB,0,0,0,0,0,0,0,False,0
us,DKI,1,3,0,1,0,3,2,False,5
us,DKI.NB,0,0,0,0,0,0,0,False,0
us,DKNG,1,3,0,2,1,4,3,True,7
us,DKNG.NB,0,0,0,0,0,0,0,False,0
us,DKS,1,3,0,2,1,4,3,True,7
us,DKS.NB,0,0,0,0,0,0,0,False,0
us,DLA,1,0,0,2,0,2,1,False,3
us,DLA.NB,0,0,0,0,0,0,0,False,0
us,DLB,1,0,0,2,1,3,2,False,4
us,DLB.NB,0,0,0,0,0,0,0,False,0
us,DLHC,1,0,0,2,1,3,2,False,4
us,DLHC.NB,0,0,0,0,0,0,0,False,0
us,DLNG.NB,0,0,0,0,0,0,0,False,0
us,DLNG_PA,1,3,0,2,1,4,3,True,7
us,DLNG_PA.NB,0,0,0,0,0,0,0,False,0
us,DLNG_PB,1,0,0,2,1,3,2,False,4
us,DLNG_PB.NB,0,0,0,0,0,0,0,False,0
us,DLO,1,3,0,2,1,4,3,True,7
us,DLO.NB,0,0,0,0,0,0,0,False,0
us,DLPN,1,3,0,2,1,4,3,True,7
us,DLPN.NB,0,0,0,0,0,0,0,False,0
us,DLR,1,0,0,2,1,3,2,False,4
us,DLR.NB,0,0,0,0,0,0,0,False,0
us,DLR_PC,0,0,0,0,0,0,0,False,0
us,DLR_PE,0,0,0,0,0,0,0,False,0
us,DLR_PF,0,0,0,0,0,0,0,False,0
us,DLR_PG,0,0,0,0,0,0,0,False,0
us,DLR_PH,0,0,0,0,0,0,0,False,0
us,DLR_PI,0,0,0,0,0,0,0,False,0
us,DLR_PJ,1,0,0,2,1,3,2,False,4
us,DLR_PJ.NB,0,0,0,0,0,0,0,False,0
us,DLR_PK,1,0,0,2,1,3,2,False,4
us,DLR_PK.NB,0,0,0,0,0,0,0,False,0
us,DLR_PL,1,0,0,2,1,3,2,False,4
us,DLR_PL.NB,0,0,0,0,0,0,0,False,0
us,DLTH,1,3,0,2,1,4,3,True,7
us,DLTH.NB,0,0,0,0,0,0,0,False,0
us,DLTR,1,3,0,2,1,4,3,True,7
us,DLTR.NB,0,0,0,0,0,0,0,False,0
us,DLX,1,3,0,2,1,4,3,True,7
us,DLX.NB,0,0,0,0,0,0,0,False,0
us,DLXY,1,3,0,2,0,3,2,False,6
us,DLXY.NB,0,0,0,0,0,0,0,False,0
us,DMAA,1,0,0,2,0,2,1,False,3
us,DMAA.NB,0,0,0,0,0,0,0,False,0
us,DMAAR,0,2,0,2,0,2,2,False,4
us,DMAAU,0,2,0,2,0,2,2,False,4
us,DMAC,1,2,0,2,1,4,3,True,6
us,DMAC.NB,0,0,0,0,0,0,0,False,0
us,DMC,1,0,0,2,1,3,2,False,4
us,DMC.NB,0,0,0,0,0,0,0,False,0
us,DMII,1,0,0,1,0,2,1,False,2
us,DMII.NB,0,0,0,0,0,0,0,False,0
us,DMIIR,0,2,0,1,0,2,2,False,3
us,DMIIU,0,2,0,1,0,2,2,False,3
us,DMN,1,1,0,2,0,3,2,False,4
us,DMN.NB,0,0,0,0,0,0,0,False,0
us,DMNT,0,0,0,0,0,0,0,False,0
us,DMRA,1,1,0,0,0,2,1,False,2
us,DMRA.NB,0,0,0,0,0,0,0,False,0
us,DMRC,1,3,0,2,1,4,3,True,7
us,DMRC.NB,0,0,0,0,0,0,0,False,0
us,DMTK,0,0,0,2,0,1,1,False,2
us,DMTK.NB,0,0,0,0,0,0,0,False,0
us,DMYY,0,0,0,2,0,1,1,False,2
us,DNA,1,3,0,2,1,4,3,True,7
us,DNA.NB,0,0,0,0,0,0,0,False,0
us,DNB,1,0,0,2,1,3,2,False,4
us,DNB.NB,0,0,0,0,0,0,0,False,0
us,DNJF,1,0,0,0,0,1,0,False,1
us,DNJF.NB,0,0,0,0,0,0,0,False,0
us,DNLI,1,3,0,2,1,4,3,True,7
us,DNLI.NB,0,0,0,0,0,0,0,False,0
us,DNMR,1,0,0,2,1,3,2,False,4
us,DNMR.NB,0,0,0,0,0,0,0,False,0
us,DNMX,1,1,0,1,0,3,2,False,3
us,DNMX.NB,0,0,0,0,0,0,0,False,0
us,DNMXU,1,2,0,1,0,3,2,False,4
us,DNMXU.NB,0,0,0,0,0,0,0,False,0
us,DNMXW,0,2,0,1,0,2,2,False,3
us,DNN,1,3,0,2,1,4,3,True,7
us,DNN.NB,0,0,0,0,0,0,0,False,0
us,DNOW,1,3,0,2,1,4,3,True,7
us,DNOW.NB,0,0,0,0,0,0,0,False,0
us,DNTH,1,3,0,2,1,4,3,True,7
us,DNTH.NB,0,0,0,0,0,0,0,False,0
us,DNUT,1,3,0,2,1,4,3,True,7
us,DNUT.NB,0,0,0,0,0,0,0,False,0
us,DO,1,0,0,2,0,2,1,False,3
us,DO.NB,0,0,0,0,0,0,0,False,0
us,DOC,1,3,0,2,1,4,3,True,7
us,DOC.NB,0,0,0,0,0,0,0,False,0
us,DOCN,1,2,0,2,1,4,3,True,6
us,DOCN.NB,0,0,0,0,0,0,0,False,0
us,DOCS,1,3,0,2,1,4,3,True,7
us,DOCS.NB,0,0,0,0,0,0,0,False,0
us,DOCU,1,3,0,2,1,4,3,True,7
us,DOCU.NB,0,0,0,0,0,0,0,False,0
us,DOGZ,1,0,0,2,1,3,2,False,4
us,DOGZ.NB,0,0,0,0,0,0,0,False,0
us,DOLE,1,3,0,2,1,4,3,True,7
us,DOLE.NB,0,0,0,0,0,0,0,False,0
us,DOMA,0,0,0,2,1,2,2,False,3
us,DOMH,1,3,0,2,1,4,3,True,7
us,DOMH.NB,0,0,0,0,0,0,0,False,0
us,DOMO,1,2,0,2,1,4,3,True,6
us,DOMO.NB,0,0,0,0,0,0,0,False,0
us,DOO,1,3,0,2,1,4,3,True,7
us,DOO.NB,0,0,0,0,0,0,0,False,0
us,DOOR.NB,0,0,0,0,0,0,0,False,0
us,DORM,1,3,0,2,1,4,3,True,7
us,DORM.NB,0,0,0,0,0,0,0,False,0
us,DOUG,1,3,0,2,1,4,3,True,7
us,DOUG.NB,0,0,0,0,0,0,0,False,0
us,DOV,1,0,0,2,1,3,2,False,4
us,DOV.NB,0,0,0,0,0,0,0,False,0
us,DOW,1,0,0,2,1,3,2,False,4
us,DOW.NB,0,0,0,0,0,0,0,False,0
us,DOX,1,0,0,2,1,3,2,False,4
us,DOX.NB,0,0,0,0,0,0,0,False,0
us,DOYU,1,3,0,2,1,4,3,True,7
us,DOYU.NB,0,0,0,0,0,0,0,False,0
us,DPC,0,0,0,0,0,0,0,False,0
us,DPCS,1,0,0,2,0,2,1,False,3
us,DPCS.NB,0,0,0,0,0,0,0,False,0
us,DPRO,1,3,0,2,1,4,3,True,7
us,DPRO.NB,0,0,0,0,0,0,0,False,0
us,DPSI,1,0,0,2,1,3,2,False,4
us,DPSI.NB,0,0,0,0,0,0,0,False,0
us,DPU,1,3,0,2,0,3,2,False,6
us,DPU.NB,0,0,0,0,0,0,0,False,0
us,DPZ,1,0,0,2,1,3,2,False,4
us,DPZ.NB,0,0,0,0,0,0,0,False,0
us,DQ,1,0,0,2,1,3,2,False,4
us,DQ.NB,0,0,0,0,0,0,0,False,0
us,DRCT,1,2,0,2,1,4,3,True,6
us,DRCT.NB,0,0,0,0,0,0,0,False,0
us,DRD,1,0,0,2,1,3,2,False,4
us,DRD.NB,0,0,0,0,0,0,0,False,0
us,DRDB,1,0,0,2,0,2,1,False,3
us,DRDB.NB,0,0,0,0,0,0,0,False,0
us,DRDBU,0,2,0,2,0,2,2,False,4
us,DRDBW,0,2,0,2,0,2,2,False,4
us,DRFY,0,0,0,0,0,0,0,False,0
us,DRH,1,3,0,2,1,4,3,True,7
us,DRH.NB,0,0,0,0,0,0,0,False,0
us,DRH_PA,1,0,0,2,1,3,2,False,4
us,DRH_PA.NB,0,0,0,0,0,0,0,False,0
us,DRI,1,3,0,2,1,4,3,True,7
us,DRI.NB,0,0,0,0,0,0,0,False,0
us,DRIL,0,0,0,0,0,0,0,False,0
us,DRIO,1,3,0,2,1,4,3,True,7
us,DRIO.NB,0,0,0,0,0,0,0,False,0
us,DRJT,0,0,0,0,0,0,0,False,0
us,DRMA,1,0,0,2,1,3,2,False,4
us,DRMA.NB,0,0,0,0,0,0,0,False,0
us,DRMAW,0,2,0,2,1,3,3,True,5
us,DRRX,1,0,0,2,1,3,2,False,4
us,DRRX.NB,0,0,0,0,0,0,0,False,0
us,DRS,1,3,0,2,1,4,3,True,7
us,DRS.NB,0,0,0,0,0,0,0,False,0
us,DRTS,1,0,0,2,1,3,2,False,4
us,DRTS.NB,0,0,0,0,0,0,0,False,0
us,DRTSW,0,2,0,2,1,3,3,True,5
us,DRUG,1,0,0,2,1,3,2,False,4
us,DRUG.NB,0,0,0,0,0,0,0,False,0
us,DRVN,1,3,0,2,1,4,3,True,7
us,DRVN.NB,0,0,0,0,0,0,0,False,0
us,DSAC,1,1,0,0,0,2,1,False,2
us,DSAC.NB,0,0,0,0,0,0,0,False,0
us,DSACU,0,2,0,1,0,2,2,False,3
us,DSACW,0,2,0,0,0,1,1,False,2
us,DSC,0,2,0,0,0,1,1,False,2
us,DSEY.NB,0,0,0,0,0,0,0,False,0
us,DSGN,1,2,0,2,1,4,3,True,6
us,DSGN.NB,0,0,0,0,0,0,0,False,0
us,DSGR,1,3,0,2,1,4,3,True,7
us,DSGR.NB,0,0,0,0,0,0,0,False,0
us,DSGX,1,3,0,2,1,4,3,True,7
us,DSGX.NB,0,0,0,0,0,0,0,False,0
us,DSKE.NB,0,0,0,0,0,0,0,False,0
us,DSP,1,3,0,2,1,4,3,True,7
us,DSP.NB,0,0,0,0,0,0,0,False,0
us,DSS,1,2,0,2,1,4,3,True,6
us,DSS.NB,0,0,0,0,0,0,0,False,0
us,DSWL,1,3,0,2,1,4,3,True,7
us,DSWL.NB,0,0,0,0,0,0,0,False,0
us,DSX,1,3,0,2,1,4,3,True,7
us,DSX.NB,0,0,0,0,0,0,0,False,0
us,DSX_PB,1,3,0,2,1,4,3,True,7
us,DSX_PB.NB,0,0,0,0,0,0,0,False,0
us,DSX_T,0,3,0,2,1,3,3,True,6
us,DSY,0,1,0,2,1,3,3,True,4
us,DSYWW,0,1,0,2,1,3,3,True,4
us,DS_PB,0,0,0,2,1,2,2,False,3
us,DS_PC,0,0,0,2,1,2,2,False,3
us,DS_PD,0,0,0,2,1,2,2,False,3
us,DT,1,3,0,2,1,4,3,True,7
us,DT.NB,0,0,0,0,0,0,0,False,0
us,DTB,0,3,0,2,1,3,3,True,6
us,DTC,1,0,0,2,1,3,2,False,4
us,DTC.NB,0,0,0,0,0,0,0,False,0
us,DTCK,1,3,0,2,0,3,2,False,6
us,DTCK.NB,0,0,0,0,0,0,0,False,0
us,DTCX,1,3,0,2,1,4,3,True,7
us,DTCX.NB,0,0,0,0,0,0,0,False,0
us,DTDT,0,0,0,0,0,0,0,False,0
us,DTE,1,0,0,2,1,3,2,False,4
us,DTE.NB,0,0,0,0,0,0,0,False,0
us,DTG,0,3,0,2,1,3,3,True,6
us,DTI,1,3,0,2,1,4,3,True,7
us,DTI.NB,0,0,0,0,0,0,0,False,0
us,DTIL,1,3,0,2,1,4,3,True,7
us,DTIL.NB,0,0,0,0,0,0,0,False,0
us,DTK,0,3,0,0,0,1,1,False,3
us,DTM,1,3,0,2,1,4,3,True,7
us,DTM.NB,0,0,0,0,0,0,0,False,0
us,DTSQ,1,0,0,2,0,2,1,False,3
us,DTSQ.NB,0,0,0,0,0,0,0,False,0
us,DTSQR,0,2,0,2,0,2,2,False,4
us,DTSQU,1,2,0,2,0,3,2,False,5
us,DTSQU.NB,0,0,0,0,0,0,0,False,0
us,DTSS,1,0,0,2,1,3,2,False,4
us,DTSS.NB,0,0,0,0,0,0,0,False,0
us,DTST,1,0,0,2,1,3,2,False,4
us,DTST.NB,0,0,0,0,0,0,0,False,0
us,DTSTW,0,3,0,2,1,3,3,True,6
us,DTW,1,3,0,2,1,4,3,True,7
us,DTW.NB,0,0,0,0,0,0,0,False,0
us,DUET,1,0,0,2,0,2,1,False,3
us,DUET.NB,0,0,0,0,0,0,0,False,0
us,DUK,1,0,0,2,1,3,2,False,4
us,DUK.NB,0,0,0,0,0,0,0,False,0
us,DUKB,1,3,0,2,1,4,3,True,7
us,DUKB.NB,0,0,0,0,0,0,0,False,0
us,DUKH,1,0,0,2,0,2,1,False,3
us,DUKH.NB,0,0,0,0,0,0,0,False,0
us,DUKL,0,0,0,0,0,0,0,False,0
us,DUKR,1,3,0,2,1,4,3,True,7
us,DUKR.NB,0,0,0,0,0,0,0,False,0
us,DUKRW,0,3,0,2,1,3,3,True,6
us,DUK_PA,1,3,0,2,1,4,3,True,7
us,DUK_PA.NB,0,0,0,0,0,0,0,False,0
us,DUO,1,3,0,2,1,4,3,True,7
us,DUO.NB,0,0,0,0,0,0,0,False,0
us,DUOL,1,3,0,2,1,4,3,True,7
us,DUOL.NB,0,0,0,0,0,0,0,False,0
us,DUOT,1,3,0,2,1,4,3,True,7
us,DUOT.NB,0,0,0,0,0,0,0,False,0
us,DV,1,3,0,2,1,4,3,True,7
us,DV.NB,0,0,0,0,0,0,0,False,0
us,DVA,1,2,0,2,1,4,3,True,6
us,DVA.NB,0,0,0,0,0,0,0,False,0
us,DVAX,1,0,0,2,1,3,2,False,4
us,DVAX.NB,0,0,0,0,0,0,0,False,0
us,DVLT,1,3,0,2,1,4,3,True,7
us,DVLT.NB,0,0,0,0,0,0,0,False,0
us,DVN,1,3,0,2,1,4,3,True,7
us,DVN.NB,0,0,0,0,0,0,0,False,0
us,DVS,1,0,0,2,1,3,2,False,4
us,DVS.NB,0,0,0,0,0,0,0,False,0
us,DWSN,1,3,0,2,1,4,3,True,7
us,DWSN.NB,0,0,0,0,0,0,0,False,0
us,DWTX,1,3,0,2,1,4,3,True,7
us,DWTX.NB,0,0,0,0,0,0,0,False,0
us,DX,1,0,0,2,1,3,2,False,4
us,DX.NB,0,0,0,0,0,0,0,False,0
us,DXC,1,3,0,2,1,4,3,True,7
us,DXC.NB,0,0,0,0,0,0,0,False,0
us,DXCM,1,3,0,2,1,4,3,True,7
us,DXCM.NB,0,0,0,0,0,0,0,False,0
us,DXF,1,3,0,2,1,4,3,True,7
us,DXF.NB,0,0,0,0,0,0,0,False,0
us,DXLG,1,3,0,2,1,4,3,True,7
us,DXLG.NB,0,0,0,0,0,0,0,False,0
us,DXPE,1,3,0,2,1,4,3,True,7
us,DXPE.NB,0,0,0,0,0,0,0,False,0
us,DXR,0,3,0,2,1,3,3,True,6
us,DXR.NB,0,0,0,0,0,0,0,False,0
us,DXST,1,3,0,2,0,3,2,False,6
us,DXST.NB,0,0,0,0,0,0,0,False,0
us,DXYN,1,3,0,2,1,4,3,True,7
us,DXYN.NB,0,0,0,0,0,0,0,False,0
us,DXYZ,1,3,0,2,0,3,2,False,6
us,DXYZ.NB,0,0,0,0,0,0,0,False,0
us,DX_PA,0,0,0,0,0,0,0,False,0
us,DX_PB,0,0,0,0,0,0,0,False,0
us,DX_PC,0,0,0,2,1,2,2,False,3
us,DY,1,3,0,2,1,4,3,True,7
us,DY.NB,0,0,0,0,0,0,0,False,0
us,DYAI,1,3,0,2,1,4,3,True,7
us,DYAI.NB,0,0,0,0,0,0,0,False,0
us,DYCQ,1,0,0,2,0,2,1,False,3
us,DYCQ.NB,0,0,0,0,0,0,0,False,0
us,DYN,1,2,0,2,1,4,3,True,6
us,DYN.NB,0,0,0,0,0,0,0,False,0
us,DYNCU,0,2,0,2,0,2,2,False,4
us,DYNCW,0,2,0,2,0,2,2,False,4
us,DYNT,1,0,0,2,1,3,2,False,4
us,DYNT.NB,0,0,0,0,0,0,0,False,0
us,DYOR,1,1,0,1,0,3,2,False,3
us,DYOR.NB,0,0,0,0,0,0,0,False,0
us,DYORU,0,2,0,1,0,2,2,False,3
us,DYORW,0,2,0,1,0,2,2,False,3
us,DYZH,0,0,0,0,0,0,0,False,0
us,DZHE,0,0,0,0,0,0,0,False,0
us,DZSI,1,0,0,2,0,2,1,False,3
us,DZSI.NB,0,0,0,0,0,0,0,False,0
us,E,1,3,0,2,1,4,3,True,7
us,E.NB,0,0,0,0,0,0,0,False,0
us,EA,1,3,0,2,1,4,3,True,7
us,EA.NB,0,0,0,0,0,0,0,False,0
us,EAF,1,2,0,2,1,4,3,True,6
us,EAF.NB,0,0,0,0,0,0,0,False,0
us,EAT,1,0,0,2,1,3,2,False,4
us,EAT.NB,0,0,0,0,0,0,0,False,0
us,EB.NB,0,0,0,0,0,0,0,False,0
us,EBAY,1,0,0,2,1,3,2,False,4
us,EBAY.NB,0,0,0,0,0,0,0,False,0
us,EBC,1,0,0,2,1,3,2,False,4
us,EBC.NB,0,0,0,0,0,0,0,False,0
us,EBF,1,3,0,2,1,4,3,True,7
us,EBF.NB,0,0,0,0,0,0,0,False,0
us,EBMT,0,3,0,2,1,3,3,True,6
us,EBMT.NB,0,0,0,0,0,0,0,False,0
us,EBON,1,3,0,2,1,4,3,True,7
us,EBON.NB,0,0,0,0,0,0,0,False,0
us,EBS,1,3,0,2,1,4,3,True,7
us,EBS.NB,0,0,0,0,0,0,0,False,0
us,EBTC,0,0,0,2,1,2,2,False,3
us,EBTC.NB,0,0,0,0,0,0,0,False,0
us,EC,1,3,0,2,1,4,3,True,7
us,EC.NB,0,0,0,0,0,0,0,False,0
us,ECBK,0,3,0,2,1,3,3,True,6
us,ECBK.NB,0,0,0,0,0,0,0,False,0
us,ECC,1,0,0,2,1,3,2,False,4
us,ECC.NB,0,0,0,0,0,0,0,False,0
us,ECCA,0,0,0,0,0,0,0,False,0
us,ECCB,0,0,0,0,0,0,0,False,0
us,ECCC,1,0,0,2,1,3,2,False,4
us,ECCC.NB,0,0,0,0,0,0,0,False,0
us,ECCF,1,0,0,2,0,2,1,False,3
us,ECCF.NB,0,0,0,0,0,0,0,False,0
us,ECCU,0,0,0,2,0,1,1,False,2
us,ECCV,0,0,0,2,1,2,2,False,3
us,ECCW,0,0,0,2,1,2,2,False,3
us,ECCX,0,0,0,2,1,2,2,False,3
us,ECC_PD,0,0,0,2,1,2,2,False,3
us,ECDA,1,0,0,2,0,2,1,False,3
us,ECDA.NB,0,0,0,0,0,0,0,False,0
us,ECDAW,0,0,0,0,0,0,0,False,0
us,ECF.NB,0,0,0,0,0,0,0,False,0
us,ECF_PA,1,0,0,2,1,3,2,False,4
us,ECF_PA.NB,0,0,0,0,0,0,0,False,0
us,ECG,1,3,0,2,0,3,2,False,6
us,ECG.NB,0,0,0,0,0,0,0,False,0
us,ECHO,1,0,0,2,1,3,2,False,4
us,ECHO.NB,0,0,0,0,0,0,0,False,0
us,ECL,1,3,0,2,1,4,3,True,7
us,ECL.NB,0,0,0,0,0,0,0,False,0
us,ECO,1,3,0,2,1,4,3,True,7
us,ECO.NB,0,0,0,0,0,0,0,False,0
us,ECOR,1,2,0,2,1,4,3,True,6
us,ECOR.NB,0,0,0,0,0,0,0,False,0
us,ECPG,1,3,0,2,1,4,3,True,7
us,ECPG.NB,0,0,0,0,0,0,0,False,0
us,ECVT,1,3,0,2,1,4,3,True,7
us,ECVT.NB,0,0,0,0,0,0,0,False,0
us,ECX,1,0,0,2,1,3,2,False,4
us,ECX.NB,0,0,0,0,0,0,0,False,0
us,ECXWW,0,2,0,2,1,3,3,True,5
us,ED,1,3,0,2,1,4,3,True,7
us,ED.NB,0,0,0,0,0,0,0,False,0
us,EDAP,1,3,0,2,1,4,3,True,7
us,EDAP.NB,0,0,0,0,0,0,0,False,0
us,EDBL,1,0,0,2,1,3,2,False,4
us,EDBL.NB,0,0,0,0,0,0,0,False,0
us,EDBLW,0,2,0,2,1,3,3,True,5
us,EDHL,1,3,0,2,0,3,2,False,6
us,EDHL.NB,0,0,0,0,0,0,0,False,0
us,EDIT,1,3,0,2,1,4,3,True,7
us,EDIT.NB,0,0,0,0,0,0,0,False,0
us,EDN,1,0,0,2,1,3,2,False,4
us,EDN.NB,0,0,0,0,0,0,0,False,0
us,EDR.NB,0,0,0,0,0,0,0,False,0
us,EDRY,1,3,0,2,1,4,3,True,7
us,EDRY.NB,0,0,0,0,0,0,0,False,0
us,EDSA,1,1,0,2,1,4,3,True,5
us,EDSA.NB,0,0,0,0,0,0,0,False,0
us,EDTK,1,0,0,2,1,3,2,False,4
us,EDTK.NB,0,0,0,0,0,0,0,False,0
us,EDTX.NB,0,0,0,0,0,0,0,False,0
us,EDU,1,0,0,2,1,3,2,False,4
us,EDU.NB,0,0,0,0,0,0,0,False,0
us,EDUC,1,3,0,2,1,4,3,True,7
us,EDUC.NB,0,0,0,0,0,0,0,False,0
us,EE,1,3,0,2,1,4,3,True,7
us,EE.NB,0,0,0,0,0,0,0,False,0
us,EEFT,1,0,0,2,1,3,2,False,4
us,EEFT.NB,0,0,0,0,0,0,0,False,0
us,EEIQ,1,3,0,2,1,4,3,True,7
us,EEIQ.NB,0,0,0,0,0,0,0,False,0
us,EEX,1,3,0,2,1,4,3,True,7
us,EEX.NB,0,0,0,0,0,0,0,False,0
us,EFB,1,0,0,0,0,1,0,False,1
us,EFB.NB,0,0,0,0,0,0,0,False,0
us,EFC,1,3,0,2,1,4,3,True,7
us,EFC.NB,0,0,0,0,0,0,0,False,0
us,EFC_PA,1,3,0,2,1,4,3,True,7
us,EFC_PA.NB,0,0,0,0,0,0,0,False,0
us,EFC_PB,1,3,0,2,1,4,3,True,7
us,EFC_PB.NB,0,0,0,0,0,0,0,False,0
us,EFC_PC,1,3,0,2,1,4,3,True,7
us,EFC_PC.NB,0,0,0,0,0,0,0,False,0
us,EFC_PD,1,3,0,2,1,4,3,True,7
us,EFC_PD.NB,0,0,0,0,0,0,0,False,0
us,EFC_PE,0,0,0,2,1,2,2,False,3
us,EFOI,1,3,0,2,1,4,3,True,7
us,EFOI.NB,0,0,0,0,0,0,0,False,0
us,EFOR,1,0,0,2,1,3,2,False,4
us,EFOR.NB,0,0,0,0,0,0,0,False,0
us,EFSC,0,0,0,2,1,2,2,False,3
us,EFSC.NB,0,0,0,0,0,0,0,False,0
us,EFSCP,0,0,0,2,1,2,2,False,3
us,EFSH,0,0,0,1,0,1,1,False,1
us,EFSI,1,2,0,2,1,4,3,True,6
us,EFSI.NB,0,0,0,0,0,0,0,False,0
us,EFTR,0,0,0,2,1,2,2,False,3
us,EFTY,1,1,0,1,0,3,2,False,3
us,EFTY.NB,0,0,0,0,0,0,0,False,0
us,EFX,1,0,0,2,1,3,2,False,4
us,EFX.NB,0,0,0,0,0,0,0,False,0
us,EFXT,1,3,0,2,1,4,3,True,7
us,EFXT.NB,0,0,0,0,0,0,0,False,0
us,EG,1,2,0,2,1,4,3,True,6
us,EG.NB,0,0,0,0,0,0,0,False,0
us,EGAN,1,0,0,2,1,3,2,False,4
us,EGAN.NB,0,0,0,0,0,0,0,False,0
us,EGBN,0,1,0,2,1,3,3,True,4
us,EGBN.NB,0,0,0,0,0,0,0,False,0
us,EGG,1,3,0,2,0,3,2,False,6
us,EGG.NB,0,0,0,0,0,0,0,False,0
us,EGHA,1,0,0,2,0,2,1,False,3
us,EGHA.NB,0,0,0,0,0,0,0,False,0
us,EGHAR,0,2,0,1,0,2,2,False,3
us,EGHAU,0,2,0,2,0,2,2,False,4
us,EGHT,1,3,0,2,1,4,3,True,7
us,EGHT.NB,0,0,0,0,0,0,0,False,0
us,EGIO,0,0,0,2,0,1,1,False,2
us,EGLX.NB,0,0,0,0,0,0,0,False,0
us,EGO,1,3,0,2,1,4,3,True,7
us,EGO.NB,0,0,0,0,0,0,0,False,0
us,EGOX.NB,0,0,0,0,0,0,0,False,0
us,EGP,1,0,0,2,1,3,2,False,4
us,EGP.NB,0,0,0,0,0,0,0,False,0
us,EGRX,1,0,0,2,1,3,2,False,4
us,EGRX.NB,0,0,0,0,0,0,0,False,0
us,EGY,1,3,0,2,1,4,3,True,7
us,EGY.NB,0,0,0,0,0,0,0,False,0
us,EH,1,3,0,2,1,4,3,True,7
us,EH.NB,0,0,0,0,0,0,0,False,0
us,EHAB,1,3,0,2,1,4,3,True,7
us,EHAB.NB,0,0,0,0,0,0,0,False,0
us,EHC,1,3,0,2,1,4,3,True,7
us,EHC.NB,0,0,0,0,0,0,0,False,0
us,EHGO,1,1,0,2,0,3,2,False,4
us,EHGO.NB,0,0,0,0,0,0,0,False,0
us,EHLD,1,3,0,2,0,3,2,False,6
us,EHLD.NB,0,0,0,0,0,0,0,False,0
us,EHTH,1,3,0,2,1,4,3,True,7
us,EHTH.NB,0,0,0,0,0,0,0,False,0
us,EIC,1,0,0,0,0,1,0,False,1
us,EIC.NB,0,0,0,0,0,0,0,False,0
us,EICA,1,0,0,2,1,3,2,False,4
us,EICA.NB,0,0,0,0,0,0,0,False,0
us,EICB,0,0,0,0,0,0,0,False,0
us,EICC,0,0,0,2,0,1,1,False,2
us,EIG,1,2,0,2,1,4,3,True,6
us,EIG.NB,0,0,0,0,0,0,0,False,0
us,EIGR.NB,0,0,0,0,0,0,0,False,0
us,EIIA,0,0,0,2,0,1,1,False,2
us,EIKN,1,1,0,0,0,2,1,False,2
us,EIKN.NB,0,0,0,0,0,0,0,False,0
us,EIL,0,0,0,0,0,0,0,False,0
us,EIX,1,3,0,2,1,4,3,True,7
us,EIX.NB,0,0,0,0,0,0,0,False,0
us,EJH,1,0,0,2,1,3,2,False,4
us,EJH.NB,0,0,0,0,0,0,0,False,0
us,EKSO,1,1,0,2,1,4,3,True,5
us,EKSO.NB,0,0,0,0,0,0,0,False,0
us,EL,1,0,0,2,1,3,2,False,4
us,EL.NB,0,0,0,0,0,0,0,False,0
us,ELA,1,3,0,2,1,4,3,True,7
us,ELA.NB,0,0,0,0,0,0,0,False,0
us,ELAB,1,3,0,2,0,3,2,False,6
us,ELAB.NB,0,0,0,0,0,0,0,False,0
us,ELAN,1,3,0,2,1,4,3,True,7
us,ELAN.NB,0,0,0,0,0,0,0,False,0
us,ELBM,1,2,0,2,1,4,3,True,6
us,ELBM.NB,0,0,0,0,0,0,0,False,0
us,ELC,1,0,0,2,1,3,2,False,4
us,ELC.NB,0,0,0,0,0,0,0,False,0
us,ELCG,0,0,0,0,0,0,0,False,0
us,ELDN,1,2,0,2,1,4,3,True,6
us,ELDN.NB,0,0,0,0,0,0,0,False,0
us,ELE,1,3,0,2,1,4,3,True,7
us,ELE.NB,0,0,0,0,0,0,0,False,0
us,ELEP,1,0,0,0,0,1,0,False,1
us,ELEP.NB,0,0,0,0,0,0,0,False,0
us,ELF,1,3,0,2,1,4,3,True,7
us,ELF.NB,0,0,0,0,0,0,0,False,0
us,ELLA,0,1,0,0,0,1,1,False,1
us,ELLO,1,3,0,2,1,4,3,True,7
us,ELLO.NB,0,0,0,0,0,0,0,False,0
us,ELMD,1,0,0,2,1,3,2,False,4
us,ELMD.NB,0,0,0,0,0,0,0,False,0
us,ELME,1,1,0,2,1,4,3,True,5
us,ELME.NB,0,0,0,0,0,0,0,False,0
us,ELMT,0,1,0,0,0,1,1,False,1
us,ELOG,0,1,0,1,0,2,2,False,2
us,ELOX,0,0,0,2,0,1,1,False,2
us,ELP,1,0,0,2,1,3,2,False,4
us,ELP.NB,0,0,0,0,0,0,0,False,0
us,ELPC,1,3,0,2,0,3,2,False,6
us,ELPC.NB,0,0,0,0,0,0,0,False,0
us,ELPW,1,2,0,2,0,3,2,False,5
us,ELPW.NB,0,0,0,0,0,0,0,False,0
us,ELS,1,0,0,2,1,3,2,False,4
us,ELS.NB,0,0,0,0,0,0,0,False,0
us,ELSE,1,3,0,2,1,4,3,True,7
us,ELSE.NB,0,0,0,0,0,0,0,False,0
us,ELSN,0,0,0,0,0,0,0,False,0
us,ELS_PC,0,0,0,0,0,0,0,False,0
us,ELTK,1,3,0,2,1,4,3,True,7
us,ELTK.NB,0,0,0,0,0,0,0,False,0
us,ELTX,1,2,0,2,0,3,2,False,5
us,ELTX.NB,0,0,0,0,0,0,0,False,0
us,ELUT,1,3,0,2,1,4,3,True,7
us,ELUT.NB,0,0,0,0,0,0,0,False,0
us,ELV,1,0,0,2,1,3,2,False,4
us,ELV.NB,0,0,0,0,0,0,0,False,0
us,ELVA,1,1,0,2,1,4,3,True,5
us,ELVA.NB,0,0,0,0,0,0,0,False,0
us,ELVN,1,2,0,2,1,4,3,True,6
us,ELVN.NB,0,0,0,0,0,0,0,False,0
us,ELVR,0,0,0,1,0,1,1,False,1
us,ELWS,1,2,0,2,0,3,2,False,5
us,ELWS.NB,0,0,0,0,0,0,0,False,0
us,ELWT,1,3,0,1,0,3,2,False,5
us,ELWT.NB,0,0,0,0,0,0,0,False,0
us,ELYS.NB,0,0,0,0,0,0,0,False,0
us,EM,1,3,0,2,1,4,3,True,7
us,EM.NB,0,0,0,0,0,0,0,False,0
us,EMA,1,3,0,2,1,4,3,True,7
us,EMA.NB,0,0,0,0,0,0,0,False,0
us,EMAT,1,1,0,2,1,4,3,True,5
us,EMAT.NB,0,0,0,0,0,0,0,False,0
us,EMBC,1,0,0,2,1,3,2,False,4
us,EMBC.NB,0,0,0,0,0,0,0,False,0
us,EMBJ,1,3,0,2,1,4,3,True,7
us,EMBJ.NB,0,0,0,0,0,0,0,False,0
us,EME,1,0,0,2,1,3,2,False,4
us,EME.NB,0,0,0,0,0,0,0,False,0
us,EMIS,1,1,0,1,0,3,2,False,3
us,EMIS.NB,0,0,0,0,0,0,0,False,0
us,EMISR,0,0,0,1,0,1,1,False,1
us,EMKR,1,0,0,2,1,3,2,False,4
us,EMKR.NB,0,0,0,0,0,0,0,False,0
us,EML,1,3,0,2,1,4,3,True,7
us,EML.NB,0,0,0,0,0,0,0,False,0
us,EMMSP,0,1,0,0,0,1,1,False,1
us,EMN,1,3,0,2,1,4,3,True,7
us,EMN.NB,0,0,0,0,0,0,0,False,0
us,EMPD,1,2,0,2,1,4,3,True,6
us,EMPD.NB,0,0,0,0,0,0,0,False,0
us,EMPG,0,1,0,2,0,2,2,False,3
us,EMR,1,0,0,2,1,3,2,False,4
us,EMR.NB,0,0,0,0,0,0,0,False,0
us,EMTX,0,0,0,0,0,0,0,False,0
us,EMX,1,0,0,2,1,3,2,False,4
us,EMX.NB,0,0,0,0,0,0,0,False,0
us,ENB,1,3,0,2,1,4,3,True,7
us,ENB.NB,0,0,0,0,0,0,0,False,0
us,ENDP.NB,0,0,0,0,0,0,0,False,0
us,ENER.NB,0,0,0,0,0,0,0,False,0
us,ENFN,1,0,0,2,1,3,2,False,4
us,ENFN.NB,0,0,0,0,0,0,0,False,0
us,ENFY,0,0,0,2,1,2,2,False,3
us,ENGN,0,0,0,2,1,2,2,False,3
us,ENGNW,0,0,0,2,1,2,2,False,3
us,ENGS,1,2,0,2,0,3,2,False,5
us,ENGS.NB,0,0,0,0,0,0,0,False,0
us,ENHA,0,2,0,1,0,2,2,False,3
us,ENIC,1,3,0,2,1,4,3,True,7
us,ENIC.NB,0,0,0,0,0,0,0,False,0
us,ENJ,1,0,0,2,1,3,2,False,4
us,ENJ.NB,0,0,0,0,0,0,0,False,0
us,ENLT,1,3,0,2,1,4,3,True,7
us,ENLT.NB,0,0,0,0,0,0,0,False,0
us,ENLV,1,3,0,2,1,4,3,True,7
us,ENLV.NB,0,0,0,0,0,0,0,False,0
us,ENO,1,0,0,2,1,3,2,False,4
us,ENO.NB,0,0,0,0,0,0,0,False,0
us,ENOV,1,3,0,2,1,4,3,True,7
us,ENOV.NB,0,0,0,0,0,0,0,False,0
us,ENPH,1,3,0,2,1,4,3,True,7
us,ENPH.NB,0,0,0,0,0,0,0,False,0
us,ENR,1,0,0,2,1,3,2,False,4
us,ENR.NB,0,0,0,0,0,0,0,False,0
us,ENRD,1,0,0,0,0,1,0,False,1
us,ENRD.NB,0,0,0,0,0,0,0,False,0
us,ENRDW,0,0,0,0,0,0,0,False,0
us,ENRJ_P,0,0,0,0,0,0,0,False,0
us,ENR_PA,0,0,0,0,0,0,0,False,0
us,ENS,1,3,0,2,1,4,3,True,7
us,ENS.NB,0,0,0,0,0,0,0,False,0
us,ENSC,1,3,0,2,1,4,3,True,7
us,ENSC.NB,0,0,0,0,0,0,0,False,0
us,ENSG,1,3,0,2,1,4,3,True,7
us,ENSG.NB,0,0,0,0,0,0,0,False,0
us,ENSV,1,0,0,2,1,3,2,False,4
us,ENSV.NB,0,0,0,0,0,0,0,False,0
us,ENTA,1,0,0,2,1,3,2,False,4
us,ENTA.NB,0,0,0,0,0,0,0,False,0
us,ENTG,1,3,0,2,1,4,3,True,7
us,ENTG.NB,0,0,0,0,0,0,0,False,0
us,ENTX,1,3,0,2,1,4,3,True,7
us,ENTX.NB,0,0,0,0,0,0,0,False,0
us,ENV,1,0,0,2,1,3,2,False,4
us,ENV.NB,0,0,0,0,0,0,0,False,0
us,ENVA,1,0,0,2,1,3,2,False,4
us,ENVA.NB,0,0,0,0,0,0,0,False,0
us,ENVB,1,2,0,2,1,4,3,True,6
us,ENVB.NB,0,0,0,0,0,0,0,False,0
us,ENVI.NB,0,0,0,0,0,0,0,False,0
us,ENVN,0,0,0,0,0,0,0,False,0
us,ENVX,1,3,0,2,1,4,3,True,7
us,ENVX.NB,0,0,0,0,0,0,0,False,0
us,ENZ,1,0,0,2,1,3,2,False,4
us,ENZ.NB,0,0,0,0,0,0,0,False,0
us,EOG,1,3,0,2,1,4,3,True,7
us,EOG.NB,0,0,0,0,0,0,0,False,0
us,EOLS,1,2,0,2,1,4,3,True,6
us,EOLS.NB,0,0,0,0,0,0,0,False,0
us,EONR,1,0,0,2,1,3,2,False,4
us,EONR.NB,0,0,0,0,0,0,0,False,0
us,EONR_T,0,0,0,2,1,2,2,False,3
us,EOSE,1,2,0,2,1,4,3,True,6
us,EOSE.NB,0,0,0,0,0,0,0,False,0
us,EP,1,2,0,2,1,4,3,True,6
us,EP.NB,0,0,0,0,0,0,0,False,0
us,EPAC,1,0,0,2,1,3,2,False,4
us,EPAC.NB,0,0,0,0,0,0,0,False,0
us,EPAM,1,3,0,2,1,4,3,True,7
us,EPAM.NB,0,0,0,0,0,0,0,False,0
us,EPC,1,1,0,2,1,4,3,True,5
us,EPC.NB,0,0,0,0,0,0,0,False,0
us,EPIX,1,0,0,2,1,3,2,False,4
us,EPIX.NB,0,0,0,0,0,0,0,False,0
us,EPM,1,0,0,2,1,3,2,False,4
us,EPM.NB,0,0,0,0,0,0,0,False,0
us,EPM_PA,0,0,0,0,0,0,0,False,0
us,EPOW,1,2,0,2,1,4,3,True,6
us,EPOW.NB,0,0,0,0,0,0,0,False,0
us,EPR,1,3,0,2,1,4,3,True,7
us,EPR.NB,0,0,0,0,0,0,0,False,0
us,EPRT,1,0,0,2,1,3,2,False,4
us,EPRT.NB,0,0,0,0,0,0,0,False,0
us,EPRX,1,2,0,2,1,4,3,True,6
us,EPRX.NB,0,0,0,0,0,0,0,False,0
us,EPR_PC,1,3,0,2,1,4,3,True,7
us,EPR_PC.NB,0,0,0,0,0,0,0,False,0
us,EPR_PE,1,3,0,2,1,4,3,True,7
us,EPR_PE.NB,0,0,0,0,0,0,0,False,0
us,EPR_PF,0,0,0,0,0,0,0,False,0
us,EPR_PG,1,3,0,2,1,4,3,True,7
us,EPR_PG.NB,0,0,0,0,0,0,0,False,0
us,EPSM,1,3,0,2,0,3,2,False,6
us,EPSM.NB,0,0,0,0,0,0,0,False,0
us,EPSN,1,3,0,2,1,4,3,True,7
us,EPSN.NB,0,0,0,0,0,0,0,False,0
us,EPWK,1,2,0,2,0,3,2,False,5
us,EPWK.NB,0,0,0,0,0,0,0,False,0
us,EP_PC,0,0,0,2,1,2,2,False,3
us,EQ,1,3,0,2,1,4,3,True,7
us,EQ.NB,0,0,0,0,0,0,0,False,0
us,EQBK,0,2,0,2,1,3,3,True,5
us,EQBK.NB,0,0,0,0,0,0,0,False,0
us,EQC,1,0,0,2,1,3,2,False,4
us,EQC.NB,0,0,0,0,0,0,0,False,0
us,EQC_PD,1,0,0,2,1,3,2,False,4
us,EQC_PD.NB,0,0,0,0,0,0,0,False,0
us,EQH,1,2,0,2,1,4,3,True,6
us,EQH.NB,0,0,0,0,0,0,0,False,0
us,EQH_PA,0,2,0,2,1,3,3,True,5
us,EQH_PC,0,2,0,2,1,3,3,True,5
us,EQIX,1,0,0,2,1,3,2,False,4
us,EQIX.NB,0,0,0,0,0,0,0,False,0
us,EQNR,1,3,0,2,1,4,3,True,7
us,EQNR.NB,0,0,0,0,0,0,0,False,0
us,EQPT,1,2,0,1,0,3,2,False,4
us,EQPT.NB,0,0,0,0,0,0,0,False,0
us,EQR,1,0,0,2,1,3,2,False,4
us,EQR.NB,0,0,0,0,0,0,0,False,0
us,EQS,1,0,0,2,1,3,2,False,4
us,EQS.NB,0,0,0,0,0,0,0,False,0
us,EQT,1,0,0,2,1,3,2,False,4
us,EQT.NB,0,0,0,0,0,0,0,False,0
us,EQX,1,3,0,2,1,4,3,True,7
us,EQX.NB,0,0,0,0,0,0,0,False,0
us,ERAS,1,2,0,2,1,4,3,True,6
us,ERAS.NB,0,0,0,0,0,0,0,False,0
us,ERF.NB,0,0,0,0,0,0,0,False,0
us,ERIC,1,0,0,2,1,3,2,False,4
us,ERIC.NB,0,0,0,0,0,0,0,False,0
us,ERIE,1,0,0,2,1,3,2,False,4
us,ERIE.NB,0,0,0,0,0,0,0,False,0
us,ERII,1,3,0,2,1,4,3,True,7
us,ERII.NB,0,0,0,0,0,0,0,False,0
us,ERNA,1,1,0,2,1,4,3,True,5
us,ERNA.NB,0,0,0,0,0,0,0,False,0
us,ERNAW,0,3,0,2,1,3,3,True,6
us,ERO,1,3,0,2,1,4,3,True,7
us,ERO.NB,0,0,0,0,0,0,0,False,0
us,EROC,0,0,0,0,0,0,0,False,0
us,EROK,0,0,0,0,0,0,0,False,0
us,ES,1,3,0,2,1,4,3,True,7
us,ES.NB,0,0,0,0,0,0,0,False,0
us,ESAB,1,3,0,2,1,4,3,True,7
us,ESAB.NB,0,0,0,0,0,0,0,False,0
us,ESCA,1,3,0,2,1,4,3,True,7
us,ESCA.NB,0,0,0,0,0,0,0,False,0
us,ESE,1,0,0,2,1,3,2,False,4
us,ESE.NB,0,0,0,0,0,0,0,False,0
us,ESEA,1,3,0,2,1,4,3,True,7
us,ESEA.NB,0,0,0,0,0,0,0,False,0
us,ESEAV,0,0,0,0,0,0,0,False,0
us,ESGLW,0,3,0,2,1,3,3,True,6
us,ESGRO,1,0,0,2,1,3,2,False,4
us,ESGRO.NB,0,0,0,0,0,0,0,False,0
us,ESGRP,1,0,0,2,1,3,2,False,4
us,ESGRP.NB,0,0,0,0,0,0,0,False,0
us,ESHA,1,0,0,2,0,2,1,False,3
us,ESHA.NB,0,0,0,0,0,0,0,False,0
us,ESHAR,0,0,0,2,0,1,1,False,2
us,ESI,1,3,0,2,1,4,3,True,7
us,ESI.NB,0,0,0,0,0,0,0,False,0
us,ESLA,1,0,0,2,1,3,2,False,4
us,ESLA.NB,0,0,0,0,0,0,0,False,0
us,ESLAW,0,1,0,2,1,3,3,True,4
us,ESLT,1,3,0,2,1,4,3,True,7
us,ESLT.NB,0,0,0,0,0,0,0,False,0
us,ESMT.NB,0,0,0,0,0,0,0,False,0
us,ESNT,1,3,0,2,1,4,3,True,7
us,ESNT.NB,0,0,0,0,0,0,0,False,0
us,ESOA,1,0,0,2,1,3,2,False,4
us,ESOA.NB,0,0,0,0,0,0,0,False,0
us,ESP,1,2,0,2,1,4,3,True,6
us,ESP.NB,0,0,0,0,0,0,0,False,0
us,ESPR,1,2,0,2,1,4,3,True,6
us,ESPR.NB,0,0,0,0,0,0,0,False,0
us,ESQ,1,3,0,2,1,4,3,True,7
us,ESQ.NB,0,0,0,0,0,0,0,False,0
us,ESRT,1,1,0,2,1,4,3,True,5
us,ESRT.NB,0,0,0,0,0,0,0,False,0
us,ESS,1,3,0,2,1,4,3,True,7
us,ESS.NB,0,0,0,0,0,0,0,False,0
us,ESS_PH,0,0,0,0,0,0,0,False,0
us,ESTA,1,3,0,2,1,4,3,True,7
us,ESTA.NB,0,0,0,0,0,0,0,False,0
us,ESTC,1,3,0,2,1,4,3,True,7
us,ESTC.NB,0,0,0,0,0,0,0,False,0
us,ESTE.NB,0,0,0,0,0,0,0,False,0
us,ET.NB,0,0,0,0,0,0,0,False,0
us,ETD,1,1,0,2,1,4,3,True,5
us,ETD.NB,0,0,0,0,0,0,0,False,0
us,ETHMU,0,2,0,2,0,2,2,False,4
us,ETHMW,0,2,0,2,0,2,2,False,4
us,ETHZ,0,2,0,2,1,3,3,True,5
us,ETI_P,1,0,0,2,1,3,2,False,4
us,ETI_P.NB,0,0,0,0,0,0,0,False,0
us,ETN,1,3,0,2,1,4,3,True,7
us,ETN.NB,0,0,0,0,0,0,0,False,0
us,ETNB,1,0,0,2,1,3,2,False,4
us,ETNB.NB,0,0,0,0,0,0,0,False,0
us,ETON,1,3,0,2,1,4,3,True,7
us,ETON.NB,0,0,0,0,0,0,0,False,0
us,ETOR,1,3,0,2,0,3,2,False,6
us,ETOR.NB,0,0,0,0,0,0,0,False,0
us,ETP_PC,0,0,0,0,0,0,0,False,0
us,ETR,1,3,0,2,1,4,3,True,7
us,ETR.NB,0,0,0,0,0,0,0,False,0
us,ETRN,0,0,0,2,1,2,2,False,3
us,ETS,1,0,0,1,0,2,1,False,2
us,ETS.NB,0,0,0,0,0,0,0,False,0
us,ETSS,0,0,0,0,0,0,0,False,0
us,ETSS_T,0,0,0,0,0,0,0,False,0
us,ETSY,1,0,0,2,1,3,2,False,4
us,ETSY.NB,0,0,0,0,0,0,0,False,0
us,ETWO,0,0,0,2,1,2,2,False,3
us,ET_PC,0,0,0,0,0,0,0,False,0
us,ET_PD,0,0,0,0,0,0,0,False,0
us,ET_PE,0,0,0,0,0,0,0,False,0
us,ET_PI,1,3,0,2,1,4,3,True,7
us,ET_PI.NB,0,0,0,0,0,0,0,False,0
us,EU,1,3,0,2,1,4,3,True,7
us,EU.NB,0,0,0,0,0,0,0,False,0
us,EUDA,1,2,0,2,1,4,3,True,6
us,EUDA.NB,0,0,0,0,0,0,0,False,0
us,EUDAW,0,1,0,2,1,3,3,True,4
us,EUPX,0,0,0,0,0,0,0,False,0
us,EURK,1,0,0,2,0,2,1,False,3
us,EURK.NB,0,0,0,0,0,0,0,False,0
us,EURKR,0,0,0,1,0,1,1,False,1
us,EURKU,1,0,0,1,0,2,1,False,2
us,EURKU.NB,0,0,0,0,0,0,0,False,0
us,EVA,0,0,0,2,1,2,2,False,3
us,EVAC,0,0,0,1,0,1,1,False,1
us,EVAC_T,0,0,0,1,0,1,1,False,1
us,EVAC_U.NB,0,0,0,0,0,0,0,False,0
us,EVAX,1,3,0,2,1,4,3,True,7
us,EVAX.NB,0,0,0,0,0,0,0,False,0
us,EVBG,1,0,0,2,1,3,2,False,4
us,EVBG.NB,0,0,0,0,0,0,0,False,0
us,EVBN,0,0,0,2,1,2,2,False,3
us,EVBN.NB,0,0,0,0,0,0,0,False,0
us,EVC,1,3,0,2,1,4,3,True,7
us,EVC.NB,0,0,0,0,0,0,0,False,0
us,EVCM,1,3,0,2,1,4,3,True,7
us,EVCM.NB,0,0,0,0,0,0,0,False,0
us,EVE,1,0,0,2,0,2,1,False,3
us,EVE.NB,0,0,0,0,0,0,0,False,0
us,EVER,1,3,0,2,1,4,3,True,7
us,EVER.NB,0,0,0,0,0,0,0,False,0
us,EVEX,1,2,0,2,1,4,3,True,6
us,EVEX.NB,0,0,0,0,0,0,0,False,0
us,EVEX_T,0,2,0,2,1,3,3,True,5
us,EVGN,1,3,0,2,1,4,3,True,7
us,EVGN.NB,0,0,0,0,0,0,0,False,0
us,EVGO,1,3,0,2,1,4,3,True,7
us,EVGO.NB,0,0,0,0,0,0,0,False,0
us,EVGOW,0,2,0,2,1,3,3,True,5
us,EVGR,1,0,0,2,1,3,2,False,4
us,EVGR.NB,0,0,0,0,0,0,0,False,0
us,EVH,1,3,0,2,1,4,3,True,7
us,EVH.NB,0,0,0,0,0,0,0,False,0
us,EVI,1,0,0,2,1,3,2,False,4
us,EVI.NB,0,0,0,0,0,0,0,False,0
us,EVLO.NB,0,0,0,0,0,0,0,False,0
us,EVLV,1,0,0,2,1,3,2,False,4
us,EVLV.NB,0,0,0,0,0,0,0,False,0
us,EVLVW,0,3,0,2,1,3,3,True,6
us,EVMN,1,2,0,1,0,3,2,False,4
us,EVMN.NB,0,0,0,0,0,0,0,False,0
us,EVO,1,3,0,2,1,4,3,True,7
us,EVO.NB,0,0,0,0,0,0,0,False,0
us,EVOK,1,0,0,2,1,3,2,False,4
us,EVOK.NB,0,0,0,0,0,0,0,False,0
us,EVOX,1,0,0,1,0,2,1,False,2
us,EVOX.NB,0,0,0,0,0,0,0,False,0
us,EVOXU,0,2,0,1,0,2,2,False,3
us,EVOXW,0,2,0,1,0,2,2,False,3
us,EVOY,0,0,0,0,0,0,0,False,0
us,EVR,1,1,0,2,1,4,3,True,5
us,EVR.NB,0,0,0,0,0,0,0,False,0
us,EVRG,1,3,0,2,1,4,3,True,7
us,EVRG.NB,0,0,0,0,0,0,0,False,0
us,EVRI,1,0,0,2,1,3,2,False,4
us,EVRI.NB,0,0,0,0,0,0,0,False,0
us,EVTC,1,3,0,2,1,4,3,True,7
us,EVTC.NB,0,0,0,0,0,0,0,False,0
us,EVTL,1,1,0,2,1,4,3,True,5
us,EVTL.NB,0,0,0,0,0,0,0,False,0
us,EVTS,0,0,0,0,0,0,0,False,0
us,EVTV,1,2,0,2,1,4,3,True,6
us,EVTV.NB,0,0,0,0,0,0,0,False,0
us,EW,1,1,0,2,1,4,3,True,5
us,EW.NB,0,0,0,0,0,0,0,False,0
us,EWBC,1,0,0,2,1,3,2,False,4
us,EWBC.NB,0,0,0,0,0,0,0,False,0
us,EWCZ,1,3,0,2,1,4,3,True,7
us,EWCZ.NB,0,0,0,0,0,0,0,False,0
us,EWTX,1,2,0,2,1,4,3,True,6
us,EWTX.NB,0,0,0,0,0,0,0,False,0
us,EXAI,0,0,0,2,0,1,1,False,2
us,EXAS,1,0,0,2,1,3,2,False,4
us,EXAS.NB,0,0,0,0,0,0,0,False,0
us,EXC,1,3,0,2,1,4,3,True,7
us,EXC.NB,0,0,0,0,0,0,0,False,0
us,EXE,1,3,0,2,1,4,3,True,7
us,EXE.NB,0,0,0,0,0,0,0,False,0
us,EXEEL,0,3,0,0,0,1,1,False,3
us,EXEEW,0,3,0,0,0,1,1,False,3
us,EXEEZ,0,3,0,0,0,1,1,False,3
us,EXEL,1,3,0,2,1,4,3,True,7
us,EXEL.NB,0,0,0,0,0,0,0,False,0
us,EXFY,1,3,0,2,1,4,3,True,7
us,EXFY.NB,0,0,0,0,0,0,0,False,0
us,EXK,1,3,0,2,1,4,3,True,7
us,EXK.NB,0,0,0,0,0,0,0,False,0
us,EXLS,1,3,0,2,1,4,3,True,7
us,EXLS.NB,0,0,0,0,0,0,0,False,0
us,EXN.NB,0,0,0,0,0,0,0,False,0
us,EXOD,1,3,0,2,1,4,3,True,7
us,EXOD.NB,0,0,0,0,0,0,0,False,0
us,EXOZ,1,2,0,2,0,3,2,False,5
us,EXOZ.NB,0,0,0,0,0,0,0,False,0
us,EXP,1,3,0,2,1,4,3,True,7
us,EXP.NB,0,0,0,0,0,0,0,False,0
us,EXPD,1,3,0,2,1,4,3,True,7
us,EXPD.NB,0,0,0,0,0,0,0,False,0
us,EXPE,1,3,0,2,1,4,3,True,7
us,EXPE.NB,0,0,0,0,0,0,0,False,0
us,EXPI,1,3,0,2,1,4,3,True,7
us,EXPI.NB,0,0,0,0,0,0,0,False,0
us,EXPO,1,3,0,2,1,4,3,True,7
us,EXPO.NB,0,0,0,0,0,0,0,False,0
us,EXPR.NB,0,0,0,0,0,0,0,False,0
us,EXR,1,1,0,2,1,4,3,True,5
us,EXR.NB,0,0,0,0,0,0,0,False,0
us,EXTO,0,0,0,2,0,1,1,False,2
us,EXTR,1,2,0,2,1,4,3,True,6
us,EXTR.NB,0,0,0,0,0,0,0,False,0
us,EXYN,0,0,0,0,0,0,0,False,0
us,EXYNW,0,0,0,0,0,0,0,False,0
us,EYE,1,3,0,2,1,4,3,True,7
us,EYE.NB,0,0,0,0,0,0,0,False,0
us,EYPT,1,3,0,2,1,4,3,True,7
us,EYPT.NB,0,0,0,0,0,0,0,False,0
us,EZGO,1,3,0,2,1,4,3,True,7
us,EZGO.NB,0,0,0,0,0,0,0,False,0
us,EZPW,1,0,0,2,1,3,2,False,4
us,EZPW.NB,0,0,0,0,0,0,0,False,0
us,EZRA,1,3,0,2,1,4,3,True,7
us,EZRA.NB,0,0,0,0,0,0,0,False,0
us,EZRAW,0,3,0,0,0,1,1,False,3
us,F,1,0,0,2,1,3,2,False,4
us,F.NB,0,0,0,0,0,0,0,False,0
us,FA,1,3,0,2,1,4,3,True,7
us,FA.NB,0,0,0,0,0,0,0,False,0
us,FAAS,0,0,0,2,1,2,2,False,3
us,FABC,1,3,0,2,1,4,3,True,7
us,FABC.NB,0,0,0,0,0,0,0,False,0
us,FAC,1,0,0,2,0,2,1,False,3
us,FAC.NB,0,0,0,0,0,0,0,False,0
us,FACT,1,0,0,2,0,2,1,False,3
us,FACT.NB,0,0,0,0,0,0,0,False,0
us,FACTU,0,2,0,2,0,2,2,False,4
us,FACTW,0,2,0,2,0,2,2,False,4
us,FACWW,0,0,0,0,0,0,0,False,0
us,FAF,1,0,0,2,1,3,2,False,4
us,FAF.NB,0,0,0,0,0,0,0,False,0
us,FAMI,1,3,0,2,1,4,3,True,7
us,FAMI.NB,0,0,0,0,0,0,0,False,0
us,FANG,1,3,0,2,1,4,3,True,7
us,FANG.NB,0,0,0,0,0,0,0,False,0
us,FARM,1,0,0,2,1,3,2,False,4
us,FARM.NB,0,0,0,0,0,0,0,False,0
us,FARO,1,0,0,2,1,3,2,False,4
us,FARO.NB,0,0,0,0,0,0,0,False,0
us,FAST,1,0,0,2,1,3,2,False,4
us,FAST.NB,0,0,0,0,0,0,0,False,0
us,FAT,1,0,0,2,1,3,2,False,4
us,FAT.NB,0,0,0,0,0,0,0,False,0
us,FATAV,0,0,0,0,0,0,0,False,0
us,FATBB,1,0,0,2,1,3,2,False,4
us,FATBB.NB,0,0,0,0,0,0,0,False,0
us,FATBP,1,0,0,2,1,3,2,False,4
us,FATBP.NB,0,0,0,0,0,0,0,False,0
us,FATBV,0,0,0,0,0,0,0,False,0
us,FATE,1,3,0,2,1,4,3,True,7
us,FATE.NB,0,0,0,0,0,0,0,False,0
us,FATN,0,3,0,2,0,2,2,False,5
us,FBGL,1,3,0,2,0,3,2,False,6
us,FBGL.NB,0,0,0,0,0,0,0,False,0
us,FBIC,1,1,0,0,0,2,1,False,2
us,FBIC.NB,0,0,0,0,0,0,0,False,0
us,FBIN,1,3,0,2,1,4,3,True,7
us,FBIN.NB,0,0,0,0,0,0,0,False,0
us,FBIO,1,3,0,2,1,4,3,True,7
us,FBIO.NB,0,0,0,0,0,0,0,False,0
us,FBIOP,1,3,0,2,1,4,3,True,7
us,FBIOP.NB,0,0,0,0,0,0,0,False,0
us,FBIZ,0,3,0,2,1,3,3,True,6
us,FBIZ.NB,0,0,0,0,0,0,0,False,0
us,FBK,0,0,0,2,1,2,2,False,3
us,FBK.NB,0,0,0,0,0,0,0,False,0
us,FBLA,0,3,0,2,0,2,2,False,5
us,FBLA.NB,0,0,0,0,0,0,0,False,0
us,FBLG,1,2,0,2,0,3,2,False,5
us,FBLG.NB,0,0,0,0,0,0,0,False,0
us,FBMS,0,0,0,2,1,2,2,False,3
us,FBMS.NB,0,0,0,0,0,0,0,False,0
us,FBNC,0,0,0,2,1,2,2,False,3
us,FBNC.NB,0,0,0,0,0,0,0,False,0
us,FBP,0,0,0,2,1,2,2,False,3
us,FBP.NB,0,0,0,0,0,0,0,False,0
us,FBRT,1,1,0,2,1,4,3,True,5
us,FBRT.NB,0,0,0,0,0,0,0,False,0
us,FBRT_PE,1,1,0,2,1,4,3,True,5
us,FBRT_PE.NB,0,0,0,0,0,0,0,False,0
us,FBRX,1,2,0,2,1,4,3,True,6
us,FBRX.NB,0,0,0,0,0,0,0,False,0
us,FBYD,1,0,0,2,1,3,2,False,4
us,FBYD.NB,0,0,0,0,0,0,0,False,0
us,FBYDP,0,0,0,0,0,0,0,False,0
us,FBYDW,0,3,0,2,1,3,3,True,6
us,FC,1,0,0,2,1,3,2,False,4
us,FC.NB,0,0,0,0,0,0,0,False,0
us,FCAP,0,1,0,2,1,3,3,True,4
us,FCAP.NB,0,0,0,0,0,0,0,False,0
us,FCBC,0,3,0,2,1,3,3,True,6
us,FCBC.NB,0,0,0,0,0,0,0,False,0
us,FCBM,0,0,0,0,0,0,0,False,0
us,FCCO,0,0,0,2,1,2,2,False,3
us,FCCO.NB,0,0,0,0,0,0,0,False,0
us,FCEL,1,0,0,2,1,3,2,False,4
us,FCEL.NB,0,0,0,0,0,0,0,False,0
us,FCF,0,3,0,2,1,3,3,True,6
us,FCF.NB,0,0,0,0,0,0,0,False,0
us,FCFS,1,0,0,2,1,3,2,False,4
us,FCFS.NB,0,0,0,0,0,0,0,False,0
us,FCHL,1,3,0,1,0,3,2,False,5
us,FCHL.NB,0,0,0,0,0,0,0,False,0
us,FCN,1,3,0,2,1,4,3,True,7
us,FCN.NB,0,0,0,0,0,0,0,False,0
us,FCNCA,0,1,0,2,1,3,3,True,4
us,FCNCA.NB,0,0,0,0,0,0,0,False,0
us,FCNCN,0,1,0,0,0,1,1,False,1
us,FCNCO,0,1,0,2,1,3,3,True,4
us,FCNCP,0,1,0,2,1,3,3,True,4
us,FCPT,1,3,0,2,1,4,3,True,7
us,FCPT.NB,0,0,0,0,0,0,0,False,0
us,FCRS,0,1,0,1,0,2,2,False,2
us,FCRS_T,0,0,0,1,0,1,1,False,1
us,FCRS_U,1,0,0,1,0,2,1,False,2
us,FCRS_U.NB,0,0,0,0,0,0,0,False,0
us,FCRX,0,3,0,2,1,3,3,True,6
us,FCST,1,0,0,0,0,1,0,False,1
us,FCST.NB,0,0,0,0,0,0,0,False,0
us,FCUV,1,1,0,2,1,4,3,True,5
us,FCUV.NB,0,0,0,0,0,0,0,False,0
us,FCX,1,1,0,2,1,4,3,True,5
us,FCX.NB,0,0,0,0,0,0,0,False,0
us,FDAN,0,0,0,0,0,0,0,False,0
us,FDBC,0,0,0,2,1,2,2,False,3
us,FDBC.NB,0,0,0,0,0,0,0,False,0
us,FDMT,1,3,0,2,1,4,3,True,7
us,FDMT.NB,0,0,0,0,0,0,0,False,0
us,FDP,1,3,0,2,1,4,3,True,7
us,FDP.NB,0,0,0,0,0,0,0,False,0
us,FDS,1,0,0,2,1,3,2,False,4
us,FDS.NB,0,0,0,0,0,0,0,False,0
us,FDSB,1,3,0,2,0,3,2,False,6
us,FDSB.NB,0,0,0,0,0,0,0,False,0
us,FDUS,1,3,0,2,1,4,3,True,7
us,FDUS.NB,0,0,0,0,0,0,0,False,0
us,FDX,1,3,0,2,1,4,3,True,7
us,FDX.NB,0,0,0,0,0,0,0,False,0
us,FDXF,0,1,0,0,0,1,1,False,1
us,FDXF_W,0,1,0,0,0,1,1,False,1
us,FDX_W,0,3,0,0,0,1,1,False,3
us,FE,1,3,0,2,1,4,3,True,7
us,FE.NB,0,0,0,0,0,0,0,False,0
us,FEAM,1,1,0,2,1,4,3,True,5
us,FEAM.NB,0,0,0,0,0,0,0,False,0
us,FEBO,1,3,0,2,0,3,2,False,6
us,FEBO.NB,0,0,0,0,0,0,0,False,0
us,FEDU,1,3,0,2,1,4,3,True,7
us,FEDU.NB,0,0,0,0,0,0,0,False,0
us,FEED,1,3,0,2,1,4,3,True,7
us,FEED.NB,0,0,0,0,0,0,0,False,0
us,FEIM,1,3,0,2,1,4,3,True,7
us,FEIM.NB,0,0,0,0,0,0,0,False,0
us,FELE,1,3,0,2,1,4,3,True,7
us,FELE.NB,0,0,0,0,0,0,0,False,0
us,FEMY,1,3,0,2,1,4,3,True,7
us,FEMY.NB,0,0,0,0,0,0,0,False,0
us,FENC,1,3,0,2,1,4,3,True,7
us,FENC.NB,0,0,0,0,0,0,0,False,0
us,FENG,1,3,0,2,1,4,3,True,7
us,FENG.NB,0,0,0,0,0,0,0,False,0
us,FER,1,3,0,2,1,4,3,True,7
us,FER.NB,0,0,0,0,0,0,0,False,0
us,FERA,1,0,0,2,0,2,1,False,3
us,FERA.NB,0,0,0,0,0,0,0,False,0
us,FERAR,0,2,0,2,0,2,2,False,4
us,FERAU,0,2,0,2,0,2,2,False,4
us,FERG,1,3,0,2,1,4,3,True,7
us,FERG.NB,0,0,0,0,0,0,0,False,0
us,FET,1,3,0,2,1,4,3,True,7
us,FET.NB,0,0,0,0,0,0,0,False,0
us,FF,1,3,0,2,1,4,3,True,7
us,FF.NB,0,0,0,0,0,0,0,False,0
us,FFAI,1,0,0,2,1,3,2,False,4
us,FFAI.NB,0,0,0,0,0,0,0,False,0
us,FFAIW,0,2,0,2,1,3,3,True,5
us,FFBC,0,3,0,2,1,3,3,True,6
us,FFBC.NB,0,0,0,0,0,0,0,False,0
us,FFBW.NB,0,0,0,0,0,0,0,False,0
us,FFIC,0,3,0,2,1,3,3,True,6
us,FFIC.NB,0,0,0,0,0,0,0,False,0
us,FFIN,0,0,0,2,1,2,2,False,3
us,FFIN.NB,0,0,0,0,0,0,0,False,0
us,FFIV,1,2,0,2,1,4,3,True,6
us,FFIV.NB,0,0,0,0,0,0,0,False,0
us,FFLY,0,0,0,0,0,0,0,False,0
us,FFNW,0,0,0,2,1,2,2,False,3
us,FFNW.NB,0,0,0,0,0,0,0,False,0
us,FFWM,1,0,0,2,1,3,2,False,4
us,FFWM.NB,0,0,0,0,0,0,0,False,0
us,FG,1,0,0,2,1,3,2,False,4
us,FG.NB,0,0,0,0,0,0,0,False,0
us,FGBI,0,3,0,2,1,3,3,True,6
us,FGBI.NB,0,0,0,0,0,0,0,False,0
us,FGBIP,0,3,0,2,1,3,3,True,6
us,FGEN,1,2,0,2,1,4,3,True,6
us,FGEN.NB,0,0,0,0,0,0,0,False,0
us,FGI,1,0,0,2,1,3,2,False,4
us,FGI.NB,0,0,0,0,0,0,0,False,0
us,FGII,1,1,0,0,0,2,1,False,2
us,FGII.NB,0,0,0,0,0,0,0,False,0
us,FGIIU,1,1,0,0,0,2,1,False,2
us,FGIIU.NB,0,0,0,0,0,0,0,False,0
us,FGIIW,0,1,0,0,0,1,1,False,1
us,FGIWW,0,3,0,2,1,3,3,True,6
us,FGL,1,3,0,2,0,3,2,False,6
us,FGL.NB,0,0,0,0,0,0,0,False,0
us,FGMC,0,0,0,2,0,1,1,False,2
us,FGMCR,0,2,0,2,0,2,2,False,4
us,FGMCU,0,2,0,2,0,2,2,False,4
us,FGN,0,3,0,2,0,2,2,False,5
us,FGNX,1,3,0,2,1,4,3,True,7
us,FGNX.NB,0,0,0,0,0,0,0,False,0
us,FGNXP,1,3,0,2,1,4,3,True,7
us,FGNXP.NB,0,0,0,0,0,0,0,False,0
us,FGSN,0,3,0,2,0,2,2,False,5
us,FHB,0,0,0,2,1,2,2,False,3
us,FHB.NB,0,0,0,0,0,0,0,False,0
us,FHI,1,3,0,2,1,4,3,True,7
us,FHI.NB,0,0,0,0,0,0,0,False,0
us,FHN,0,0,0,2,1,2,2,False,3
us,FHN.NB,0,0,0,0,0,0,0,False,0
us,FHN_PA,0,0,0,0,0,0,0,False,0
us,FHN_PB,0,0,0,2,1,2,2,False,3
us,FHN_PC,0,0,0,2,1,2,2,False,3
us,FHN_PD,0,0,0,0,0,0,0,False,0
us,FHN_PE,0,0,0,2,1,2,2,False,3
us,FHN_PF,0,0,0,2,1,2,2,False,3
us,FHN_PH,0,0,0,0,0,0,0,False,0
us,FHP,0,0,0,0,0,0,0,False,0
us,FHTX,1,2,0,2,1,4,3,True,6
us,FHTX.NB,0,0,0,0,0,0,0,False,0
us,FIBK,0,1,0,2,1,3,3,True,4
us,FIBK.NB,0,0,0,0,0,0,0,False,0
us,FICO,1,2,0,2,1,4,3,True,6
us,FICO.NB,0,0,0,0,0,0,0,False,0
us,FIEE,1,3,0,2,1,4,3,True,7
us,FIEE.NB,0,0,0,0,0,0,0,False,0
us,FIG,1,0,0,1,0,2,1,False,2
us,FIG.NB,0,0,0,0,0,0,0,False,0
us,FIGR,1,3,0,1,0,3,2,False,5
us,FIGR.NB,0,0,0,0,0,0,0,False,0
us,FIGS,1,3,0,2,1,4,3,True,7
us,FIGS.NB,0,0,0,0,0,0,0,False,0
us,FIGX,1,0,0,1,0,2,1,False,2
us,FIGX.NB,0,0,0,0,0,0,0,False,0
us,FIGXU,0,2,0,1,0,2,2,False,3
us,FIGXW,0,2,0,1,0,2,2,False,3
us,FIHL,1,3,0,2,0,3,2,False,6
us,FIHL.NB,0,0,0,0,0,0,0,False,0
us,FINV,1,3,0,2,1,4,3,True,7
us,FINV.NB,0,0,0,0,0,0,0,False,0
us,FINW,1,3,0,2,1,4,3,True,7
us,FINW.NB,0,0,0,0,0,0,0,False,0
us,FIP,1,3,0,2,1,4,3,True,7
us,FIP.NB,0,0,0,0,0,0,0,False,0
us,FIRY,1,0,0,2,1,3,2,False,4
us,FIRY.NB,0,0,0,0,0,0,0,False,0
us,FIS,1,3,0,2,1,4,3,True,7
us,FIS.NB,0,0,0,0,0,0,0,False,0
us,FISI,1,0,0,2,1,3,2,False,4
us,FISI.NB,0,0,0,0,0,0,0,False,0
us,FISK,1,3,0,2,1,4,3,True,7
us,FISK.NB,0,0,0,0,0,0,0,False,0
us,FISN,0,1,0,0,0,1,1,False,1
us,FISV,1,3,0,2,1,4,3,True,7
us,FISV.NB,0,0,0,0,0,0,0,False,0
us,FITB,0,0,0,2,1,2,2,False,3
us,FITB.NB,0,0,0,0,0,0,0,False,0
us,FITBI,0,0,0,2,1,2,2,False,3
us,FITBI.NB,0,0,0,0,0,0,0,False,0
us,FITBM,0,0,0,0,0,0,0,False,0
us,FITBO,0,0,0,2,1,2,2,False,3
us,FITBO.NB,0,0,0,0,0,0,0,False,0
us,FITBP,0,0,0,2,1,2,2,False,3
us,FITBP.NB,0,0,0,0,0,0,0,False,0
us,FITB_PA,0,0,0,2,1,2,2,False,3
us,FITB_PI,0,0,0,2,1,2,2,False,3
us,FITB_PK,0,0,0,2,1,2,2,False,3
us,FITB_PM,0,0,0,0,0,0,0,False,0
us,FIVE,1,3,0,2,1,4,3,True,7
us,FIVE.NB,0,0,0,0,0,0,0,False,0
us,FIVN,1,3,0,2,1,4,3,True,7
us,FIVN.NB,0,0,0,0,0,0,0,False,0
us,FIX,1,3,0,2,1,4,3,True,7
us,FIX.NB,0,0,0,0,0,0,0,False,0
us,FIZZ,1,3,0,2,1,4,3,True,7
us,FIZZ.NB,0,0,0,0,0,0,0,False,0
us,FJET,1,2,0,1,0,3,2,False,4
us,FJET.NB,0,0,0,0,0,0,0,False,0
us,FKWL,1,0,0,2,1,3,2,False,4
us,FKWL.NB,0,0,0,0,0,0,0,False,0
us,FL,0,0,0,2,1,2,2,False,3
us,FLD,1,0,0,2,1,3,2,False,4
us,FLD.NB,0,0,0,0,0,0,0,False,0
us,FLDDW,0,3,0,2,1,3,3,True,6
us,FLEX,1,3,0,2,1,4,3,True,7
us,FLEX.NB,0,0,0,0,0,0,0,False,0
us,FLG,0,0,0,2,1,2,2,False,3
us,FLG.NB,0,0,0,0,0,0,0,False,0
us,FLGC,1,3,0,2,1,4,3,True,7
us,FLGC.NB,0,0,0,0,0,0,0,False,0
us,FLGT,1,3,0,2,1,4,3,True,7
us,FLGT.NB,0,0,0,0,0,0,0,False,0
us,FLG_PA,0,0,0,2,1,2,2,False,3
us,FLIC,1,0,0,2,1,3,2,False,4
us,FLIC.NB,0,0,0,0,0,0,0,False,0
us,FLL,1,3,0,2,1,4,3,True,7
us,FLL.NB,0,0,0,0,0,0,0,False,0
us,FLNA,1,2,0,2,1,4,3,True,6
us,FLNA.NB,0,0,0,0,0,0,0,False,0
us,FLNC,1,0,0,2,1,3,2,False,4
us,FLNC.NB,0,0,0,0,0,0,0,False,0
us,FLNG,1,3,0,2,1,4,3,True,7
us,FLNG.NB,0,0,0,0,0,0,0,False,0
us,FLNT,1,3,0,2,1,4,3,True,7
us,FLNT.NB,0,0,0,0,0,0,0,False,0
us,FLO,1,3,0,2,1,4,3,True,7
us,FLO.NB,0,0,0,0,0,0,0,False,0
us,FLOC,1,3,0,2,0,3,2,False,6
us,FLOC.NB,0,0,0,0,0,0,0,False,0
us,FLR,1,3,0,2,1,4,3,True,7
us,FLR.NB,0,0,0,0,0,0,0,False,0
us,FLS,1,3,0,2,1,4,3,True,7
us,FLS.NB,0,0,0,0,0,0,0,False,0
us,FLUT,1,3,0,2,1,4,3,True,7
us,FLUT.NB,0,0,0,0,0,0,0,False,0
us,FLUX,1,0,0,2,1,3,2,False,4
us,FLUX.NB,0,0,0,0,0,0,0,False,0
us,FLWS,1,0,0,2,1,3,2,False,4
us,FLWS.NB,0,0,0,0,0,0,0,False,0
us,FLX,1,3,0,2,0,3,2,False,6
us,FLX.NB,0,0,0,0,0,0,0,False,0
us,FLXS,1,0,0,2,1,3,2,False,4
us,FLXS.NB,0,0,0,0,0,0,0,False,0
us,FLY,1,3,0,1,0,3,2,False,5
us,FLY.NB,0,0,0,0,0,0,0,False,0
us,FLYD,0,3,0,2,1,3,3,True,6
us,FLYE,1,3,0,2,0,3,2,False,6
us,FLYE.NB,0,0,0,0,0,0,0,False,0
us,FLYU,0,3,0,2,1,3,3,True,6
us,FLYW,1,3,0,2,1,4,3,True,7
us,FLYW.NB,0,0,0,0,0,0,0,False,0
us,FLYX,1,0,0,2,1,3,2,False,4
us,FLYX.NB,0,0,0,0,0,0,0,False,0
us,FLYX_T,0,2,0,2,1,3,3,True,5
us,FLYY,1,2,0,2,0,3,2,False,5
us,FLYY.NB,0,0,0,0,0,0,0,False,0
us,FLZH,1,0,0,2,1,3,2,False,4
us,FLZH.NB,0,0,0,0,0,0,0,False,0
us,FMAC,0,0,0,0,0,0,0,False,0
us,FMACR,0,0,0,0,0,0,0,False,0
us,FMAO,1,0,0,2,1,3,2,False,4
us,FMAO.NB,0,0,0,0,0,0,0,False,0
us,FMBH,0,3,0,2,1,3,3,True,6
us,FMBH.NB,0,0,0,0,0,0,0,False,0
us,FMC,1,3,0,2,1,4,3,True,7
us,FMC.NB,0,0,0,0,0,0,0,False,0
us,FMER_PA,0,0,0,0,0,0,0,False,0
us,FMFC,1,1,0,2,0,3,2,False,4
us,FMFC.NB,0,0,0,0,0,0,0,False,0
us,FMIV.NB,0,0,0,0,0,0,0,False,0
us,FMNB,0,0,0,2,1,2,2,False,3
us,FMNB.NB,0,0,0,0,0,0,0,False,0
us,FMS,1,3,0,2,1,4,3,True,7
us,FMS.NB,0,0,0,0,0,0,0,False,0
us,FMST,1,2,0,2,1,4,3,True,6
us,FMST.NB,0,0,0,0,0,0,0,False,0
us,FMSTW,0,0,0,2,1,2,2,False,3
us,FMTO,0,0,0,2,1,2,2,False,3
us,FMX,1,3,0,2,1,4,3,True,7
us,FMX.NB,0,0,0,0,0,0,0,False,0
us,FN,1,0,0,2,1,3,2,False,4
us,FN.NB,0,0,0,0,0,0,0,False,0
us,FNA,0,0,0,2,1,2,2,False,3
us,FNB,0,1,0,2,1,3,3,True,4
us,FNB.NB,0,0,0,0,0,0,0,False,0
us,FNB_PE,0,0,0,0,0,0,0,False,0
us,FNB_PE.NB,0,0,0,0,0,0,0,False,0
us,FND,1,3,0,2,1,4,3,True,7
us,FND.NB,0,0,0,0,0,0,0,False,0
us,FNF,1,3,0,2,1,4,3,True,7
us,FNF.NB,0,0,0,0,0,0,0,False,0
us,FNFG_PB,0,0,0,0,0,0,0,False,0
us,FNGD,0,3,0,2,1,3,3,True,6
us,FNGD.NB,0,0,0,0,0,0,0,False,0
us,FNGO,0,3,0,2,1,3,3,True,6
us,FNGO.NB,0,0,0,0,0,0,0,False,0
us,FNGR,1,3,0,2,1,4,3,True,7
us,FNGR.NB,0,0,0,0,0,0,0,False,0
us,FNGS,0,3,0,2,1,3,3,True,6
us,FNGU,0,3,0,2,0,2,2,False,5
us,FNGU.NB,0,0,0,0,0,0,0,False,0
us,FNKO,1,3,0,2,1,4,3,True,7
us,FNKO.NB,0,0,0,0,0,0,0,False,0
us,FNLC,0,0,0,2,1,2,2,False,3
us,FNLC.NB,0,0,0,0,0,0,0,False,0
us,FNRN,0,2,0,2,1,3,3,True,5
us,FNRN.NB,0,0,0,0,0,0,0,False,0
us,FNUC,1,2,0,2,1,4,3,True,6
us,FNUC.NB,0,0,0,0,0,0,0,False,0
us,FNV,1,3,0,2,1,4,3,True,7
us,FNV.NB,0,0,0,0,0,0,0,False,0
us,FNVT,0,1,0,2,1,3,3,True,4
us,FNWB,0,2,0,2,1,3,3,True,5
us,FNWB.NB,0,0,0,0,0,0,0,False,0
us,FNWD,0,3,0,2,1,3,3,True,6
us,FNWD.NB,0,0,0,0,0,0,0,False,0
us,FOA,1,3,0,2,1,4,3,True,7
us,FOA.NB,0,0,0,0,0,0,0,False,0
us,FOCL,1,0,0,2,1,3,2,False,4
us,FOCL.NB,0,0,0,0,0,0,0,False,0
us,FOCS.NB,0,0,0,0,0,0,0,False,0
us,FOFO,1,3,0,1,0,3,2,False,5
us,FOFO.NB,0,0,0,0,0,0,0,False,0
us,FOGO,0,0,0,0,0,0,0,False,0
us,FOLD,1,0,0,2,1,3,2,False,4
us,FOLD.NB,0,0,0,0,0,0,0,False,0
us,FONG,0,0,0,0,0,0,0,False,0
us,FONR,1,0,0,2,1,3,2,False,4
us,FONR.NB,0,0,0,0,0,0,0,False,0
us,FOR,1,0,0,2,1,3,2,False,4
us,FOR.NB,0,0,0,0,0,0,0,False,0
us,FORA,1,3,0,2,1,4,3,True,7
us,FORA.NB,0,0,0,0,0,0,0,False,0
us,FORG.NB,0,0,0,0,0,0,0,False,0
us,FORL,1,0,0,2,0,2,1,False,3
us,FORL.NB,0,0,0,0,0,0,0,False,0
us,FORM,1,2,0,2,1,4,3,True,6
us,FORM.NB,0,0,0,0,0,0,0,False,0
us,FORR,1,3,0,2,1,4,3,True,7
us,FORR.NB,0,0,0,0,0,0,0,False,0
us,FORTY,1,3,0,2,1,4,3,True,7
us,FORTY.NB,0,0,0,0,0,0,0,False,0
us,FOSL,1,3,0,2,1,4,3,True,7
us,FOSL.NB,0,0,0,0,0,0,0,False,0
us,FOUR,1,3,0,2,1,4,3,True,7
us,FOUR.NB,0,0,0,0,0,0,0,False,0
us,FOUR_PA,1,3,0,2,0,3,2,False,6
us,FOUR_PA.NB,0,0,0,0,0,0,0,False,0
us,FOX,1,0,0,2,1,3,2,False,4
us,FOX.NB,0,0,0,0,0,0,0,False,0
us,FOXA,1,0,0,2,1,3,2,False,4
us,FOXA.NB,0,0,0,0,0,0,0,False,0
us,FOXF,1,3,0,2,1,4,3,True,7
us,FOXF.NB,0,0,0,0,0,0,0,False,0
us,FOXO,0,3,0,2,1,3,3,True,6
us,FOXX,0,0,0,2,1,2,2,False,3
us,FOXXW,0,1,0,2,1,3,3,True,4
us,FPAC.NB,0,0,0,0,0,0,0,False,0
us,FPAY,1,1,0,2,0,3,2,False,4
us,FPAY.NB,0,0,0,0,0,0,0,False,0
us,FPH,1,1,0,2,1,4,3,True,5
us,FPH.NB,0,0,0,0,0,0,0,False,0
us,FPI,1,3,0,2,1,4,3,True,7
us,FPI.NB,0,0,0,0,0,0,0,False,0
us,FPI_PB,1,0,0,2,1,3,2,False,4
us,FPI_PB.NB,0,0,0,0,0,0,0,False,0
us,FPS,0,0,0,0,0,0,0,False,0
us,FQJR,0,0,0,0,0,0,0,False,0
us,FR,1,0,0,2,1,3,2,False,4
us,FR.NB,0,0,0,0,0,0,0,False,0
us,FRAF,0,2,0,2,1,3,3,True,5
us,FRAF.NB,0,0,0,0,0,0,0,False,0
us,FRBA,0,3,0,2,1,3,3,True,6
us,FRBA.NB,0,0,0,0,0,0,0,False,0
us,FRBK.NB,0,0,0,0,0,0,0,False,0
us,FRC_PA,0,0,0,0,0,0,0,False,0
us,FRC_PB,0,0,0,0,0,0,0,False,0
us,FRC_PC,0,0,0,0,0,0,0,False,0
us,FRC_PD,0,0,0,0,0,0,0,False,0
us,FRC_PD.NB,0,0,0,0,0,0,0,False,0
us,FRC_PE,0,0,0,0,0,0,0,False,0
us,FRC_PF,0,0,0,0,0,0,0,False,0
us,FRC_PG,0,0,0,0,0,0,0,False,0
us,FRC_PG.NB,0,0,0,0,0,0,0,False,0
us,FRC_PH,0,0,0,0,0,0,0,False,0
us,FRC_PI,0,0,0,0,0,0,0,False,0
us,FRC_PJ,0,0,0,0,0,0,0,False,0
us,FRC_PK,0,0,0,0,0,0,0,False,0
us,FRC_PL,0,0,0,0,0,0,0,False,0
us,FRC_PM,0,0,0,0,0,0,0,False,0
us,FRC_PN,0,0,0,0,0,0,0,False,0
us,FRD,1,3,0,2,1,4,3,True,7
us,FRD.NB,0,0,0,0,0,0,0,False,0
us,FREE,0,0,0,2,1,2,2,False,3
us,FRES,0,0,0,2,1,2,2,False,3
us,FRGE,1,0,0,2,1,3,2,False,4
us,FRGE.NB,0,0,0,0,0,0,0,False,0
us,FRGT,1,3,0,2,1,4,3,True,7
us,FRGT.NB,0,0,0,0,0,0,0,False,0
us,FRHC,1,3,0,2,1,4,3,True,7
us,FRHC.NB,0,0,0,0,0,0,0,False,0
us,FRLA,1,0,0,2,0,2,1,False,3
us,FRLA.NB,0,0,0,0,0,0,0,False,0
us,FRME,1,0,0,2,1,3,2,False,4
us,FRME.NB,0,0,0,0,0,0,0,False,0
us,FRMEP,0,0,0,2,1,2,2,False,3
us,FRMI,1,2,0,1,0,3,2,False,4
us,FRMI.NB,0,0,0,0,0,0,0,False,0
us,FRMM,1,2,0,2,1,4,3,True,6
us,FRMM.NB,0,0,0,0,0,0,0,False,0
us,FRNM,0,0,0,2,0,1,1,False,2
us,FRO,1,3,0,2,1,4,3,True,7
us,FRO.NB,0,0,0,0,0,0,0,False,0
us,FROG,1,3,0,2,1,4,3,True,7
us,FROG.NB,0,0,0,0,0,0,0,False,0
us,FRPH,1,3,0,2,1,4,3,True,7
us,FRPH.NB,0,0,0,0,0,0,0,False,0
us,FRPT,1,3,0,2,1,4,3,True,7
us,FRPT.NB,0,0,0,0,0,0,0,False,0
us,FRSH,1,3,0,2,1,4,3,True,7
us,FRSH.NB,0,0,0,0,0,0,0,False,0
us,FRST,0,0,0,2,1,2,2,False,3
us,FRST.NB,0,0,0,0,0,0,0,False,0
us,FRSX,1,3,0,2,1,4,3,True,7
us,FRSX.NB,0,0,0,0,0,0,0,False,0
us,FRT,1,3,0,2,1,4,3,True,7
us,FRT.NB,0,0,0,0,0,0,0,False,0
us,FRTT,0,3,0,2,0,2,2,False,5
us,FRT_PC,1,3,0,2,1,4,3,True,7
us,FRT_PC.NB,0,0,0,0,0,0,0,False,0
us,FRVO,0,0,0,0,0,0,0,False,0
us,FRXB.NB,0,0,0,0,0,0,0,False,0
us,FRZA,1,0,0,2,0,2,1,False,3
us,FRZA.NB,0,0,0,0,0,0,0,False,0
us,FSBC,0,3,0,2,1,3,3,True,6
us,FSBC.NB,0,0,0,0,0,0,0,False,0
us,FSBW,0,3,0,2,1,3,3,True,6
us,FSBW.NB,0,0,0,0,0,0,0,False,0
us,FSEA,1,3,0,2,1,4,3,True,7
us,FSEA.NB,0,0,0,0,0,0,0,False,0
us,FSFG,0,0,0,2,1,2,2,False,3
us,FSFG.NB,0,0,0,0,0,0,0,False,0
us,FSHP,1,0,0,2,0,2,1,False,3
us,FSHP.NB,0,0,0,0,0,0,0,False,0
us,FSHPR,0,0,0,2,0,1,1,False,2
us,FSHPU,1,0,0,2,0,2,1,False,3
us,FSHPU.NB,0,0,0,0,0,0,0,False,0
us,FSI,1,3,0,2,1,4,3,True,7
us,FSI.NB,0,0,0,0,0,0,0,False,0
us,FSK,1,3,0,2,1,4,3,True,7
us,FSK.NB,0,0,0,0,0,0,0,False,0
us,FSLR,1,3,0,2,1,4,3,True,7
us,FSLR.NB,0,0,0,0,0,0,0,False,0
us,FSLY,1,3,0,2,1,4,3,True,7
us,FSLY.NB,0,0,0,0,0,0,0,False,0
us,FSM,1,3,0,2,1,4,3,True,7
us,FSM.NB,0,0,0,0,0,0,0,False,0
us,FSP,1,3,0,2,1,4,3,True,7
us,FSP.NB,0,0,0,0,0,0,0,False,0
us,FSR.NB,0,0,0,0,0,0,0,False,0
us,FSS,1,0,0,2,1,3,2,False,4
us,FSS.NB,0,0,0,0,0,0,0,False,0
us,FSTR,1,3,0,2,1,4,3,True,7
us,FSTR.NB,0,0,0,0,0,0,0,False,0
us,FSUN,1,3,0,2,1,4,3,True,7
us,FSUN.NB,0,0,0,0,0,0,0,False,0
us,FSV,1,1,0,2,1,4,3,True,5
us,FSV.NB,0,0,0,0,0,0,0,False,0
us,FTAI,1,2,0,2,1,4,3,True,6
us,FTAI.NB,0,0,0,0,0,0,0,False,0
us,FTAIM,0,2,0,2,1,3,3,True,5
us,FTAIN,0,2,0,2,1,3,3,True,5
us,FTAIO,0,2,0,2,1,3,3,True,5
us,FTCI,1,2,0,2,1,4,3,True,6
us,FTCI.NB,0,0,0,0,0,0,0,False,0
us,FTDR,1,3,0,2,1,4,3,True,7
us,FTDR.NB,0,0,0,0,0,0,0,False,0
us,FTEK,1,3,0,2,1,4,3,True,7
us,FTEK.NB,0,0,0,0,0,0,0,False,0
us,FTEL,0,0,0,2,0,1,1,False,2
us,FTFT,1,3,0,2,1,4,3,True,7
us,FTFT.NB,0,0,0,0,0,0,0,False,0
us,FTH,1,1,0,2,1,4,3,True,5
us,FTH.NB,0,0,0,0,0,0,0,False,0
us,FTHA,0,0,0,0,0,0,0,False,0
us,FTHM,1,3,0,2,1,4,3,True,7
us,FTHM.NB,0,0,0,0,0,0,0,False,0
us,FTI,1,3,0,2,1,4,3,True,7
us,FTI.NB,0,0,0,0,0,0,0,False,0
us,FTII,1,0,0,2,0,2,1,False,3
us,FTII.NB,0,0,0,0,0,0,0,False,0
us,FTK,1,3,0,2,1,4,3,True,7
us,FTK.NB,0,0,0,0,0,0,0,False,0
us,FTLF,1,3,0,2,1,4,3,True,7
us,FTLF.NB,0,0,0,0,0,0,0,False,0
us,FTNT,1,3,0,2,1,4,3,True,7
us,FTNT.NB,0,0,0,0,0,0,0,False,0
us,FTRA,0,0,0,0,0,0,0,False,0
us,FTRE,1,3,0,2,0,3,2,False,6
us,FTRE.NB,0,0,0,0,0,0,0,False,0
us,FTRK,0,3,0,2,0,2,2,False,5
us,FTS,1,3,0,2,1,4,3,True,7
us,FTS.NB,0,0,0,0,0,0,0,False,0
us,FTV,1,3,0,2,1,4,3,True,7
us,FTV.NB,0,0,0,0,0,0,0,False,0
us,FTV_PA,0,0,0,0,0,0,0,False,0
us,FTV_W,0,0,0,0,0,0,0,False,0
us,FTW,1,0,0,2,0,2,1,False,3
us,FTW.NB,0,0,0,0,0,0,0,False,0
us,FTW_T,0,0,0,2,0,1,1,False,2
us,FTW_U,0,0,0,2,0,1,1,False,2
us,FUBO,1,1,0,2,1,4,3,True,5
us,FUBO.NB,0,0,0,0,0,0,0,False,0
us,FUFU,1,0,0,2,1,3,2,False,4
us,FUFU.NB,0,0,0,0,0,0,0,False,0
us,FUFUW,0,3,0,2,1,3,3,True,6
us,FUL,1,0,0,2,1,3,2,False,4
us,FUL.NB,0,0,0,0,0,0,0,False,0
us,FULC,1,1,0,2,1,4,3,True,5
us,FULC.NB,0,0,0,0,0,0,0,False,0
us,FULLL,0,0,0,0,0,0,0,False,0
us,FULT,0,0,0,2,1,2,2,False,3
us,FULT.NB,0,0,0,0,0,0,0,False,0
us,FULTP,0,0,0,2,1,2,2,False,3
us,FUN,1,3,0,2,1,4,3,True,7
us,FUN.NB,0,0,0,0,0,0,0,False,0
us,FUNC,0,0,0,2,1,2,2,False,3
us,FUNC.NB,0,0,0,0,0,0,0,False,0
us,FURY,1,2,0,2,1,4,3,True,6
us,FURY.NB,0,0,0,0,0,0,0,False,0
us,FUSB,0,2,0,2,1,3,3,True,5
us,FUSB.NB,0,0,0,0,0,0,0,False,0
us,FUSE,1,1,0,2,1,4,3,True,5
us,FUSE.NB,0,0,0,0,0,0,0,False,0
us,FUSEW,0,0,0,2,1,2,2,False,3
us,FUSN.NB,0,0,0,0,0,0,0,False,0
us,FUTU,1,3,0,2,1,4,3,True,7
us,FUTU.NB,0,0,0,0,0,0,0,False,0
us,FUV.NB,0,0,0,0,0,0,0,False,0
us,FVAV,0,0,0,0,0,0,0,False,0
us,FVCB,0,3,0,2,1,3,3,True,6
us,FVCB.NB,0,0,0,0,0,0,0,False,0
us,FVN,1,0,0,2,0,2,1,False,3
us,FVN.NB,0,0,0,0,0,0,0,False,0
us,FVNNR,0,2,0,2,0,2,2,False,4
us,FVNNU,0,0,0,2,0,1,1,False,2
us,FVR,1,3,0,2,0,3,2,False,6
us,FVR.NB,0,0,0,0,0,0,0,False,0
us,FVRR,1,1,0,2,1,4,3,True,5
us,FVRR.NB,0,0,0,0,0,0,0,False,0
us,FWDI,1,0,0,2,1,3,2,False,4
us,FWDI.NB,0,0,0,0,0,0,0,False,0
us,FWONA,1,3,0,2,1,4,3,True,7
us,FWONA.NB,0,0,0,0,0,0,0,False,0
us,FWONK,1,3,0,2,1,4,3,True,7
us,FWONK.NB,0,0,0,0,0,0,0,False,0
us,FWRD,1,3,0,2,1,4,3,True,7
us,FWRD.NB,0,0,0,0,0,0,0,False,0
us,FWRG,1,3,0,2,1,4,3,True,7
us,FWRG.NB,0,0,0,0,0,0,0,False,0
us,FXAC,0,0,0,0,0,0,0,False,0
us,FXHO,0,0,0,2,1,2,2,False,3
us,FXLV.NB,0,0,0,0,0,0,0,False,0
us,FXNC,0,3,0,2,1,3,3,True,6
us,FXNC.NB,0,0,0,0,0,0,0,False,0
us,FYBR,1,0,0,2,1,3,2,False,4
us,FYBR.NB,0,0,0,0,0,0,0,False,0
us,F_PB,1,3,0,2,1,4,3,True,7
us,F_PB.NB,0,0,0,0,0,0,0,False,0
us,F_PC,0,3,0,2,1,3,3,True,6
us,F_PD,0,3,0,2,1,3,3,True,6
us,G,1,3,0,2,1,4,3,True,7
us,G.NB,0,0,0,0,0,0,0,False,0
us,GABC,0,2,0,2,1,3,3,True,5
us,GABC.NB,0,0,0,0,0,0,0,False,0
us,GAB_PG,0,0,0,2,1,2,2,False,3
us,GAB_PH,0,0,0,2,1,2,2,False,3
us,GAB_PK,0,0,0,2,1,2,2,False,3
us,GAB_R,0,0,0,0,0,0,0,False,0
us,GAB_R_W,0,0,0,0,0,0,0,False,0
us,GAIA,1,3,0,2,1,4,3,True,7
us,GAIA.NB,0,0,0,0,0,0,0,False,0
us,GAIN,0,3,0,2,1,3,3,True,6
us,GAING,0,3,0,0,0,1,1,False,3
us,GAINI,0,3,0,2,0,2,2,False,5
us,GAINL,0,3,0,2,0,2,2,False,5
us,GAINM,0,3,0,0,0,1,1,False,3
us,GAINN,0,3,0,2,1,3,3,True,6
us,GAINO,0,3,0,0,0,1,1,False,3
us,GAINP,0,3,0,0,0,1,1,False,3
us,GAINZ,0,3,0,2,1,3,3,True,6
us,GALE,1,0,0,0,0,1,0,False,1
us,GALE.NB,0,0,0,0,0,0,0,False,0
us,GALT,1,1,0,2,1,4,3,True,5
us,GALT.NB,0,0,0,0,0,0,0,False,0
us,GAM,1,3,0,2,1,4,3,True,7
us,GAM.NB,0,0,0,0,0,0,0,False,0
us,GAMB,1,3,0,2,1,4,3,True,7
us,GAMB.NB,0,0,0,0,0,0,0,False,0
us,GAME,1,3,0,2,1,4,3,True,7
us,GAME.NB,0,0,0,0,0,0,0,False,0
us,GAM_PB,1,3,0,2,1,4,3,True,7
us,GAM_PB.NB,0,0,0,0,0,0,0,False,0
us,GAN,1,0,0,2,1,3,2,False,4
us,GAN.NB,0,0,0,0,0,0,0,False,0
us,GANX,1,2,0,2,1,4,3,True,6
us,GANX.NB,0,0,0,0,0,0,0,False,0
us,GAP,1,3,0,2,1,4,3,True,7
us,GAP.NB,0,0,0,0,0,0,0,False,0
us,GAQ,1,0,0,2,0,2,1,False,3
us,GAQ.NB,0,0,0,0,0,0,0,False,0
us,GASS,1,3,0,2,1,4,3,True,7
us,GASS.NB,0,0,0,0,0,0,0,False,0
us,GATE,1,0,0,2,1,3,2,False,4
us,GATE.NB,0,0,0,0,0,0,0,False,0
us,GATO,1,0,0,2,1,3,2,False,4
us,GATO.NB,0,0,0,0,0,0,0,False,0
us,GATX,1,3,0,2,1,4,3,True,7
us,GATX.NB,0,0,0,0,0,0,0,False,0
us,GAU,1,3,0,2,1,4,3,True,7
us,GAU.NB,0,0,0,0,0,0,0,False,0
us,GAUZ,1,0,0,2,0,2,1,False,3
us,GAUZ.NB,0,0,0,0,0,0,0,False,0
us,GB,1,0,0,2,1,3,2,False,4
us,GB.NB,0,0,0,0,0,0,0,False,0
us,GBBK,1,0,0,2,0,2,1,False,3
us,GBBK.NB,0,0,0,0,0,0,0,False,0
us,GBCI,0,0,0,2,1,2,2,False,3
us,GBCI.NB,0,0,0,0,0,0,0,False,0
us,GBDC,1,0,0,2,1,3,2,False,4
us,GBDC.NB,0,0,0,0,0,0,0,False,0
us,GBFH,0,3,0,2,1,3,3,True,6
us,GBFH.NB,0,0,0,0,0,0,0,False,0
us,GBH,0,0,0,0,0,0,0,False,0
us,GBIO,1,0,0,2,1,3,2,False,4
us,GBIO.NB,0,0,0,0,0,0,0,False,0
us,GBLI,1,3,0,2,1,4,3,True,7
us,GBLI.NB,0,0,0,0,0,0,0,False,0
us,GBNY,0,0,0,2,1,2,2,False,3
us,GBNY.NB,0,0,0,0,0,0,0,False,0
us,GBR,1,3,0,2,1,4,3,True,7
us,GBR.NB,0,0,0,0,0,0,0,False,0
us,GBS,0,0,0,0,0,0,0,False,0
us,GBSG,0,0,0,0,0,0,0,False,0
us,GBTG,1,3,0,2,1,4,3,True,7
us,GBTG.NB,0,0,0,0,0,0,0,False,0
us,GBX,1,0,0,2,1,3,2,False,4
us,GBX.NB,0,0,0,0,0,0,0,False,0
us,GCBC,1,3,0,2,1,4,3,True,7
us,GCBC.NB,0,0,0,0,0,0,0,False,0
us,GCDT,1,0,0,1,0,2,1,False,2
us,GCDT.NB,0,0,0,0,0,0,0,False,0
us,GCGR,0,0,0,0,0,0,0,False,0
us,GCGRU,0,0,0,0,0,0,0,False,0
us,GCI,1,0,0,2,1,3,2,False,4
us,GCI.NB,0,0,0,0,0,0,0,False,0
us,GCL,0,1,0,2,1,3,3,True,4
us,GCLWW,0,1,0,2,1,3,3,True,4
us,GCMG,1,3,0,2,1,4,3,True,7
us,GCMG.NB,0,0,0,0,0,0,0,False,0
us,GCO,1,3,0,2,1,4,3,True,7
us,GCO.NB,0,0,0,0,0,0,0,False,0
us,GCT,1,3,0,2,1,4,3,True,7
us,GCT.NB,0,0,0,0,0,0,0,False,0
us,GCTK,1,2,0,2,1,4,3,True,6
us,GCTK.NB,0,0,0,0,0,0,0,False,0
us,GCTS,1,0,0,2,1,3,2,False,4
us,GCTS.NB,0,0,0,0,0,0,0,False,0
us,GCTS_T,0,2,0,2,1,3,3,True,5
us,GD,1,1,0,2,1,4,3,True,5
us,GD.NB,0,0,0,0,0,0,0,False,0
us,GDC,1,0,0,2,1,3,2,False,4
us,GDC.NB,0,0,0,0,0,0,0,False,0
us,GDDY,1,3,0,2,1,4,3,True,7
us,GDDY.NB,0,0,0,0,0,0,0,False,0
us,GDEL,0,0,0,0,0,0,0,False,0
us,GDEN,1,3,0,2,1,4,3,True,7
us,GDEN.NB,0,0,0,0,0,0,0,False,0
us,GDEV,1,1,0,2,1,4,3,True,5
us,GDEV.NB,0,0,0,0,0,0,0,False,0
us,GDEVW,0,2,0,2,1,3,3,True,5
us,GDHG,1,2,0,2,0,3,2,False,5
us,GDHG.NB,0,0,0,0,0,0,0,False,0
us,GDLT,1,0,0,0,0,1,0,False,1
us,GDLT.NB,0,0,0,0,0,0,0,False,0
us,GDL_PB,0,0,0,0,0,0,0,False,0
us,GDL_PC,0,0,0,0,0,0,0,False,0
us,GDNR.NB,0,0,0,0,0,0,0,False,0
us,GDOT,1,3,0,2,1,4,3,True,7
us,GDOT.NB,0,0,0,0,0,0,0,False,0
us,GDRX,1,3,0,2,1,4,3,True,7
us,GDRX.NB,0,0,0,0,0,0,0,False,0
us,GDS,1,3,0,2,1,4,3,True,7
us,GDS.NB,0,0,0,0,0,0,0,False,0
us,GDTC,1,3,0,2,0,3,2,False,6
us,GDTC.NB,0,0,0,0,0,0,0,False,0
us,GDV,1,0,0,2,1,3,2,False,4
us,GDV.NB,0,0,0,0,0,0,0,False,0
us,GDV_PA,0,0,0,0,0,0,0,False,0
us,GDV_PD,0,0,0,0,0,0,0,False,0
us,GDV_PG,0,0,0,0,0,0,0,False,0
us,GDV_PH,0,0,0,2,1,2,2,False,3
us,GDV_PK,0,0,0,2,1,2,2,False,3
us,GDXD,0,3,0,2,1,3,3,True,6
us,GDXU,0,3,0,0,0,1,1,False,3
us,GDYN,1,3,0,2,1,4,3,True,7
us,GDYN.NB,0,0,0,0,0,0,0,False,0
us,GE,1,0,0,2,1,3,2,False,4
us,GE.NB,0,0,0,0,0,0,0,False,0
us,GEAR.NB,0,0,0,0,0,0,0,False,0
us,GEBE,0,0,0,0,0,0,0,False,0
us,GECC,1,0,0,2,1,3,2,False,4
us,GECC.NB,0,0,0,0,0,0,0,False,0
us,GECCG,0,3,0,1,0,2,2,False,4
us,GECCH,0,3,0,2,0,2,2,False,5
us,GECCI,0,3,0,2,0,2,2,False,5
us,GECCO,0,3,0,2,1,3,3,True,6
us,GEF,1,1,0,2,1,4,3,True,5
us,GEF.NB,0,0,0,0,0,0,0,False,0
us,GEFB,1,1,0,2,1,4,3,True,5
us,GEFB.NB,0,0,0,0,0,0,0,False,0
us,GEG,0,0,0,2,1,2,2,False,3
us,GEGGL,0,0,0,2,1,2,2,False,3
us,GEHC,1,0,0,2,1,3,2,False,4
us,GEHC.NB,0,0,0,0,0,0,0,False,0
us,GELS,1,2,0,2,0,3,2,False,5
us,GELS.NB,0,0,0,0,0,0,0,False,0
us,GEMI,1,3,0,1,0,3,2,False,5
us,GEMI.NB,0,0,0,0,0,0,0,False,0
us,GEN,1,3,0,2,1,4,3,True,7
us,GEN.NB,0,0,0,0,0,0,0,False,0
us,GENB,0,0,0,0,0,0,0,False,0
us,GENC,1,0,0,2,1,3,2,False,4
us,GENC.NB,0,0,0,0,0,0,0,False,0
us,GENE,1,0,0,2,1,3,2,False,4
us,GENE.NB,0,0,0,0,0,0,0,False,0
us,GENI,1,3,0,2,1,4,3,True,7
us,GENI.NB,0,0,0,0,0,0,0,False,0
us,GENK,1,3,0,2,0,3,2,False,6
us,GENK.NB,0,0,0,0,0,0,0,False,0
us,GENVR,0,3,0,2,0,2,2,False,5
us,GEO,1,3,0,2,1,4,3,True,7
us,GEO.NB,0,0,0,0,0,0,0,False,0
us,GEOS,1,1,0,2,1,4,3,True,5
us,GEOS.NB,0,0,0,0,0,0,0,False,0
us,GERN,1,3,0,2,1,4,3,True,7
us,GERN.NB,0,0,0,0,0,0,0,False,0
us,GES,0,0,0,2,1,2,2,False,3
us,GETR,0,1,0,2,1,3,3,True,4
us,GETY,1,3,0,2,1,4,3,True,7
us,GETY.NB,0,0,0,0,0,0,0,False,0
us,GEV,1,0,0,2,0,2,1,False,3
us,GEV.NB,0,0,0,0,0,0,0,False,0
us,GEVO,1,3,0,2,1,4,3,True,7
us,GEVO.NB,0,0,0,0,0,0,0,False,0
us,GFAI,1,3,0,2,1,4,3,True,7
us,GFAI.NB,0,0,0,0,0,0,0,False,0
us,GFAIW,0,3,0,2,1,3,3,True,6
us,GFCX,0,0,0,0,0,0,0,False,0
us,GFF,1,0,0,2,1,3,2,False,4
us,GFF.NB,0,0,0,0,0,0,0,False,0
us,GFGD.NB,0,0,0,0,0,0,0,False,0
us,GFI,1,3,0,2,1,4,3,True,7
us,GFI.NB,0,0,0,0,0,0,0,False,0
us,GFL,1,3,0,2,1,4,3,True,7
us,GFL.NB,0,0,0,0,0,0,0,False,0
us,GFR,1,3,0,2,0,3,2,False,6
us,GFR.NB,0,0,0,0,0,0,0,False,0
us,GFS,1,3,0,2,1,4,3,True,7
us,GFS.NB,0,0,0,0,0,0,0,False,0
us,GFUZ,1,2,0,1,0,3,2,False,4
us,GFUZ.NB,0,0,0,0,0,0,0,False,0
us,GGAL,1,3,0,2,1,4,3,True,7
us,GGAL.NB,0,0,0,0,0,0,0,False,0
us,GGB,1,2,0,2,1,4,3,True,6
us,GGB.NB,0,0,0,0,0,0,0,False,0
us,GGG,1,0,0,2,1,3,2,False,4
us,GGG.NB,0,0,0,0,0,0,0,False,0
us,GGN,1,0,0,2,1,3,2,False,4
us,GGN.NB,0,0,0,0,0,0,0,False,0
us,GGN_PB,1,0,0,2,1,3,2,False,4
us,GGN_PB.NB,0,0,0,0,0,0,0,False,0
us,GGR,1,0,0,2,1,3,2,False,4
us,GGR.NB,0,0,0,0,0,0,0,False,0
us,GGROW,0,3,0,2,1,3,3,True,6
us,GGRP,1,0,0,2,1,3,2,False,4
us,GGRP.NB,0,0,0,0,0,0,0,False,0
us,GGT_PE,0,0,0,2,1,2,2,False,3
us,GGT_PG,0,0,0,2,1,2,2,False,3
us,GGZ_PA,1,0,0,0,0,1,0,False,1
us,GGZ_PA.NB,0,0,0,0,0,0,0,False,0
us,GH,1,2,0,2,1,4,3,True,6
us,GH.NB,0,0,0,0,0,0,0,False,0
us,GHC,1,3,0,2,1,4,3,True,7
us,GHC.NB,0,0,0,0,0,0,0,False,0
us,GHG,1,2,0,2,1,4,3,True,6
us,GHG.NB,0,0,0,0,0,0,0,False,0
us,GHIX,1,0,0,2,0,2,1,False,3
us,GHIX.NB,0,0,0,0,0,0,0,False,0
us,GHL.NB,0,0,0,0,0,0,0,False,0
us,GHLD,1,0,0,2,1,3,2,False,4
us,GHLD.NB,0,0,0,0,0,0,0,False,0
us,GHM,1,3,0,2,1,4,3,True,7
us,GHM.NB,0,0,0,0,0,0,0,False,0
us,GHRS,1,2,0,2,1,4,3,True,6
us,GHRS.NB,0,0,0,0,0,0,0,False,0
us,GHSI,1,0,0,2,1,3,2,False,4
us,GHSI.NB,0,0,0,0,0,0,0,False,0
us,GIB,1,1,0,2,1,4,3,True,5
us,GIB.NB,0,0,0,0,0,0,0,False,0
us,GIBO,1,2,0,2,0,3,2,False,5
us,GIBO.NB,0,0,0,0,0,0,0,False,0
us,GIBOW,0,2,0,2,0,2,2,False,4
us,GIC,1,3,0,2,1,4,3,True,7
us,GIC.NB,0,0,0,0,0,0,0,False,0
us,GIFT,1,3,0,2,1,4,3,True,7
us,GIFT.NB,0,0,0,0,0,0,0,False,0
us,GIGGU,0,2,0,2,0,2,2,False,4
us,GIGGW,0,2,0,2,0,2,2,False,4
us,GIGM,1,3,0,2,1,4,3,True,7
us,GIGM.NB,0,0,0,0,0,0,0,False,0
us,GIII,1,3,0,2,1,4,3,True,7
us,GIII.NB,0,0,0,0,0,0,0,False,0
us,GIL,1,3,0,2,1,4,3,True,7
us,GIL.NB,0,0,0,0,0,0,0,False,0
us,GILD,1,3,0,2,1,4,3,True,7
us,GILD.NB,0,0,0,0,0,0,0,False,0
us,GILT,1,3,0,2,1,4,3,True,7
us,GILT.NB,0,0,0,0,0,0,0,False,0
us,GINT,1,0,0,0,0,1,0,False,1
us,GINT.NB,0,0,0,0,0,0,0,False,0
us,GIPR,1,0,0,2,1,3,2,False,4
us,GIPR.NB,0,0,0,0,0,0,0,False,0
us,GIPRW,0,2,0,2,1,3,3,True,5
us,GIS,1,3,0,2,1,4,3,True,7
us,GIS.NB,0,0,0,0,0,0,0,False,0
us,GITS,1,3,0,2,0,3,2,False,6
us,GITS.NB,0,0,0,0,0,0,0,False,0
us,GIVE,0,0,0,0,0,0,0,False,0
us,GIW,1,1,0,1,0,3,2,False,3
us,GIW.NB,0,0,0,0,0,0,0,False,0
us,GIWWR,0,2,0,1,0,2,2,False,3
us,GIWWU,0,2,0,1,0,2,2,False,3
us,GIX,0,0,0,0,0,0,0,False,0
us,GIXXR,0,0,0,0,0,0,0,False,0
us,GKOS,1,1,0,2,1,4,3,True,5
us,GKOS.NB,0,0,0,0,0,0,0,False,0
us,GL,1,0,0,2,1,3,2,False,4
us,GL.NB,0,0,0,0,0,0,0,False,0
us,GLAC,1,0,0,2,0,2,1,False,3
us,GLAC.NB,0,0,0,0,0,0,0,False,0
us,GLAD,1,0,0,2,1,3,2,False,4
us,GLAD.NB,0,0,0,0,0,0,0,False,0
us,GLADO,0,0,0,0,0,0,0,False,0
us,GLADP,0,0,0,0,0,0,0,False,0
us,GLAS,0,0,0,2,1,2,2,False,3
us,GLBE,1,3,0,2,1,4,3,True,7
us,GLBE.NB,0,0,0,0,0,0,0,False,0
us,GLBS,1,3,0,2,1,4,3,True,7
us,GLBS.NB,0,0,0,0,0,0,0,False,0
us,GLBZ,0,3,0,2,1,3,3,True,6
us,GLBZ.NB,0,0,0,0,0,0,0,False,0
us,GLDD,1,0,0,2,1,3,2,False,4
us,GLDD.NB,0,0,0,0,0,0,0,False,0
us,GLDG,1,0,0,2,1,3,2,False,4
us,GLDG.NB,0,0,0,0,0,0,0,False,0
us,GLDI,0,0,0,2,1,2,2,False,3
us,GLE,1,2,0,2,0,3,2,False,5
us,GLE.NB,0,0,0,0,0,0,0,False,0
us,GLED,1,1,0,0,0,2,1,False,2
us,GLED.NB,0,0,0,0,0,0,0,False,0
us,GLED_R,0,1,0,0,0,1,1,False,1
us,GLGX,0,0,0,0,0,0,0,False,0
us,GLIBA,1,3,0,2,0,3,2,False,6
us,GLIBA.NB,0,0,0,0,0,0,0,False,0
us,GLIBK,1,3,0,2,0,3,2,False,6
us,GLIBK.NB,0,0,0,0,0,0,0,False,0
us,GLLI,0,0,0,2,1,2,2,False,3
us,GLMD,1,2,0,2,1,4,3,True,6
us,GLMD.NB,0,0,0,0,0,0,0,False,0
us,GLND,0,0,0,0,0,0,0,False,0
us,GLNDW,0,0,0,0,0,0,0,False,0
us,GLNG,1,3,0,2,1,4,3,True,7
us,GLNG.NB,0,0,0,0,0,0,0,False,0
us,GLOB,1,3,0,2,1,4,3,True,7
us,GLOB.NB,0,0,0,0,0,0,0,False,0
us,GLOG.NB,0,0,0,0,0,0,0,False,0
us,GLOG_PA.NB,0,0,0,0,0,0,0,False,0
us,GLOO,0,2,0,1,0,2,2,False,3
us,GLOP_PA,1,2,0,2,1,4,3,True,6
us,GLOP_PA.NB,0,0,0,0,0,0,0,False,0
us,GLOP_PB,1,2,0,2,1,4,3,True,6
us,GLOP_PB.NB,0,0,0,0,0,0,0,False,0
us,GLOP_PC,1,2,0,2,1,4,3,True,6
us,GLOP_PC.NB,0,0,0,0,0,0,0,False,0
us,GLP.NB,0,0,0,0,0,0,0,False,0
us,GLPG,1,3,0,2,1,4,3,True,7
us,GLPG.NB,0,0,0,0,0,0,0,False,0
us,GLPI,1,0,0,2,1,3,2,False,4
us,GLPI.NB,0,0,0,0,0,0,0,False,0
us,GLP_PA,0,0,0,0,0,0,0,False,0
us,GLP_PB,1,3,0,2,1,4,3,True,7
us,GLP_PB.NB,0,0,0,0,0,0,0,False,0
us,GLRE,1,3,0,2,1,4,3,True,7
us,GLRE.NB,0,0,0,0,0,0,0,False,0
us,GLSA,0,0,0,0,0,0,0,False,0
us,GLSI,1,3,0,2,1,4,3,True,7
us,GLSI.NB,0,0,0,0,0,0,0,False,0
us,GLST,0,1,0,2,1,3,3,True,4
us,GLTO,1,1,0,0,0,2,1,False,2
us,GLTO.NB,0,0,0,0,0,0,0,False,0
us,GLU.NB,0,0,0,0,0,0,0,False,0
us,GLUE,1,3,0,2,1,4,3,True,7
us,GLUE.NB,0,0,0,0,0,0,0,False,0
us,GLU_PA,1,0,0,2,1,3,2,False,4
us,GLU_PA.NB,0,0,0,0,0,0,0,False,0
us,GLU_PB,1,0,0,2,1,3,2,False,4
us,GLU_PB.NB,0,0,0,0,0,0,0,False,0
us,GLW,1,3,0,2,1,4,3,True,7
us,GLW.NB,0,0,0,0,0,0,0,False,0
us,GLXG,1,2,0,2,0,3,2,False,5
us,GLXG.NB,0,0,0,0,0,0,0,False,0
us,GLXY,1,3,0,2,1,4,3,True,7
us,GLXY.NB,0,0,0,0,0,0,0,False,0
us,GL_PD,0,1,0,2,1,3,3,True,4
us,GM,1,3,0,2,1,4,3,True,7
us,GM.NB,0,0,0,0,0,0,0,False,0
us,GMAB,1,3,0,2,1,4,3,True,7
us,GMAB.NB,0,0,0,0,0,0,0,False,0
us,GMBL,0,0,0,0,0,0,0,False,0
us,GMBLP,0,0,0,0,0,0,0,False,0
us,GMCL,1,0,0,0,0,1,0,False,1
us,GMCL.NB,0,0,0,0,0,0,0,False,0
us,GME,1,2,0,2,1,4,3,True,6
us,GME.NB,0,0,0,0,0,0,0,False,0
us,GMED,1,3,0,2,1,4,3,True,7
us,GMED.NB,0,0,0,0,0,0,0,False,0
us,GMEX,1,0,0,2,0,2,1,False,3
us,GMEX.NB,0,0,0,0,0,0,0,False,0
us,GME_T,0,3,0,2,1,3,3,True,6
us,GMFI,0,0,0,2,0,1,1,False,2
us,GMGI,1,3,0,2,1,4,3,True,7
us,GMGI.NB,0,0,0,0,0,0,0,False,0
us,GMHS,1,0,0,2,0,2,1,False,3
us,GMHS.NB,0,0,0,0,0,0,0,False,0
us,GMM,1,3,0,2,0,3,2,False,6
us,GMM.NB,0,0,0,0,0,0,0,False,0
us,GMRE,1,3,0,2,1,4,3,True,7
us,GMRE.NB,0,0,0,0,0,0,0,False,0
us,GMRE_PA,1,3,0,2,1,4,3,True,7
us,GMRE_PA.NB,0,0,0,0,0,0,0,False,0
us,GMRE_PB,0,3,0,1,0,2,2,False,4
us,GMRS,0,1,0,0,0,1,1,False,1
us,GMS,1,0,0,2,1,3,2,False,4
us,GMS.NB,0,0,0,0,0,0,0,False,0
us,GMTL,0,0,0,0,0,0,0,False,0
us,GMTL_W,0,0,0,0,0,0,0,False,0
us,GMT_P,0,0,0,0,0,0,0,False,0
us,GMWX,0,0,0,0,0,0,0,False,0
us,GM_PB,0,0,0,0,0,0,0,False,0
us,GNE,1,1,0,2,1,4,3,True,5
us,GNE.NB,0,0,0,0,0,0,0,False,0
us,GNE_PA,1,0,0,0,0,1,0,False,1
us,GNE_PA.NB,0,0,0,0,0,0,0,False,0
us,GNFT,1,2,0,0,0,2,1,False,3
us,GNFT.NB,0,0,0,0,0,0,0,False,0
us,GNK,1,3,0,2,1,4,3,True,7
us,GNK.NB,0,0,0,0,0,0,0,False,0
us,GNL,1,3,0,2,1,4,3,True,7
us,GNL.NB,0,0,0,0,0,0,0,False,0
us,GNLN,1,3,0,2,1,4,3,True,7
us,GNLN.NB,0,0,0,0,0,0,0,False,0
us,GNLX,1,3,0,2,1,4,3,True,7
us,GNLX.NB,0,0,0,0,0,0,0,False,0
us,GNL_PA,1,3,0,2,1,4,3,True,7
us,GNL_PA.NB,0,0,0,0,0,0,0,False,0
us,GNL_PB,1,3,0,2,1,4,3,True,7
us,GNL_PB.NB,0,0,0,0,0,0,0,False,0
us,GNL_PD,0,3,0,2,0,2,2,False,5
us,GNL_PE,0,3,0,2,0,2,2,False,5
us,GNPX,1,2,0,2,1,4,3,True,6
us,GNPX.NB,0,0,0,0,0,0,0,False,0
us,GNRC,1,3,0,2,1,4,3,True,7
us,GNRC.NB,0,0,0,0,0,0,0,False,0
us,GNS,1,3,0,2,1,4,3,True,7
us,GNS.NB,0,0,0,0,0,0,0,False,0
us,GNSS,1,0,0,2,1,3,2,False,4
us,GNSS.NB,0,0,0,0,0,0,0,False,0
us,GNT,0,0,0,2,1,2,2,False,3
us,GNTA,1,2,0,2,1,4,3,True,6
us,GNTA.NB,0,0,0,0,0,0,0,False,0
us,GNTX,1,1,0,2,1,4,3,True,5
us,GNTX.NB,0,0,0,0,0,0,0,False,0
us,GNTY,0,0,0,2,1,2,2,False,3
us,GNTY.NB,0,0,0,0,0,0,0,False,0
us,GNT_PA,0,0,0,2,1,2,2,False,3
us,GNW,1,3,0,2,1,4,3,True,7
us,GNW.NB,0,0,0,0,0,0,0,False,0
us,GO,1,3,0,2,1,4,3,True,7
us,GO.NB,0,0,0,0,0,0,0,False,0
us,GOAI,1,3,0,2,1,4,3,True,7
us,GOAI.NB,0,0,0,0,0,0,0,False,0
us,GOCO,1,3,0,2,1,4,3,True,7
us,GOCO.NB,0,0,0,0,0,0,0,False,0
us,GOEV,1,0,0,2,1,3,2,False,4
us,GOEV.NB,0,0,0,0,0,0,0,False,0
us,GOGL,1,0,0,2,1,3,2,False,4
us,GOGL.NB,0,0,0,0,0,0,0,False,0
us,GOGO,1,3,0,2,1,4,3,True,7
us,GOGO.NB,0,0,0,0,0,0,0,False,0
us,GOLD,1,0,0,2,1,3,2,False,4
us,GOLD.NB,0,0,0,0,0,0,0,False,0
us,GOLF,1,3,0,2,1,4,3,True,7
us,GOLF.NB,0,0,0,0,0,0,0,False,0
us,GOOD,1,3,0,2,1,4,3,True,7
us,GOOD.NB,0,0,0,0,0,0,0,False,0
us,GOODM,1,0,0,0,0,1,0,False,1
us,GOODM.NB,0,0,0,0,0,0,0,False,0
us,GOODN,0,3,0,2,1,3,3,True,6
us,GOODO,1,3,0,2,1,4,3,True,7
us,GOODO.NB,0,0,0,0,0,0,0,False,0
us,GOODP,1,0,0,0,0,1,0,False,1
us,GOODP.NB,0,0,0,0,0,0,0,False,0
us,GOOG,1,3,0,2,1,4,3,True,7
us,GOOG.NB,0,0,0,0,0,0,0,False,0
us,GOOGL,1,3,0,2,1,4,3,True,7
us,GOOGL.NB,0,0,0,0,0,0,0,False,0
us,GOOGM,0,0,0,2,1,2,2,False,3
us,GOOGN,0,0,0,2,1,2,2,False,3
us,GOOS,1,3,0,2,1,4,3,True,7
us,GOOS.NB,0,0,0,0,0,0,0,False,0
us,GORO,1,3,0,2,1,4,3,True,7
us,GORO.NB,0,0,0,0,0,0,0,False,0
us,GORV,0,0,0,2,1,2,2,False,3
us,GOSS,1,2,0,2,1,4,3,True,6
us,GOSS.NB,0,0,0,0,0,0,0,False,0
us,GOTU,1,3,0,2,1,4,3,True,7
us,GOTU.NB,0,0,0,0,0,0,0,False,0
us,GOVX,1,3,0,2,1,4,3,True,7
us,GOVX.NB,0,0,0,0,0,0,0,False,0
us,GOXS,0,0,0,0,0,0,0,False,0
us,GP,1,3,0,2,1,4,3,True,7
us,GP.NB,0,0,0,0,0,0,0,False,0
us,GPAC,1,1,0,1,0,3,2,False,3
us,GPAC.NB,0,0,0,0,0,0,0,False,0
us,GPACU,1,2,0,1,0,3,2,False,4
us,GPACU.NB,0,0,0,0,0,0,0,False,0
us,GPACW,0,2,0,0,0,1,1,False,2
us,GPAK,1,0,0,0,0,1,0,False,1
us,GPAK.NB,0,0,0,0,0,0,0,False,0
us,GPAT,1,0,0,2,0,2,1,False,3
us,GPAT.NB,0,0,0,0,0,0,0,False,0
us,GPATU,1,2,0,2,0,3,2,False,5
us,GPATU.NB,0,0,0,0,0,0,0,False,0
us,GPATW,0,2,0,2,0,2,2,False,4
us,GPC,1,0,0,2,1,3,2,False,4
us,GPC.NB,0,0,0,0,0,0,0,False,0
us,GPCR,1,2,0,2,1,4,3,True,6
us,GPCR.NB,0,0,0,0,0,0,0,False,0
us,GPGI,1,3,0,2,1,4,3,True,7
us,GPGI.NB,0,0,0,0,0,0,0,False,0
us,GPI,1,3,0,2,1,4,3,True,7
us,GPI.NB,0,0,0,0,0,0,0,False,0
us,GPK,1,3,0,2,1,4,3,True,7
us,GPK.NB,0,0,0,0,0,0,0,False,0
us,GPMT,1,3,0,2,1,4,3,True,7
us,GPMT.NB,0,0,0,0,0,0,0,False,0
us,GPMT_PA,1,3,0,2,1,4,3,True,7
us,GPMT_PA.NB,0,0,0,0,0,0,0,False,0
us,GPN,1,3,0,2,1,4,3,True,7
us,GPN.NB,0,0,0,0,0,0,0,False,0
us,GPOR,1,3,0,2,1,4,3,True,7
us,GPOR.NB,0,0,0,0,0,0,0,False,0
us,GPRE,1,3,0,2,1,4,3,True,7
us,GPRE.NB,0,0,0,0,0,0,0,False,0
us,GPRK,1,3,0,2,1,4,3,True,7
us,GPRK.NB,0,0,0,0,0,0,0,False,0
us,GPRO,1,3,0,2,1,4,3,True,7
us,GPRO.NB,0,0,0,0,0,0,0,False,0
us,GPUS,1,3,0,2,1,4,3,True,7
us,GPUS.NB,0,0,0,0,0,0,0,False,0
us,GPUS_PD,1,3,0,2,1,4,3,True,7
us,GPUS_PD.NB,0,0,0,0,0,0,0,False,0
us,GRAB,1,0,0,2,1,3,2,False,4
us,GRAB.NB,0,0,0,0,0,0,0,False,0
us,GRABW,0,3,0,2,1,3,3,True,6
us,GRAF,1,0,0,2,0,2,1,False,3
us,GRAF.NB,0,0,0,0,0,0,0,False,0
us,GRAF_T,0,2,0,2,0,2,2,False,4
us,GRAF_U,1,2,0,2,0,3,2,False,5
us,GRAF_U.NB,0,0,0,0,0,0,0,False,0
us,GRAL,1,3,0,2,0,3,2,False,6
us,GRAL.NB,0,0,0,0,0,0,0,False,0
us,GRAN,0,1,0,2,0,2,2,False,3
us,GRBK,1,3,0,2,1,4,3,True,7
us,GRBK.NB,0,0,0,0,0,0,0,False,0
us,GRBK_PA,0,3,0,2,1,3,3,True,6
us,GRC,1,0,0,2,1,3,2,False,4
us,GRC.NB,0,0,0,0,0,0,0,False,0
us,GRCE,1,2,0,2,1,4,3,True,6
us,GRCE.NB,0,0,0,0,0,0,0,False,0
us,GRCL.NB,0,0,0,0,0,0,0,False,0
us,GRDI,1,0,0,1,0,2,1,False,2
us,GRDI.NB,0,0,0,0,0,0,0,False,0
us,GRDN,1,3,0,2,0,3,2,False,6
us,GRDN.NB,0,0,0,0,0,0,0,False,0
us,GRDX,1,3,0,2,1,4,3,True,7
us,GRDX.NB,0,0,0,0,0,0,0,False,0
us,GREE,1,0,0,2,1,3,2,False,4
us,GREE.NB,0,0,0,0,0,0,0,False,0
us,GREEL,0,2,0,2,1,3,3,True,5
us,GRFS,1,3,0,2,1,4,3,True,7
us,GRFS.NB,0,0,0,0,0,0,0,False,0
us,GRFX,0,3,0,0,0,1,1,False,3
us,GRI,1,2,0,2,1,4,3,True,6
us,GRI.NB,0,0,0,0,0,0,0,False,0
us,GRML,1,0,0,0,0,1,0,False,1
us,GRML.NB,0,0,0,0,0,0,0,False,0
us,GRMLW,0,2,0,0,0,1,1,False,2
us,GRMN,1,0,0,2,1,3,2,False,4
us,GRMN.NB,0,0,0,0,0,0,0,False,0
us,GRN,0,0,0,2,1,2,2,False,3
us,GRN.NB,0,0,0,0,0,0,0,False,0
us,GRND,1,3,0,2,1,4,3,True,7
us,GRND.NB,0,0,0,0,0,0,0,False,0
us,GRNQ,1,3,0,2,1,4,3,True,7
us,GRNQ.NB,0,0,0,0,0,0,0,False,0
us,GRNT,1,3,0,2,1,4,3,True,7
us,GRNT.NB,0,0,0,0,0,0,0,False,0
us,GRO,1,2,0,2,0,3,2,False,5
us,GRO.NB,0,0,0,0,0,0,0,False,0
us,GROM,1,0,0,2,1,3,2,False,4
us,GROM.NB,0,0,0,0,0,0,0,False,0
us,GROV,1,2,0,2,1,4,3,True,6
us,GROV.NB,0,0,0,0,0,0,0,False,0
us,GROW,1,0,0,2,1,3,2,False,4
us,GROW.NB,0,0,0,0,0,0,0,False,0
us,GROY,1,2,0,2,1,4,3,True,6
us,GROY.NB,0,0,0,0,0,0,0,False,0
us,GROY_T,0,2,0,2,1,3,3,True,5
us,GRPN,1,2,0,2,1,4,3,True,6
us,GRPN.NB,0,0,0,0,0,0,0,False,0
us,GRP_U,1,3,0,2,1,4,3,True,7
us,GRP_U.NB,0,0,0,0,0,0,0,False,0
us,GRRR,1,0,0,2,1,3,2,False,4
us,GRRR.NB,0,0,0,0,0,0,0,False,0
us,GRRRW,0,3,0,2,1,3,3,True,6
us,GRSD,1,0,0,2,1,3,2,False,4
us,GRSD.NB,0,0,0,0,0,0,0,False,0
us,GRTS,1,0,0,2,0,2,1,False,3
us,GRTS.NB,0,0,0,0,0,0,0,False,0
us,GRTX,0,2,0,2,1,3,3,True,5
us,GRVT,0,0,0,0,0,0,0,False,0
us,GRVY,1,0,0,2,1,3,2,False,4
us,GRVY.NB,0,0,0,0,0,0,0,False,0
us,GRWG,1,3,0,2,1,4,3,True,7
us,GRWG.NB,0,0,0,0,0,0,0,False,0
us,GRX_PA,0,0,0,0,0,0,0,False,0
us,GRX_PB,0,0,0,0,0,0,0,False,0
us,GS,1,0,0,2,1,3,2,False,4
us,GS.NB,0,0,0,0,0,0,0,False,0
us,GSAT,1,3,0,2,1,4,3,True,7
us,GSAT.NB,0,0,0,0,0,0,0,False,0
us,GSBC,0,3,0,2,1,3,3,True,6
us,GSBC.NB,0,0,0,0,0,0,0,False,0
us,GSBD,1,3,0,2,1,4,3,True,7
us,GSBD.NB,0,0,0,0,0,0,0,False,0
us,GSHD,1,0,0,2,1,3,2,False,4
us,GSHD.NB,0,0,0,0,0,0,0,False,0
us,GSHR,1,0,0,2,0,2,1,False,3
us,GSHR.NB,0,0,0,0,0,0,0,False,0
us,GSHRU,0,2,0,2,0,2,2,False,4
us,GSHRW,0,2,0,2,0,2,2,False,4
us,GSIT,1,3,0,2,1,4,3,True,7
us,GSIT.NB,0,0,0,0,0,0,0,False,0
us,GSIW,1,1,0,2,0,3,2,False,4
us,GSIW.NB,0,0,0,0,0,0,0,False,0
us,GSK,1,0,0,2,1,3,2,False,4
us,GSK.NB,0,0,0,0,0,0,0,False,0
us,GSL,1,3,0,2,1,4,3,True,7
us,GSL.NB,0,0,0,0,0,0,0,False,0
us,GSL_PB,1,3,0,2,1,4,3,True,7
us,GSL_PB.NB,0,0,0,0,0,0,0,False,0
us,GSM,1,0,0,2,1,3,2,False,4
us,GSM.NB,0,0,0,0,0,0,0,False,0
us,GSRF,1,0,0,1,0,2,1,False,2
us,GSRF.NB,0,0,0,0,0,0,0,False,0
us,GSRFR,0,2,0,1,0,2,2,False,3
us,GSRFU,0,2,0,1,0,2,2,False,3
us,GSRT,0,0,0,1,0,1,1,False,1
us,GSRV,0,0,0,0,0,0,0,False,0
us,GSUN,1,3,0,2,1,4,3,True,7
us,GSUN.NB,0,0,0,0,0,0,0,False,0
us,GS_PA,1,0,0,2,1,3,2,False,4
us,GS_PA.NB,0,0,0,0,0,0,0,False,0
us,GS_PB,0,0,0,0,0,0,0,False,0
us,GS_PC,1,0,0,2,1,3,2,False,4
us,GS_PC.NB,0,0,0,0,0,0,0,False,0
us,GS_PD,1,0,0,2,1,3,2,False,4
us,GS_PD.NB,0,0,0,0,0,0,0,False,0
us,GS_PI,0,0,0,0,0,0,0,False,0
us,GS_PJ,1,0,0,0,0,1,0,False,1
us,GS_PJ.NB,0,0,0,0,0,0,0,False,0
us,GS_PK,1,0,0,0,0,1,0,False,1
us,GS_PK.NB,0,0,0,0,0,0,0,False,0
us,GS_PN,1,0,0,0,0,1,0,False,1
us,GS_PN.NB,0,0,0,0,0,0,0,False,0
us,GT,1,3,0,2,1,4,3,True,7
us,GT.NB,0,0,0,0,0,0,0,False,0
us,GTAC,1,0,0,1,0,2,1,False,2
us,GTAC.NB,0,0,0,0,0,0,0,False,0
us,GTBP,1,2,0,2,1,4,3,True,6
us,GTBP.NB,0,0,0,0,0,0,0,False,0
us,GTE,1,3,0,2,1,4,3,True,7
us,GTE.NB,0,0,0,0,0,0,0,False,0
us,GTEC,1,3,0,2,1,4,3,True,7
us,GTEC.NB,0,0,0,0,0,0,0,False,0
us,GTEN,1,2,0,2,0,3,2,False,5
us,GTEN.NB,0,0,0,0,0,0,0,False,0
us,GTENU,0,2,0,2,0,2,2,False,4
us,GTENW,0,2,0,1,0,2,2,False,3
us,GTERA,1,1,0,2,0,3,2,False,4
us,GTERA.NB,0,0,0,0,0,0,0,False,0
us,GTERR,0,2,0,1,0,2,2,False,3
us,GTERU,0,2,0,1,0,2,2,False,3
us,GTERW,0,2,0,1,0,2,2,False,3
us,GTES,1,3,0,2,1,4,3,True,7
us,GTES.NB,0,0,0,0,0,0,0,False,0
us,GTHX,1,0,0,2,1,3,2,False,4
us,GTHX.NB,0,0,0,0,0,0,0,False,0
us,GTI,1,2,0,2,1,4,3,True,6
us,GTI.NB,0,0,0,0,0,0,0,False,0
us,GTIM,1,0,0,2,1,3,2,False,4
us,GTIM.NB,0,0,0,0,0,0,0,False,0
us,GTLB,1,3,0,2,1,4,3,True,7
us,GTLB.NB,0,0,0,0,0,0,0,False,0
us,GTLS,1,3,0,2,1,4,3,True,7
us,GTLS.NB,0,0,0,0,0,0,0,False,0
us,GTLS_PB,0,0,0,2,0,1,1,False,2
us,GTM,1,3,0,2,1,4,3,True,7
us,GTM.NB,0,0,0,0,0,0,0,False,0
us,GTN,1,3,0,2,1,4,3,True,7
us,GTN.NB,0,0,0,0,0,0,0,False,0
us,GTNA,1,3,0,2,1,4,3,True,7
us,GTNA.NB,0,0,0,0,0,0,0,False,0
us,GTSG,1,0,0,0,0,1,0,False,1
us,GTSG.NB,0,0,0,0,0,0,0,False,0
us,GTX,1,2,0,2,1,4,3,True,6
us,GTX.NB,0,0,0,0,0,0,0,False,0
us,GTXAP,0,0,0,0,0,0,0,False,0
us,GTY,1,0,0,2,1,3,2,False,4
us,GTY.NB,0,0,0,0,0,0,0,False,0
us,GUAC,0,0,0,0,0,0,0,False,0
us,GURE,1,0,0,2,1,3,2,False,4
us,GURE.NB,0,0,0,0,0,0,0,False,0
us,GUT,1,0,0,2,1,3,2,False,4
us,GUT.NB,0,0,0,0,0,0,0,False,0
us,GUTS,1,3,0,2,0,3,2,False,6
us,GUTS.NB,0,0,0,0,0,0,0,False,0
us,GUT_PA,0,0,0,0,0,0,0,False,0
us,GUT_PC,0,0,0,2,1,2,2,False,3
us,GV,1,3,0,2,1,4,3,True,7
us,GV.NB,0,0,0,0,0,0,0,False,0
us,GVA,1,3,0,2,1,4,3,True,7
us,GVA.NB,0,0,0,0,0,0,0,False,0
us,GVH,1,2,0,2,0,3,2,False,5
us,GVH.NB,0,0,0,0,0,0,0,False,0
us,GVP,1,0,0,2,1,3,2,False,4
us,GVP.NB,0,0,0,0,0,0,0,False,0
us,GVSE,0,0,0,0,0,0,0,False,0
us,GWAV,1,3,0,2,1,4,3,True,7
us,GWAV.NB,0,0,0,0,0,0,0,False,0
us,GWH,1,0,0,2,1,3,2,False,4
us,GWH.NB,0,0,0,0,0,0,0,False,0
us,GWH_T,0,3,0,2,1,3,3,True,6
us,GWRE,1,0,0,2,1,3,2,False,4
us,GWRE.NB,0,0,0,0,0,0,0,False,0
us,GWRS,1,3,0,2,1,4,3,True,7
us,GWRS.NB,0,0,0,0,0,0,0,False,0
us,GWW,1,3,0,2,1,4,3,True,7
us,GWW.NB,0,0,0,0,0,0,0,False,0
us,GXAI,1,3,0,2,1,4,3,True,7
us,GXAI.NB,0,0,0,0,0,0,0,False,0
us,GXO,1,3,0,2,1,4,3,True,7
us,GXO.NB,0,0,0,0,0,0,0,False,0
us,GYRE,1,3,0,2,1,4,3,True,7
us,GYRE.NB,0,0,0,0,0,0,0,False,0
us,GYRO,1,1,0,2,1,4,3,True,5
us,GYRO.NB,0,0,0,0,0,0,0,False,0
us,H,1,3,0,2,1,4,3,True,7
us,H.NB,0,0,0,0,0,0,0,False,0
us,HA,1,0,0,2,1,3,2,False,4
us,HA.NB,0,0,0,0,0,0,0,False,0
us,HACQ,0,1,0,0,0,1,1,False,1
us,HACQW,0,1,0,0,0,1,1,False,1
us,HAE,1,3,0,2,1,4,3,True,7
us,HAE.NB,0,0,0,0,0,0,0,False,0
us,HAFC,0,2,0,2,1,3,3,True,5
us,HAFC.NB,0,0,0,0,0,0,0,False,0
us,HAFN,1,3,0,2,1,4,3,True,7
us,HAFN.NB,0,0,0,0,0,0,0,False,0
us,HAIA,1,0,0,2,1,3,2,False,4
us,HAIA.NB,0,0,0,0,0,0,0,False,0
us,HAIN,1,0,0,2,1,3,2,False,4
us,HAIN.NB,0,0,0,0,0,0,0,False,0
us,HAL,1,0,0,2,1,3,2,False,4
us,HAL.NB,0,0,0,0,0,0,0,False,0
us,HALL.NB,0,0,0,0,0,0,0,False,0
us,HALO,1,3,0,2,1,4,3,True,7
us,HALO.NB,0,0,0,0,0,0,0,False,0
us,HAND,0,0,0,0,0,0,0,False,0
us,HAO,1,2,0,2,0,3,2,False,5
us,HAO.NB,0,0,0,0,0,0,0,False,0
us,HAPN,1,0,0,2,1,3,2,False,4
us,HAPN.NB,0,0,0,0,0,0,0,False,0
us,HAS,1,3,0,2,1,4,3,True,7
us,HAS.NB,0,0,0,0,0,0,0,False,0
us,HASI,1,3,0,2,1,4,3,True,7
us,HASI.NB,0,0,0,0,0,0,0,False,0
us,HAVA,1,0,0,1,0,2,1,False,2
us,HAVA.NB,0,0,0,0,0,0,0,False,0
us,HAVAR,0,0,0,1,0,1,1,False,1
us,HAVAU,0,0,0,0,0,0,0,False,0
us,HAWK,0,0,0,0,0,0,0,False,0
us,HAYW,1,0,0,2,1,3,2,False,4
us,HAYW.NB,0,0,0,0,0,0,0,False,0
us,HBAN,0,0,0,2,1,2,2,False,3
us,HBAN.NB,0,0,0,0,0,0,0,False,0
us,HBANL,0,0,0,2,1,2,2,False,3
us,HBANM,0,0,0,2,1,2,2,False,3
us,HBANN,0,0,0,0,0,0,0,False,0
us,HBANN.NB,0,0,0,0,0,0,0,False,0
us,HBANO,0,0,0,0,0,0,0,False,0
us,HBANP,0,0,0,2,1,2,2,False,3
us,HBANZ,0,0,0,0,0,0,0,False,0
us,HBB,1,3,0,2,1,4,3,True,7
us,HBB.NB,0,0,0,0,0,0,0,False,0
us,HBCP,1,0,0,2,1,3,2,False,4
us,HBCP.NB,0,0,0,0,0,0,0,False,0
us,HBER,0,0,0,0,0,0,0,False,0
us,HBI,1,0,0,2,1,3,2,False,4
us,HBI.NB,0,0,0,0,0,0,0,False,0
us,HBIO,1,3,0,2,1,4,3,True,7
us,HBIO.NB,0,0,0,0,0,0,0,False,0
us,HBM,1,3,0,2,1,4,3,True,7
us,HBM.NB,0,0,0,0,0,0,0,False,0
us,HBNB,0,0,0,2,0,1,1,False,2
us,HBNC,1,0,0,2,1,3,2,False,4
us,HBNC.NB,0,0,0,0,0,0,0,False,0
us,HBT,0,0,0,2,1,2,2,False,3
us,HBT.NB,0,0,0,0,0,0,0,False,0
us,HCA,1,0,0,2,1,3,2,False,4
us,HCA.NB,0,0,0,0,0,0,0,False,0
us,HCAC,0,0,0,1,0,1,1,False,1
us,HCACR,0,0,0,0,0,0,0,False,0
us,HCACU,0,0,0,1,0,1,1,False,1
us,HCAI,1,3,0,2,0,3,2,False,6
us,HCAI.NB,0,0,0,0,0,0,0,False,0
us,HCAT,1,3,0,2,1,4,3,True,7
us,HCAT.NB,0,0,0,0,0,0,0,False,0
us,HCC,1,3,0,2,1,4,3,True,7
us,HCC.NB,0,0,0,0,0,0,0,False,0
us,HCHL,1,3,0,2,0,3,2,False,6
us,HCHL.NB,0,0,0,0,0,0,0,False,0
us,HCI,1,3,0,2,1,4,3,True,7
us,HCI.NB,0,0,0,0,0,0,0,False,0
us,HCIC,0,0,0,0,0,0,0,False,0
us,HCICR,0,0,0,0,0,0,0,False,0
us,HCIIP,0,0,0,0,0,0,0,False,0
us,HCKT,1,3,0,2,1,4,3,True,7
us,HCKT.NB,0,0,0,0,0,0,0,False,0
us,HCM,1,3,0,2,1,4,3,True,7
us,HCM.NB,0,0,0,0,0,0,0,False,0
us,HCMA,0,1,0,1,0,2,2,False,2
us,HCMAU,1,2,0,1,0,3,2,False,4
us,HCMAU.NB,0,0,0,0,0,0,0,False,0
us,HCMAW,0,2,0,1,0,2,2,False,3
us,HCNE.NB,0,0,0,0,0,0,0,False,0
us,HCP,1,0,0,2,0,2,1,False,3
us,HCP.NB,0,0,0,0,0,0,0,False,0
us,HCSG,1,0,0,2,1,3,2,False,4
us,HCSG.NB,0,0,0,0,0,0,0,False,0
us,HCTI,1,3,0,2,1,4,3,True,7
us,HCTI.NB,0,0,0,0,0,0,0,False,0
us,HCVI,0,2,0,2,1,3,3,True,5
us,HCWB,1,3,0,2,1,4,3,True,7
us,HCWB.NB,0,0,0,0,0,0,0,False,0
us,HCWC,1,3,0,2,0,3,2,False,6
us,HCWC.NB,0,0,0,0,0,0,0,False,0
us,HCXY,1,3,0,2,1,4,3,True,7
us,HCXY.NB,0,0,0,0,0,0,0,False,0
us,HD,1,3,0,2,1,4,3,True,7
us,HD.NB,0,0,0,0,0,0,0,False,0
us,HDB,1,3,0,2,1,4,3,True,7
us,HDB.NB,0,0,0,0,0,0,0,False,0
us,HDL,0,3,0,2,0,2,2,False,5
us,HDLB,0,0,0,2,1,2,2,False,3
us,HDRNW,0,0,0,2,0,1,1,False,2
us,HDSN,1,3,0,2,1,4,3,True,7
us,HDSN.NB,0,0,0,0,0,0,0,False,0
us,HE,1,3,0,2,1,4,3,True,7
us,HE.NB,0,0,0,0,0,0,0,False,0
us,HEES,1,0,0,2,1,3,2,False,4
us,HEES.NB,0,0,0,0,0,0,0,False,0
us,HEI,1,0,0,2,1,3,2,False,4
us,HEI.NB,0,0,0,0,0,0,0,False,0
us,HEIA,1,0,0,2,1,3,2,False,4
us,HEIA.NB,0,0,0,0,0,0,0,False,0
us,HELE,1,3,0,2,1,4,3,True,7
us,HELE.NB,0,0,0,0,0,0,0,False,0
us,HELP,1,2,0,2,1,4,3,True,6
us,HELP.NB,0,0,0,0,0,0,0,False,0
us,HEPA,1,3,0,0,0,2,1,False,4
us,HEPA.NB,0,0,0,0,0,0,0,False,0
us,HEPS,1,3,0,2,1,4,3,True,7
us,HEPS.NB,0,0,0,0,0,0,0,False,0
us,HERE,1,1,0,2,1,4,3,True,5
us,HERE.NB,0,0,0,0,0,0,0,False,0
us,HES,1,0,0,2,1,3,2,False,4
us,HES.NB,0,0,0,0,0,0,0,False,0
us,HESM,1,3,0,2,1,4,3,True,7
us,HESM.NB,0,0,0,0,0,0,0,False,0
us,HESP,0,0,0,0,0,0,0,False,0
us,HFBL,1,0,0,2,1,3,2,False,4
us,HFBL.NB,0,0,0,0,0,0,0,False,0
us,HFFG,1,3,0,2,1,4,3,True,7
us,HFFG.NB,0,0,0,0,0,0,0,False,0
us,HFRO,1,0,0,2,1,3,2,False,4
us,HFRO.NB,0,0,0,0,0,0,0,False,0
us,HFRO_PA,1,0,0,2,1,3,2,False,4
us,HFRO_PA.NB,0,0,0,0,0,0,0,False,0
us,HFRO_PB,1,0,0,2,0,2,1,False,3
us,HFRO_PB.NB,0,0,0,0,0,0,0,False,0
us,HFWA,0,0,0,2,1,2,2,False,3
us,HFWA.NB,0,0,0,0,0,0,0,False,0
us,HG,1,3,0,2,0,3,2,False,6
us,HG.NB,0,0,0,0,0,0,0,False,0
us,HGAS,0,0,0,2,1,2,2,False,3
us,HGBL,1,3,0,2,1,4,3,True,7
us,HGBL.NB,0,0,0,0,0,0,0,False,0
us,HGIA,0,0,0,0,0,0,0,False,0
us,HGRN,0,0,0,0,0,0,0,False,0
us,HGTY,1,3,0,2,1,4,3,True,7
us,HGTY.NB,0,0,0,0,0,0,0,False,0
us,HGV,1,3,0,2,1,4,3,True,7
us,HGV.NB,0,0,0,0,0,0,0,False,0
us,HHH,1,3,0,2,1,4,3,True,7
us,HHH.NB,0,0,0,0,0,0,0,False,0
us,HHH_W,0,0,0,0,0,0,0,False,0
us,HHLA.NB,0,0,0,0,0,0,0,False,0
us,HHS,1,3,0,2,1,4,3,True,7
us,HHS.NB,0,0,0,0,0,0,0,False,0
us,HHZK,0,0,0,0,0,0,0,False,0
us,HI,1,0,0,2,1,3,2,False,4
us,HI.NB,0,0,0,0,0,0,0,False,0
us,HIBB,1,0,0,2,1,3,2,False,4
us,HIBB.NB,0,0,0,0,0,0,0,False,0
us,HIFI,1,0,0,0,0,1,0,False,1
us,HIFI.NB,0,0,0,0,0,0,0,False,0
us,HIFS,0,0,0,2,1,2,2,False,3
us,HIFS.NB,0,0,0,0,0,0,0,False,0
us,HIG,1,0,0,2,1,3,2,False,4
us,HIG.NB,0,0,0,0,0,0,0,False,0
us,HIG_PG,1,0,0,2,1,3,2,False,4
us,HIG_PG.NB,0,0,0,0,0,0,0,False,0
us,HIHO,1,3,0,2,1,4,3,True,7
us,HIHO.NB,0,0,0,0,0,0,0,False,0
us,HII,1,3,0,2,1,4,3,True,7
us,HII.NB,0,0,0,0,0,0,0,False,0
us,HIMS,1,3,0,2,1,4,3,True,7
us,HIMS.NB,0,0,0,0,0,0,0,False,0
us,HIMX,1,3,0,2,1,4,3,True,7
us,HIMX.NB,0,0,0,0,0,0,0,False,0
us,HIND,1,3,0,2,1,4,3,True,7
us,HIND.NB,0,0,0,0,0,0,0,False,0
us,HIPO,1,3,0,2,1,4,3,True,7
us,HIPO.NB,0,0,0,0,0,0,0,False,0
us,HIT,1,3,0,2,0,3,2,False,6
us,HIT.NB,0,0,0,0,0,0,0,False,0
us,HITI,1,0,0,2,1,3,2,False,4
us,HITI.NB,0,0,0,0,0,0,0,False,0
us,HIVE,1,2,0,2,1,4,3,True,6
us,HIVE.NB,0,0,0,0,0,0,0,False,0
us,HIW,1,3,0,2,1,4,3,True,7
us,HIW.NB,0,0,0,0,0,0,0,False,0
us,HKD,1,3,0,2,1,4,3,True,7
us,HKD.NB,0,0,0,0,0,0,0,False,0
us,HKIT,1,3,0,2,1,4,3,True,7
us,HKIT.NB,0,0,0,0,0,0,0,False,0
us,HKPD,1,1,0,2,0,3,2,False,4
us,HKPD.NB,0,0,0,0,0,0,0,False,0
us,HL,1,3,0,2,1,4,3,True,7
us,HL.NB,0,0,0,0,0,0,0,False,0
us,HLF,1,2,0,2,1,4,3,True,6
us,HLF.NB,0,0,0,0,0,0,0,False,0
us,HLI,1,3,0,2,1,4,3,True,7
us,HLI.NB,0,0,0,0,0,0,0,False,0
us,HLIO,1,3,0,2,1,4,3,True,7
us,HLIO.NB,0,0,0,0,0,0,0,False,0
us,HLIT,1,3,0,2,1,4,3,True,7
us,HLIT.NB,0,0,0,0,0,0,0,False,0
us,HLLY,1,3,0,2,1,4,3,True,7
us,HLLY.NB,0,0,0,0,0,0,0,False,0
us,HLLY_T,0,3,0,2,1,3,3,True,6
us,HLMN,1,2,0,2,1,4,3,True,6
us,HLMN.NB,0,0,0,0,0,0,0,False,0
us,HLN,1,3,0,2,1,4,3,True,7
us,HLN.NB,0,0,0,0,0,0,0,False,0
us,HLNE,1,3,0,2,1,4,3,True,7
us,HLNE.NB,0,0,0,0,0,0,0,False,0
us,HLP,1,3,0,2,1,4,3,True,7
us,HLP.NB,0,0,0,0,0,0,0,False,0
us,HLT,1,2,0,2,1,4,3,True,6
us,HLT.NB,0,0,0,0,0,0,0,False,0
us,HLTH.NB,0,0,0,0,0,0,0,False,0
us,HLVX,1,0,0,2,1,3,2,False,4
us,HLVX.NB,0,0,0,0,0,0,0,False,0
us,HLX,1,0,0,2,1,3,2,False,4
us,HLX.NB,0,0,0,0,0,0,0,False,0
us,HLXC,0,0,0,1,0,1,1,False,1
us,HL_PB,1,3,0,2,1,4,3,True,7
us,HL_PB.NB,0,0,0,0,0,0,0,False,0
us,HMA.NB,0,0,0,0,0,0,0,False,0
us,HMC,1,3,0,2,1,4,3,True,7
us,HMC.NB,0,0,0,0,0,0,0,False,0
us,HMH,1,3,0,0,0,2,1,False,4
us,HMH.NB,0,0,0,0,0,0,0,False,0
us,HMN,1,3,0,2,1,4,3,True,7
us,HMN.NB,0,0,0,0,0,0,0,False,0
us,HMR,1,3,0,2,0,3,2,False,6
us,HMR.NB,0,0,0,0,0,0,0,False,0
us,HMY,1,0,0,2,1,3,2,False,4
us,HMY.NB,0,0,0,0,0,0,0,False,0
us,HNGE,1,3,0,2,0,3,2,False,6
us,HNGE.NB,0,0,0,0,0,0,0,False,0
us,HNI,1,3,0,2,1,4,3,True,7
us,HNI.NB,0,0,0,0,0,0,0,False,0
us,HNNA,1,0,0,2,1,3,2,False,4
us,HNNA.NB,0,0,0,0,0,0,0,False,0
us,HNNAZ,0,0,0,2,1,2,2,False,3
us,HNRG,1,3,0,2,1,4,3,True,7
us,HNRG.NB,0,0,0,0,0,0,0,False,0
us,HNST,1,3,0,2,1,4,3,True,7
us,HNST.NB,0,0,0,0,0,0,0,False,0
us,HNUC,0,0,0,0,0,0,0,False,0
us,HNVR,0,3,0,2,1,3,3,True,6
us,HNVR.NB,0,0,0,0,0,0,0,False,0
us,HODO,1,0,0,2,0,2,1,False,3
us,HODO.NB,0,0,0,0,0,0,0,False,0
us,HOFT,1,3,0,2,1,4,3,True,7
us,HOFT.NB,0,0,0,0,0,0,0,False,0
us,HOFV,1,0,0,2,1,3,2,False,4
us,HOFV.NB,0,0,0,0,0,0,0,False,0
us,HOG,1,3,0,2,1,4,3,True,7
us,HOG.NB,0,0,0,0,0,0,0,False,0
us,HOLI,1,0,0,2,1,3,2,False,4
us,HOLI.NB,0,0,0,0,0,0,0,False,0
us,HOLO,1,3,0,2,1,4,3,True,7
us,HOLO.NB,0,0,0,0,0,0,0,False,0
us,HOLOW,0,2,0,2,1,3,3,True,5
us,HOLX,1,0,0,2,1,3,2,False,4
us,HOLX.NB,0,0,0,0,0,0,0,False,0
us,HOMB,0,1,0,2,1,3,3,True,4
us,HOMB.NB,0,0,0,0,0,0,0,False,0
us,HON,1,0,0,2,1,3,2,False,4
us,HON.NB,0,0,0,0,0,0,0,False,0
us,HONA,0,1,0,0,0,1,1,False,1
us,HONAV,0,1,0,0,0,1,1,False,1
us,HONE,0,0,0,2,1,2,2,False,3
us,HONE.NB,0,0,0,0,0,0,0,False,0
us,HONIV,0,0,0,0,0,0,0,False,0
us,HOOD,1,1,0,2,1,4,3,True,5
us,HOOD.NB,0,0,0,0,0,0,0,False,0
us,HOOK,1,0,0,2,1,3,2,False,4
us,HOOK.NB,0,0,0,0,0,0,0,False,0
us,HOPE,0,3,0,2,1,3,3,True,6
us,HOPE.NB,0,0,0,0,0,0,0,False,0
us,HOS,0,0,0,0,0,0,0,False,0
us,HOTH,1,2,0,2,1,4,3,True,6
us,HOTH.NB,0,0,0,0,0,0,0,False,0
us,HOUR,1,3,0,2,1,4,3,True,7
us,HOUR.NB,0,0,0,0,0,0,0,False,0
us,HOUS,0,0,0,2,1,2,2,False,3
us,HOV,1,0,0,2,1,3,2,False,4
us,HOV.NB,0,0,0,0,0,0,0,False,0
us,HOVNP,1,0,0,2,1,3,2,False,4
us,HOVNP.NB,0,0,0,0,0,0,0,False,0
us,HOVR,0,2,0,2,0,2,2,False,4
us,HOVRW,0,0,0,2,0,1,1,False,2
us,HOWL,1,3,0,2,1,4,3,True,7
us,HOWL.NB,0,0,0,0,0,0,0,False,0
us,HP,1,0,0,2,1,3,2,False,4
us,HP.NB,0,0,0,0,0,0,0,False,0
us,HPAI,1,2,0,2,1,4,3,True,6
us,HPAI.NB,0,0,0,0,0,0,0,False,0
us,HPAIW,0,2,0,2,1,3,3,True,5
us,HPCO,1,2,0,2,1,4,3,True,6
us,HPCO.NB,0,0,0,0,0,0,0,False,0
us,HPE,1,1,0,2,1,4,3,True,5
us,HPE.NB,0,0,0,0,0,0,0,False,0
us,HPE_PC,1,1,0,2,0,3,2,False,4
us,HPE_PC.NB,0,0,0,0,0,0,0,False,0
us,HPK,1,3,0,2,1,4,3,True,7
us,HPK.NB,0,0,0,0,0,0,0,False,0
us,HPLT.NB,0,0,0,0,0,0,0,False,0
us,HPOT,1,0,0,0,0,1,0,False,1
us,HPOT.NB,0,0,0,0,0,0,0,False,0
us,HPP,1,3,0,2,1,4,3,True,7
us,HPP.NB,0,0,0,0,0,0,0,False,0
us,HPP_PB,0,0,0,0,0,0,0,False,0
us,HPP_PC,0,3,0,2,1,3,3,True,6
us,HPQ,1,1,0,2,1,4,3,True,5
us,HPQ.NB,0,0,0,0,0,0,0,False,0
us,HPTRP,0,0,0,0,0,0,0,False,0
us,HPT_PC,0,0,0,0,0,0,0,False,0
us,HQ,1,2,0,0,0,2,1,False,3
us,HQ.NB,0,0,0,0,0,0,0,False,0
us,HQBB,0,0,0,0,0,0,0,False,0
us,HQI,1,3,0,2,1,4,3,True,7
us,HQI.NB,0,0,0,0,0,0,0,False,0
us,HQWWW,0,1,0,0,0,1,1,False,1
us,HQY,1,3,0,2,1,4,3,True,7
us,HQY.NB,0,0,0,0,0,0,0,False,0
us,HR,1,3,0,2,1,4,3,True,7
us,HR.NB,0,0,0,0,0,0,0,False,0
us,HRB,1,1,0,2,1,4,3,True,5
us,HRB.NB,0,0,0,0,0,0,0,False,0
us,HRGH,0,0,0,0,0,0,0,False,0
us,HRI,1,3,0,2,1,4,3,True,7
us,HRI.NB,0,0,0,0,0,0,0,False,0
us,HRL,1,0,0,2,1,3,2,False,4
us,HRL.NB,0,0,0,0,0,0,0,False,0
us,HRMY,1,3,0,2,1,4,3,True,7
us,HRMY.NB,0,0,0,0,0,0,0,False,0
us,HROW,1,3,0,2,1,4,3,True,7
us,HROW.NB,0,0,0,0,0,0,0,False,0
us,HRT,1,0,0,2,0,2,1,False,3
us,HRT.NB,0,0,0,0,0,0,0,False,0
us,HRTG,1,3,0,2,1,4,3,True,7
us,HRTG.NB,0,0,0,0,0,0,0,False,0
us,HRTX,1,3,0,2,1,4,3,True,7
us,HRTX.NB,0,0,0,0,0,0,0,False,0
us,HRZN,1,0,0,2,1,3,2,False,4
us,HRZN.NB,0,0,0,0,0,0,0,False,0
us,HSAI,1,3,0,2,1,4,3,True,7
us,HSAI.NB,0,0,0,0,0,0,0,False,0
us,HSBC,0,3,0,2,1,3,3,True,6
us,HSBC.NB,0,0,0,0,0,0,0,False,0
us,HSBC_PA,0,3,0,0,0,1,1,False,3
us,HSCS,0,3,0,2,1,3,3,True,6
us,HSCSW,0,0,0,2,1,2,2,False,3
us,HSDT,1,3,0,2,1,4,3,True,7
us,HSDT.NB,0,0,0,0,0,0,0,False,0
us,HSFZ,0,0,0,0,0,0,0,False,0
us,HSHP,1,3,0,2,1,4,3,True,7
us,HSHP.NB,0,0,0,0,0,0,0,False,0
us,HSIC,1,3,0,2,1,4,3,True,7
us,HSIC.NB,0,0,0,0,0,0,0,False,0
us,HSII,1,0,0,2,1,3,2,False,4
us,HSII.NB,0,0,0,0,0,0,0,False,0
us,HSLV,1,1,0,2,1,4,3,True,5
us,HSLV.NB,0,0,0,0,0,0,0,False,0
us,HSPTR,0,2,0,2,0,2,2,False,4
us,HSPTU,1,2,0,2,0,3,2,False,5
us,HSPTU.NB,0,0,0,0,0,0,0,False,0
us,HST,1,3,0,2,1,4,3,True,7
us,HST.NB,0,0,0,0,0,0,0,False,0
us,HSTM,1,3,0,2,1,4,3,True,7
us,HSTM.NB,0,0,0,0,0,0,0,False,0
us,HSTO.NB,0,0,0,0,0,0,0,False,0
us,HSY,1,3,0,2,1,4,3,True,7
us,HSY.NB,0,0,0,0,0,0,0,False,0
us,HTB,1,0,0,2,1,3,2,False,4
us,HTB.NB,0,0,0,0,0,0,0,False,0
us,HTBK,0,0,0,2,1,2,2,False,3
us,HTBK.NB,0,0,0,0,0,0,0,False,0
us,HTCO,1,3,0,2,1,4,3,True,7
us,HTCO.NB,0,0,0,0,0,0,0,False,0
us,HTCR,1,3,0,2,1,4,3,True,7
us,HTCR.NB,0,0,0,0,0,0,0,False,0
us,HTFC,0,3,0,2,1,3,3,True,6
us,HTFL,1,3,0,1,0,3,2,False,5
us,HTFL.NB,0,0,0,0,0,0,0,False,0
us,HTGC,1,0,0,2,1,3,2,False,4
us,HTGC.NB,0,0,0,0,0,0,0,False,0
us,HTGM.NB,0,0,0,0,0,0,0,False,0
us,HTH,1,0,0,2,1,3,2,False,4
us,HTH.NB,0,0,0,0,0,0,0,False,0
us,HTHT,1,3,0,2,1,4,3,True,7
us,HTHT.NB,0,0,0,0,0,0,0,False,0
us,HTLD,1,0,0,2,1,3,2,False,4
us,HTLD.NB,0,0,0,0,0,0,0,False,0
us,HTLF,0,0,0,2,1,2,2,False,3
us,HTLFP,0,0,0,2,1,2,2,False,3
us,HTLM,1,0,0,2,0,2,1,False,3
us,HTLM.NB,0,0,0,0,0,0,0,False,0
us,HTO,1,3,0,2,1,4,3,True,7
us,HTO.NB,0,0,0,0,0,0,0,False,0
us,HTOO,1,3,0,2,1,4,3,True,7
us,HTOO.NB,0,0,0,0,0,0,0,False,0
us,HTT,1,3,0,2,1,4,3,True,7
us,HTT.NB,0,0,0,0,0,0,0,False,0
us,HTZ,1,0,0,2,1,3,2,False,4
us,HTZ.NB,0,0,0,0,0,0,0,False,0
us,HTZWW,0,2,0,2,1,3,3,True,5
us,HT_PC.NB,0,0,0,0,0,0,0,False,0
us,HT_PD.NB,0,0,0,0,0,0,0,False,0
us,HT_PE.NB,0,0,0,0,0,0,0,False,0
us,HUBB,1,3,0,2,1,4,3,True,7
us,HUBB.NB,0,0,0,0,0,0,0,False,0
us,HUBC,1,2,0,2,1,4,3,True,6
us,HUBC.NB,0,0,0,0,0,0,0,False,0
us,HUBCW,0,0,0,2,1,2,2,False,3
us,HUBCZ,0,0,0,2,1,2,2,False,3
us,HUBG,1,0,0,2,1,3,2,False,4
us,HUBG.NB,0,0,0,0,0,0,0,False,0
us,HUBS,1,3,0,2,1,4,3,True,7
us,HUBS.NB,0,0,0,0,0,0,0,False,0
us,HUDA,1,0,0,2,0,2,1,False,3
us,HUDA.NB,0,0,0,0,0,0,0,False,0
us,HUDI,1,3,0,2,1,4,3,True,7
us,HUDI.NB,0,0,0,0,0,0,0,False,0
us,HUHU,1,3,0,2,0,3,2,False,6
us,HUHU.NB,0,0,0,0,0,0,0,False,0
us,HUIZ,1,3,0,2,1,4,3,True,7
us,HUIZ.NB,0,0,0,0,0,0,0,False,0
us,HUM,1,0,0,2,1,3,2,False,4
us,HUM.NB,0,0,0,0,0,0,0,False,0
us,HUMA,1,0,0,2,1,3,2,False,4
us,HUMA.NB,0,0,0,0,0,0,0,False,0
us,HUMAW,0,3,0,2,1,3,3,True,6
us,HUN,1,3,0,2,1,4,3,True,7
us,HUN.NB,0,0,0,0,0,0,0,False,0
us,HURA,1,2,0,2,1,4,3,True,6
us,HURA.NB,0,0,0,0,0,0,0,False,0
us,HURC,1,0,0,2,1,3,2,False,4
us,HURC.NB,0,0,0,0,0,0,0,False,0
us,HURN,1,3,0,2,1,4,3,True,7
us,HURN.NB,0,0,0,0,0,0,0,False,0
us,HUT,1,3,0,2,1,4,3,True,7
us,HUT.NB,0,0,0,0,0,0,0,False,0
us,HUYA,1,3,0,2,1,4,3,True,7
us,HUYA.NB,0,0,0,0,0,0,0,False,0
us,HVII,1,0,0,2,0,2,1,False,3
us,HVII.NB,0,0,0,0,0,0,0,False,0
us,HVIIR,0,2,0,2,0,2,2,False,4
us,HVIIU,0,2,0,2,0,2,2,False,4
us,HVMC,0,0,0,1,0,1,1,False,1
us,HVMCU,0,1,0,1,0,2,2,False,2
us,HVMCW,0,1,0,1,0,2,2,False,2
us,HVT,1,3,0,2,1,4,3,True,7
us,HVT.NB,0,0,0,0,0,0,0,False,0
us,HVTA,1,3,0,2,1,4,3,True,7
us,HVTA.NB,0,0,0,0,0,0,0,False,0
us,HWBK,0,3,0,2,1,3,3,True,6
us,HWBK.NB,0,0,0,0,0,0,0,False,0
us,HWC,0,0,0,2,1,2,2,False,3
us,HWC.NB,0,0,0,0,0,0,0,False,0
us,HWCPZ,0,0,0,2,1,2,2,False,3
us,HWEL.NB,0,0,0,0,0,0,0,False,0
us,HWEP,1,0,0,0,0,1,0,False,1
us,HWEP.NB,0,0,0,0,0,0,0,False,0
us,HWH,1,3,0,2,1,4,3,True,7
us,HWH.NB,0,0,0,0,0,0,0,False,0
us,HWKN,1,3,0,2,1,4,3,True,7
us,HWKN.NB,0,0,0,0,0,0,0,False,0
us,HWM,1,3,0,2,1,4,3,True,7
us,HWM.NB,0,0,0,0,0,0,0,False,0
us,HWM_P,1,0,0,2,1,3,2,False,4
us,HWM_P.NB,0,0,0,0,0,0,0,False,0
us,HXHX,1,3,0,2,0,3,2,False,6
us,HXHX.NB,0,0,0,0,0,0,0,False,0
us,HXL,1,0,0,2,1,3,2,False,4
us,HXL.NB,0,0,0,0,0,0,0,False,0
us,HXSZ,0,0,0,0,0,0,0,False,0
us,HY,1,3,0,2,1,4,3,True,7
us,HY.NB,0,0,0,0,0,0,0,False,0
us,HYAC,1,0,0,2,0,2,1,False,3
us,HYAC.NB,0,0,0,0,0,0,0,False,0
us,HYAC_U,0,0,0,2,0,1,1,False,2
us,HYFM,1,2,0,2,1,4,3,True,6
us,HYFM.NB,0,0,0,0,0,0,0,False,0
us,HYFT,1,3,0,2,1,4,3,True,7
us,HYFT.NB,0,0,0,0,0,0,0,False,0
us,HYHL,0,0,0,0,0,0,0,False,0
us,HYLN,1,3,0,2,1,4,3,True,7
us,HYLN.NB,0,0,0,0,0,0,0,False,0
us,HYLT,0,0,0,0,0,0,0,False,0
us,HYMC,1,2,0,2,1,4,3,True,6
us,HYMC.NB,0,0,0,0,0,0,0,False,0
us,HYNE,1,3,0,1,0,3,2,False,5
us,HYNE.NB,0,0,0,0,0,0,0,False,0
us,HYPD,1,2,0,2,1,4,3,True,6
us,HYPD.NB,0,0,0,0,0,0,0,False,0
us,HYPR,1,3,0,2,1,4,3,True,7
us,HYPR.NB,0,0,0,0,0,0,0,False,0
us,HYRD,0,0,0,0,0,0,0,False,0
us,HYT_R_W,0,0,0,0,0,0,0,False,0
us,HYZN,0,0,0,2,1,2,2,False,3
us,HZO,1,0,0,2,1,3,2,False,4
us,HZO.NB,0,0,0,0,0,0,0,False,0
us,IAC,1,3,0,2,1,4,3,True,7
us,IAC.NB,0,0,0,0,0,0,0,False,0
us,IACO,1,1,0,0,0,2,1,False,2
us,IACO.NB,0,0,0,0,0,0,0,False,0
us,IACOW,0,1,0,0,0,1,1,False,1
us,IACQ,0,0,0,0,0,0,0,False,0
us,IACVV,0,2,0,0,0,1,1,False,2
us,IAG,1,3,0,2,1,4,3,True,7
us,IAG.NB,0,0,0,0,0,0,0,False,0
us,IAMR,0,0,0,0,0,0,0,False,0
us,IART,1,3,0,2,1,4,3,True,7
us,IART.NB,0,0,0,0,0,0,0,False,0
us,IAS,1,0,0,2,1,3,2,False,4
us,IAS.NB,0,0,0,0,0,0,0,False,0
us,IAUX,1,3,0,2,1,4,3,True,7
us,IAUX.NB,0,0,0,0,0,0,0,False,0
us,IAUX_T,0,3,0,2,1,3,3,True,6
us,IBA.NB,0,0,0,0,0,0,0,False,0
us,IBAC,1,0,0,2,0,2,1,False,3
us,IBAC.NB,0,0,0,0,0,0,0,False,0
us,IBACR,0,0,0,2,0,1,1,False,2
us,IBCP,0,0,0,2,1,2,2,False,3
us,IBCP.NB,0,0,0,0,0,0,0,False,0
us,IBEX,1,0,0,2,1,3,2,False,4
us,IBEX.NB,0,0,0,0,0,0,0,False,0
us,IBG,1,1,0,2,0,3,2,False,4
us,IBG.NB,0,0,0,0,0,0,0,False,0
us,IBIO,1,0,0,2,1,3,2,False,4
us,IBIO.NB,0,0,0,0,0,0,0,False,0
us,IBKCN,0,0,0,0,0,0,0,False,0
us,IBKCO,0,0,0,0,0,0,0,False,0
us,IBKCP,0,0,0,0,0,0,0,False,0
us,IBKR,1,1,0,2,1,4,3,True,5
us,IBKR.NB,0,0,0,0,0,0,0,False,0
us,IBL,0,0,0,0,0,0,0,False,0
us,IBM,1,1,0,2,1,4,3,True,5
us,IBM.NB,0,0,0,0,0,0,0,False,0
us,IBN,0,3,0,2,1,3,3,True,6
us,IBN.NB,0,0,0,0,0,0,0,False,0
us,IBO,1,3,0,2,0,3,2,False,6
us,IBO.NB,0,0,0,0,0,0,0,False,0
us,IBOC,1,3,0,2,1,4,3,True,7
us,IBOC.NB,0,0,0,0,0,0,0,False,0
us,IBP,1,3,0,2,1,4,3,True,7
us,IBP.NB,0,0,0,0,0,0,0,False,0
us,IBRX,1,2,0,2,1,4,3,True,6
us,IBRX.NB,0,0,0,0,0,0,0,False,0
us,IBTA,1,3,0,2,0,3,2,False,6
us,IBTA.NB,0,0,0,0,0,0,0,False,0
us,IBTX,0,0,0,2,1,2,2,False,3
us,IBTX.NB,0,0,0,0,0,0,0,False,0
us,ICAD,1,0,0,2,1,3,2,False,4
us,ICAD.NB,0,0,0,0,0,0,0,False,0
us,ICCC,1,3,0,2,1,4,3,True,7
us,ICCC.NB,0,0,0,0,0,0,0,False,0
us,ICCH,1,0,0,2,1,3,2,False,4
us,ICCH.NB,0,0,0,0,0,0,0,False,0
us,ICCM,1,3,0,2,1,4,3,True,7
us,ICCM.NB,0,0,0,0,0,0,0,False,0
us,ICCT,1,0,0,2,0,2,1,False,3
us,ICCT.NB,0,0,0,0,0,0,0,False,0
us,ICD,1,0,0,2,1,3,2,False,4
us,ICD.NB,0,0,0,0,0,0,0,False,0
us,ICE,1,3,0,2,1,4,3,True,7
us,ICE.NB,0,0,0,0,0,0,0,False,0
us,ICFI,1,3,0,2,1,4,3,True,7
us,ICFI.NB,0,0,0,0,0,0,0,False,0
us,ICG,1,3,0,2,1,4,3,True,7
us,ICG.NB,0,0,0,0,0,0,0,False,0
us,ICHR,1,3,0,2,1,4,3,True,7
us,ICHR.NB,0,0,0,0,0,0,0,False,0
us,ICL,1,3,0,2,1,4,3,True,7
us,ICL.NB,0,0,0,0,0,0,0,False,0
us,ICLR,1,3,0,2,1,4,3,True,7
us,ICLR.NB,0,0,0,0,0,0,0,False,0
us,ICMB,1,3,0,2,1,4,3,True,7
us,ICMB.NB,0,0,0,0,0,0,0,False,0
us,ICNC.NB,0,0,0,0,0,0,0,False,0
us,ICON,1,3,0,2,0,3,2,False,6
us,ICON.NB,0,0,0,0,0,0,0,False,0
us,ICPT.NB,0,0,0,0,0,0,0,False,0
us,ICR_PA,0,1,0,2,1,3,3,True,4
us,ICU,1,0,0,2,1,3,2,False,4
us,ICU.NB,0,0,0,0,0,0,0,False,0
us,ICUCW,0,3,0,2,1,3,3,True,6
us,ICUI,1,3,0,2,1,4,3,True,7
us,ICUI.NB,0,0,0,0,0,0,0,False,0
us,ID.NB,0,0,0,0,0,0,0,False,0
us,IDA,1,3,0,2,1,4,3,True,7
us,IDA.NB,0,0,0,0,0,0,0,False,0
us,IDAC,0,0,0,0,0,0,0,False,0
us,IDAI,1,3,0,2,1,4,3,True,7
us,IDAI.NB,0,0,0,0,0,0,0,False,0
us,IDCC,1,3,0,2,1,4,3,True,7
us,IDCC.NB,0,0,0,0,0,0,0,False,0
us,IDEX,1,0,0,2,1,3,2,False,4
us,IDEX.NB,0,0,0,0,0,0,0,False,0
us,IDN,1,3,0,2,1,4,3,True,7
us,IDN.NB,0,0,0,0,0,0,0,False,0
us,IDR,1,3,0,2,1,4,3,True,7
us,IDR.NB,0,0,0,0,0,0,0,False,0
us,IDT,1,0,0,2,1,3,2,False,4
us,IDT.NB,0,0,0,0,0,0,0,False,0
us,IDXX,1,3,0,2,1,4,3,True,7
us,IDXX.NB,0,0,0,0,0,0,0,False,0
us,IDYA,1,2,0,2,1,4,3,True,6
us,IDYA.NB,0,0,0,0,0,0,0,False,0
us,IE,1,3,0,2,1,4,3,True,7
us,IE.NB,0,0,0,0,0,0,0,False,0
us,IEAG,0,1,0,0,0,1,1,False,1
us,IEAGR,0,1,0,0,0,1,1,False,1
us,IEAGU,1,1,0,0,0,2,1,False,2
us,IEAGU.NB,0,0,0,0,0,0,0,False,0
us,IESC,1,0,0,2,1,3,2,False,4
us,IESC.NB,0,0,0,0,0,0,0,False,0
us,IEX,1,0,0,2,1,3,2,False,4
us,IEX.NB,0,0,0,0,0,0,0,False,0
us,IFBD,1,3,0,2,1,4,3,True,7
us,IFBD.NB,0,0,0,0,0,0,0,False,0
us,IFED,0,0,0,2,1,2,2,False,3
us,IFF,1,3,0,2,1,4,3,True,7
us,IFF.NB,0,0,0,0,0,0,0,False,0
us,IFRX,1,2,0,2,1,4,3,True,6
us,IFRX.NB,0,0,0,0,0,0,0,False,0
us,IFS,1,2,0,2,1,4,3,True,6
us,IFS.NB,0,0,0,0,0,0,0,False,0
us,IGAC,0,1,0,1,0,2,2,False,2
us,IGACR,0,2,0,0,0,1,1,False,2
us,IGACU,1,2,0,1,0,3,2,False,4
us,IGACU.NB,0,0,0,0,0,0,0,False,0
us,IGC,1,3,0,2,1,4,3,True,7
us,IGC.NB,0,0,0,0,0,0,0,False,0
us,IGIC,1,3,0,2,1,4,3,True,7
us,IGIC.NB,0,0,0,0,0,0,0,False,0
us,IGMS,1,0,0,2,1,3,2,False,4
us,IGMS.NB,0,0,0,0,0,0,0,False,0
us,IGT,1,0,0,2,1,3,2,False,4
us,IGT.NB,0,0,0,0,0,0,0,False,0
us,IGTA,1,1,0,2,1,4,3,True,5
us,IGTA.NB,0,0,0,0,0,0,0,False,0
us,IH,1,3,0,2,1,4,3,True,7
us,IH.NB,0,0,0,0,0,0,0,False,0
us,IHG,1,2,0,2,1,4,3,True,6
us,IHG.NB,0,0,0,0,0,0,0,False,0
us,IHRT,1,2,0,2,1,4,3,True,6
us,IHRT.NB,0,0,0,0,0,0,0,False,0
us,IHS,1,2,0,2,1,4,3,True,6
us,IHS.NB,0,0,0,0,0,0,0,False,0
us,IHT,1,3,0,2,1,4,3,True,7
us,IHT.NB,0,0,0,0,0,0,0,False,0
us,III,1,3,0,2,1,4,3,True,7
us,III.NB,0,0,0,0,0,0,0,False,0
us,IIIN,1,0,0,2,1,3,2,False,4
us,IIIN.NB,0,0,0,0,0,0,0,False,0
us,IIIV,1,0,0,2,1,3,2,False,4
us,IIIV.NB,0,0,0,0,0,0,0,False,0
us,IINNW,0,3,0,2,1,3,3,True,6
us,IIPR,1,3,0,2,1,4,3,True,7
us,IIPR.NB,0,0,0,0,0,0,0,False,0
us,IIPR_PA,1,3,0,2,1,4,3,True,7
us,IIPR_PA.NB,0,0,0,0,0,0,0,False,0
us,IIVI,0,0,0,0,0,0,0,False,0
us,IKT,1,2,0,2,1,4,3,True,6
us,IKT.NB,0,0,0,0,0,0,0,False,0
us,ILAC,0,0,0,0,0,0,0,False,0
us,ILAG,1,3,0,2,1,4,3,True,7
us,ILAG.NB,0,0,0,0,0,0,0,False,0
us,ILLR,1,0,0,2,1,3,2,False,4
us,ILLR.NB,0,0,0,0,0,0,0,False,0
us,ILLRW,0,2,0,2,1,3,3,True,5
us,ILLU,0,1,0,0,0,1,1,False,1
us,ILLUW,0,1,0,0,0,1,1,False,1
us,ILMN,1,3,0,2,1,4,3,True,7
us,ILMN.NB,0,0,0,0,0,0,0,False,0
us,ILMNV,0,0,0,0,0,0,0,False,0
us,ILPT,1,0,0,2,1,3,2,False,4
us,ILPT.NB,0,0,0,0,0,0,0,False,0
us,IMA,1,2,0,2,1,4,3,True,6
us,IMA.NB,0,0,0,0,0,0,0,False,0
us,IMAQ,1,1,0,2,1,4,3,True,5
us,IMAQ.NB,0,0,0,0,0,0,0,False,0
us,IMAX,1,3,0,2,1,4,3,True,7
us,IMAX.NB,0,0,0,0,0,0,0,False,0
us,IMCC,1,2,0,2,1,4,3,True,6
us,IMCC.NB,0,0,0,0,0,0,0,False,0
us,IMCR,1,3,0,2,1,4,3,True,7
us,IMCR.NB,0,0,0,0,0,0,0,False,0
us,IMDX,1,2,0,2,1,4,3,True,6
us,IMDX.NB,0,0,0,0,0,0,0,False,0
us,IMG,0,0,0,2,1,2,2,False,3
us,IMGN.NB,0,0,0,0,0,0,0,False,0
us,IMKTA,1,0,0,2,1,3,2,False,4
us,IMKTA.NB,0,0,0,0,0,0,0,False,0
us,IMMP,1,0,0,2,1,3,2,False,4
us,IMMP.NB,0,0,0,0,0,0,0,False,0
us,IMMR,1,3,0,2,1,4,3,True,7
us,IMMR.NB,0,0,0,0,0,0,0,False,0
us,IMMX,1,2,0,2,1,4,3,True,6
us,IMMX.NB,0,0,0,0,0,0,0,False,0
us,IMNM,1,3,0,2,1,4,3,True,7
us,IMNM.NB,0,0,0,0,0,0,0,False,0
us,IMNN,1,2,0,2,1,4,3,True,6
us,IMNN.NB,0,0,0,0,0,0,0,False,0
us,IMO,1,3,0,2,1,4,3,True,7
us,IMO.NB,0,0,0,0,0,0,0,False,0
us,IMOS,1,3,0,2,1,4,3,True,7
us,IMOS.NB,0,0,0,0,0,0,0,False,0
us,IMPP,1,3,0,2,1,4,3,True,7
us,IMPP.NB,0,0,0,0,0,0,0,False,0
us,IMPPP,0,3,0,2,1,3,3,True,6
us,IMRN,1,0,0,2,1,3,2,False,4
us,IMRN.NB,0,0,0,0,0,0,0,False,0
us,IMRX,1,2,0,2,1,4,3,True,6
us,IMRX.NB,0,0,0,0,0,0,0,False,0
us,IMSR,1,1,0,2,0,3,2,False,4
us,IMSR.NB,0,0,0,0,0,0,0,False,0
us,IMSRW,0,1,0,2,0,2,2,False,3
us,IMSV,0,0,0,0,0,0,0,False,0
us,IMTE,1,3,0,2,1,4,3,True,7
us,IMTE.NB,0,0,0,0,0,0,0,False,0
us,IMTX,1,2,0,2,1,4,3,True,6
us,IMTX.NB,0,0,0,0,0,0,0,False,0
us,IMUX,1,1,0,2,1,4,3,True,5
us,IMUX.NB,0,0,0,0,0,0,0,False,0
us,IMVT,1,2,0,2,1,4,3,True,6
us,IMVT.NB,0,0,0,0,0,0,0,False,0
us,IMXI,1,3,0,2,1,4,3,True,7
us,IMXI.NB,0,0,0,0,0,0,0,False,0
us,INAB,1,2,0,2,1,4,3,True,6
us,INAB.NB,0,0,0,0,0,0,0,False,0
us,INAC,1,0,0,1,0,2,1,False,2
us,INAC.NB,0,0,0,0,0,0,0,False,0
us,INACR,0,2,0,1,0,2,2,False,3
us,INACU,1,2,0,1,0,3,2,False,4
us,INACU.NB,0,0,0,0,0,0,0,False,0
us,INAI,0,0,0,0,0,0,0,False,0
us,INBK,0,0,0,2,1,2,2,False,3
us,INBK.NB,0,0,0,0,0,0,0,False,0
us,INBKZ,0,3,0,2,1,3,3,True,6
us,INBKZ.NB,0,0,0,0,0,0,0,False,0
us,INBS,1,0,0,2,1,3,2,False,4
us,INBS.NB,0,0,0,0,0,0,0,False,0
us,INBX,1,3,0,2,0,3,2,False,6
us,INBX.NB,0,0,0,0,0,0,0,False,0
us,INCR,1,0,0,2,1,3,2,False,4
us,INCR.NB,0,0,0,0,0,0,0,False,0
us,INCY,1,3,0,2,1,4,3,True,7
us,INCY.NB,0,0,0,0,0,0,0,False,0
us,IND,0,0,0,1,0,1,1,False,1
us,INDB,0,0,0,2,1,2,2,False,3
us,INDB.NB,0,0,0,0,0,0,0,False,0
us,INDI,1,3,0,2,1,4,3,True,7
us,INDI.NB,0,0,0,0,0,0,0,False,0
us,INDO,1,3,0,2,1,4,3,True,7
us,INDO.NB,0,0,0,0,0,0,0,False,0
us,INDP,1,2,0,2,1,4,3,True,6
us,INDP.NB,0,0,0,0,0,0,0,False,0
us,INDV,1,2,0,2,1,4,3,True,6
us,INDV.NB,0,0,0,0,0,0,0,False,0
us,INEO,1,3,0,2,0,3,2,False,6
us,INEO.NB,0,0,0,0,0,0,0,False,0
us,INFA,1,0,0,2,1,3,2,False,4
us,INFA.NB,0,0,0,0,0,0,0,False,0
us,INFN,1,0,0,2,1,3,2,False,4
us,INFN.NB,0,0,0,0,0,0,0,False,0
us,INFQ,1,0,0,0,0,1,0,False,1
us,INFQ.NB,0,0,0,0,0,0,0,False,0
us,INFQ_T,0,2,0,0,0,1,1,False,2
us,INFU,1,3,0,2,1,4,3,True,7
us,INFU.NB,0,0,0,0,0,0,0,False,0
us,INFY,1,3,0,2,1,4,3,True,7
us,INFY.NB,0,0,0,0,0,0,0,False,0
us,ING,0,3,0,2,1,3,3,True,6
us,ING.NB,0,0,0,0,0,0,0,False,0
us,INGM,1,3,0,2,0,3,2,False,6
us,INGM.NB,0,0,0,0,0,0,0,False,0
us,INGN,1,3,0,2,1,4,3,True,7
us,INGN.NB,0,0,0,0,0,0,0,False,0
us,INGR,1,3,0,2,1,4,3,True,7
us,INGR.NB,0,0,0,0,0,0,0,False,0
us,INHD,1,0,0,2,0,2,1,False,3
us,INHD.NB,0,0,0,0,0,0,0,False,0
us,INHI,0,0,0,0,0,0,0,False,0
us,INIO,0,0,0,0,0,0,0,False,0
us,INKT,1,1,0,2,1,4,3,True,5
us,INKT.NB,0,0,0,0,0,0,0,False,0
us,INLF,1,3,0,2,0,3,2,False,6
us,INLF.NB,0,0,0,0,0,0,0,False,0
us,INLX,1,3,0,2,1,4,3,True,7
us,INLX.NB,0,0,0,0,0,0,0,False,0
us,INM,1,0,0,2,1,3,2,False,4
us,INM.NB,0,0,0,0,0,0,0,False,0
us,INMB,1,3,0,2,1,4,3,True,7
us,INMB.NB,0,0,0,0,0,0,0,False,0
us,INMD,1,3,0,2,1,4,3,True,7
us,INMD.NB,0,0,0,0,0,0,0,False,0
us,INN,1,3,0,2,1,4,3,True,7
us,INN.NB,0,0,0,0,0,0,0,False,0
us,INNV,1,0,0,2,1,3,2,False,4
us,INNV.NB,0,0,0,0,0,0,0,False,0
us,INN_PA,0,0,0,0,0,0,0,False,0
us,INN_PB,0,0,0,2,1,2,2,False,3
us,INN_PC,0,0,0,0,0,0,0,False,0
us,INN_PD,0,0,0,0,0,0,0,False,0
us,INN_PE,1,3,0,2,1,4,3,True,7
us,INN_PE.NB,0,0,0,0,0,0,0,False,0
us,INN_PF,0,3,0,2,1,3,3,True,6
us,INO,1,3,0,2,1,4,3,True,7
us,INO.NB,0,0,0,0,0,0,0,False,0
us,INOD,1,3,0,2,1,4,3,True,7
us,INOD.NB,0,0,0,0,0,0,0,False,0
us,INR,1,3,0,2,0,3,2,False,6
us,INR.NB,0,0,0,0,0,0,0,False,0
us,INRX,0,0,0,0,0,0,0,False,0
us,INSE,1,2,0,2,1,4,3,True,6
us,INSE.NB,0,0,0,0,0,0,0,False,0
us,INSG,1,2,0,2,1,4,3,True,6
us,INSG.NB,0,0,0,0,0,0,0,False,0
us,INSM,1,3,0,2,1,4,3,True,7
us,INSM.NB,0,0,0,0,0,0,0,False,0
us,INSP,1,3,0,2,1,4,3,True,7
us,INSP.NB,0,0,0,0,0,0,0,False,0
us,INST,1,0,0,2,1,3,2,False,4
us,INST.NB,0,0,0,0,0,0,0,False,0
us,INSW,1,3,0,2,1,4,3,True,7
us,INSW.NB,0,0,0,0,0,0,0,False,0
us,INTA,1,0,0,2,1,3,2,False,4
us,INTA.NB,0,0,0,0,0,0,0,False,0
us,INTC,1,0,0,2,1,3,2,False,4
us,INTC.NB,0,0,0,0,0,0,0,False,0
us,INTE,1,0,0,2,1,3,2,False,4
us,INTE.NB,0,0,0,0,0,0,0,False,0
us,INTG,1,0,0,2,1,3,2,False,4
us,INTG.NB,0,0,0,0,0,0,0,False,0
us,INTJ,1,3,0,2,0,3,2,False,6
us,INTJ.NB,0,0,0,0,0,0,0,False,0
us,INTR,1,3,0,2,1,4,3,True,7
us,INTR.NB,0,0,0,0,0,0,0,False,0
us,INTS,1,2,0,2,0,3,2,False,5
us,INTS.NB,0,0,0,0,0,0,0,False,0
us,INTT,1,3,0,2,1,4,3,True,7
us,INTT.NB,0,0,0,0,0,0,0,False,0
us,INTU,1,0,0,2,1,3,2,False,4
us,INTU.NB,0,0,0,0,0,0,0,False,0
us,INTZ,1,3,0,2,1,4,3,True,7
us,INTZ.NB,0,0,0,0,0,0,0,False,0
us,INUV,1,3,0,2,1,4,3,True,7
us,INUV.NB,0,0,0,0,0,0,0,False,0
us,INV,1,3,0,2,1,4,3,True,7
us,INV.NB,0,0,0,0,0,0,0,False,0
us,INVA,1,3,0,2,1,4,3,True,7
us,INVA.NB,0,0,0,0,0,0,0,False,0
us,INVE,1,3,0,2,1,4,3,True,7
us,INVE.NB,0,0,0,0,0,0,0,False,0
us,INVH,1,3,0,2,1,4,3,True,7
us,INVH.NB,0,0,0,0,0,0,0,False,0
us,INVX,1,3,0,2,1,4,3,True,7
us,INVX.NB,0,0,0,0,0,0,0,False,0
us,INVZ,1,0,0,2,1,3,2,False,4
us,INVZ.NB,0,0,0,0,0,0,0,False,0
us,INVZW,0,3,0,0,0,1,1,False,3
us,INZY,1,0,0,2,1,3,2,False,4
us,INZY.NB,0,0,0,0,0,0,0,False,0
us,IOBT,1,0,0,2,1,3,2,False,4
us,IOBT.NB,0,0,0,0,0,0,0,False,0
us,IONM,1,0,0,2,0,2,1,False,3
us,IONM.NB,0,0,0,0,0,0,0,False,0
us,IONQ,1,2,0,2,1,4,3,True,6
us,IONQ.NB,0,0,0,0,0,0,0,False,0
us,IONQ_T,0,3,0,2,1,3,3,True,6
us,IONR,0,0,0,2,1,2,2,False,3
us,IONS,1,0,0,2,1,3,2,False,4
us,IONS.NB,0,0,0,0,0,0,0,False,0
us,IOR,1,1,0,2,1,4,3,True,5
us,IOR.NB,0,0,0,0,0,0,0,False,0
us,IOSP,1,3,0,2,1,4,3,True,7
us,IOSP.NB,0,0,0,0,0,0,0,False,0
us,IOT,1,3,0,2,1,4,3,True,7
us,IOT.NB,0,0,0,0,0,0,0,False,0
us,IOTR,1,3,0,2,0,3,2,False,6
us,IOTR.NB,0,0,0,0,0,0,0,False,0
us,IOVA,1,3,0,2,1,4,3,True,7
us,IOVA.NB,0,0,0,0,0,0,0,False,0
us,IP,1,3,0,2,1,4,3,True,7
us,IP.NB,0,0,0,0,0,0,0,False,0
us,IPAR,1,3,0,2,1,4,3,True,7
us,IPAR.NB,0,0,0,0,0,0,0,False,0
us,IPCX,1,0,0,2,0,2,1,False,3
us,IPCX.NB,0,0,0,0,0,0,0,False,0
us,IPCXR,0,2,0,2,0,2,2,False,4
us,IPCXU,0,2,0,2,0,2,2,False,4
us,IPDN,1,3,0,2,1,4,3,True,7
us,IPDN.NB,0,0,0,0,0,0,0,False,0
us,IPEX,1,0,0,2,0,2,1,False,3
us,IPEX.NB,0,0,0,0,0,0,0,False,0
us,IPEXR,0,2,0,2,0,2,2,False,4
us,IPEXU,0,2,0,2,0,2,2,False,4
us,IPFX,0,0,0,0,0,0,0,False,0
us,IPFXW,0,0,0,0,0,0,0,False,0
us,IPG,1,0,0,2,1,3,2,False,4
us,IPG.NB,0,0,0,0,0,0,0,False,0
us,IPGP,1,3,0,2,1,4,3,True,7
us,IPGP.NB,0,0,0,0,0,0,0,False,0
us,IPHA,1,2,0,2,1,4,3,True,6
us,IPHA.NB,0,0,0,0,0,0,0,False,0
us,IPI,1,3,0,2,1,4,3,True,7
us,IPI.NB,0,0,0,0,0,0,0,False,0
us,IPM,1,3,0,2,1,4,3,True,7
us,IPM.NB,0,0,0,0,0,0,0,False,0
us,IPO-AMAE,0,0,0,0,0,0,0,False,0
us,IPO-BANO,0,0,0,0,0,0,0,False,0
us,IPO-BLAK,0,0,0,0,0,0,0,False,0
us,IPO-BLUT,0,0,0,0,0,0,0,False,0
us,IPO-CANI,1,0,0,0,0,1,0,False,1
us,IPO-CANI.NB,0,0,0,0,0,0,0,False,0
us,IPO-CARI,0,0,0,0,0,0,0,False,0
us,IPO-CARO,0,0,0,0,0,0,0,False,0
us,IPO-CHIO,0,0,0,0,0,0,0,False,0
us,IPO-CONU,0,0,0,0,0,0,0,False,0
us,IPO-EIRB,1,0,0,0,0,1,0,False,1
us,IPO-EIRB.NB,0,0,0,0,0,0,0,False,0
us,IPO-FORS,0,0,0,0,0,0,0,False,0
us,IPO-GLOL,0,0,0,0,0,0,0,False,0
us,IPO-GRAV,0,0,0,0,0,0,0,False,0
us,IPO-GRER,0,0,0,0,0,0,0,False,0
us,IPO-HOTE,0,0,0,0,0,0,0,False,0
us,IPO-INNU,0,0,0,0,0,0,0,False,0
us,IPO-ISHA,0,0,0,0,0,0,0,False,0
us,IPO-JAJI,0,0,0,0,0,0,0,False,0
us,IPO-JATT,0,0,0,0,0,0,0,False,0
us,IPO-JUNE,0,0,0,0,0,0,0,False,0
us,IPO-LATA,0,0,0,0,0,0,0,False,0
us,IPO-LINX,0,0,0,0,0,0,0,False,0
us,IPO-LOHA,0,0,0,0,0,0,0,False,0
us,IPO-LOND,0,0,0,0,0,0,0,False,0
us,IPO-LOTU,0,0,0,0,0,0,0,False,0
us,IPO-LUCK,0,0,0,0,0,0,0,False,0
us,IPO-LYCH,0,0,0,0,0,0,0,False,0
us,IPO-MERA,1,0,0,0,0,1,0,False,1
us,IPO-MERA.NB,0,0,0,0,0,0,0,False,0
us,IPO-NAPL,1,0,0,0,0,1,0,False,1
us,IPO-NAPL.NB,0,0,0,0,0,0,0,False,0
us,IPO-PAFM,0,0,0,0,0,0,0,False,0
us,IPO-POKE,0,0,0,0,0,0,0,False,0
us,IPO-PTTO,0,0,0,0,0,0,0,False,0
us,IPO-PYMT,0,0,0,0,0,0,0,False,0
us,IPO-RANM,1,0,0,0,0,1,0,False,1
us,IPO-RANM.NB,0,0,0,0,0,0,0,False,0
us,IPO-REDI,0,0,0,0,0,0,0,False,0
us,IPO-REVE,0,0,0,0,0,0,0,False,0
us,IPO-SEAO,0,0,0,0,0,0,0,False,0
us,IPO-SIXE,0,0,0,0,0,0,0,False,0
us,IPO-SIXT,0,0,0,0,0,0,0,False,0
us,IPO-STAN,0,0,0,0,0,0,0,False,0
us,IPO-STTE,0,0,0,0,0,0,0,False,0
us,IPO-STUE,0,0,0,0,0,0,0,False,0
us,IPO-SURA,0,0,0,0,0,0,0,False,0
us,IPO-ULTE,0,0,0,0,0,0,0,False,0
us,IPO-ULTR,0,0,0,0,0,0,0,False,0
us,IPO-VALK,0,0,0,0,0,0,0,False,0
us,IPO-VALY,0,0,0,0,0,0,0,False,0
us,IPO-WHIT,0,0,0,0,0,0,0,False,0
us,IPO-WORL,0,0,0,0,0,0,0,False,0
us,IPO-YBZN,0,0,0,0,0,0,0,False,0
us,IPO-YUKI,0,0,0,0,0,0,0,False,0
us,IPO-ZERO,0,0,0,0,0,0,0,False,0
us,IPOD,0,0,0,2,0,1,1,False,2
us,IPODU,0,2,0,2,0,2,2,False,4
us,IPODW,0,2,0,2,0,2,2,False,4
us,IPSC,1,3,0,2,1,4,3,True,7
us,IPSC.NB,0,0,0,0,0,0,0,False,0
us,IPST,1,3,0,2,0,3,2,False,6
us,IPST.NB,0,0,0,0,0,0,0,False,0
us,IPVF.NB,0,0,0,0,0,0,0,False,0
us,IPVV,0,1,0,0,0,1,1,False,1
us,IPVVU,0,0,0,0,0,0,0,False,0
us,IPW,1,0,0,2,1,3,2,False,4
us,IPW.NB,0,0,0,0,0,0,0,False,0
us,IPWR,1,3,0,2,1,4,3,True,7
us,IPWR.NB,0,0,0,0,0,0,0,False,0
us,IPX,1,0,0,2,1,3,2,False,4
us,IPX.NB,0,0,0,0,0,0,0,False,0
us,IQ,1,3,0,2,1,4,3,True,7
us,IQ.NB,0,0,0,0,0,0,0,False,0
us,IQMX,1,0,0,2,0,2,1,False,3
us,IQMX.NB,0,0,0,0,0,0,0,False,0
us,IQST,1,3,0,2,1,4,3,True,7
us,IQST.NB,0,0,0,0,0,0,0,False,0
us,IQV,1,3,0,2,1,4,3,True,7
us,IQV.NB,0,0,0,0,0,0,0,False,0
us,IR,1,3,0,2,1,4,3,True,7
us,IR.NB,0,0,0,0,0,0,0,False,0
us,IRAA,0,0,0,2,1,2,2,False,3
us,IRAB,0,1,0,0,0,1,1,False,1
us,IRAB_T,0,1,0,0,0,1,1,False,1
us,IRAB_U,1,1,0,0,0,2,1,False,2
us,IRAB_U.NB,0,0,0,0,0,0,0,False,0
us,IRBT,1,0,0,2,1,3,2,False,4
us,IRBT.NB,0,0,0,0,0,0,0,False,0
us,IRD,1,3,0,2,1,4,3,True,7
us,IRD.NB,0,0,0,0,0,0,0,False,0
us,IRDM,1,0,0,2,1,3,2,False,4
us,IRDM.NB,0,0,0,0,0,0,0,False,0
us,IRDMB,0,0,0,0,0,0,0,False,0
us,IREN,1,0,0,2,1,3,2,False,4
us,IREN.NB,0,0,0,0,0,0,0,False,0
us,IRET_P,0,0,0,0,0,0,0,False,0
us,IRET_PB,0,0,0,0,0,0,0,False,0
us,IRHO,1,0,0,0,0,1,0,False,1
us,IRHO.NB,0,0,0,0,0,0,0,False,0
us,IRHOR,0,0,0,0,0,0,0,False,0
us,IRHOU,0,0,0,0,0,0,0,False,0
us,IRIX,1,2,0,2,1,4,3,True,6
us,IRIX.NB,0,0,0,0,0,0,0,False,0
us,IRM,1,2,0,2,1,4,3,True,6
us,IRM.NB,0,0,0,0,0,0,0,False,0
us,IRMD,1,3,0,2,1,4,3,True,7
us,IRMD.NB,0,0,0,0,0,0,0,False,0
us,IRON,1,2,0,2,1,4,3,True,6
us,IRON.NB,0,0,0,0,0,0,0,False,0
us,IROQ,0,0,0,2,1,2,2,False,3
us,IROQ.NB,0,0,0,0,0,0,0,False,0
us,IRS,1,0,0,2,1,3,2,False,4
us,IRS.NB,0,0,0,0,0,0,0,False,0
us,IRS_T,0,0,0,2,1,2,2,False,3
us,IRT,1,2,0,2,1,4,3,True,6
us,IRT.NB,0,0,0,0,0,0,0,False,0
us,IRTC,1,3,0,2,1,4,3,True,7
us,IRTC.NB,0,0,0,0,0,0,0,False,0
us,IRWD,1,2,0,2,1,4,3,True,6
us,IRWD.NB,0,0,0,0,0,0,0,False,0
us,ISBA,0,3,0,2,1,3,3,True,6
us,ISBA.NB,0,0,0,0,0,0,0,False,0
us,ISEE.NB,0,0,0,0,0,0,0,False,0
us,ISM,0,0,0,0,0,0,0,False,0
us,ISOU,1,2,0,2,1,4,3,True,6
us,ISOU.NB,0,0,0,0,0,0,0,False,0
us,ISPC,1,3,0,2,1,4,3,True,7
us,ISPC.NB,0,0,0,0,0,0,0,False,0
us,ISPO,1,0,0,2,1,3,2,False,4
us,ISPO.NB,0,0,0,0,0,0,0,False,0
us,ISPR,1,2,0,2,0,3,2,False,5
us,ISPR.NB,0,0,0,0,0,0,0,False,0
us,ISRG,1,0,0,2,1,3,2,False,4
us,ISRG.NB,0,0,0,0,0,0,0,False,0
us,ISRL,1,1,0,2,1,4,3,True,5
us,ISRL.NB,0,0,0,0,0,0,0,False,0
us,ISSC,1,0,0,2,1,3,2,False,4
us,ISSC.NB,0,0,0,0,0,0,0,False,0
us,ISTR,0,3,0,2,1,3,3,True,6
us,ISTR.NB,0,0,0,0,0,0,0,False,0
us,ISUN.NB,0,0,0,0,0,0,0,False,0
us,IT,1,3,0,2,1,4,3,True,7
us,IT.NB,0,0,0,0,0,0,0,False,0
us,ITCI,1,0,0,2,1,3,2,False,4
us,ITCI.NB,0,0,0,0,0,0,0,False,0
us,ITG,0,0,0,0,0,0,0,False,0
us,ITGR,1,3,0,2,1,4,3,True,7
us,ITGR.NB,0,0,0,0,0,0,0,False,0
us,ITHA,1,1,0,1,0,3,2,False,3
us,ITHA.NB,0,0,0,0,0,0,0,False,0
us,ITHAU,0,0,0,1,0,1,1,False,1
us,ITHAW,0,0,0,0,0,0,0,False,0
us,ITI,1,0,0,2,1,3,2,False,4
us,ITI.NB,0,0,0,0,0,0,0,False,0
us,ITIC,1,3,0,2,1,4,3,True,7
us,ITIC.NB,0,0,0,0,0,0,0,False,0
us,ITOC,1,3,0,2,0,3,2,False,6
us,ITOC.NB,0,0,0,0,0,0,0,False,0
us,ITOS,1,0,0,2,1,3,2,False,4
us,ITOS.NB,0,0,0,0,0,0,0,False,0
us,ITP,1,0,0,2,1,3,2,False,4
us,ITP.NB,0,0,0,0,0,0,0,False,0
us,ITRG,1,3,0,2,1,4,3,True,7
us,ITRG.NB,0,0,0,0,0,0,0,False,0
us,ITRI,1,3,0,2,1,4,3,True,7
us,ITRI.NB,0,0,0,0,0,0,0,False,0
us,ITRM,1,0,0,2,1,3,2,False,4
us,ITRM.NB,0,0,0,0,0,0,0,False,0
us,ITRN,1,3,0,2,1,4,3,True,7
us,ITRN.NB,0,0,0,0,0,0,0,False,0
us,ITT,1,3,0,2,1,4,3,True,7
us,ITT.NB,0,0,0,0,0,0,0,False,0
us,ITUB,0,3,0,2,1,3,3,True,6
us,ITUB.NB,0,0,0,0,0,0,0,False,0
us,ITW,1,3,0,2,1,4,3,True,7
us,ITW.NB,0,0,0,0,0,0,0,False,0
us,IVA,1,2,0,2,1,4,3,True,6
us,IVA.NB,0,0,0,0,0,0,0,False,0
us,IVAC,1,0,0,2,1,3,2,False,4
us,IVAC.NB,0,0,0,0,0,0,0,False,0
us,IVC.NB,0,0,0,0,0,0,0,False,0
us,IVCA,1,0,0,2,0,2,1,False,3
us,IVCA.NB,0,0,0,0,0,0,0,False,0
us,IVCB,1,0,0,2,1,3,2,False,4
us,IVCB.NB,0,0,0,0,0,0,0,False,0
us,IVDA,1,3,0,2,1,4,3,True,7
us,IVDA.NB,0,0,0,0,0,0,0,False,0
us,IVF,1,3,0,2,1,4,3,True,7
us,IVF.NB,0,0,0,0,0,0,0,False,0
us,IVP,1,0,0,2,0,2,1,False,3
us,IVP.NB,0,0,0,0,0,0,0,False,0
us,IVR,1,3,0,2,1,4,3,True,7
us,IVR.NB,0,0,0,0,0,0,0,False,0
us,IVR_PA,0,3,0,0,0,1,1,False,3
us,IVR_PB,1,3,0,2,1,4,3,True,7
us,IVR_PB.NB,0,0,0,0,0,0,0,False,0
us,IVR_PC,1,3,0,2,1,4,3,True,7
us,IVR_PC.NB,0,0,0,0,0,0,0,False,0
us,IVT,1,3,0,2,1,4,3,True,7
us,IVT.NB,0,0,0,0,0,0,0,False,0
us,IVVD,1,3,0,2,1,4,3,True,7
us,IVVD.NB,0,0,0,0,0,0,0,False,0
us,IVZ,1,3,0,2,1,4,3,True,7
us,IVZ.NB,0,0,0,0,0,0,0,False,0
us,IWDL,0,0,0,2,1,2,2,False,3
us,IWFL,0,0,0,2,1,2,2,False,3
us,IWML,0,0,0,2,1,2,2,False,3
us,IX,1,3,0,2,1,4,3,True,7
us,IX.NB,0,0,0,0,0,0,0,False,0
us,IXAQ,1,0,0,2,1,3,2,False,4
us,IXAQ.NB,0,0,0,0,0,0,0,False,0
us,IXHL,1,0,0,2,1,3,2,False,4
us,IXHL.NB,0,0,0,0,0,0,0,False,0
us,IZEA,1,3,0,2,1,4,3,True,7
us,IZEA.NB,0,0,0,0,0,0,0,False,0
us,IZM,1,3,0,2,1,4,3,True,7
us,IZM.NB,0,0,0,0,0,0,0,False,0
us,J,1,0,0,2,1,3,2,False,4
us,J.NB,0,0,0,0,0,0,0,False,0
us,JACK,1,0,0,2,1,3,2,False,4
us,JACK.NB,0,0,0,0,0,0,0,False,0
us,JACS,1,0,0,2,0,2,1,False,3
us,JACS.NB,0,0,0,0,0,0,0,False,0
us,JACS_R,0,2,0,2,0,2,2,False,4
us,JACS_U,0,2,0,2,0,2,2,False,4
us,JAGU,1,2,0,0,0,2,1,False,3
us,JAGU.NB,0,0,0,0,0,0,0,False,0
us,JAGX,1,2,0,2,1,4,3,True,6
us,JAGX.NB,0,0,0,0,0,0,0,False,0
us,JAKK,1,3,0,2,1,4,3,True,7
us,JAKK.NB,0,0,0,0,0,0,0,False,0
us,JAMF,1,0,0,2,1,3,2,False,4
us,JAMF.NB,0,0,0,0,0,0,0,False,0
us,JAN,0,1,0,0,0,1,1,False,1
us,JANX,1,3,0,2,1,4,3,True,7
us,JANX.NB,0,0,0,0,0,0,0,False,0
us,JAQC.NB,0,0,0,0,0,0,0,False,0
us,JATT,1,0,0,0,0,1,0,False,1
us,JATT.NB,0,0,0,0,0,0,0,False,0
us,JAZZ,1,3,0,2,1,4,3,True,7
us,JAZZ.NB,0,0,0,0,0,0,0,False,0
us,JBDI,1,1,0,2,0,3,2,False,4
us,JBDI.NB,0,0,0,0,0,0,0,False,0
us,JBGS,1,3,0,2,1,4,3,True,7
us,JBGS.NB,0,0,0,0,0,0,0,False,0
us,JBHT,1,1,0,2,1,4,3,True,5
us,JBHT.NB,0,0,0,0,0,0,0,False,0
us,JBI,1,3,0,2,1,4,3,True,7
us,JBI.NB,0,0,0,0,0,0,0,False,0
us,JBIO,1,2,0,2,1,4,3,True,6
us,JBIO.NB,0,0,0,0,0,0,0,False,0
us,JBL,1,0,0,2,1,3,2,False,4
us,JBL.NB,0,0,0,0,0,0,0,False,0
us,JBLU,1,3,0,2,1,4,3,True,7
us,JBLU.NB,0,0,0,0,0,0,0,False,0
us,JBS,1,3,0,2,0,3,2,False,6
us,JBS.NB,0,0,0,0,0,0,0,False,0
us,JBSS,1,0,0,2,1,3,2,False,4
us,JBSS.NB,0,0,0,0,0,0,0,False,0
us,JBTM,1,3,0,2,1,4,3,True,7
us,JBTM.NB,0,0,0,0,0,0,0,False,0
us,JCAP,1,3,0,2,0,3,2,False,6
us,JCAP.NB,0,0,0,0,0,0,0,False,0
us,JCB,0,0,0,0,0,0,0,False,0
us,JCI,1,0,0,2,1,3,2,False,4
us,JCI.NB,0,0,0,0,0,0,0,False,0
us,JCSE,1,3,0,2,1,4,3,True,7
us,JCSE.NB,0,0,0,0,0,0,0,False,0
us,JCTC,1,0,0,2,1,3,2,False,4
us,JCTC.NB,0,0,0,0,0,0,0,False,0
us,JCY,0,0,0,0,0,0,0,False,0
us,JD,1,3,0,2,1,4,3,True,7
us,JD.NB,0,0,0,0,0,0,0,False,0
us,JDZG,1,3,0,2,0,3,2,False,6
us,JDZG.NB,0,0,0,0,0,0,0,False,0
us,JEF,1,1,0,2,1,4,3,True,5
us,JEF.NB,0,0,0,0,0,0,0,False,0
us,JELD,1,3,0,2,1,4,3,True,7
us,JELD.NB,0,0,0,0,0,0,0,False,0
us,JEM,1,3,0,2,0,3,2,False,6
us,JEM.NB,0,0,0,0,0,0,0,False,0
us,JENA,1,0,0,2,0,2,1,False,3
us,JENA.NB,0,0,0,0,0,0,0,False,0
us,JENA_R,0,2,0,1,0,2,2,False,3
us,JENA_U,0,2,0,2,0,2,2,False,4
us,JETD,0,3,0,2,0,2,2,False,5
us,JETU,0,3,0,2,0,2,2,False,5
us,JEWL,0,0,0,2,0,1,1,False,2
us,JF,1,3,0,2,1,4,3,True,7
us,JF.NB,0,0,0,0,0,0,0,False,0
us,JFB,1,3,0,2,0,3,2,False,6
us,JFB.NB,0,0,0,0,0,0,0,False,0
us,JFBRW,0,3,0,2,1,3,3,True,6
us,JFIN,1,3,0,2,1,4,3,True,7
us,JFIN.NB,0,0,0,0,0,0,0,False,0
us,JFU,1,3,0,2,1,4,3,True,7
us,JFU.NB,0,0,0,0,0,0,0,False,0
us,JFY,0,0,0,0,0,0,0,False,0
us,JG,1,3,0,2,1,4,3,True,7
us,JG.NB,0,0,0,0,0,0,0,False,0
us,JHG,1,3,0,2,1,4,3,True,7
us,JHG.NB,0,0,0,0,0,0,0,False,0
us,JHKC,0,0,0,0,0,0,0,False,0
us,JHX,1,3,0,2,1,4,3,True,7
us,JHX.NB,0,0,0,0,0,0,0,False,0
us,JHY,0,0,0,0,0,0,0,False,0
us,JIE,0,0,0,0,0,0,0,False,0
us,JILL,1,3,0,2,1,4,3,True,7
us,JILL.NB,0,0,0,0,0,0,0,False,0
us,JJSF,1,0,0,2,1,3,2,False,4
us,JJSF.NB,0,0,0,0,0,0,0,False,0
us,JKHY,1,0,0,2,1,3,2,False,4
us,JKHY.NB,0,0,0,0,0,0,0,False,0
us,JKS,1,3,0,2,1,4,3,True,7
us,JKS.NB,0,0,0,0,0,0,0,False,0
us,JL,1,0,0,2,0,2,1,False,3
us,JL.NB,0,0,0,0,0,0,0,False,0
us,JLCN,0,0,0,0,0,0,0,False,0
us,JLHL,1,3,0,2,0,3,2,False,6
us,JLHL.NB,0,0,0,0,0,0,0,False,0
us,JLJT,0,0,0,0,0,0,0,False,0
us,JLL,1,3,0,2,1,4,3,True,7
us,JLL.NB,0,0,0,0,0,0,0,False,0
us,JMG,1,1,0,1,0,3,2,False,3
us,JMG.NB,0,0,0,0,0,0,0,False,0
us,JMIA,1,3,0,2,1,4,3,True,7
us,JMIA.NB,0,0,0,0,0,0,0,False,0
us,JMSB,0,2,0,2,1,3,3,True,5
us,JMSB.NB,0,0,0,0,0,0,0,False,0
us,JNJ,1,1,0,2,1,4,3,True,5
us,JNJ.NB,0,0,0,0,0,0,0,False,0
us,JNPR,1,0,0,2,1,3,2,False,4
us,JNPR.NB,0,0,0,0,0,0,0,False,0
us,JOB,1,0,0,2,1,3,2,False,4
us,JOB.NB,0,0,0,0,0,0,0,False,0
us,JOBY,1,0,0,2,1,3,2,False,4
us,JOBY.NB,0,0,0,0,0,0,0,False,0
us,JOBY_T,0,3,0,2,1,3,3,True,6
us,JOE,1,0,0,2,1,3,2,False,4
us,JOE.NB,0,0,0,0,0,0,0,False,0
us,JOUT,1,0,0,2,1,3,2,False,4
us,JOUT.NB,0,0,0,0,0,0,0,False,0
us,JOYY,1,3,0,2,1,4,3,True,7
us,JOYY.NB,0,0,0,0,0,0,0,False,0
us,JPM,0,0,0,2,1,2,2,False,3
us,JPM.NB,0,0,0,0,0,0,0,False,0
us,JPM_PA,0,0,0,0,0,0,0,False,0
us,JPM_PA.NB,0,0,0,0,0,0,0,False,0
us,JPM_PB,0,0,0,0,0,0,0,False,0
us,JPM_PC,0,0,0,2,1,2,2,False,3
us,JPM_PC.NB,0,0,0,0,0,0,0,False,0
us,JPM_PD,0,0,0,2,1,2,2,False,3
us,JPM_PD.NB,0,0,0,0,0,0,0,False,0
us,JPM_PE,0,0,0,0,0,0,0,False,0
us,JPM_PF,0,0,0,0,0,0,0,False,0
us,JPM_PG,0,0,0,0,0,0,0,False,0
us,JPM_PH,0,0,0,0,0,0,0,False,0
us,JPM_PH.NB,0,0,0,0,0,0,0,False,0
us,JPM_PJ,0,0,0,2,1,2,2,False,3
us,JPM_PK,0,0,0,2,1,2,2,False,3
us,JPM_PL,0,0,0,2,1,2,2,False,3
us,JPM_PM,0,0,0,2,1,2,2,False,3
us,JRI_R_W,0,0,0,0,0,0,0,False,0
us,JRSH,1,3,0,2,1,4,3,True,7
us,JRSH.NB,0,0,0,0,0,0,0,False,0
us,JRVR,1,3,0,2,1,4,3,True,7
us,JRVR.NB,0,0,0,0,0,0,0,False,0
us,JRWP,0,0,0,0,0,0,0,False,0
us,JSKJ,0,0,0,0,0,0,0,False,0
us,JSM,1,0,0,2,1,3,2,False,4
us,JSM.NB,0,0,0,0,0,0,0,False,0
us,JSPR,1,0,0,2,1,3,2,False,4
us,JSPR.NB,0,0,0,0,0,0,0,False,0
us,JSPRW,0,2,0,2,1,3,3,True,5
us,JTAI,1,3,0,2,1,4,3,True,7
us,JTAI.NB,0,0,0,0,0,0,0,False,0
us,JUNS,1,2,0,2,0,3,2,False,5
us,JUNS.NB,0,0,0,0,0,0,0,False,0
us,JVA,1,0,0,2,1,3,2,False,4
us,JVA.NB,0,0,0,0,0,0,0,False,0
us,JVSA,1,0,0,2,0,2,1,False,3
us,JVSA.NB,0,0,0,0,0,0,0,False,0
us,JW,0,0,0,0,0,0,0,False,0
us,JWEL,1,3,0,2,1,4,3,True,7
us,JWEL.NB,0,0,0,0,0,0,0,False,0
us,JWN,1,0,0,0,0,1,0,False,1
us,JWN.NB,0,0,0,0,0,0,0,False,0
us,JWSM,1,0,0,1,1,3,2,False,3
us,JWSM.NB,0,0,0,0,0,0,0,False,0
us,JXG,1,3,0,2,1,4,3,True,7
us,JXG.NB,0,0,0,0,0,0,0,False,0
us,JXN,1,3,0,2,1,4,3,True,7
us,JXN.NB,0,0,0,0,0,0,0,False,0
us,JXN_PA,0,3,0,2,1,3,3,True,6
us,JYD,1,3,0,2,0,3,2,False,6
us,JYD.NB,0,0,0,0,0,0,0,False,0
us,JYNT,1,3,0,2,1,4,3,True,7
us,JYNT.NB,0,0,0,0,0,0,0,False,0
us,JZ,1,3,0,2,1,4,3,True,7
us,JZ.NB,0,0,0,0,0,0,0,False,0
us,JZXN,1,3,0,2,1,4,3,True,7
us,JZXN.NB,0,0,0,0,0,0,0,False,0
us,J_W,0,0,0,0,0,0,0,False,0
us,K,1,0,0,2,1,3,2,False,4
us,K.NB,0,0,0,0,0,0,0,False,0
us,KA,0,0,0,2,1,2,2,False,3
us,KACL,0,0,0,2,1,2,2,False,3
us,KAI,1,3,0,2,1,4,3,True,7
us,KAI.NB,0,0,0,0,0,0,0,False,0
us,KALA,1,2,0,2,1,4,3,True,6
us,KALA.NB,0,0,0,0,0,0,0,False,0
us,KALU,1,0,0,2,1,3,2,False,4
us,KALU.NB,0,0,0,0,0,0,0,False,0
us,KALV,1,1,0,2,1,4,3,True,5
us,KALV.NB,0,0,0,0,0,0,0,False,0
us,KAMN.NB,0,0,0,0,0,0,0,False,0
us,KAPA,1,3,0,2,0,3,2,False,6
us,KAPA.NB,0,0,0,0,0,0,0,False,0
us,KARD,0,0,0,0,0,0,0,False,0
us,KARO,1,3,0,2,1,4,3,True,7
us,KARO.NB,0,0,0,0,0,0,0,False,0
us,KAVL,1,0,0,2,1,3,2,False,4
us,KAVL.NB,0,0,0,0,0,0,0,False,0
us,KAZR,0,1,0,2,0,2,2,False,3
us,KB,0,3,0,2,1,3,3,True,6
us,KB.NB,0,0,0,0,0,0,0,False,0
us,KBAL.NB,0,0,0,0,0,0,0,False,0
us,KBDC,1,3,0,2,0,3,2,False,6
us,KBDC.NB,0,0,0,0,0,0,0,False,0
us,KBH,1,1,0,2,1,4,3,True,5
us,KBH.NB,0,0,0,0,0,0,0,False,0
us,KBNT.NB,0,0,0,0,0,0,0,False,0
us,KBON,0,1,0,1,0,2,2,False,2
us,KBONU,0,0,0,1,0,1,1,False,1
us,KBONW,0,0,0,0,0,0,0,False,0
us,KBR,1,3,0,2,1,4,3,True,7
us,KBR.NB,0,0,0,0,0,0,0,False,0
us,KBSX,1,0,0,2,1,3,2,False,4
us,KBSX.NB,0,0,0,0,0,0,0,False,0
us,KC,1,2,0,2,1,4,3,True,6
us,KC.NB,0,0,0,0,0,0,0,False,0
us,KCAC_T,0,1,0,0,0,1,1,False,1
us,KCA_U,0,1,0,0,0,1,1,False,1
us,KCG,0,0,0,0,0,0,0,False,0
us,KCGI,1,0,0,2,0,2,1,False,3
us,KCGI.NB,0,0,0,0,0,0,0,False,0
us,KCHV,1,0,0,2,0,2,1,False,3
us,KCHV.NB,0,0,0,0,0,0,0,False,0
us,KCHVR,0,2,0,1,0,2,2,False,3
us,KCHVU,0,2,0,2,0,2,2,False,4
us,KD,1,3,0,2,1,4,3,True,7
us,KD.NB,0,0,0,0,0,0,0,False,0
us,KDK,1,0,0,2,0,2,1,False,3
us,KDK.NB,0,0,0,0,0,0,0,False,0
us,KDKRW,0,1,0,2,0,2,2,False,3
us,KDP,1,0,0,2,1,3,2,False,4
us,KDP.NB,0,0,0,0,0,0,0,False,0
us,KE,1,0,0,2,1,3,2,False,4
us,KE.NB,0,0,0,0,0,0,0,False,0
us,KEEL.NB,0,0,0,0,0,0,0,False,0
us,KELYA,1,3,0,2,1,4,3,True,7
us,KELYA.NB,0,0,0,0,0,0,0,False,0
us,KELYB,1,3,0,2,1,4,3,True,7
us,KELYB.NB,0,0,0,0,0,0,0,False,0
us,KEN,1,3,0,2,1,4,3,True,7
us,KEN.NB,0,0,0,0,0,0,0,False,0
us,KEP,1,3,0,2,1,4,3,True,7
us,KEP.NB,0,0,0,0,0,0,0,False,0
us,KEQU,1,3,0,2,1,4,3,True,7
us,KEQU.NB,0,0,0,0,0,0,0,False,0
us,KEX,1,3,0,2,1,4,3,True,7
us,KEX.NB,0,0,0,0,0,0,0,False,0
us,KEY,0,0,0,2,1,2,2,False,3
us,KEY.NB,0,0,0,0,0,0,0,False,0
us,KEYS,1,0,0,2,1,3,2,False,4
us,KEYS.NB,0,0,0,0,0,0,0,False,0
us,KEYY,0,0,0,0,0,0,0,False,0
us,KEY_PG,0,0,0,0,0,0,0,False,0
us,KEY_PH,0,0,0,0,0,0,0,False,0
us,KEY_PI,0,0,0,2,1,2,2,False,3
us,KEY_PI.NB,0,0,0,0,0,0,0,False,0
us,KEY_PJ,0,0,0,2,1,2,2,False,3
us,KEY_PJ.NB,0,0,0,0,0,0,0,False,0
us,KEY_PK,0,0,0,2,1,2,2,False,3
us,KEY_PK.NB,0,0,0,0,0,0,0,False,0
us,KEY_PL,0,0,0,2,1,2,2,False,3
us,KFDE,0,0,0,0,0,0,0,False,0
us,KFFB,0,0,0,2,1,2,2,False,3
us,KFFB.NB,0,0,0,0,0,0,0,False,0
us,KFII,1,0,0,2,0,2,1,False,3
us,KFII.NB,0,0,0,0,0,0,0,False,0
us,KFIIR,0,2,0,2,0,2,2,False,4
us,KFIIU,0,2,0,2,0,2,2,False,4
us,KFRC,1,1,0,2,1,4,3,True,5
us,KFRC.NB,0,0,0,0,0,0,0,False,0
us,KFS,1,3,0,2,1,4,3,True,7
us,KFS.NB,0,0,0,0,0,0,0,False,0
us,KFY,1,3,0,2,1,4,3,True,7
us,KFY.NB,0,0,0,0,0,0,0,False,0
us,KG,1,3,0,2,1,4,3,True,7
us,KG.NB,0,0,0,0,0,0,0,False,0
us,KGC,1,3,0,2,1,4,3,True,7
us,KGC.NB,0,0,0,0,0,0,0,False,0
us,KGEI,1,3,0,2,1,4,3,True,7
us,KGEI.NB,0,0,0,0,0,0,0,False,0
us,KGS,1,3,0,2,0,3,2,False,6
us,KGS.NB,0,0,0,0,0,0,0,False,0
us,KHC,1,3,0,2,1,4,3,True,7
us,KHC.NB,0,0,0,0,0,0,0,False,0
us,KHIW,1,0,0,0,0,1,0,False,1
us,KHIW.NB,0,0,0,0,0,0,0,False,0
us,KIDS,1,3,0,2,1,4,3,True,7
us,KIDS.NB,0,0,0,0,0,0,0,False,0
us,KIDZ,1,0,0,2,1,3,2,False,4
us,KIDZ.NB,0,0,0,0,0,0,0,False,0
us,KIDZW,0,0,0,2,1,2,2,False,3
us,KIM,1,3,0,2,1,4,3,True,7
us,KIM.NB,0,0,0,0,0,0,0,False,0
us,KIM_PJ.NB,0,0,0,0,0,0,0,False,0
us,KIM_PL,1,3,0,2,1,4,3,True,7
us,KIM_PL.NB,0,0,0,0,0,0,0,False,0
us,KIM_PM,1,3,0,2,1,4,3,True,7
us,KIM_PM.NB,0,0,0,0,0,0,0,False,0
us,KIM_PN,0,3,0,2,1,3,3,True,6
us,KINS,1,3,0,2,1,4,3,True,7
us,KINS.NB,0,0,0,0,0,0,0,False,0
us,KITT,1,0,0,2,1,3,2,False,4
us,KITT.NB,0,0,0,0,0,0,0,False,0
us,KITTW,0,3,0,2,1,3,3,True,6
us,KKR,1,0,0,2,1,3,2,False,4
us,KKR.NB,0,0,0,0,0,0,0,False,0
us,KKRT,0,3,0,2,0,2,2,False,5
us,KKR_PC,1,0,0,0,0,1,0,False,1
us,KKR_PC.NB,0,0,0,0,0,0,0,False,0
us,KKR_PD,1,3,0,2,0,3,2,False,6
us,KKR_PD.NB,0,0,0,0,0,0,0,False,0
us,KLAC,1,0,0,2,1,3,2,False,4
us,KLAC.NB,0,0,0,0,0,0,0,False,0
us,KLAR,1,3,0,1,0,3,2,False,5
us,KLAR.NB,0,0,0,0,0,0,0,False,0
us,KLC,1,3,0,2,0,3,2,False,6
us,KLC.NB,0,0,0,0,0,0,0,False,0
us,KLG,0,0,0,2,0,1,1,False,2
us,KLIC,1,2,0,2,1,4,3,True,6
us,KLIC.NB,0,0,0,0,0,0,0,False,0
us,KLK,0,0,0,0,0,0,0,False,0
us,KLR.NB,0,0,0,0,0,0,0,False,0
us,KLRA,0,0,0,0,0,0,0,False,0
us,KLRS,1,2,0,2,1,4,3,True,6
us,KLRS.NB,0,0,0,0,0,0,0,False,0
us,KLTR,1,3,0,2,1,4,3,True,7
us,KLTR.NB,0,0,0,0,0,0,0,False,0
us,KLXE,1,2,0,2,1,4,3,True,6
us,KLXE.NB,0,0,0,0,0,0,0,False,0
us,KMB,1,3,0,2,1,4,3,True,7
us,KMB.NB,0,0,0,0,0,0,0,False,0
us,KMDA,1,3,0,2,1,4,3,True,7
us,KMDA.NB,0,0,0,0,0,0,0,False,0
us,KMI,1,2,0,2,1,4,3,True,6
us,KMI.NB,0,0,0,0,0,0,0,False,0
us,KMI_PA,0,0,0,0,0,0,0,False,0
us,KMPB,0,3,0,2,1,3,3,True,6
us,KMPR,1,0,0,2,1,3,2,False,4
us,KMPR.NB,0,0,0,0,0,0,0,False,0
us,KMRK,1,1,0,2,0,3,2,False,4
us,KMRK.NB,0,0,0,0,0,0,0,False,0
us,KMT,1,0,0,2,1,3,2,False,4
us,KMT.NB,0,0,0,0,0,0,0,False,0
us,KMTS,0,3,0,2,0,2,2,False,5
us,KMX,1,3,0,2,1,4,3,True,7
us,KMX.NB,0,0,0,0,0,0,0,False,0
us,KN,1,0,0,2,1,3,2,False,4
us,KN.NB,0,0,0,0,0,0,0,False,0
us,KNDI,1,3,0,2,1,4,3,True,7
us,KNDI.NB,0,0,0,0,0,0,0,False,0
us,KNF,1,3,0,2,0,3,2,False,6
us,KNF.NB,0,0,0,0,0,0,0,False,0
us,KNRX,1,0,0,1,0,2,1,False,2
us,KNRX.NB,0,0,0,0,0,0,0,False,0
us,KNSA,1,3,0,2,1,4,3,True,7
us,KNSA.NB,0,0,0,0,0,0,0,False,0
us,KNSL,1,0,0,2,1,3,2,False,4
us,KNSL.NB,0,0,0,0,0,0,0,False,0
us,KNTK,1,2,0,2,1,4,3,True,6
us,KNTK.NB,0,0,0,0,0,0,0,False,0
us,KNW,1,2,0,2,1,4,3,True,6
us,KNW.NB,0,0,0,0,0,0,0,False,0
us,KNX,1,0,0,2,1,3,2,False,4
us,KNX.NB,0,0,0,0,0,0,0,False,0
us,KO,1,3,0,2,1,4,3,True,7
us,KO.NB,0,0,0,0,0,0,0,False,0
us,KOD,1,2,0,2,1,4,3,True,6
us,KOD.NB,0,0,0,0,0,0,0,False,0
us,KODK,1,3,0,2,1,4,3,True,7
us,KODK.NB,0,0,0,0,0,0,0,False,0
us,KOEI,0,0,0,0,0,0,0,False,0
us,KOF,1,3,0,2,1,4,3,True,7
us,KOF.NB,0,0,0,0,0,0,0,False,0
us,KOKO,1,0,0,0,0,1,0,False,1
us,KOKO.NB,0,0,0,0,0,0,0,False,0
us,KOP,1,3,0,2,1,4,3,True,7
us,KOP.NB,0,0,0,0,0,0,0,False,0
us,KOPN,1,3,0,2,1,4,3,True,7
us,KOPN.NB,0,0,0,0,0,0,0,False,0
us,KORE,1,2,0,2,1,4,3,True,6
us,KORE.NB,0,0,0,0,0,0,0,False,0
us,KOS,1,3,0,2,1,4,3,True,7
us,KOS.NB,0,0,0,0,0,0,0,False,0
us,KOSS,1,0,0,2,1,3,2,False,4
us,KOSS.NB,0,0,0,0,0,0,0,False,0
us,KOYN,1,0,0,1,0,2,1,False,2
us,KOYN.NB,0,0,0,0,0,0,0,False,0
us,KOYNU,0,2,0,1,0,2,2,False,3
us,KOYNW,0,2,0,1,0,2,2,False,3
us,KPET,0,0,0,0,0,0,0,False,0
us,KPET_T,0,0,0,0,0,0,0,False,0
us,KPLT,1,0,0,2,1,3,2,False,4
us,KPLT.NB,0,0,0,0,0,0,0,False,0
us,KPLTW,0,2,0,2,1,3,3,True,5
us,KPNT,0,0,0,0,0,0,0,False,0
us,KPRX,1,3,0,2,1,4,3,True,7
us,KPRX.NB,0,0,0,0,0,0,0,False,0
us,KPTI,1,2,0,2,1,4,3,True,6
us,KPTI.NB,0,0,0,0,0,0,0,False,0
us,KR,1,3,0,2,1,4,3,True,7
us,KR.NB,0,0,0,0,0,0,0,False,0
us,KRAQ,1,0,0,0,0,1,0,False,1
us,KRAQ.NB,0,0,0,0,0,0,0,False,0
us,KRAQW,0,1,0,0,0,1,1,False,1
us,KRC,1,2,0,2,1,4,3,True,6
us,KRC.NB,0,0,0,0,0,0,0,False,0
us,KRC_PG,0,0,0,0,0,0,0,False,0
us,KRC_PH,0,0,0,0,0,0,0,False,0
us,KREF,1,0,0,2,1,3,2,False,4
us,KREF.NB,0,0,0,0,0,0,0,False,0
us,KREF_PA,0,0,0,2,1,2,2,False,3
us,KRG,1,0,0,2,1,3,2,False,4
us,KRG.NB,0,0,0,0,0,0,0,False,0
us,KRG_PA,0,0,0,0,0,0,0,False,0
us,KRKR,1,3,0,2,1,4,3,True,7
us,KRKR.NB,0,0,0,0,0,0,0,False,0
us,KRMD,1,3,0,2,1,4,3,True,7
us,KRMD.NB,0,0,0,0,0,0,0,False,0
us,KRMN,1,3,0,2,0,3,2,False,6
us,KRMN.NB,0,0,0,0,0,0,0,False,0
us,KRNL,0,0,0,2,1,2,2,False,3
us,KRNT,1,3,0,2,1,4,3,True,7
us,KRNT.NB,0,0,0,0,0,0,0,False,0
us,KRNY,0,3,0,2,1,3,3,True,6
us,KRNY.NB,0,0,0,0,0,0,0,False,0
us,KRO,1,3,0,2,1,4,3,True,7
us,KRO.NB,0,0,0,0,0,0,0,False,0
us,KRON,1,0,0,2,1,3,2,False,4
us,KRON.NB,0,0,0,0,0,0,0,False,0
us,KROS,1,3,0,2,1,4,3,True,7
us,KROS.NB,0,0,0,0,0,0,0,False,0
us,KRRO,1,3,0,2,1,4,3,True,7
us,KRRO.NB,0,0,0,0,0,0,0,False,0
us,KRSP,1,1,0,1,0,3,2,False,3
us,KRSP.NB,0,0,0,0,0,0,0,False,0
us,KRSP_T,0,2,0,1,0,2,2,False,3
us,KRSP_U,0,2,0,1,0,2,2,False,3
us,KRT,1,3,0,2,1,4,3,True,7
us,KRT.NB,0,0,0,0,0,0,0,False,0
us,KRUS,1,0,0,2,1,3,2,False,4
us,KRUS.NB,0,0,0,0,0,0,0,False,0
us,KRYS,1,3,0,2,1,4,3,True,7
us,KRYS.NB,0,0,0,0,0,0,0,False,0
us,KSCP,1,3,0,2,1,4,3,True,7
us,KSCP.NB,0,0,0,0,0,0,0,False,0
us,KSPI,1,3,0,2,1,4,3,True,7
us,KSPI.NB,0,0,0,0,0,0,0,False,0
us,KSS,1,3,0,2,1,4,3,True,7
us,KSS.NB,0,0,0,0,0,0,0,False,0
us,KT,1,3,0,2,1,4,3,True,7
us,KT.NB,0,0,0,0,0,0,0,False,0
us,KTA,1,0,0,0,0,1,0,False,1
us,KTA.NB,0,0,0,0,0,0,0,False,0
us,KTB,1,3,0,2,1,4,3,True,7
us,KTB.NB,0,0,0,0,0,0,0,False,0
us,KTCC,1,0,0,2,1,3,2,False,4
us,KTCC.NB,0,0,0,0,0,0,0,False,0
us,KTH,0,0,0,2,1,2,2,False,3
us,KTN,0,0,0,2,1,2,2,False,3
us,KTOS,1,3,0,2,1,4,3,True,7
us,KTOS.NB,0,0,0,0,0,0,0,False,0
us,KTTA,1,0,0,2,1,3,2,False,4
us,KTTA.NB,0,0,0,0,0,0,0,False,0
us,KTTAW,0,2,0,2,1,3,3,True,5
us,KTWO,0,1,0,0,0,1,1,False,1
us,KTWOR,0,1,0,0,0,1,1,False,1
us,KTWOU,1,1,0,0,0,2,1,False,2
us,KTWOU.NB,0,0,0,0,0,0,0,False,0
us,KUKE,1,3,0,2,1,4,3,True,7
us,KUKE.NB,0,0,0,0,0,0,0,False,0
us,KULR,1,3,0,2,1,4,3,True,7
us,KULR.NB,0,0,0,0,0,0,0,False,0
us,KURA,1,3,0,2,1,4,3,True,7
us,KURA.NB,0,0,0,0,0,0,0,False,0
us,KUST,1,2,0,2,1,4,3,True,6
us,KUST.NB,0,0,0,0,0,0,0,False,0
us,KVAC,1,0,0,2,0,2,1,False,3
us,KVAC.NB,0,0,0,0,0,0,0,False,0
us,KVACU,0,2,0,2,0,2,2,False,4
us,KVACW,0,2,0,2,0,2,2,False,4
us,KVHI,1,3,0,2,1,4,3,True,7
us,KVHI.NB,0,0,0,0,0,0,0,False,0
us,KVUE,1,3,0,2,0,3,2,False,6
us,KVUE.NB,0,0,0,0,0,0,0,False,0
us,KVYO,1,3,0,2,0,3,2,False,6
us,KVYO.NB,0,0,0,0,0,0,0,False,0
us,KW,1,3,0,2,1,4,3,True,7
us,KW.NB,0,0,0,0,0,0,0,False,0
us,KWM,1,1,0,2,1,4,3,True,5
us,KWM.NB,0,0,0,0,0,0,0,False,0
us,KWMWW,0,1,0,2,1,3,3,True,4
us,KWR,1,3,0,2,1,4,3,True,7
us,KWR.NB,0,0,0,0,0,0,0,False,0
us,KWY,1,0,0,2,1,3,2,False,4
us,KWY.NB,0,0,0,0,0,0,0,False,0
us,KXIN,1,3,0,2,1,4,3,True,7
us,KXIN.NB,0,0,0,0,0,0,0,False,0
us,KYIV,1,0,0,2,0,2,1,False,3
us,KYIV.NB,0,0,0,0,0,0,0,False,0
us,KYIVW,0,3,0,2,0,2,2,False,5
us,KYMR,1,3,0,2,1,4,3,True,7
us,KYMR.NB,0,0,0,0,0,0,0,False,0
us,KYNB,1,2,0,2,1,4,3,True,6
us,KYNB.NB,0,0,0,0,0,0,0,False,0
us,KYN_PD,0,0,0,0,0,0,0,False,0
us,KYN_PE,0,0,0,0,0,0,0,False,0
us,KYN_PF,0,0,0,0,0,0,0,False,0
us,KYN_PG,0,0,0,0,0,0,0,False,0
us,KYTX,1,2,0,2,0,3,2,False,5
us,KYTX.NB,0,0,0,0,0,0,0,False,0
us,KZIA,1,0,0,2,1,3,2,False,4
us,KZIA.NB,0,0,0,0,0,0,0,False,0
us,KZR,1,2,0,2,1,4,3,True,6
us,KZR.NB,0,0,0,0,0,0,0,False,0
us,L,1,3,0,2,1,4,3,True,7
us,L.NB,0,0,0,0,0,0,0,False,0
us,LAB,1,3,0,2,1,4,3,True,7
us,LAB.NB,0,0,0,0,0,0,0,False,0
us,LABT,1,2,0,0,0,2,1,False,3
us,LABT.NB,0,0,0,0,0,0,0,False,0
us,LAC,1,2,0,2,0,3,2,False,5
us,LAC.NB,0,0,0,0,0,0,0,False,0
us,LACQ.NB,0,0,0,0,0,0,0,False,0
us,LAD,1,0,0,2,1,3,2,False,4
us,LAD.NB,0,0,0,0,0,0,0,False,0
us,LADR,1,1,0,2,1,4,3,True,5
us,LADR.NB,0,0,0,0,0,0,0,False,0
us,LAES,1,3,0,2,0,3,2,False,6
us,LAES.NB,0,0,0,0,0,0,0,False,0
us,LAFA,1,1,0,1,0,3,2,False,3
us,LAFA.NB,0,0,0,0,0,0,0,False,0
us,LAFAR,0,1,0,1,0,2,2,False,2
us,LAFAU,1,1,0,1,0,3,2,False,3
us,LAFAU.NB,0,0,0,0,0,0,0,False,0
us,LAKE,1,3,0,2,1,4,3,True,7
us,LAKE.NB,0,0,0,0,0,0,0,False,0
us,LAMA,0,0,0,0,0,0,0,False,0
us,LAMR,1,3,0,2,1,4,3,True,7
us,LAMR.NB,0,0,0,0,0,0,0,False,0
us,LAND,1,3,0,2,1,4,3,True,7
us,LAND.NB,0,0,0,0,0,0,0,False,0
us,LANDM,0,0,0,2,1,2,2,False,3
us,LANDO,0,3,0,2,1,3,3,True,6
us,LANDP,1,3,0,2,0,3,2,False,6
us,LANDP.NB,0,0,0,0,0,0,0,False,0
us,LANV,1,2,0,2,1,4,3,True,6
us,LANV.NB,0,0,0,0,0,0,0,False,0
us,LANV_T,0,2,0,2,1,3,3,True,5
us,LAR,1,2,0,2,1,4,3,True,6
us,LAR.NB,0,0,0,0,0,0,0,False,0
us,LARK,1,3,0,2,1,4,3,True,7
us,LARK.NB,0,0,0,0,0,0,0,False,0
us,LASE,1,2,0,2,1,4,3,True,6
us,LASE.NB,0,0,0,0,0,0,0,False,0
us,LASR,1,3,0,2,1,4,3,True,7
us,LASR.NB,0,0,0,0,0,0,0,False,0
us,LATA,1,1,0,1,0,3,2,False,3
us,LATA.NB,0,0,0,0,0,0,0,False,0
us,LATAU,0,0,0,1,0,1,1,False,1
us,LATAW,0,0,0,1,0,1,1,False,1
us,LAUR,1,3,0,2,1,4,3,True,7
us,LAUR.NB,0,0,0,0,0,0,0,False,0
us,LAW,1,3,0,2,1,4,3,True,7
us,LAW.NB,0,0,0,0,0,0,0,False,0
us,LAWR,1,1,0,2,0,3,2,False,4
us,LAWR.NB,0,0,0,0,0,0,0,False,0
us,LAZ,1,3,0,2,1,4,3,True,7
us,LAZ.NB,0,0,0,0,0,0,0,False,0
us,LAZR,1,0,0,2,1,3,2,False,4
us,LAZR.NB,0,0,0,0,0,0,0,False,0
us,LB,1,3,0,2,0,3,2,False,6
us,LB.NB,0,0,0,0,0,0,0,False,0
us,LBDAV,0,0,0,0,0,0,0,False,0
us,LBDKV,0,0,0,0,0,0,0,False,0
us,LBGJ,1,3,0,2,0,3,2,False,6
us,LBGJ.NB,0,0,0,0,0,0,0,False,0
us,LBRDA,1,2,0,2,1,4,3,True,6
us,LBRDA.NB,0,0,0,0,0,0,0,False,0
us,LBRDK,1,2,0,2,1,4,3,True,6
us,LBRDK.NB,0,0,0,0,0,0,0,False,0
us,LBRDP,0,2,0,2,1,3,3,True,5
us,LBRT,1,0,0,2,1,3,2,False,4
us,LBRT.NB,0,0,0,0,0,0,0,False,0
us,LBRX,1,2,0,1,0,3,2,False,4
us,LBRX.NB,0,0,0,0,0,0,0,False,0
us,LBTYA,1,3,0,2,1,4,3,True,7
us,LBTYA.NB,0,0,0,0,0,0,0,False,0
us,LBTYB,1,3,0,2,1,4,3,True,7
us,LBTYB.NB,0,0,0,0,0,0,0,False,0
us,LBTYK,1,3,0,2,1,4,3,True,7
us,LBTYK.NB,0,0,0,0,0,0,0,False,0
us,LBYAV,0,0,0,0,0,0,0,False,0
us,LBYKV,0,0,0,0,0,0,0,False,0
us,LBZZ,0,0,0,0,0,0,0,False,0
us,LC,1,0,0,2,1,3,2,False,4
us,LC.NB,0,0,0,0,0,0,0,False,0
us,LCCC,1,0,0,2,0,2,1,False,3
us,LCCC.NB,0,0,0,0,0,0,0,False,0
us,LCCCR,0,0,0,1,0,1,1,False,1
us,LCCCU,1,0,0,2,0,2,1,False,3
us,LCCCU.NB,0,0,0,0,0,0,0,False,0
us,LCFY,1,3,0,2,1,4,3,True,7
us,LCFY.NB,0,0,0,0,0,0,0,False,0
us,LCFYW,0,3,0,2,1,3,3,True,6
us,LCI.NB,0,0,0,0,0,0,0,False,0
us,LCID,1,3,0,2,1,4,3,True,7
us,LCID.NB,0,0,0,0,0,0,0,False,0
us,LCII,1,3,0,2,1,4,3,True,7
us,LCII.NB,0,0,0,0,0,0,0,False,0
us,LCLN,0,0,0,0,0,0,0,False,0
us,LCNB,1,1,0,2,1,4,3,True,5
us,LCNB.NB,0,0,0,0,0,0,0,False,0
us,LCTX,1,3,0,2,1,4,3,True,7
us,LCTX.NB,0,0,0,0,0,0,0,False,0
us,LCUT,1,3,0,2,1,4,3,True,7
us,LCUT.NB,0,0,0,0,0,0,0,False,0
us,LDI,1,3,0,2,1,4,3,True,7
us,LDI.NB,0,0,0,0,0,0,0,False,0
us,LDOS,1,3,0,2,1,4,3,True,7
us,LDOS.NB,0,0,0,0,0,0,0,False,0
us,LDTC,1,0,0,2,1,3,2,False,4
us,LDTC.NB,0,0,0,0,0,0,0,False,0
us,LDWY,1,3,0,2,1,4,3,True,7
us,LDWY.NB,0,0,0,0,0,0,0,False,0
us,LE,1,3,0,2,1,4,3,True,7
us,LE.NB,0,0,0,0,0,0,0,False,0
us,LEA,1,3,0,2,1,4,3,True,7
us,LEA.NB,0,0,0,0,0,0,0,False,0
us,LECO,1,3,0,2,1,4,3,True,7
us,LECO.NB,0,0,0,0,0,0,0,False,0
us,LEDS,1,1,0,2,1,4,3,True,5
us,LEDS.NB,0,0,0,0,0,0,0,False,0
us,LEE,1,1,0,2,1,4,3,True,5
us,LEE.NB,0,0,0,0,0,0,0,False,0
us,LEG,1,3,0,2,1,4,3,True,7
us,LEG.NB,0,0,0,0,0,0,0,False,0
us,LEGH,1,0,0,2,1,3,2,False,4
us,LEGH.NB,0,0,0,0,0,0,0,False,0
us,LEGN,1,3,0,2,1,4,3,True,7
us,LEGN.NB,0,0,0,0,0,0,0,False,0
us,LEGO,0,1,0,0,0,1,1,False,1
us,LEGO_T,0,0,0,0,0,0,0,False,0
us,LEGO_U,0,0,0,0,0,0,0,False,0
us,LEGT.NB,0,0,0,0,0,0,0,False,0
us,LEGT_T,0,0,0,2,0,1,1,False,2
us,LEGT_U,0,0,0,2,0,1,1,False,2
us,LEN,1,0,0,2,1,3,2,False,4
us,LEN.NB,0,0,0,0,0,0,0,False,0
us,LENB,1,0,0,2,1,3,2,False,4
us,LENB.NB,0,0,0,0,0,0,0,False,0
us,LENZ,1,3,0,2,1,4,3,True,7
us,LENZ.NB,0,0,0,0,0,0,0,False,0
us,LESL,1,0,0,2,1,3,2,False,4
us,LESL.NB,0,0,0,0,0,0,0,False,0
us,LEU,1,3,0,2,1,4,3,True,7
us,LEU.NB,0,0,0,0,0,0,0,False,0
us,LEV,0,0,0,2,0,1,1,False,2
us,LEVI,1,0,0,2,1,3,2,False,4
us,LEVI.NB,0,0,0,0,0,0,0,False,0
us,LEXX,1,0,0,2,1,3,2,False,4
us,LEXX.NB,0,0,0,0,0,0,0,False,0
us,LFAC,0,1,0,1,0,2,2,False,2
us,LFACU,1,0,0,1,0,2,1,False,2
us,LFACU.NB,0,0,0,0,0,0,0,False,0
us,LFACW,1,0,0,0,0,1,0,False,1
us,LFACW.NB,0,0,0,0,0,0,0,False,0
us,LFC.NB,0,0,0,0,0,0,0,False,0
us,LFCR,1,2,0,2,1,4,3,True,6
us,LFCR.NB,0,0,0,0,0,0,0,False,0
us,LFKG,0,0,0,0,0,0,0,False,0
us,LFLY,0,0,0,2,1,2,2,False,3
us,LFMD,1,3,0,2,1,4,3,True,7
us,LFMD.NB,0,0,0,0,0,0,0,False,0
us,LFMDP,0,3,0,2,1,3,3,True,6
us,LFS,1,2,0,1,0,3,2,False,4
us,LFS.NB,0,0,0,0,0,0,0,False,0
us,LFST,1,3,0,2,1,4,3,True,7
us,LFST.NB,0,0,0,0,0,0,0,False,0
us,LFT,1,3,0,2,1,4,3,True,7
us,LFT.NB,0,0,0,0,0,0,0,False,0
us,LFTO,0,0,0,0,0,0,0,False,0
us,LFT_PA,0,3,0,2,1,3,3,True,6
us,LFUS,1,3,0,2,1,4,3,True,7
us,LFUS.NB,0,0,0,0,0,0,0,False,0
us,LFVN,1,0,0,2,1,3,2,False,4
us,LFVN.NB,0,0,0,0,0,0,0,False,0
us,LFWD,1,3,0,2,1,4,3,True,7
us,LFWD.NB,0,0,0,0,0,0,0,False,0
us,LGCB,1,3,0,2,0,3,2,False,6
us,LGCB.NB,0,0,0,0,0,0,0,False,0
us,LGCL,1,3,0,2,0,3,2,False,6
us,LGCL.NB,0,0,0,0,0,0,0,False,0
us,LGCY,1,0,0,2,0,2,1,False,3
us,LGCY.NB,0,0,0,0,0,0,0,False,0
us,LGFA,0,3,0,2,1,3,3,True,6
us,LGFB,0,3,0,2,1,3,3,True,6
us,LGHL,1,3,0,2,1,4,3,True,7
us,LGHL.NB,0,0,0,0,0,0,0,False,0
us,LGIH,1,3,0,2,1,4,3,True,7
us,LGIH.NB,0,0,0,0,0,0,0,False,0
us,LGL,1,3,0,2,1,4,3,True,7
us,LGL.NB,0,0,0,0,0,0,0,False,0
us,LGL_R,0,0,0,0,0,0,0,False,0
us,LGL_R_W,0,0,0,0,0,0,0,False,0
us,LGMK,1,3,0,2,1,4,3,True,7
us,LGMK.NB,0,0,0,0,0,0,0,False,0
us,LGN,1,2,0,1,0,3,2,False,4
us,LGN.NB,0,0,0,0,0,0,0,False,0
us,LGND,1,3,0,2,1,4,3,True,7
us,LGND.NB,0,0,0,0,0,0,0,False,0
us,LGO,1,3,0,2,1,4,3,True,7
us,LGO.NB,0,0,0,0,0,0,0,False,0
us,LGPS,1,3,0,2,0,3,2,False,6
us,LGPS.NB,0,0,0,0,0,0,0,False,0
us,LGTY,0,0,0,2,1,2,2,False,3
us,LGVN,1,3,0,2,1,4,3,True,7
us,LGVN.NB,0,0,0,0,0,0,0,False,0
us,LH,1,3,0,2,1,4,3,True,7
us,LH.NB,0,0,0,0,0,0,0,False,0
us,LHAI,1,3,0,2,0,3,2,False,6
us,LHAI.NB,0,0,0,0,0,0,0,False,0
us,LHC.NB,0,0,0,0,0,0,0,False,0
us,LHI,1,0,0,0,0,1,0,False,1
us,LHI.NB,0,0,0,0,0,0,0,False,0
us,LHSW,1,1,0,2,0,3,2,False,4
us,LHSW.NB,0,0,0,0,0,0,0,False,0
us,LHX,1,3,0,2,1,4,3,True,7
us,LHX.NB,0,0,0,0,0,0,0,False,0
us,LI,1,3,0,2,1,4,3,True,7
us,LI.NB,0,0,0,0,0,0,0,False,0
us,LICN,1,3,0,2,1,4,3,True,7
us,LICN.NB,0,0,0,0,0,0,0,False,0
us,LICY,0,3,0,2,0,2,2,False,5
us,LIDR,1,0,0,2,1,3,2,False,4
us,LIDR.NB,0,0,0,0,0,0,0,False,0
us,LIDRW,0,3,0,2,1,3,3,True,6
us,LIEN,1,3,0,2,1,4,3,True,7
us,LIEN.NB,0,0,0,0,0,0,0,False,0
us,LIF,1,3,0,2,0,3,2,False,6
us,LIF.NB,0,0,0,0,0,0,0,False,0
us,LIFE,1,2,0,0,0,2,1,False,3
us,LIFE.NB,0,0,0,0,0,0,0,False,0
us,LII,1,0,0,2,1,3,2,False,4
us,LII.NB,0,0,0,0,0,0,0,False,0
us,LILA,1,3,0,2,1,4,3,True,7
us,LILA.NB,0,0,0,0,0,0,0,False,0
us,LILAK,1,3,0,2,1,4,3,True,7
us,LILAK.NB,0,0,0,0,0,0,0,False,0
us,LILAP,0,0,0,0,0,0,0,False,0
us,LILAV,0,0,0,0,0,0,0,False,0
us,LILKV,0,0,0,0,0,0,0,False,0
us,LILM,1,1,0,2,1,4,3,True,5
us,LILM.NB,0,0,0,0,0,0,0,False,0
us,LILPV,0,0,0,0,0,0,0,False,0
us,LILW,1,0,0,0,0,1,0,False,1
us,LILW.NB,0,0,0,0,0,0,0,False,0
us,LIME,0,0,0,0,0,0,0,False,0
us,LIMN,1,0,0,2,1,3,2,False,4
us,LIMN.NB,0,0,0,0,0,0,0,False,0
us,LIMNW,0,1,0,2,1,3,3,True,4
us,LIN,1,3,0,2,1,4,3,True,7
us,LIN.NB,0,0,0,0,0,0,0,False,0
us,LINC,1,3,0,2,1,4,3,True,7
us,LINC.NB,0,0,0,0,0,0,0,False,0
us,LIND,1,2,0,2,1,4,3,True,6
us,LIND.NB,0,0,0,0,0,0,0,False,0
us,LINE,1,3,0,2,0,3,2,False,6
us,LINE.NB,0,0,0,0,0,0,0,False,0
us,LINK,1,3,0,2,1,4,3,True,7
us,LINK.NB,0,0,0,0,0,0,0,False,0
us,LION,0,2,0,2,1,3,3,True,5
us,LIPO,1,0,0,2,1,3,2,False,4
us,LIPO.NB,0,0,0,0,0,0,0,False,0
us,LIQT,1,3,0,2,1,4,3,True,7
us,LIQT.NB,0,0,0,0,0,0,0,False,0
us,LITB,1,2,0,2,1,4,3,True,6
us,LITB.NB,0,0,0,0,0,0,0,False,0
us,LITE,1,0,0,2,1,3,2,False,4
us,LITE.NB,0,0,0,0,0,0,0,False,0
us,LITM,1,2,0,2,1,4,3,True,6
us,LITM.NB,0,0,0,0,0,0,0,False,0
us,LITS,1,0,0,2,1,3,2,False,4
us,LITS.NB,0,0,0,0,0,0,0,False,0
us,LIVB.NB,0,0,0,0,0,0,0,False,0
us,LIVE,1,0,0,2,1,3,2,False,4
us,LIVE.NB,0,0,0,0,0,0,0,False,0
us,LIVN,1,3,0,2,1,4,3,True,7
us,LIVN.NB,0,0,0,0,0,0,0,False,0
us,LIXT,1,3,0,2,1,4,3,True,7
us,LIXT.NB,0,0,0,0,0,0,0,False,0
us,LKCO,1,0,0,2,1,3,2,False,4
us,LKCO.NB,0,0,0,0,0,0,0,False,0
us,LKFN,0,1,0,2,1,3,3,True,4
us,LKFN.NB,0,0,0,0,0,0,0,False,0
us,LKFT,1,0,0,2,1,3,2,False,4
us,LKFT.NB,0,0,0,0,0,0,0,False,0
us,LKQ,1,3,0,2,1,4,3,True,7
us,LKQ.NB,0,0,0,0,0,0,0,False,0
us,LKSP,1,0,0,1,0,2,1,False,2
us,LKSP.NB,0,0,0,0,0,0,0,False,0
us,LKSPR,0,2,0,1,0,2,2,False,3
us,LKSPU,0,2,0,1,0,2,2,False,3
us,LL,1,0,0,2,1,3,2,False,4
us,LL.NB,0,0,0,0,0,0,0,False,0
us,LLAP,0,0,0,2,1,2,2,False,3
us,LLL.NB,0,0,0,0,0,0,0,False,0
us,LLY,1,3,0,2,1,4,3,True,7
us,LLY.NB,0,0,0,0,0,0,0,False,0
us,LLYVA,1,2,0,1,0,3,2,False,4
us,LLYVA.NB,0,0,0,0,0,0,0,False,0
us,LLYVK,1,2,0,1,0,3,2,False,4
us,LLYVK.NB,0,0,0,0,0,0,0,False,0
us,LMAT,1,3,0,2,1,4,3,True,7
us,LMAT.NB,0,0,0,0,0,0,0,False,0
us,LMB,1,3,0,2,1,4,3,True,7
us,LMB.NB,0,0,0,0,0,0,0,False,0
us,LMDX.NB,0,0,0,0,0,0,0,False,0
us,LMFA,1,3,0,2,1,4,3,True,7
us,LMFA.NB,0,0,0,0,0,0,0,False,0
us,LMND,1,3,0,2,1,4,3,True,7
us,LMND.NB,0,0,0,0,0,0,0,False,0
us,LMNR,1,0,0,2,1,3,2,False,4
us,LMNR.NB,0,0,0,0,0,0,0,False,0
us,LMRI,1,2,0,1,0,3,2,False,4
us,LMRI.NB,0,0,0,0,0,0,0,False,0
us,LMST.NB,0,0,0,0,0,0,0,False,0
us,LMT,1,0,0,2,1,3,2,False,4
us,LMT.NB,0,0,0,0,0,0,0,False,0
us,LNAI,1,0,0,2,1,3,2,False,4
us,LNAI.NB,0,0,0,0,0,0,0,False,0
us,LNC,1,3,0,2,1,4,3,True,7
us,LNC.NB,0,0,0,0,0,0,0,False,0
us,LNC_P,0,0,0,0,0,0,0,False,0
us,LNC_PD,0,3,0,2,1,3,3,True,6
us,LND,1,0,0,2,1,3,2,False,4
us,LND.NB,0,0,0,0,0,0,0,False,0
us,LNG,1,3,0,2,1,4,3,True,7
us,LNG.NB,0,0,0,0,0,0,0,False,0
us,LNKB,1,3,0,2,1,4,3,True,7
us,LNKB.NB,0,0,0,0,0,0,0,False,0
us,LNKS,1,2,0,2,0,3,2,False,5
us,LNKS.NB,0,0,0,0,0,0,0,False,0
us,LNN,1,0,0,2,1,3,2,False,4
us,LNN.NB,0,0,0,0,0,0,0,False,0
us,LNSR,1,3,0,2,1,4,3,True,7
us,LNSR.NB,0,0,0,0,0,0,0,False,0
us,LNT,1,3,0,2,1,4,3,True,7
us,LNT.NB,0,0,0,0,0,0,0,False,0
us,LNTH,1,3,0,2,1,4,3,True,7
us,LNTH.NB,0,0,0,0,0,0,0,False,0
us,LNW,0,3,0,2,1,3,3,True,6
us,LNZA,1,0,0,2,1,3,2,False,4
us,LNZA.NB,0,0,0,0,0,0,0,False,0
us,LNZAW,0,3,0,2,1,3,3,True,6
us,LOAN,1,0,0,2,1,3,2,False,4
us,LOAN.NB,0,0,0,0,0,0,0,False,0
us,LOAR,1,3,0,2,0,3,2,False,6
us,LOAR.NB,0,0,0,0,0,0,0,False,0
us,LOB,0,1,0,2,1,3,3,True,4
us,LOB.NB,0,0,0,0,0,0,0,False,0
us,LOBO,1,3,0,2,0,3,2,False,6
us,LOBO.NB,0,0,0,0,0,0,0,False,0
us,LOB_PA,0,1,0,1,0,2,2,False,2
us,LOCL,1,2,0,2,1,4,3,True,6
us,LOCL.NB,0,0,0,0,0,0,0,False,0
us,LOCO,1,3,0,2,1,4,3,True,7
us,LOCO.NB,0,0,0,0,0,0,0,False,0
us,LODE,1,3,0,2,1,4,3,True,7
us,LODE.NB,0,0,0,0,0,0,0,False,0
us,LOGC,0,0,0,2,1,2,2,False,3
us,LOGI,1,3,0,2,1,4,3,True,7
us,LOGI.NB,0,0,0,0,0,0,0,False,0
us,LOHA,0,0,0,0,0,0,0,False,0
us,LOKV,0,0,0,2,0,1,1,False,2
us,LOKVU,0,2,0,2,0,2,2,False,4
us,LOKVW,0,2,0,2,0,2,2,False,4
us,LOMA,1,3,0,2,1,4,3,True,7
us,LOMA.NB,0,0,0,0,0,0,0,False,0
us,LONA,1,2,0,2,1,4,3,True,6
us,LONA.NB,0,0,0,0,0,0,0,False,0
us,LOOP,1,3,0,2,1,4,3,True,7
us,LOOP.NB,0,0,0,0,0,0,0,False,0
us,LOPE,1,3,0,2,1,4,3,True,7
us,LOPE.NB,0,0,0,0,0,0,0,False,0
us,LOT,1,2,0,2,1,4,3,True,6
us,LOT.NB,0,0,0,0,0,0,0,False,0
us,LOTWW,0,2,0,2,1,3,3,True,5
us,LOV.NB,0,0,0,0,0,0,0,False,0
us,LOVE,1,3,0,2,1,4,3,True,7
us,LOVE.NB,0,0,0,0,0,0,0,False,0
us,LOW,1,2,0,2,1,4,3,True,6
us,LOW.NB,0,0,0,0,0,0,0,False,0
us,LPA,1,3,0,2,1,4,3,True,7
us,LPA.NB,0,0,0,0,0,0,0,False,0
us,LPAA,1,0,0,2,0,2,1,False,3
us,LPAA.NB,0,0,0,0,0,0,0,False,0
us,LPAAU,1,2,0,2,0,3,2,False,5
us,LPAAU.NB,0,0,0,0,0,0,0,False,0
us,LPAAW,0,2,0,2,0,2,2,False,4
us,LPBB,0,0,0,2,0,1,1,False,2
us,LPBBW,0,0,0,2,0,1,1,False,2
us,LPCN,1,3,0,2,1,4,3,True,7
us,LPCN.NB,0,0,0,0,0,0,0,False,0
us,LPCV,1,1,0,0,0,2,1,False,2
us,LPCV.NB,0,0,0,0,0,0,0,False,0
us,LPCVU,0,2,0,0,0,1,1,False,2
us,LPCVW,0,2,0,0,0,1,1,False,2
us,LPG,1,3,0,2,1,4,3,True,7
us,LPG.NB,0,0,0,0,0,0,0,False,0
us,LPL,1,3,0,2,1,4,3,True,7
us,LPL.NB,0,0,0,0,0,0,0,False,0
us,LPLA,1,3,0,2,1,4,3,True,7
us,LPLA.NB,0,0,0,0,0,0,0,False,0
us,LPRO,1,3,0,2,1,4,3,True,7
us,LPRO.NB,0,0,0,0,0,0,0,False,0
us,LPSN,1,2,0,2,1,4,3,True,6
us,LPSN.NB,0,0,0,0,0,0,0,False,0
us,LPTH,1,1,0,2,1,4,3,True,5
us,LPTH.NB,0,0,0,0,0,0,0,False,0
us,LPTV,1,0,0,2,1,3,2,False,4
us,LPTV.NB,0,0,0,0,0,0,0,False,0
us,LPX,1,3,0,2,1,4,3,True,7
us,LPX.NB,0,0,0,0,0,0,0,False,0
us,LQDA,1,3,0,2,1,4,3,True,7
us,LQDA.NB,0,0,0,0,0,0,0,False,0
us,LQDT,1,0,0,2,1,3,2,False,4
us,LQDT.NB,0,0,0,0,0,0,0,False,0
us,LRCX,1,0,0,2,1,3,2,False,4
us,LRCX.NB,0,0,0,0,0,0,0,False,0
us,LRE,1,2,0,2,0,3,2,False,5
us,LRE.NB,0,0,0,0,0,0,0,False,0
us,LRFC,0,0,0,2,1,2,2,False,3
us,LRHC,1,2,0,2,0,3,2,False,5
us,LRHC.NB,0,0,0,0,0,0,0,False,0
us,LRMR,1,2,0,2,1,4,3,True,6
us,LRMR.NB,0,0,0,0,0,0,0,False,0
us,LRN,1,2,0,2,1,4,3,True,6
us,LRN.NB,0,0,0,0,0,0,0,False,0
us,LRTX,1,0,0,0,0,1,0,False,1
us,LRTX.NB,0,0,0,0,0,0,0,False,0
us,LSAC,0,0,0,0,0,0,0,False,0
us,LSAK,1,0,0,2,1,3,2,False,4
us,LSAK.NB,0,0,0,0,0,0,0,False,0
us,LSB,0,1,0,2,1,3,3,True,4
us,LSBK,0,0,0,2,1,2,2,False,3
us,LSBK.NB,0,0,0,0,0,0,0,False,0
us,LSCC,1,3,0,2,1,4,3,True,7
us,LSCC.NB,0,0,0,0,0,0,0,False,0
us,LSDI,1,0,0,2,0,2,1,False,3
us,LSDI.NB,0,0,0,0,0,0,0,False,0
us,LSE,1,3,0,2,0,3,2,False,6
us,LSE.NB,0,0,0,0,0,0,0,False,0
us,LSEA,0,0,0,2,1,2,2,False,3
us,LSF,1,3,0,2,1,4,3,True,7
us,LSF.NB,0,0,0,0,0,0,0,False,0
us,LSH,1,0,0,2,0,2,1,False,3
us,LSH.NB,0,0,0,0,0,0,0,False,0
us,LSPD,1,3,0,2,1,4,3,True,7
us,LSPD.NB,0,0,0,0,0,0,0,False,0
us,LSTA,1,3,0,2,1,4,3,True,7
us,LSTA.NB,0,0,0,0,0,0,0,False,0
us,LSTR,1,3,0,2,1,4,3,True,7
us,LSTR.NB,0,0,0,0,0,0,0,False,0
us,LTBR,1,1,0,2,1,4,3,True,5
us,LTBR.NB,0,0,0,0,0,0,0,False,0
us,LTC,1,3,0,2,1,4,3,True,7
us,LTC.NB,0,0,0,0,0,0,0,False,0
us,LTGR,0,0,0,0,0,0,0,False,0
us,LTH,1,3,0,2,1,4,3,True,7
us,LTH.NB,0,0,0,0,0,0,0,False,0
us,LTHM.NB,0,0,0,0,0,0,0,False,0
us,LTM,1,3,0,2,1,4,3,True,7
us,LTM.NB,0,0,0,0,0,0,0,False,0
us,LTRN,1,2,0,2,1,4,3,True,6
us,LTRN.NB,0,0,0,0,0,0,0,False,0
us,LTRPB.NB,0,0,0,0,0,0,0,False,0
us,LTRX,1,0,0,2,1,3,2,False,4
us,LTRX.NB,0,0,0,0,0,0,0,False,0
us,LTRY,1,3,0,2,1,4,3,True,7
us,LTRY.NB,0,0,0,0,0,0,0,False,0
us,LTRYW,0,0,0,2,1,2,2,False,3
us,LU,1,3,0,2,1,4,3,True,7
us,LU.NB,0,0,0,0,0,0,0,False,0
us,LUCD,1,2,0,2,1,4,3,True,6
us,LUCD.NB,0,0,0,0,0,0,0,False,0
us,LUCK,1,0,0,2,1,3,2,False,4
us,LUCK.NB,0,0,0,0,0,0,0,False,0
us,LUCY,1,0,0,2,1,3,2,False,4
us,LUCY.NB,0,0,0,0,0,0,0,False,0
us,LUCYW,0,3,0,2,1,3,3,True,6
us,LUD,1,3,0,2,0,3,2,False,6
us,LUD.NB,0,0,0,0,0,0,0,False,0
us,LULU,1,3,0,2,1,4,3,True,7
us,LULU.NB,0,0,0,0,0,0,0,False,0
us,LUMA,0,0,0,0,0,0,0,False,0
us,LUMN,1,2,0,2,1,4,3,True,6
us,LUMN.NB,0,0,0,0,0,0,0,False,0
us,LUMO,1,0,0,2,1,3,2,False,4
us,LUMO.NB,0,0,0,0,0,0,0,False,0
us,LUNA,1,0,0,2,1,3,2,False,4
us,LUNA.NB,0,0,0,0,0,0,0,False,0
us,LUNG,1,1,0,2,1,4,3,True,5
us,LUNG.NB,0,0,0,0,0,0,0,False,0
us,LUNR,1,2,0,2,1,4,3,True,6
us,LUNR.NB,0,0,0,0,0,0,0,False,0
us,LUV,1,0,0,2,1,3,2,False,4
us,LUV.NB,0,0,0,0,0,0,0,False,0
us,LUXE,1,0,0,2,1,3,2,False,4
us,LUXE.NB,0,0,0,0,0,0,0,False,0
us,LUXHP,1,0,0,2,0,2,1,False,3
us,LUXHP.NB,0,0,0,0,0,0,0,False,0
us,LVLU,1,3,0,2,1,4,3,True,7
us,LVLU.NB,0,0,0,0,0,0,0,False,0
us,LVO,1,2,0,2,1,4,3,True,6
us,LVO.NB,0,0,0,0,0,0,0,False,0
us,LVRO,1,1,0,2,1,4,3,True,5
us,LVRO.NB,0,0,0,0,0,0,0,False,0
us,LVROW,0,2,0,0,0,1,1,False,2
us,LVS,1,0,0,2,1,3,2,False,4
us,LVS.NB,0,0,0,0,0,0,0,False,0
us,LVTX,1,0,0,2,1,3,2,False,4
us,LVTX.NB,0,0,0,0,0,0,0,False,0
us,LVWR,1,0,0,2,1,3,2,False,4
us,LVWR.NB,0,0,0,0,0,0,0,False,0
us,LVWR_T,0,3,0,2,1,3,3,True,6
us,LW,1,3,0,2,1,4,3,True,7
us,LW.NB,0,0,0,0,0,0,0,False,0
us,LWAC,1,0,0,1,0,2,1,False,2
us,LWAC.NB,0,0,0,0,0,0,0,False,0
us,LWACU,0,2,0,1,0,2,2,False,3
us,LWACW,0,2,0,1,0,2,2,False,3
us,LWAY,1,3,0,2,1,4,3,True,7
us,LWAY.NB,0,0,0,0,0,0,0,False,0
us,LWLG,1,3,0,2,1,4,3,True,7
us,LWLG.NB,0,0,0,0,0,0,0,False,0
us,LX,1,3,0,2,1,4,3,True,7
us,LX.NB,0,0,0,0,0,0,0,False,0
us,LXEH,1,3,0,2,1,4,3,True,7
us,LXEH.NB,0,0,0,0,0,0,0,False,0
us,LXEO,1,2,0,2,0,3,2,False,5
us,LXEO.NB,0,0,0,0,0,0,0,False,0
us,LXFR,1,3,0,2,1,4,3,True,7
us,LXFR.NB,0,0,0,0,0,0,0,False,0
us,LXP,1,0,0,2,1,3,2,False,4
us,LXP.NB,0,0,0,0,0,0,0,False,0
us,LXP_PC,1,0,0,2,1,3,2,False,4
us,LXP_PC.NB,0,0,0,0,0,0,0,False,0
us,LXP_PD,0,0,0,0,0,0,0,False,0
us,LXRX,1,3,0,2,1,4,3,True,7
us,LXRX.NB,0,0,0,0,0,0,0,False,0
us,LXTM,0,0,0,0,0,0,0,False,0
us,LXU,1,2,0,2,1,4,3,True,6
us,LXU.NB,0,0,0,0,0,0,0,False,0
us,LYB,1,3,0,2,1,4,3,True,7
us,LYB.NB,0,0,0,0,0,0,0,False,0
us,LYEL,1,3,0,2,1,4,3,True,7
us,LYEL.NB,0,0,0,0,0,0,0,False,0
us,LYFT,1,3,0,2,1,4,3,True,7
us,LYFT.NB,0,0,0,0,0,0,0,False,0
us,LYG,0,3,0,2,1,3,3,True,6
us,LYG.NB,0,0,0,0,0,0,0,False,0
us,LYRA,1,2,0,2,1,4,3,True,6
us,LYRA.NB,0,0,0,0,0,0,0,False,0
us,LYT,1,1,0,2,1,4,3,True,5
us,LYT.NB,0,0,0,0,0,0,0,False,0
us,LYTS,1,0,0,2,1,3,2,False,4
us,LYTS.NB,0,0,0,0,0,0,0,False,0
us,LYV,1,3,0,2,1,4,3,True,7
us,LYV.NB,0,0,0,0,0,0,0,False,0
us,LZ,1,3,0,2,1,4,3,True,7
us,LZ.NB,0,0,0,0,0,0,0,False,0
us,LZB,1,3,0,2,1,4,3,True,7
us,LZB.NB,0,0,0,0,0,0,0,False,0
us,LZM,1,3,0,2,1,4,3,True,7
us,LZM.NB,0,0,0,0,0,0,0,False,0
us,LZMH,1,1,0,2,0,3,2,False,4
us,LZMH.NB,0,0,0,0,0,0,0,False,0
us,LZM_T,0,2,0,2,1,3,3,True,5
us,M,1,3,0,2,1,4,3,True,7
us,M.NB,0,0,0,0,0,0,0,False,0
us,MA,1,3,0,2,1,4,3,True,7
us,MA.NB,0,0,0,0,0,0,0,False,0
us,MAA,1,3,0,2,1,4,3,True,7
us,MAA.NB,0,0,0,0,0,0,0,False,0
us,MAAS,1,3,0,2,1,4,3,True,7
us,MAAS.NB,0,0,0,0,0,0,0,False,0
us,MAA_PI,1,3,0,2,1,4,3,True,7
us,MAA_PI.NB,0,0,0,0,0,0,0,False,0
us,MAC,1,3,0,2,1,4,3,True,7
us,MAC.NB,0,0,0,0,0,0,0,False,0
us,MACI,1,0,0,2,0,2,1,False,3
us,MACI.NB,0,0,0,0,0,0,0,False,0
us,MACIU,1,2,0,2,0,3,2,False,5
us,MACIU.NB,0,0,0,0,0,0,0,False,0
us,MACIW,0,2,0,2,0,2,2,False,4
us,MAG,1,0,0,2,1,3,2,False,4
us,MAG.NB,0,0,0,0,0,0,0,False,0
us,MAGH,1,0,0,1,0,2,1,False,2
us,MAGH.NB,0,0,0,0,0,0,0,False,0
us,MAGN,1,2,0,2,1,4,3,True,6
us,MAGN.NB,0,0,0,0,0,0,0,False,0
us,MAIA,1,2,0,2,1,4,3,True,6
us,MAIA.NB,0,0,0,0,0,0,0,False,0
us,MAIN,1,3,0,2,1,4,3,True,7
us,MAIN.NB,0,0,0,0,0,0,0,False,0
us,MAIR,0,2,0,0,0,1,1,False,2
us,MAKO,1,3,0,2,1,4,3,True,7
us,MAKO.NB,0,0,0,0,0,0,0,False,0
us,MAMA,1,3,0,2,1,4,3,True,7
us,MAMA.NB,0,0,0,0,0,0,0,False,0
us,MAMK,1,1,0,2,0,3,2,False,4
us,MAMK.NB,0,0,0,0,0,0,0,False,0
us,MAMO,1,3,0,2,0,3,2,False,6
us,MAMO.NB,0,0,0,0,0,0,0,False,0
us,MAN,1,0,0,2,1,3,2,False,4
us,MAN.NB,0,0,0,0,0,0,0,False,0
us,MANE,1,1,0,0,0,2,1,False,2
us,MANE.NB,0,0,0,0,0,0,0,False,0
us,MANH,1,0,0,2,1,3,2,False,4
us,MANH.NB,0,0,0,0,0,0,0,False,0
us,MANU,1,0,0,2,1,3,2,False,4
us,MANU.NB,0,0,0,0,0,0,0,False,0
us,MAPS,0,0,0,2,1,2,2,False,3
us,MAPSW,0,3,0,0,0,1,1,False,3
us,MAQC,0,0,0,1,1,2,2,False,2
us,MAR,1,2,0,2,1,4,3,True,6
us,MAR.NB,0,0,0,0,0,0,0,False,0
us,MARA,1,3,0,2,1,4,3,True,7
us,MARA.NB,0,0,0,0,0,0,0,False,0
us,MARK.NB,0,0,0,0,0,0,0,False,0
us,MAS,1,0,0,2,1,3,2,False,4
us,MAS.NB,0,0,0,0,0,0,0,False,0
us,MASI,1,3,0,2,1,4,3,True,7
us,MASI.NB,0,0,0,0,0,0,0,False,0
us,MASK,1,3,0,2,0,3,2,False,6
us,MASK.NB,0,0,0,0,0,0,0,False,0
us,MASS,1,3,0,2,1,4,3,True,7
us,MASS.NB,0,0,0,0,0,0,0,False,0
us,MAT,1,3,0,2,1,4,3,True,7
us,MAT.NB,0,0,0,0,0,0,0,False,0
us,MATH,1,0,0,2,1,3,2,False,4
us,MATH.NB,0,0,0,0,0,0,0,False,0
us,MATV,1,3,0,2,1,4,3,True,7
us,MATV.NB,0,0,0,0,0,0,0,False,0
us,MATW,1,2,0,2,1,4,3,True,6
us,MATW.NB,0,0,0,0,0,0,0,False,0
us,MATX,1,3,0,2,1,4,3,True,7
us,MATX.NB,0,0,0,0,0,0,0,False,0
us,MAX,1,1,0,2,1,4,3,True,5
us,MAX.NB,0,0,0,0,0,0,0,False,0
us,MAXN,1,0,0,2,1,3,2,False,4
us,MAXN.NB,0,0,0,0,0,0,0,False,0
us,MAYS,1,0,0,2,1,3,2,False,4
us,MAYS.NB,0,0,0,0,0,0,0,False,0
us,MAZE,1,0,0,2,0,2,1,False,3
us,MAZE.NB,0,0,0,0,0,0,0,False,0
us,MB,1,3,0,2,0,3,2,False,6
us,MB.NB,0,0,0,0,0,0,0,False,0
us,MBAI,1,2,0,2,1,4,3,True,6
us,MBAI.NB,0,0,0,0,0,0,0,False,0
us,MBAV,1,0,0,2,0,2,1,False,3
us,MBAV.NB,0,0,0,0,0,0,0,False,0
us,MBAVU,0,2,0,2,0,2,2,False,4
us,MBAVW,0,2,0,2,0,2,2,False,4
us,MBBC,1,0,0,2,1,3,2,False,4
us,MBBC.NB,0,0,0,0,0,0,0,False,0
us,MBC,1,3,0,2,1,4,3,True,7
us,MBC.NB,0,0,0,0,0,0,0,False,0
us,MBCN,0,0,0,2,1,2,2,False,3
us,MBCN.NB,0,0,0,0,0,0,0,False,0
us,MBFIO,0,0,0,0,0,0,0,False,0
us,MBGL,0,0,0,0,0,0,0,False,0
us,MBGL_W,0,0,0,0,0,0,0,False,0
us,MBI,1,2,0,2,1,4,3,True,6
us,MBI.NB,0,0,0,0,0,0,0,False,0
us,MBIN,0,3,0,2,1,3,3,True,6
us,MBIN.NB,0,0,0,0,0,0,0,False,0
us,MBINL,0,3,0,2,0,2,2,False,5
us,MBINM,0,3,0,2,1,3,3,True,6
us,MBINN,0,3,0,2,1,3,3,True,6
us,MBINO,0,0,0,2,1,2,2,False,3
us,MBINO.NB,0,0,0,0,0,0,0,False,0
us,MBINP,0,0,0,0,0,0,0,False,0
us,MBINP.NB,0,0,0,0,0,0,0,False,0
us,MBIO,1,2,0,2,1,4,3,True,6
us,MBIO.NB,0,0,0,0,0,0,0,False,0
us,MBLY,1,0,0,2,1,3,2,False,4
us,MBLY.NB,0,0,0,0,0,0,0,False,0
us,MBNKO,0,0,0,2,0,1,1,False,2
us,MBNKP,0,0,0,2,1,2,2,False,3
us,MBOT,1,2,0,2,1,4,3,True,6
us,MBOT.NB,0,0,0,0,0,0,0,False,0
us,MBRX,1,3,0,2,1,4,3,True,7
us,MBRX.NB,0,0,0,0,0,0,0,False,0
us,MBTC.NB,0,0,0,0,0,0,0,False,0
us,MBUU,1,0,0,2,1,3,2,False,4
us,MBUU.NB,0,0,0,0,0,0,0,False,0
us,MBVI,1,1,0,1,0,3,2,False,3
us,MBVI.NB,0,0,0,0,0,0,0,False,0
us,MBVIU,0,2,0,1,0,2,2,False,3
us,MBVIW,0,2,0,1,0,2,2,False,3
us,MBWM,0,3,0,2,1,3,3,True,6
us,MBWM.NB,0,0,0,0,0,0,0,False,0
us,MBX,1,2,0,2,0,3,2,False,5
us,MBX.NB,0,0,0,0,0,0,0,False,0
us,MC,1,1,0,2,1,4,3,True,5
us,MC.NB,0,0,0,0,0,0,0,False,0
us,MCAA,1,0,0,2,0,2,1,False,3
us,MCAA.NB,0,0,0,0,0,0,0,False,0
us,MCAF.NB,0,0,0,0,0,0,0,False,0
us,MCAG,1,0,0,2,1,3,2,False,4
us,MCAG.NB,0,0,0,0,0,0,0,False,0
us,MCAH,0,0,0,0,0,0,0,False,0
us,MCB,0,3,0,2,1,3,3,True,6
us,MCB.NB,0,0,0,0,0,0,0,False,0
us,MCBC,0,0,0,2,1,2,2,False,3
us,MCBC.NB,0,0,0,0,0,0,0,False,0
us,MCBS,1,0,0,2,1,3,2,False,4
us,MCBS.NB,0,0,0,0,0,0,0,False,0
us,MCD,1,2,0,2,1,4,3,True,6
us,MCD.NB,0,0,0,0,0,0,0,False,0
us,MCFT,1,0,0,2,1,3,2,False,4
us,MCFT.NB,0,0,0,0,0,0,0,False,0
us,MCGA,1,0,0,2,0,2,1,False,3
us,MCGA.NB,0,0,0,0,0,0,0,False,0
us,MCGAU,0,2,0,1,0,2,2,False,3
us,MCGAW,0,2,0,1,0,2,2,False,3
us,MCHB,1,3,0,2,1,4,3,True,7
us,MCHB.NB,0,0,0,0,0,0,0,False,0
us,MCHP,1,3,0,2,1,4,3,True,7
us,MCHP.NB,0,0,0,0,0,0,0,False,0
us,MCHPP,0,3,0,2,0,2,2,False,5
us,MCHX,1,3,0,2,1,4,3,True,7
us,MCHX.NB,0,0,0,0,0,0,0,False,0
us,MCK,1,2,0,2,1,4,3,True,6
us,MCK.NB,0,0,0,0,0,0,0,False,0
us,MCO,1,0,0,2,1,3,2,False,4
us,MCO.NB,0,0,0,0,0,0,0,False,0
us,MCRB,1,3,0,2,1,4,3,True,7
us,MCRB.NB,0,0,0,0,0,0,0,False,0
us,MCRI,1,3,0,2,1,4,3,True,7
us,MCRI.NB,0,0,0,0,0,0,0,False,0
us,MCRP,1,0,0,2,0,2,1,False,3
us,MCRP.NB,0,0,0,0,0,0,0,False,0
us,MCS,1,3,0,2,1,4,3,True,7
us,MCS.NB,0,0,0,0,0,0,0,False,0
us,MCTA,1,1,0,1,0,3,2,False,3
us,MCTA.NB,0,0,0,0,0,0,0,False,0
us,MCVT.NB,0,0,0,0,0,0,0,False,0
us,MCW,1,2,0,2,1,4,3,True,6
us,MCW.NB,0,0,0,0,0,0,0,False,0
us,MCY,1,3,0,2,1,4,3,True,7
us,MCY.NB,0,0,0,0,0,0,0,False,0
us,MD,1,3,0,2,1,4,3,True,7
us,MD.NB,0,0,0,0,0,0,0,False,0
us,MDA,1,3,0,2,1,4,3,True,7
us,MDA.NB,0,0,0,0,0,0,0,False,0
us,MDAI,1,0,0,2,1,3,2,False,4
us,MDAI.NB,0,0,0,0,0,0,0,False,0
us,MDAIW,0,2,0,2,1,3,3,True,5
us,MDAT,0,0,0,0,0,0,0,False,0
us,MDB,1,3,0,2,1,4,3,True,7
us,MDB.NB,0,0,0,0,0,0,0,False,0
us,MDBH,1,3,0,2,0,3,2,False,6
us,MDBH.NB,0,0,0,0,0,0,0,False,0
us,MDCX,1,0,0,2,0,2,1,False,3
us,MDCX.NB,0,0,0,0,0,0,0,False,0
us,MDCXW,0,1,0,2,0,2,2,False,3
us,MDGL,1,3,0,2,1,4,3,True,7
us,MDGL.NB,0,0,0,0,0,0,0,False,0
us,MDIA,1,3,0,2,1,4,3,True,7
us,MDIA.NB,0,0,0,0,0,0,0,False,0
us,MDLN,1,3,0,1,0,3,2,False,5
us,MDLN.NB,0,0,0,0,0,0,0,False,0
us,MDLZ,1,3,0,2,1,4,3,True,7
us,MDLZ.NB,0,0,0,0,0,0,0,False,0
us,MDRR,1,3,0,2,1,4,3,True,7
us,MDRR.NB,0,0,0,0,0,0,0,False,0
us,MDRRP,0,0,0,2,1,2,2,False,3
us,MDRX.NB,0,0,0,0,0,0,0,False,0
us,MDT,1,3,0,2,1,4,3,True,7
us,MDT.NB,0,0,0,0,0,0,0,False,0
us,MDU,1,3,0,2,1,4,3,True,7
us,MDU.NB,0,0,0,0,0,0,0,False,0
us,MDU_W,0,0,0,0,0,0,0,False,0
us,MDV,1,3,0,2,1,4,3,True,7
us,MDV.NB,0,0,0,0,0,0,0,False,0
us,MDVL.NB,0,0,0,0,0,0,0,False,0
us,MDV_PA,1,3,0,2,1,4,3,True,7
us,MDV_PA.NB,0,0,0,0,0,0,0,False,0
us,MDWD,1,3,0,2,1,4,3,True,7
us,MDWD.NB,0,0,0,0,0,0,0,False,0
us,MDXG,1,0,0,2,1,3,2,False,4
us,MDXG.NB,0,0,0,0,0,0,0,False,0
us,MDXH,1,2,0,2,1,4,3,True,6
us,MDXH.NB,0,0,0,0,0,0,0,False,0
us,MEC,1,3,0,2,1,4,3,True,7
us,MEC.NB,0,0,0,0,0,0,0,False,0
us,MED,1,3,0,2,1,4,3,True,7
us,MED.NB,0,0,0,0,0,0,0,False,0
us,MEDP,1,0,0,2,1,3,2,False,4
us,MEDP.NB,0,0,0,0,0,0,0,False,0
us,MEDS,1,0,0,2,0,2,1,False,3
us,MEDS.NB,0,0,0,0,0,0,0,False,0
us,MEG,1,3,0,2,1,4,3,True,7
us,MEG.NB,0,0,0,0,0,0,0,False,0
us,MEGL,1,3,0,2,1,4,3,True,7
us,MEGL.NB,0,0,0,0,0,0,0,False,0
us,MEHA,1,3,0,1,0,3,2,False,5
us,MEHA.NB,0,0,0,0,0,0,0,False,0
us,MEI,1,3,0,2,1,4,3,True,7
us,MEI.NB,0,0,0,0,0,0,0,False,0
us,MELI,1,3,0,2,1,4,3,True,7
us,MELI.NB,0,0,0,0,0,0,0,False,0
us,MELT,0,0,0,0,0,0,0,False,0
us,MENS,1,1,0,2,0,3,2,False,4
us,MENS.NB,0,0,0,0,0,0,0,False,0
us,MEOH,1,0,0,2,1,3,2,False,4
us,MEOH.NB,0,0,0,0,0,0,0,False,0
us,MERC,1,3,0,2,1,4,3,True,7
us,MERC.NB,0,0,0,0,0,0,0,False,0
us,MERQ,0,0,0,0,0,0,0,False,0
us,MER_PK,0,0,0,2,1,2,2,False,3
us,MER_PK.NB,0,0,0,0,0,0,0,False,0
us,MESH,1,1,0,0,0,2,1,False,2
us,MESH.NB,0,0,0,0,0,0,0,False,0
us,MESHU,0,2,0,1,0,2,2,False,3
us,MESHW,0,2,0,0,0,1,1,False,2
us,MESO,1,0,0,2,1,3,2,False,4
us,MESO.NB,0,0,0,0,0,0,0,False,0
us,MET,1,3,0,2,1,4,3,True,7
us,MET.NB,0,0,0,0,0,0,0,False,0
us,META,1,3,0,2,1,4,3,True,7
us,META.NB,0,0,0,0,0,0,0,False,0
us,METC,1,0,0,2,1,3,2,False,4
us,METC.NB,0,0,0,0,0,0,0,False,0
us,METCB,1,3,0,2,0,3,2,False,6
us,METCB.NB,0,0,0,0,0,0,0,False,0
us,METCI,0,3,0,1,0,2,2,False,4
us,METCZ,0,3,0,0,0,1,1,False,3
us,MET_PA,1,3,0,2,1,4,3,True,7
us,MET_PA.NB,0,0,0,0,0,0,0,False,0
us,MET_PB,0,0,0,0,0,0,0,False,0
us,MET_PE,1,3,0,2,1,4,3,True,7
us,MET_PE.NB,0,0,0,0,0,0,0,False,0
us,MET_PF,0,3,0,2,1,3,3,True,6
us,MEVO,0,0,0,0,0,0,0,False,0
us,MEVOU,0,0,0,0,0,0,0,False,0
us,MEVOW,0,0,0,0,0,0,0,False,0
us,MF,0,1,0,0,0,1,1,False,1
us,MFA,1,0,0,2,1,3,2,False,4
us,MFA.NB,0,0,0,0,0,0,0,False,0
us,MFAN,0,3,0,2,0,2,2,False,5
us,MFAO,0,3,0,2,0,2,2,False,5
us,MFA_PA,0,0,0,0,0,0,0,False,0
us,MFA_PB,1,3,0,2,1,4,3,True,7
us,MFA_PB.NB,0,0,0,0,0,0,0,False,0
us,MFA_PC,0,3,0,2,1,3,3,True,6
us,MFC,1,3,0,2,1,4,3,True,7
us,MFC.NB,0,0,0,0,0,0,0,False,0
us,MFG,1,3,0,2,1,4,3,True,7
us,MFG.NB,0,0,0,0,0,0,0,False,0
us,MFI,1,3,0,2,0,3,2,False,6
us,MFI.NB,0,0,0,0,0,0,0,False,0
us,MFIC,1,0,0,2,1,3,2,False,4
us,MFIC.NB,0,0,0,0,0,0,0,False,0
us,MFICL,0,3,0,2,0,2,2,False,5
us,MFIN,0,3,0,2,1,3,3,True,6
us,MFIN.NB,0,0,0,0,0,0,0,False,0
us,MFP,0,0,0,0,0,0,0,False,0
us,MFPVV,0,0,0,0,0,0,0,False,0
us,MG,1,3,0,2,1,4,3,True,7
us,MG.NB,0,0,0,0,0,0,0,False,0
us,MGA,1,3,0,2,1,4,3,True,7
us,MGA.NB,0,0,0,0,0,0,0,False,0
us,MGEE,1,3,0,2,1,4,3,True,7
us,MGEE.NB,0,0,0,0,0,0,0,False,0
us,MGIC,1,0,0,2,1,3,2,False,4
us,MGIC.NB,0,0,0,0,0,0,0,False,0
us,MGIH,1,2,0,2,0,3,2,False,5
us,MGIH.NB,0,0,0,0,0,0,0,False,0
us,MGLD,1,0,0,2,1,3,2,False,4
us,MGLD.NB,0,0,0,0,0,0,0,False,0
us,MGM,1,0,0,2,1,3,2,False,4
us,MGM.NB,0,0,0,0,0,0,0,False,0
us,MGN,1,3,0,1,0,3,2,False,5
us,MGN.NB,0,0,0,0,0,0,0,False,0
us,MGNI,1,3,0,2,1,4,3,True,7
us,MGNI.NB,0,0,0,0,0,0,0,False,0
us,MGNX,1,3,0,2,1,4,3,True,7
us,MGNX.NB,0,0,0,0,0,0,0,False,0
us,MGOL,1,0,0,2,0,2,1,False,3
us,MGOL.NB,0,0,0,0,0,0,0,False,0
us,MGPI,1,0,0,2,1,3,2,False,4
us,MGPI.NB,0,0,0,0,0,0,0,False,0
us,MGR,1,3,0,2,1,4,3,True,7
us,MGR.NB,0,0,0,0,0,0,0,False,0
us,MGRB,0,3,0,2,1,3,3,True,6
us,MGRC,1,0,0,2,1,3,2,False,4
us,MGRC.NB,0,0,0,0,0,0,0,False,0
us,MGRD,0,3,0,2,1,3,3,True,6
us,MGRE,0,3,0,2,0,2,2,False,5
us,MGRM,1,0,0,2,0,2,1,False,3
us,MGRM.NB,0,0,0,0,0,0,0,False,0
us,MGRT,1,3,0,2,0,3,2,False,6
us,MGRT.NB,0,0,0,0,0,0,0,False,0
us,MGRX,1,3,0,2,1,4,3,True,7
us,MGRX.NB,0,0,0,0,0,0,0,False,0
us,MGTX,1,2,0,2,1,4,3,True,6
us,MGTX.NB,0,0,0,0,0,0,0,False,0
us,MGX,1,3,0,2,0,3,2,False,6
us,MGX.NB,0,0,0,0,0,0,0,False,0
us,MGY,1,3,0,2,1,4,3,True,7
us,MGY.NB,0,0,0,0,0,0,0,False,0
us,MGYR,1,0,0,2,1,3,2,False,4
us,MGYR.NB,0,0,0,0,0,0,0,False,0
us,MH,1,3,0,2,0,3,2,False,6
us,MH.NB,0,0,0,0,0,0,0,False,0
us,MHH,1,3,0,2,1,4,3,True,7
us,MHH.NB,0,0,0,0,0,0,0,False,0
us,MHK,1,3,0,2,1,4,3,True,7
us,MHK.NB,0,0,0,0,0,0,0,False,0
us,MHN,0,0,0,2,1,2,2,False,3
us,MHO,1,1,0,2,1,4,3,True,5
us,MHO.NB,0,0,0,0,0,0,0,False,0
us,MHO_PA,0,0,0,0,0,0,0,False,0
us,MHUA,0,3,0,2,1,3,3,True,6
us,MH_PA,1,0,0,0,0,1,0,False,1
us,MH_PA.NB,0,0,0,0,0,0,0,False,0
us,MI,1,3,0,2,1,4,3,True,7
us,MI.NB,0,0,0,0,0,0,0,False,0
us,MIAX,1,3,0,1,0,3,2,False,5
us,MIAX.NB,0,0,0,0,0,0,0,False,0
us,MICC,1,0,0,1,0,2,1,False,2
us,MICC.NB,0,0,0,0,0,0,0,False,0
us,MIDD,1,3,0,2,1,4,3,True,7
us,MIDD.NB,0,0,0,0,0,0,0,False,0
us,MIDDV,0,0,0,0,0,0,0,False,0
us,MIGI,1,2,0,2,1,4,3,True,6
us,MIGI.NB,0,0,0,0,0,0,0,False,0
us,MIMI,1,1,0,2,0,3,2,False,4
us,MIMI.NB,0,0,0,0,0,0,0,False,0
us,MIND,1,3,0,2,1,4,3,True,7
us,MIND.NB,0,0,0,0,0,0,0,False,0
us,MINDP,0,0,0,2,1,2,2,False,3
us,MINE,1,2,0,2,1,4,3,True,6
us,MINE.NB,0,0,0,0,0,0,0,False,0
us,MINM,1,0,0,2,1,3,2,False,4
us,MINM.NB,0,0,0,0,0,0,0,False,0
us,MIR,1,3,0,2,1,4,3,True,7
us,MIR.NB,0,0,0,0,0,0,0,False,0
us,MIRA,1,3,0,2,0,3,2,False,6
us,MIRA.NB,0,0,0,0,0,0,0,False,0
us,MIRM,1,3,0,2,1,4,3,True,7
us,MIRM.NB,0,0,0,0,0,0,0,False,0
us,MIST,1,3,0,2,1,4,3,True,7
us,MIST.NB,0,0,0,0,0,0,0,False,0
us,MITK,1,0,0,2,1,3,2,False,4
us,MITK.NB,0,0,0,0,0,0,0,False,0
us,MITN,0,3,0,2,0,2,2,False,5
us,MITP,0,3,0,2,0,2,2,False,5
us,MITQ,1,1,0,2,1,4,3,True,5
us,MITQ.NB,0,0,0,0,0,0,0,False,0
us,MITT,1,0,0,2,1,3,2,False,4
us,MITT.NB,0,0,0,0,0,0,0,False,0
us,MITT_PA,1,3,0,2,1,4,3,True,7
us,MITT_PA.NB,0,0,0,0,0,0,0,False,0
us,MITT_PB,1,3,0,2,1,4,3,True,7
us,MITT_PB.NB,0,0,0,0,0,0,0,False,0
us,MITT_PC,1,3,0,2,1,4,3,True,7
us,MITT_PC.NB,0,0,0,0,0,0,0,False,0
us,MKC,1,0,0,2,1,3,2,False,4
us,MKC.NB,0,0,0,0,0,0,0,False,0
us,MKCV,1,0,0,2,1,3,2,False,4
us,MKCV.NB,0,0,0,0,0,0,0,False,0
us,MKDW,1,3,0,2,1,4,3,True,7
us,MKDW.NB,0,0,0,0,0,0,0,False,0
us,MKDWW,0,2,0,2,0,2,2,False,4
us,MKFG,0,0,0,2,1,2,2,False,3
us,MKL,1,0,0,2,1,3,2,False,4
us,MKL.NB,0,0,0,0,0,0,0,False,0
us,MKLY,1,1,0,1,0,3,2,False,3
us,MKLY.NB,0,0,0,0,0,0,0,False,0
us,MKLYR,0,2,0,1,0,2,2,False,3
us,MKLYU,0,2,0,1,0,2,2,False,3
us,MKSI,1,3,0,2,1,4,3,True,7
us,MKSI.NB,0,0,0,0,0,0,0,False,0
us,MKTW,1,2,0,2,1,4,3,True,6
us,MKTW.NB,0,0,0,0,0,0,0,False,0
us,MKTX,1,3,0,2,1,4,3,True,7
us,MKTX.NB,0,0,0,0,0,0,0,False,0
us,MKZR,1,0,0,2,0,2,1,False,3
us,MKZR.NB,0,0,0,0,0,0,0,False,0
us,ML,0,0,0,2,1,2,2,False,3
us,MLAA,0,0,0,0,0,0,0,False,0
us,MLAAU,0,0,0,0,0,0,0,False,0
us,MLAAW,0,0,0,0,0,0,0,False,0
us,MLAB,1,3,0,2,1,4,3,True,7
us,MLAB.NB,0,0,0,0,0,0,0,False,0
us,MLAC,0,0,0,0,0,0,0,False,0
us,MLACR,0,2,0,2,0,2,2,False,4
us,MLACU,0,0,0,2,0,1,1,False,2
us,MLAN,0,0,0,0,0,0,0,False,0
us,MLCI,1,2,0,1,0,3,2,False,4
us,MLCI.NB,0,0,0,0,0,0,0,False,0
us,MLCIL,0,0,0,0,0,0,0,False,0
us,MLCO,1,2,0,2,1,4,3,True,6
us,MLCO.NB,0,0,0,0,0,0,0,False,0
us,MLEC,1,0,0,2,1,3,2,False,4
us,MLEC.NB,0,0,0,0,0,0,0,False,0
us,MLECW,0,0,0,2,1,2,2,False,3
us,MLGO,1,3,0,2,1,4,3,True,7
us,MLGO.NB,0,0,0,0,0,0,0,False,0
us,MLI,1,0,0,2,1,3,2,False,4
us,MLI.NB,0,0,0,0,0,0,0,False,0
us,MLKN,1,3,0,2,1,4,3,True,7
us,MLKN.NB,0,0,0,0,0,0,0,False,0
us,MLM,1,3,0,2,1,4,3,True,7
us,MLM.NB,0,0,0,0,0,0,0,False,0
us,MLNK,1,0,0,2,1,3,2,False,4
us,MLNK.NB,0,0,0,0,0,0,0,False,0
us,MLP,1,3,0,2,1,4,3,True,7
us,MLP.NB,0,0,0,0,0,0,0,False,0
us,MLPB,0,0,0,2,1,2,2,False,3
us,MLPR,0,0,0,2,1,2,2,False,3
us,MLR,1,3,0,2,1,4,3,True,7
us,MLR.NB,0,0,0,0,0,0,0,False,0
us,MLSS,1,3,0,2,1,4,3,True,7
us,MLSS.NB,0,0,0,0,0,0,0,False,0
us,MLTX,1,2,0,2,1,4,3,True,6
us,MLTX.NB,0,0,0,0,0,0,0,False,0
us,MLYS,1,2,0,2,1,4,3,True,6
us,MLYS.NB,0,0,0,0,0,0,0,False,0
us,MMA,1,1,0,2,0,3,2,False,4
us,MMA.NB,0,0,0,0,0,0,0,False,0
us,MMAT,0,0,0,2,0,1,1,False,2
us,MMC,1,0,0,2,1,3,2,False,4
us,MMC.NB,0,0,0,0,0,0,0,False,0
us,MMED,0,3,0,0,0,1,1,False,3
us,MMI,1,3,0,2,1,4,3,True,7
us,MMI.NB,0,0,0,0,0,0,0,False,0
us,MMM,1,0,0,2,1,3,2,False,4
us,MMM.NB,0,0,0,0,0,0,0,False,0
us,MMS,1,0,0,2,1,3,2,False,4
us,MMS.NB,0,0,0,0,0,0,0,False,0
us,MMSI,1,3,0,2,1,4,3,True,7
us,MMSI.NB,0,0,0,0,0,0,0,False,0
us,MMTX,1,1,0,1,0,3,2,False,3
us,MMTX.NB,0,0,0,0,0,0,0,False,0
us,MMTXU,0,2,0,0,0,1,1,False,2
us,MMTXW,0,2,0,1,0,2,2,False,3
us,MMYT,1,3,0,2,1,4,3,True,7
us,MMYT.NB,0,0,0,0,0,0,0,False,0
us,MNDO,1,3,0,2,1,4,3,True,7
us,MNDO.NB,0,0,0,0,0,0,0,False,0
us,MNDR,1,1,0,2,0,3,2,False,4
us,MNDR.NB,0,0,0,0,0,0,0,False,0
us,MNDY,1,3,0,2,1,4,3,True,7
us,MNDY.NB,0,0,0,0,0,0,0,False,0
us,MNKD,1,2,0,2,1,4,3,True,6
us,MNKD.NB,0,0,0,0,0,0,0,False,0
us,MNMD,1,2,0,2,1,4,3,True,6
us,MNMD.NB,0,0,0,0,0,0,0,False,0
us,MNOV,1,3,0,2,1,4,3,True,7
us,MNOV.NB,0,0,0,0,0,0,0,False,0
us,MNPR,1,2,0,2,1,4,3,True,6
us,MNPR.NB,0,0,0,0,0,0,0,False,0
us,MNRO,1,3,0,2,1,4,3,True,7
us,MNRO.NB,0,0,0,0,0,0,0,False,0
us,MNSB,0,0,0,2,1,2,2,False,3
us,MNSB.NB,0,0,0,0,0,0,0,False,0
us,MNSBP,0,0,0,2,1,2,2,False,3
us,MNSO,1,3,0,2,1,4,3,True,7
us,MNSO.NB,0,0,0,0,0,0,0,False,0
us,MNST,1,3,0,2,1,4,3,True,7
us,MNST.NB,0,0,0,0,0,0,0,False,0
us,MNTK,1,3,0,2,1,4,3,True,7
us,MNTK.NB,0,0,0,0,0,0,0,False,0
us,MNTN,1,3,0,2,0,3,2,False,6
us,MNTN.NB,0,0,0,0,0,0,0,False,0
us,MNTS,1,0,0,2,1,3,2,False,4
us,MNTS.NB,0,0,0,0,0,0,0,False,0
us,MNTSW,0,3,0,2,1,3,3,True,6
us,MNTX,1,0,0,2,1,3,2,False,4
us,MNTX.NB,0,0,0,0,0,0,0,False,0
us,MNY,1,3,0,2,1,4,3,True,7
us,MNY.NB,0,0,0,0,0,0,0,False,0
us,MNYWW,0,3,0,2,1,3,3,True,6
us,MO,1,2,0,2,1,4,3,True,6
us,MO.NB,0,0,0,0,0,0,0,False,0
us,MOB,1,3,0,2,1,4,3,True,7
us,MOB.NB,0,0,0,0,0,0,0,False,0
us,MOBBW,0,3,0,2,1,3,3,True,6
us,MOBI,0,2,0,0,0,1,1,False,2
us,MOBX,0,0,0,2,1,2,2,False,3
us,MOBXW,0,0,0,2,1,2,2,False,3
us,MOD,1,3,0,2,1,4,3,True,7
us,MOD.NB,0,0,0,0,0,0,0,False,0
us,MODD,1,2,0,2,1,4,3,True,6
us,MODD.NB,0,0,0,0,0,0,0,False,0
us,MODG,0,2,0,2,1,3,3,True,5
us,MODN,1,0,0,2,1,3,2,False,4
us,MODN.NB,0,0,0,0,0,0,0,False,0
us,MODV,0,0,0,2,1,2,2,False,3
us,MOFG,0,0,0,2,1,2,2,False,3
us,MOFG.NB,0,0,0,0,0,0,0,False,0
us,MOGA,1,0,0,2,1,3,2,False,4
us,MOGA.NB,0,0,0,0,0,0,0,False,0
us,MOGB,1,0,0,2,1,3,2,False,4
us,MOGB.NB,0,0,0,0,0,0,0,False,0
us,MOGO,1,3,0,2,1,4,3,True,7
us,MOGO.NB,0,0,0,0,0,0,0,False,0
us,MOGU,1,3,0,2,1,4,3,True,7
us,MOGU.NB,0,0,0,0,0,0,0,False,0
us,MOH,1,0,0,2,1,3,2,False,4
us,MOH.NB,0,0,0,0,0,0,0,False,0
us,MOLN,1,2,0,2,1,4,3,True,6
us,MOLN.NB,0,0,0,0,0,0,0,False,0
us,MOMO,1,3,0,2,1,4,3,True,7
us,MOMO.NB,0,0,0,0,0,0,0,False,0
us,MOND,0,0,0,2,1,2,2,False,3
us,MOR,1,0,0,2,1,3,2,False,4
us,MOR.NB,0,0,0,0,0,0,0,False,0
us,MORF,1,0,0,2,1,3,2,False,4
us,MORF.NB,0,0,0,0,0,0,0,False,0
us,MORN,1,0,0,2,1,3,2,False,4
us,MORN.NB,0,0,0,0,0,0,0,False,0
us,MOS,1,3,0,2,1,4,3,True,7
us,MOS.NB,0,0,0,0,0,0,0,False,0
us,MOTS.NB,0,0,0,0,0,0,0,False,0
us,MOV,1,3,0,2,1,4,3,True,7
us,MOV.NB,0,0,0,0,0,0,0,False,0
us,MOVE,1,2,0,2,1,4,3,True,6
us,MOVE.NB,0,0,0,0,0,0,0,False,0
us,MP,1,3,0,2,1,4,3,True,7
us,MP.NB,0,0,0,0,0,0,0,False,0
us,MPAA,1,3,0,2,1,4,3,True,7
us,MPAA.NB,0,0,0,0,0,0,0,False,0
us,MPB,0,3,0,2,1,3,3,True,6
us,MPB.NB,0,0,0,0,0,0,0,False,0
us,MPC,1,3,0,2,1,4,3,True,7
us,MPC.NB,0,0,0,0,0,0,0,False,0
us,MPJS,1,0,0,0,0,1,0,False,1
us,MPJS.NB,0,0,0,0,0,0,0,False,0
us,MPLT,1,2,0,1,0,3,2,False,4
us,MPLT.NB,0,0,0,0,0,0,0,False,0
us,MPT,1,3,0,2,1,4,3,True,7
us,MPT.NB,0,0,0,0,0,0,0,False,0
us,MPTI,1,0,0,2,1,3,2,False,4
us,MPTI.NB,0,0,0,0,0,0,0,False,0
us,MPTI_R,0,3,0,0,0,1,1,False,3
us,MPTI_R_W,0,3,0,0,0,1,1,False,3
us,MPU,1,3,0,2,1,4,3,True,7
us,MPU.NB,0,0,0,0,0,0,0,False,0
us,MPW,1,3,0,2,1,4,3,True,7
us,MPW.NB,0,0,0,0,0,0,0,False,0
us,MPWR,1,3,0,2,1,4,3,True,7
us,MPWR.NB,0,0,0,0,0,0,0,False,0
us,MPX,1,3,0,2,1,4,3,True,7
us,MPX.NB,0,0,0,0,0,0,0,False,0
us,MQ,1,3,0,2,1,4,3,True,7
us,MQ.NB,0,0,0,0,0,0,0,False,0
us,MQT,1,0,0,2,1,3,2,False,4
us,MQT.NB,0,0,0,0,0,0,0,False,0
us,MRAI,1,2,0,2,1,4,3,True,6
us,MRAI.NB,0,0,0,0,0,0,0,False,0
us,MRAM,1,0,0,2,1,3,2,False,4
us,MRAM.NB,0,0,0,0,0,0,0,False,0
us,MRBK,0,3,0,2,1,3,3,True,6
us,MRBK.NB,0,0,0,0,0,0,0,False,0
us,MRC,1,0,0,2,1,3,2,False,4
us,MRC.NB,0,0,0,0,0,0,0,False,0
us,MRCC,1,0,0,2,1,3,2,False,4
us,MRCC.NB,0,0,0,0,0,0,0,False,0
us,MRCY,1,0,0,2,1,3,2,False,4
us,MRCY.NB,0,0,0,0,0,0,0,False,0
us,MRDB,1,0,0,2,0,2,1,False,3
us,MRDB.NB,0,0,0,0,0,0,0,False,0
us,MRDN,1,3,0,2,1,4,3,True,7
us,MRDN.NB,0,0,0,0,0,0,0,False,0
us,MREO,1,3,0,2,1,4,3,True,7
us,MREO.NB,0,0,0,0,0,0,0,False,0
us,MRK,1,3,0,2,1,4,3,True,7
us,MRK.NB,0,0,0,0,0,0,0,False,0
us,MRKR,1,3,0,2,1,4,3,True,7
us,MRKR.NB,0,0,0,0,0,0,0,False,0
us,MRLN,1,0,0,2,0,2,1,False,3
us,MRLN.NB,0,0,0,0,0,0,0,False,0
us,MRM,1,0,0,2,1,3,2,False,4
us,MRM.NB,0,0,0,0,0,0,0,False,0
us,MRMR,0,0,0,0,0,0,0,False,0
us,MRNA,1,3,0,2,1,4,3,True,7
us,MRNA.NB,0,0,0,0,0,0,0,False,0
us,MRNO,1,3,0,2,1,4,3,True,7
us,MRNO.NB,0,0,0,0,0,0,0,False,0
us,MRNOW,0,3,0,2,1,3,3,True,6
us,MRO,1,0,0,2,1,3,2,False,4
us,MRO.NB,0,0,0,0,0,0,0,False,0
us,MRP,1,3,0,2,0,3,2,False,6
us,MRP.NB,0,0,0,0,0,0,0,False,0
us,MRP_W,0,0,0,2,0,1,1,False,2
us,MRSH,1,0,0,2,1,3,2,False,4
us,MRSH.NB,0,0,0,0,0,0,0,False,0
us,MRSN,1,0,0,2,1,3,2,False,4
us,MRSN.NB,0,0,0,0,0,0,0,False,0
us,MRT,1,2,0,2,1,4,3,True,6
us,MRT.NB,0,0,0,0,0,0,0,False,0
us,MRTN,1,0,0,2,1,3,2,False,4
us,MRTN.NB,0,0,0,0,0,0,0,False,0
us,MRVI,1,3,0,2,1,4,3,True,7
us,MRVI.NB,0,0,0,0,0,0,0,False,0
us,MRVL,0,3,0,2,1,3,3,True,6
us,MRX,1,3,0,2,0,3,2,False,6
us,MRX.NB,0,0,0,0,0,0,0,False,0
us,MS,1,1,0,2,1,4,3,True,5
us,MS.NB,0,0,0,0,0,0,0,False,0
us,MSA,1,3,0,2,1,4,3,True,7
us,MSA.NB,0,0,0,0,0,0,0,False,0
us,MSAI,1,0,0,2,1,3,2,False,4
us,MSAI.NB,0,0,0,0,0,0,0,False,0
us,MSAIW,0,3,0,2,1,3,3,True,6
us,MSAV,0,0,0,0,0,0,0,False,0
us,MSB,1,3,0,2,1,4,3,True,7
us,MSB.NB,0,0,0,0,0,0,0,False,0
us,MSBI,0,0,0,2,1,2,2,False,3
us,MSBI.NB,0,0,0,0,0,0,0,False,0
us,MSBIP,0,0,0,2,1,2,2,False,3
us,MSC,1,3,0,2,1,4,3,True,7
us,MSC.NB,0,0,0,0,0,0,0,False,0
us,MSCI,1,0,0,2,1,3,2,False,4
us,MSCI.NB,0,0,0,0,0,0,0,False,0
us,MSDL,1,3,0,2,0,3,2,False,6
us,MSDL.NB,0,0,0,0,0,0,0,False,0
us,MSEX,1,3,0,2,1,4,3,True,7
us,MSEX.NB,0,0,0,0,0,0,0,False,0
us,MSFC,0,0,0,0,0,0,0,False,0
us,MSFT,1,0,0,2,1,3,2,False,4
us,MSFT.NB,0,0,0,0,0,0,0,False,0
us,MSGE,0,0,0,2,0,1,1,False,2
us,MSGM,1,3,0,2,1,4,3,True,7
us,MSGM.NB,0,0,0,0,0,0,0,False,0
us,MSGS,0,0,0,2,1,2,2,False,3
us,MSGY,0,1,0,2,0,2,2,False,3
us,MSH,0,0,0,0,0,0,0,False,0
us,MSI,1,3,0,2,1,4,3,True,7
us,MSI.NB,0,0,0,0,0,0,0,False,0
us,MSIF,1,3,0,2,0,3,2,False,6
us,MSIF.NB,0,0,0,0,0,0,0,False,0
us,MSLE,1,2,0,2,1,4,3,True,6
us,MSLE.NB,0,0,0,0,0,0,0,False,0
us,MSM,1,0,0,2,1,3,2,False,4
us,MSM.NB,0,0,0,0,0,0,0,False,0
us,MSN,1,3,0,2,1,4,3,True,7
us,MSN.NB,0,0,0,0,0,0,0,False,0
us,MSPR,0,1,0,2,1,3,3,True,4
us,MSS,1,0,0,2,0,2,1,False,3
us,MSS.NB,0,0,0,0,0,0,0,False,0
us,MSSA,1,0,0,0,0,1,0,False,1
us,MSSA.NB,0,0,0,0,0,0,0,False,0
us,MSTR,1,3,0,2,1,4,3,True,7
us,MSTR.NB,0,0,0,0,0,0,0,False,0
us,MSVB.NB,0,0,0,0,0,0,0,False,0
us,MSW,1,1,0,2,0,3,2,False,4
us,MSW.NB,0,0,0,0,0,0,0,False,0
us,MS_PA,1,1,0,2,1,4,3,True,5
us,MS_PA.NB,0,0,0,0,0,0,0,False,0
us,MS_PE,1,1,0,2,1,4,3,True,5
us,MS_PE.NB,0,0,0,0,0,0,0,False,0
us,MS_PF,1,1,0,2,1,4,3,True,5
us,MS_PF.NB,0,0,0,0,0,0,0,False,0
us,MS_PG,1,0,0,0,0,1,0,False,1
us,MS_PG.NB,0,0,0,0,0,0,0,False,0
us,MS_PI,1,1,0,2,1,4,3,True,5
us,MS_PI.NB,0,0,0,0,0,0,0,False,0
us,MS_PK,1,1,0,2,1,4,3,True,5
us,MS_PK.NB,0,0,0,0,0,0,0,False,0
us,MS_PL,0,1,0,2,1,3,3,True,4
us,MS_PO,0,1,0,2,1,3,3,True,4
us,MS_PP,0,1,0,2,1,3,3,True,4
us,MS_PQ,0,1,0,2,0,2,2,False,3
us,MT,1,3,0,2,1,4,3,True,7
us,MT.NB,0,0,0,0,0,0,0,False,0
us,MTA,1,3,0,2,1,4,3,True,7
us,MTA.NB,0,0,0,0,0,0,0,False,0
us,MTAL,1,1,0,0,0,2,1,False,2
us,MTAL.NB,0,0,0,0,0,0,0,False,0
us,MTAL_T,0,1,0,0,0,1,1,False,1
us,MTB,0,0,0,2,1,2,2,False,3
us,MTB.NB,0,0,0,0,0,0,0,False,0
us,MTB_P,0,0,0,0,0,0,0,False,0
us,MTB_PC,0,0,0,0,0,0,0,False,0
us,MTB_PH,0,0,0,2,1,2,2,False,3
us,MTB_PJ,0,0,0,2,0,1,1,False,2
us,MTB_PK,0,0,0,1,0,1,1,False,1
us,MTB_PL,0,0,0,2,1,2,2,False,3
us,MTC,1,3,0,2,1,4,3,True,7
us,MTC.NB,0,0,0,0,0,0,0,False,0
us,MTCH,1,2,0,2,1,4,3,True,6
us,MTCH.NB,0,0,0,0,0,0,0,False,0
us,MTD,1,2,0,2,1,4,3,True,6
us,MTD.NB,0,0,0,0,0,0,0,False,0
us,MTDR,1,3,0,2,1,4,3,True,7
us,MTDR.NB,0,0,0,0,0,0,0,False,0
us,MTEK,1,3,0,2,1,4,3,True,7
us,MTEK.NB,0,0,0,0,0,0,0,False,0
us,MTEKW,0,3,0,2,1,3,3,True,6
us,MTEM,1,0,0,2,0,2,1,False,3
us,MTEM.NB,0,0,0,0,0,0,0,False,0
us,MTEN,1,1,0,2,0,3,2,False,4
us,MTEN.NB,0,0,0,0,0,0,0,False,0
us,MTEX,1,2,0,2,1,4,3,True,6
us,MTEX.NB,0,0,0,0,0,0,0,False,0
us,MTG,1,0,0,2,1,3,2,False,4
us,MTG.NB,0,0,0,0,0,0,0,False,0
us,MTH,1,0,0,2,1,3,2,False,4
us,MTH.NB,0,0,0,0,0,0,0,False,0
us,MTL.NB,0,0,0,0,0,0,0,False,0
us,MTLS,1,3,0,2,1,4,3,True,7
us,MTLS.NB,0,0,0,0,0,0,0,False,0
us,MTL_P.NB,0,0,0,0,0,0,0,False,0
us,MTN,1,0,0,2,1,3,2,False,4
us,MTN.NB,0,0,0,0,0,0,0,False,0
us,MTNB,1,2,0,2,1,4,3,True,6
us,MTNB.NB,0,0,0,0,0,0,0,False,0
us,MTNE,0,0,0,0,0,0,0,False,0
us,MTR,1,3,0,2,1,4,3,True,7
us,MTR.NB,0,0,0,0,0,0,0,False,0
us,MTRN,1,0,0,2,1,3,2,False,4
us,MTRN.NB,0,0,0,0,0,0,0,False,0
us,MTRS,1,0,0,0,0,1,0,False,1
us,MTRS.NB,0,0,0,0,0,0,0,False,0
us,MTRX,1,1,0,2,1,4,3,True,5
us,MTRX.NB,0,0,0,0,0,0,0,False,0
us,MTSI,1,0,0,2,1,3,2,False,4
us,MTSI.NB,0,0,0,0,0,0,0,False,0
us,MTSR,1,0,0,1,0,2,1,False,2
us,MTSR.NB,0,0,0,0,0,0,0,False,0
us,MTTR,0,0,0,2,1,2,2,False,3
us,MTUL,0,0,0,2,1,2,2,False,3
us,MTUS,1,3,0,2,1,4,3,True,7
us,MTUS.NB,0,0,0,0,0,0,0,False,0
us,MTVA,1,2,0,2,1,4,3,True,6
us,MTVA.NB,0,0,0,0,0,0,0,False,0
us,MTW,1,3,0,2,1,4,3,True,7
us,MTW.NB,0,0,0,0,0,0,0,False,0
us,MTX,1,3,0,2,1,4,3,True,7
us,MTX.NB,0,0,0,0,0,0,0,False,0
us,MTZ,1,3,0,2,1,4,3,True,7
us,MTZ.NB,0,0,0,0,0,0,0,False,0
us,MU,1,0,0,2,1,3,2,False,4
us,MU.NB,0,0,0,0,0,0,0,False,0
us,MUE,1,0,0,2,1,3,2,False,4
us,MUE.NB,0,0,0,0,0,0,0,False,0
us,MUFG,1,3,0,2,1,4,3,True,7
us,MUFG.NB,0,0,0,0,0,0,0,False,0
us,MUR,1,3,0,2,1,4,3,True,7
us,MUR.NB,0,0,0,0,0,0,0,False,0
us,MUSA,1,2,0,2,1,4,3,True,6
us,MUSA.NB,0,0,0,0,0,0,0,False,0
us,MUX,1,3,0,2,1,4,3,True,7
us,MUX.NB,0,0,0,0,0,0,0,False,0
us,MUZE,0,0,0,0,0,0,0,False,0
us,MUZEW,0,0,0,0,0,0,0,False,0
us,MVBF,0,3,0,2,1,3,3,True,6
us,MVBF.NB,0,0,0,0,0,0,0,False,0
us,MVF,1,0,0,2,1,3,2,False,4
us,MVF.NB,0,0,0,0,0,0,0,False,0
us,MVIS,1,3,0,2,1,4,3,True,7
us,MVIS.NB,0,0,0,0,0,0,0,False,0
us,MVRK,0,0,0,0,0,0,0,False,0
us,MVRL,0,0,0,2,1,2,2,False,3
us,MVST,1,0,0,2,1,3,2,False,4
us,MVST.NB,0,0,0,0,0,0,0,False,0
us,MVSTW,0,3,0,2,1,3,3,True,6
us,MVT,1,0,0,2,1,3,2,False,4
us,MVT.NB,0,0,0,0,0,0,0,False,0
us,MWA,1,0,0,2,1,3,2,False,4
us,MWA.NB,0,0,0,0,0,0,0,False,0
us,MWC,0,0,0,0,0,0,0,False,0
us,MWG,1,3,0,2,0,3,2,False,6
us,MWG.NB,0,0,0,0,0,0,0,False,0
us,MWH,1,2,0,0,0,2,1,False,3
us,MWH.NB,0,0,0,0,0,0,0,False,0
us,MWYN,1,0,0,2,0,2,1,False,3
us,MWYN.NB,0,0,0,0,0,0,0,False,0
us,MX,1,3,0,2,1,4,3,True,7
us,MX.NB,0,0,0,0,0,0,0,False,0
us,MXC,1,3,0,2,1,4,3,True,7
us,MXC.NB,0,0,0,0,0,0,0,False,0
us,MXCT,1,3,0,2,1,4,3,True,7
us,MXCT.NB,0,0,0,0,0,0,0,False,0
us,MXL,1,0,0,2,1,3,2,False,4
us,MXL.NB,0,0,0,0,0,0,0,False,0
us,MYD,1,0,0,2,1,3,2,False,4
us,MYD.NB,0,0,0,0,0,0,0,False,0
us,MYE,1,3,0,2,1,4,3,True,7
us,MYE.NB,0,0,0,0,0,0,0,False,0
us,MYFW,0,0,0,2,1,2,2,False,3
us,MYFW.NB,0,0,0,0,0,0,0,False,0
us,MYGN,1,3,0,2,1,4,3,True,7
us,MYGN.NB,0,0,0,0,0,0,0,False,0
us,MYNA,1,0,0,2,0,2,1,False,3
us,MYNA.NB,0,0,0,0,0,0,0,False,0
us,MYND,1,2,0,2,1,4,3,True,6
us,MYND.NB,0,0,0,0,0,0,0,False,0
us,MYNZ,1,3,0,2,1,4,3,True,7
us,MYNZ.NB,0,0,0,0,0,0,0,False,0
us,MYO,1,3,0,2,1,4,3,True,7
us,MYO.NB,0,0,0,0,0,0,0,False,0
us,MYOV.NB,0,0,0,0,0,0,0,False,0
us,MYPS,1,0,0,2,1,3,2,False,4
us,MYPS.NB,0,0,0,0,0,0,0,False,0
us,MYPSW,0,3,0,2,1,3,3,True,6
us,MYRG,1,3,0,2,1,4,3,True,7
us,MYRG.NB,0,0,0,0,0,0,0,False,0
us,MYSE,1,0,0,2,1,3,2,False,4
us,MYSE.NB,0,0,0,0,0,0,0,False,0
us,MYSEW,0,3,0,2,1,3,3,True,6
us,MYSZ,1,3,0,2,1,4,3,True,7
us,MYSZ.NB,0,0,0,0,0,0,0,False,0
us,MYX,1,1,0,0,0,2,1,False,2
us,MYX.NB,0,0,0,0,0,0,0,False,0
us,MYXXR,0,2,0,0,0,1,1,False,2
us,MYXXW,0,2,0,0,0,1,1,False,2
us,MZTI,1,0,0,2,1,3,2,False,4
us,MZTI.NB,0,0,0,0,0,0,0,False,0
us,MZYX,0,0,0,0,0,0,0,False,0
us,MZYX_T,0,0,0,0,0,0,0,False,0
us,,1,3,0,2,1,4,3,True,7
us,NA.NB,0,0,0,0,0,0,0,False,0
us,NAAS,1,2,0,2,1,4,3,True,6
us,NAAS.NB,0,0,0,0,0,0,0,False,0
us,NABL,1,3,0,2,1,4,3,True,7
us,NABL.NB,0,0,0,0,0,0,0,False,0
us,NAGE,1,3,0,2,1,4,3,True,7
us,NAGE.NB,0,0,0,0,0,0,0,False,0
us,NAII,1,0,0,2,1,3,2,False,4
us,NAII.NB,0,0,0,0,0,0,0,False,0
us,NAK,1,2,0,2,1,4,3,True,6
us,NAK.NB,0,0,0,0,0,0,0,False,0
us,NAKA,1,0,0,2,0,2,1,False,3
us,NAKA.NB,0,0,0,0,0,0,0,False,0
us,NALU,0,0,0,0,0,0,0,False,0
us,NAMI,1,3,0,2,0,3,2,False,6
us,NAMI.NB,0,0,0,0,0,0,0,False,0
us,NAMM,1,2,0,2,1,4,3,True,6
us,NAMM.NB,0,0,0,0,0,0,0,False,0
us,NAMMW,0,1,0,2,1,3,3,True,4
us,NAMS,1,0,0,2,1,3,2,False,4
us,NAMS.NB,0,0,0,0,0,0,0,False,0
us,NAMSW,0,3,0,2,1,3,3,True,6
us,NAPA,1,0,0,2,1,3,2,False,4
us,NAPA.NB,0,0,0,0,0,0,0,False,0
us,NARI,1,0,0,2,1,3,2,False,4
us,NARI.NB,0,0,0,0,0,0,0,False,0
us,NAT,1,3,0,2,1,4,3,True,7
us,NAT.NB,0,0,0,0,0,0,0,False,0
us,NATH,1,2,0,2,1,4,3,True,6
us,NATH.NB,0,0,0,0,0,0,0,False,0
us,NATI.NB,0,0,0,0,0,0,0,False,0
us,NATL,1,3,0,2,0,3,2,False,6
us,NATL.NB,0,0,0,0,0,0,0,False,0
us,NATR,1,3,0,2,1,4,3,True,7
us,NATR.NB,0,0,0,0,0,0,0,False,0
us,NAUT,1,2,0,2,1,4,3,True,6
us,NAUT.NB,0,0,0,0,0,0,0,False,0
us,NAVI,1,0,0,2,1,3,2,False,4
us,NAVI.NB,0,0,0,0,0,0,0,False,0
us,NAVN,0,2,0,1,0,2,2,False,3
us,NB,0,0,0,2,1,2,2,False,3
us,NBBK,1,0,0,2,0,2,1,False,3
us,NBBK.NB,0,0,0,0,0,0,0,False,0
us,NBG_PA,0,0,0,0,0,0,0,False,0
us,NBHC,0,3,0,2,1,3,3,True,6
us,NBHC.NB,0,0,0,0,0,0,0,False,0
us,NBIS,1,3,0,2,0,3,2,False,6
us,NBIS.NB,0,0,0,0,0,0,0,False,0
us,NBIX,1,3,0,2,1,4,3,True,7
us,NBIX.NB,0,0,0,0,0,0,0,False,0
us,NBN,0,2,0,2,1,3,3,True,5
us,NBN.NB,0,0,0,0,0,0,0,False,0
us,NBP,1,3,0,2,1,4,3,True,7
us,NBP.NB,0,0,0,0,0,0,0,False,0
us,NBR,1,3,0,2,1,4,3,True,7
us,NBR.NB,0,0,0,0,0,0,0,False,0
us,NBRG,1,0,0,0,0,1,0,False,1
us,NBRG.NB,0,0,0,0,0,0,0,False,0
us,NBRGR,0,0,0,0,0,0,0,False,0
us,NBST,1,0,0,2,1,3,2,False,4
us,NBST.NB,0,0,0,0,0,0,0,False,0
us,NBTB,0,0,0,2,1,2,2,False,3
us,NBTB.NB,0,0,0,0,0,0,0,False,0
us,NBTX,1,2,0,2,1,4,3,True,6
us,NBTX.NB,0,0,0,0,0,0,0,False,0
us,NBY,1,1,0,2,1,4,3,True,5
us,NBY.NB,0,0,0,0,0,0,0,False,0
us,NC,1,3,0,2,1,4,3,True,7
us,NC.NB,0,0,0,0,0,0,0,False,0
us,NCDL,1,3,0,2,0,3,2,False,6
us,NCDL.NB,0,0,0,0,0,0,0,False,0
us,NCEL,1,2,0,2,1,4,3,True,6
us,NCEL.NB,0,0,0,0,0,0,0,False,0
us,NCEW,1,3,0,2,0,3,2,False,6
us,NCEW.NB,0,0,0,0,0,0,0,False,0
us,NCG,0,0,0,0,0,0,0,False,0
us,NCI,1,3,0,2,0,3,2,False,6
us,NCI.NB,0,0,0,0,0,0,0,False,0
us,NCL,1,3,0,2,0,3,2,False,6
us,NCL.NB,0,0,0,0,0,0,0,False,0
us,NCLH,1,3,0,2,1,4,3,True,7
us,NCLH.NB,0,0,0,0,0,0,0,False,0
us,NCMI,1,3,0,2,1,4,3,True,7
us,NCMI.NB,0,0,0,0,0,0,0,False,0
us,NCNA,1,2,0,2,1,4,3,True,6
us,NCNA.NB,0,0,0,0,0,0,0,False,0
us,NCNC,1,1,0,2,0,3,2,False,4
us,NCNC.NB,0,0,0,0,0,0,0,False,0
us,NCNO,1,3,0,2,1,4,3,True,7
us,NCNO.NB,0,0,0,0,0,0,0,False,0
us,NCPL,0,0,0,2,1,2,2,False,3
us,NCPLW,0,0,0,2,1,2,2,False,3
us,NCRA,1,2,0,2,1,4,3,True,6
us,NCRA.NB,0,0,0,0,0,0,0,False,0
us,NCSM,1,1,0,2,1,4,3,True,5
us,NCSM.NB,0,0,0,0,0,0,0,False,0
us,NCT,1,1,0,2,0,3,2,False,4
us,NCT.NB,0,0,0,0,0,0,0,False,0
us,NCTY,1,3,0,2,1,4,3,True,7
us,NCTY.NB,0,0,0,0,0,0,0,False,0
us,NCV,1,0,0,2,1,3,2,False,4
us,NCV.NB,0,0,0,0,0,0,0,False,0
us,NCV_PA,1,0,0,2,1,3,2,False,4
us,NCV_PA.NB,0,0,0,0,0,0,0,False,0
us,NCZ.NB,0,0,0,0,0,0,0,False,0
us,NCZ_PA,1,0,0,2,1,3,2,False,4
us,NCZ_PA.NB,0,0,0,0,0,0,0,False,0
us,NDAQ,1,0,0,2,1,3,2,False,4
us,NDAQ.NB,0,0,0,0,0,0,0,False,0
us,NDLS,1,2,0,2,1,4,3,True,6
us,NDLS.NB,0,0,0,0,0,0,0,False,0
us,NDRA,1,2,0,2,1,4,3,True,6
us,NDRA.NB,0,0,0,0,0,0,0,False,0
us,NDSN,1,0,0,2,1,3,2,False,4
us,NDSN.NB,0,0,0,0,0,0,0,False,0
us,NE,1,0,0,2,1,3,2,False,4
us,NE.NB,0,0,0,0,0,0,0,False,0
us,NECB,0,3,0,2,1,3,3,True,6
us,NECB.NB,0,0,0,0,0,0,0,False,0
us,NEE,1,0,0,2,1,3,2,False,4
us,NEE.NB,0,0,0,0,0,0,0,False,0
us,NEE_PS,0,0,0,2,0,1,1,False,2
us,NEE_PT,0,0,0,2,0,1,1,False,2
us,NEE_PU,0,0,0,2,0,1,1,False,2
us,NEE_PV,0,0,0,0,0,0,0,False,0
us,NEGG,1,2,0,2,1,4,3,True,6
us,NEGG.NB,0,0,0,0,0,0,0,False,0
us,NEM,1,0,0,2,1,3,2,False,4
us,NEM.NB,0,0,0,0,0,0,0,False,0
us,NEN,1,2,0,2,1,4,3,True,6
us,NEN.NB,0,0,0,0,0,0,0,False,0
us,NEO,1,3,0,2,1,4,3,True,7
us,NEO.NB,0,0,0,0,0,0,0,False,0
us,NEOG,1,0,0,2,1,3,2,False,4
us,NEOG.NB,0,0,0,0,0,0,0,False,0
us,NEON,1,3,0,2,1,4,3,True,7
us,NEON.NB,0,0,0,0,0,0,0,False,0
us,NEOV,0,0,0,2,1,2,2,False,3
us,NEOVW,0,0,0,2,1,2,2,False,3
us,NEPH,1,3,0,2,1,4,3,True,7
us,NEPH.NB,0,0,0,0,0,0,0,False,0
us,NEPT.NB,0,0,0,0,0,0,0,False,0
us,NERV,1,1,0,2,1,4,3,True,5
us,NERV.NB,0,0,0,0,0,0,0,False,0
us,NESR,1,3,0,2,1,4,3,True,7
us,NESR.NB,0,0,0,0,0,0,0,False,0
us,NET,1,3,0,2,1,4,3,True,7
us,NET.NB,0,0,0,0,0,0,0,False,0
us,NETD,1,0,0,2,0,2,1,False,3
us,NETD.NB,0,0,0,0,0,0,0,False,0
us,NETI.NB,0,0,0,0,0,0,0,False,0
us,NEU,1,0,0,2,1,3,2,False,4
us,NEU.NB,0,0,0,0,0,0,0,False,0
us,NEUC,0,0,0,0,0,0,0,False,0
us,NEUE,0,0,0,2,1,2,2,False,3
us,NEUP,1,0,0,2,1,3,2,False,4
us,NEUP.NB,0,0,0,0,0,0,0,False,0
us,NEUT,0,0,0,0,0,0,0,False,0
us,NEWP,1,0,0,2,1,3,2,False,4
us,NEWP.NB,0,0,0,0,0,0,0,False,0
us,NEWT,1,0,0,2,1,3,2,False,4
us,NEWT.NB,0,0,0,0,0,0,0,False,0
us,NEWTG,0,3,0,2,0,2,2,False,5
us,NEWTH,0,3,0,0,0,1,1,False,3
us,NEWTI,1,3,0,2,0,3,2,False,6
us,NEWTI.NB,0,0,0,0,0,0,0,False,0
us,NEWTO,0,3,0,0,0,1,1,False,3
us,NEWTP,0,3,0,1,0,2,2,False,4
us,NEX.NB,0,0,0,0,0,0,0,False,0
us,NEXA,1,3,0,2,1,4,3,True,7
us,NEXA.NB,0,0,0,0,0,0,0,False,0
us,NEXM,1,2,0,2,1,4,3,True,6
us,NEXM.NB,0,0,0,0,0,0,0,False,0
us,NEXN,1,2,0,2,1,4,3,True,6
us,NEXN.NB,0,0,0,0,0,0,0,False,0
us,NEXR,1,3,0,2,1,4,3,True,7
us,NEXR.NB,0,0,0,0,0,0,0,False,0
us,NEXRW,0,2,0,2,1,3,3,True,5
us,NEXT,1,2,0,2,1,4,3,True,6
us,NEXT.NB,0,0,0,0,0,0,0,False,0
us,NE_T,0,0,0,2,1,2,2,False,3
us,NE_TA,0,0,0,2,1,2,2,False,3
us,NFBK,0,0,0,2,1,2,2,False,3
us,NFBK.NB,0,0,0,0,0,0,0,False,0
us,NFE,1,3,0,2,1,4,3,True,7
us,NFE.NB,0,0,0,0,0,0,0,False,0
us,NFG,1,0,0,2,1,3,2,False,4
us,NFG.NB,0,0,0,0,0,0,0,False,0
us,NFGC,1,3,0,2,1,4,3,True,7
us,NFGC.NB,0,0,0,0,0,0,0,False,0
us,NFLX,1,1,0,2,1,4,3,True,5
us,NFLX.NB,0,0,0,0,0,0,0,False,0
us,NFYS,0,0,0,2,0,1,1,False,2
us,NG,1,0,0,2,1,3,2,False,4
us,NG.NB,0,0,0,0,0,0,0,False,0
us,NGD,1,0,0,2,1,3,2,False,4
us,NGD.NB,0,0,0,0,0,0,0,False,0
us,NGEN,1,2,0,2,1,4,3,True,6
us,NGEN.NB,0,0,0,0,0,0,0,False,0
us,NGG,1,3,0,2,1,4,3,True,7
us,NGG.NB,0,0,0,0,0,0,0,False,0
us,NGL.NB,0,0,0,0,0,0,0,False,0
us,NGL_PB,1,2,0,2,1,4,3,True,6
us,NGL_PB.NB,0,0,0,0,0,0,0,False,0
us,NGL_PC,1,2,0,2,1,4,3,True,6
us,NGL_PC.NB,0,0,0,0,0,0,0,False,0
us,NGM.NB,0,0,0,0,0,0,0,False,0
us,NGMS.NB,0,0,0,0,0,0,0,False,0
us,NGNE,1,3,0,2,1,4,3,True,7
us,NGNE.NB,0,0,0,0,0,0,0,False,0
us,NGS,1,3,0,2,1,4,3,True,7
us,NGS.NB,0,0,0,0,0,0,0,False,0
us,NGVC,1,0,0,2,1,3,2,False,4
us,NGVC.NB,0,0,0,0,0,0,0,False,0
us,NGVT,1,3,0,2,1,4,3,True,7
us,NGVT.NB,0,0,0,0,0,0,0,False,0
us,NHC,1,3,0,2,1,4,3,True,7
us,NHC.NB,0,0,0,0,0,0,0,False,0
us,NHC_PA,0,0,0,0,0,0,0,False,0
us,NHI,1,3,0,2,1,4,3,True,7
us,NHI.NB,0,0,0,0,0,0,0,False,0
us,NHIC,0,0,0,2,0,1,1,False,2
us,NHIC.NB,0,0,0,0,0,0,0,False,0
us,NHICU,0,2,0,2,0,2,2,False,4
us,NHICW,0,2,0,2,0,2,2,False,4
us,NHIV,0,0,0,0,0,0,0,False,0
us,NHIVW,0,0,0,0,0,0,0,False,0
us,NHP,1,0,0,0,0,1,0,False,1
us,NHP.NB,0,0,0,0,0,0,0,False,0
us,NHPAP,0,0,0,2,1,2,2,False,3
us,NHPBP,0,0,0,2,1,2,2,False,3
us,NHS_R,0,0,0,0,0,0,0,False,0
us,NHS_R_W,0,0,0,0,0,0,0,False,0
us,NHTC,1,0,0,2,1,3,2,False,4
us,NHTC.NB,0,0,0,0,0,0,0,False,0
us,NI,1,3,0,2,1,4,3,True,7
us,NI.NB,0,0,0,0,0,0,0,False,0
us,NIC,0,3,0,2,1,3,3,True,6
us,NIC.NB,0,0,0,0,0,0,0,False,0
us,NICE,1,3,0,2,1,4,3,True,7
us,NICE.NB,0,0,0,0,0,0,0,False,0
us,NICM,0,2,0,0,0,1,1,False,2
us,NIKI,1,3,0,0,0,2,1,False,4
us,NIKI.NB,0,0,0,0,0,0,0,False,0
us,NINE,1,2,0,0,0,2,1,False,3
us,NINE.NB,0,0,0,0,0,0,0,False,0
us,NIO,1,3,0,2,1,4,3,True,7
us,NIO.NB,0,0,0,0,0,0,0,False,0
us,NIOBW,0,0,0,2,1,2,2,False,3
us,NIPG,1,3,0,2,0,3,2,False,6
us,NIPG.NB,0,0,0,0,0,0,0,False,0
us,NIQ,1,3,0,2,0,3,2,False,6
us,NIQ.NB,0,0,0,0,0,0,0,False,0
us,NISN,1,3,0,2,1,4,3,True,7
us,NISN.NB,0,0,0,0,0,0,0,False,0
us,NITO,0,2,0,2,1,3,3,True,5
us,NIU,1,3,0,2,1,4,3,True,7
us,NIU.NB,0,0,0,0,0,0,0,False,0
us,NIVF,1,3,0,2,1,4,3,True,7
us,NIVF.NB,0,0,0,0,0,0,0,False,0
us,NIVFW,0,2,0,2,1,3,3,True,5
us,NIXX,1,0,0,2,1,3,2,False,4
us,NIXX.NB,0,0,0,0,0,0,0,False,0
us,NIXXW,0,3,0,2,1,3,3,True,6
us,NI_PB,1,0,0,0,0,1,0,False,1
us,NI_PB.NB,0,0,0,0,0,0,0,False,0
us,NJR,1,0,0,2,1,3,2,False,4
us,NJR.NB,0,0,0,0,0,0,0,False,0
us,NKE,1,3,0,2,1,4,3,True,7
us,NKE.NB,0,0,0,0,0,0,0,False,0
us,NKGN,1,0,0,2,1,3,2,False,4
us,NKGN.NB,0,0,0,0,0,0,0,False,0
us,NKLR,1,1,0,1,0,3,2,False,3
us,NKLR.NB,0,0,0,0,0,0,0,False,0
us,NKSH,0,3,0,2,1,3,3,True,6
us,NKSH.NB,0,0,0,0,0,0,0,False,0
us,NKTR,1,3,0,2,1,4,3,True,7
us,NKTR.NB,0,0,0,0,0,0,0,False,0
us,NKTX,1,2,0,2,1,4,3,True,6
us,NKTX.NB,0,0,0,0,0,0,0,False,0
us,NL,1,3,0,2,1,4,3,True,7
us,NL.NB,0,0,0,0,0,0,0,False,0
us,NLOP,1,3,0,2,0,3,2,False,6
us,NLOP.NB,0,0,0,0,0,0,0,False,0
us,NLY,1,0,0,2,1,3,2,False,4
us,NLY.NB,0,0,0,0,0,0,0,False,0
us,NLY_PA,0,0,0,0,0,0,0,False,0
us,NLY_PC,0,0,0,0,0,0,0,False,0
us,NLY_PD,0,0,0,0,0,0,0,False,0
us,NLY_PE,0,0,0,0,0,0,0,False,0
us,NLY_PF,1,0,0,2,1,3,2,False,4
us,NLY_PF.NB,0,0,0,0,0,0,0,False,0
us,NLY_PG,1,0,0,2,1,3,2,False,4
us,NLY_PG.NB,0,0,0,0,0,0,0,False,0
us,NLY_PH,0,0,0,0,0,0,0,False,0
us,NLY_PI,1,0,0,2,1,3,2,False,4
us,NLY_PI.NB,0,0,0,0,0,0,0,False,0
us,NLY_PJ,0,0,0,1,0,1,1,False,1
us,NM.NB,0,0,0,0,0,0,0,False,0
us,NMAD,1,0,0,2,1,3,2,False,4
us,NMAD.NB,0,0,0,0,0,0,0,False,0
us,NMAX,1,3,0,2,0,3,2,False,6
us,NMAX.NB,0,0,0,0,0,0,0,False,0
us,NMFC,1,0,0,2,1,3,2,False,4
us,NMFC.NB,0,0,0,0,0,0,0,False,0
us,NMFCZ,0,3,0,2,0,2,2,False,5
us,NMG,1,2,0,2,1,4,3,True,6
us,NMG.NB,0,0,0,0,0,0,0,False,0
us,NMHI,1,0,0,2,1,3,2,False,4
us,NMHI.NB,0,0,0,0,0,0,0,False,0
us,NMIH,1,3,0,2,1,4,3,True,7
us,NMIH.NB,0,0,0,0,0,0,0,False,0
us,NMP,1,0,0,1,0,2,1,False,2
us,NMP.NB,0,0,0,0,0,0,0,False,0
us,NMPAR,0,2,0,1,0,2,2,False,3
us,NMPAU,0,2,0,1,0,2,2,False,3
us,NMR,1,3,0,2,1,4,3,True,7
us,NMR.NB,0,0,0,0,0,0,0,False,0
us,NMRA,1,2,0,2,0,3,2,False,5
us,NMRA.NB,0,0,0,0,0,0,0,False,0
us,NMRD.NB,0,0,0,0,0,0,0,False,0
us,NMRK,1,3,0,2,1,4,3,True,7
us,NMRK.NB,0,0,0,0,0,0,0,False,0
us,NMTC,1,2,0,2,1,4,3,True,6
us,NMTC.NB,0,0,0,0,0,0,0,False,0
us,NMTL,0,0,0,0,0,0,0,False,0
us,NM_PG,0,0,0,2,1,2,2,False,3
us,NM_PH,1,0,0,2,1,3,2,False,4
us,NM_PH.NB,0,0,0,0,0,0,0,False,0
us,NN,1,0,0,2,1,3,2,False,4
us,NN.NB,0,0,0,0,0,0,0,False,0
us,NNAG,1,0,0,1,0,2,1,False,2
us,NNAG.NB,0,0,0,0,0,0,0,False,0
us,NNAVW,0,2,0,2,1,3,3,True,5
us,NNBR,1,3,0,2,1,4,3,True,7
us,NNBR.NB,0,0,0,0,0,0,0,False,0
us,NNDM,1,3,0,2,1,4,3,True,7
us,NNDM.NB,0,0,0,0,0,0,0,False,0
us,NNE,1,0,0,2,0,2,1,False,3
us,NNE.NB,0,0,0,0,0,0,0,False,0
us,NNI,1,3,0,2,1,4,3,True,7
us,NNI.NB,0,0,0,0,0,0,0,False,0
us,NNN,1,3,0,2,1,4,3,True,7
us,NNN.NB,0,0,0,0,0,0,0,False,0
us,NNNN,1,3,0,2,0,3,2,False,6
us,NNNN.NB,0,0,0,0,0,0,0,False,0
us,NNN_PD,0,0,0,0,0,0,0,False,0
us,NNN_PE,0,0,0,0,0,0,0,False,0
us,NNN_PF,1,0,0,0,0,1,0,False,1
us,NNN_PF.NB,0,0,0,0,0,0,0,False,0
us,NNOX,1,3,0,2,1,4,3,True,7
us,NNOX.NB,0,0,0,0,0,0,0,False,0
us,NNVC,1,0,0,2,1,3,2,False,4
us,NNVC.NB,0,0,0,0,0,0,0,False,0
us,NOA,1,3,0,2,1,4,3,True,7
us,NOA.NB,0,0,0,0,0,0,0,False,0
us,NOAH,1,3,0,2,1,4,3,True,7
us,NOAH.NB,0,0,0,0,0,0,0,False,0
us,NOC,1,0,0,2,1,3,2,False,4
us,NOC.NB,0,0,0,0,0,0,0,False,0
us,NODK,1,3,0,2,1,4,3,True,7
us,NODK.NB,0,0,0,0,0,0,0,False,0
us,NOEM,1,0,0,2,0,2,1,False,3
us,NOEM.NB,0,0,0,0,0,0,0,False,0
us,NOEMR,0,2,0,2,0,2,2,False,4
us,NOEMU,0,2,0,2,0,2,2,False,4
us,NOEMW,0,2,0,2,0,2,2,False,4
us,NOG,1,3,0,2,1,4,3,True,7
us,NOG.NB,0,0,0,0,0,0,0,False,0
us,NOK,1,0,0,2,1,3,2,False,4
us,NOK.NB,0,0,0,0,0,0,0,False,0
us,NOMA,1,3,0,1,0,3,2,False,5
us,NOMA.NB,0,0,0,0,0,0,0,False,0
us,NOMD,1,3,0,2,1,4,3,True,7
us,NOMD.NB,0,0,0,0,0,0,0,False,0
us,NOTE,1,3,0,2,1,4,3,True,7
us,NOTE.NB,0,0,0,0,0,0,0,False,0
us,NOTE_T,0,3,0,0,0,1,1,False,3
us,NOTV,1,0,0,2,1,3,2,False,4
us,NOTV.NB,0,0,0,0,0,0,0,False,0
us,NOV,1,1,0,2,1,4,3,True,5
us,NOV.NB,0,0,0,0,0,0,0,False,0
us,NOVA,1,0,0,2,1,3,2,False,4
us,NOVA.NB,0,0,0,0,0,0,0,False,0
us,NOVN.NB,0,0,0,0,0,0,0,False,0
us,NOVS,1,0,0,0,0,1,0,False,1
us,NOVS.NB,0,0,0,0,0,0,0,False,0
us,NOVT,1,0,0,2,1,3,2,False,4
us,NOVT.NB,0,0,0,0,0,0,0,False,0
us,NOVTU,0,3,0,1,0,2,2,False,4
us,NOW,1,0,0,2,1,3,2,False,4
us,NOW.NB,0,0,0,0,0,0,0,False,0
us,NP,1,0,0,1,0,2,1,False,2
us,NP.NB,0,0,0,0,0,0,0,False,0
us,NPAB,1,0,0,2,0,2,1,False,3
us,NPAB.NB,0,0,0,0,0,0,0,False,0
us,NPAC,1,0,0,2,0,2,1,False,3
us,NPAC.NB,0,0,0,0,0,0,0,False,0
us,NPACU,0,0,0,2,0,1,1,False,2
us,NPACW,0,0,0,2,0,1,1,False,2
us,NPB,1,0,0,2,0,2,1,False,3
us,NPB.NB,0,0,0,0,0,0,0,False,0
us,NPCE,1,3,0,2,1,4,3,True,7
us,NPCE.NB,0,0,0,0,0,0,0,False,0
us,NPK,1,3,0,2,1,4,3,True,7
us,NPK.NB,0,0,0,0,0,0,0,False,0
us,NPKI,1,3,0,2,1,4,3,True,7
us,NPKI.NB,0,0,0,0,0,0,0,False,0
us,NPO,1,3,0,2,1,4,3,True,7
us,NPO.NB,0,0,0,0,0,0,0,False,0
us,NPT,1,1,0,1,0,3,2,False,3
us,NPT.NB,0,0,0,0,0,0,0,False,0
us,NPWR,1,0,0,2,1,3,2,False,4
us,NPWR.NB,0,0,0,0,0,0,0,False,0
us,NPWR_T,0,3,0,2,1,3,3,True,6
us,NRC,1,3,0,2,1,4,3,True,7
us,NRC.NB,0,0,0,0,0,0,0,False,0
us,NRDS,1,3,0,2,1,4,3,True,7
us,NRDS.NB,0,0,0,0,0,0,0,False,0
us,NRDY,1,3,0,2,1,4,3,True,7
us,NRDY.NB,0,0,0,0,0,0,0,False,0
us,NREF,1,3,0,2,1,4,3,True,7
us,NREF.NB,0,0,0,0,0,0,0,False,0
us,NREF_PA,1,3,0,2,1,4,3,True,7
us,NREF_PA.NB,0,0,0,0,0,0,0,False,0
us,NRG,1,3,0,2,1,4,3,True,7
us,NRG.NB,0,0,0,0,0,0,0,False,0
us,NRGD,0,3,0,2,0,2,2,False,5
us,NRGD.NB,0,0,0,0,0,0,0,False,0
us,NRGU,0,3,0,2,0,2,2,False,5
us,NRGU.NB,0,0,0,0,0,0,0,False,0
us,NRGV,1,3,0,2,1,4,3,True,7
us,NRGV.NB,0,0,0,0,0,0,0,False,0
us,NRIM,0,0,0,2,1,2,2,False,3
us,NRIM.NB,0,0,0,0,0,0,0,False,0
us,NRIX,1,0,0,2,1,3,2,False,4
us,NRIX.NB,0,0,0,0,0,0,0,False,0
us,NRSN,1,1,0,2,1,4,3,True,5
us,NRSN.NB,0,0,0,0,0,0,0,False,0
us,NRSNW,0,1,0,2,1,3,3,True,4
us,NRUC,1,0,0,2,1,3,2,False,4
us,NRUC.NB,0,0,0,0,0,0,0,False,0
us,NRXP,1,1,0,2,1,4,3,True,5
us,NRXP.NB,0,0,0,0,0,0,0,False,0
us,NRXPW,0,2,0,2,1,3,3,True,5
us,NRXS,1,3,0,2,0,3,2,False,6
us,NRXS.NB,0,0,0,0,0,0,0,False,0
us,NSA,1,3,0,2,1,4,3,True,7
us,NSA.NB,0,0,0,0,0,0,0,False,0
us,NSAL,1,0,0,0,0,1,0,False,1
us,NSAL.NB,0,0,0,0,0,0,0,False,0
us,NSA_PA,1,3,0,2,1,4,3,True,7
us,NSA_PA.NB,0,0,0,0,0,0,0,False,0
us,NSA_PB,1,3,0,2,0,3,2,False,6
us,NSA_PB.NB,0,0,0,0,0,0,0,False,0
us,NSC,1,0,0,2,1,3,2,False,4
us,NSC.NB,0,0,0,0,0,0,0,False,0
us,NSIT,1,3,0,2,1,4,3,True,7
us,NSIT.NB,0,0,0,0,0,0,0,False,0
us,NSLP_PA,0,0,0,0,0,0,0,False,0
us,NSLR,1,0,0,2,1,3,2,False,4
us,NSLR.NB,0,0,0,0,0,0,0,False,0
us,NSP,1,3,0,2,1,4,3,True,7
us,NSP.NB,0,0,0,0,0,0,0,False,0
us,NSPR,1,3,0,2,1,4,3,True,7
us,NSPR.NB,0,0,0,0,0,0,0,False,0
us,NSRX,1,2,0,1,0,3,2,False,4
us,NSRX.NB,0,0,0,0,0,0,0,False,0
us,NSSC,1,1,0,2,1,4,3,True,5
us,NSSC.NB,0,0,0,0,0,0,0,False,0
us,NSTC.NB,0,0,0,0,0,0,0,False,0
us,NSTS,0,3,0,2,1,3,3,True,6
us,NSTS.NB,0,0,0,0,0,0,0,False,0
us,NSYS,1,3,0,2,1,4,3,True,7
us,NSYS.NB,0,0,0,0,0,0,0,False,0
us,NS_PA.NB,0,0,0,0,0,0,0,False,0
us,NS_PC.NB,0,0,0,0,0,0,0,False,0
us,NTAP,1,3,0,2,1,4,3,True,7
us,NTAP.NB,0,0,0,0,0,0,0,False,0
us,NTB,1,1,0,2,1,4,3,True,5
us,NTB.NB,0,0,0,0,0,0,0,False,0
us,NTBL,0,0,0,1,1,2,2,False,2
us,NTCL,1,3,0,2,0,3,2,False,6
us,NTCL.NB,0,0,0,0,0,0,0,False,0
us,NTCT,1,3,0,2,1,4,3,True,7
us,NTCT.NB,0,0,0,0,0,0,0,False,0
us,NTES,1,2,0,2,1,4,3,True,6
us,NTES.NB,0,0,0,0,0,0,0,False,0
us,NTGR,1,1,0,2,1,4,3,True,5
us,NTGR.NB,0,0,0,0,0,0,0,False,0
us,NTHI,1,2,0,2,0,3,2,False,5
us,NTHI.NB,0,0,0,0,0,0,0,False,0
us,NTIC,1,0,0,2,1,3,2,False,4
us,NTIC.NB,0,0,0,0,0,0,0,False,0
us,NTIP,1,3,0,2,1,4,3,True,7
us,NTIP.NB,0,0,0,0,0,0,0,False,0
us,NTLA,1,3,0,2,1,4,3,True,7
us,NTLA.NB,0,0,0,0,0,0,0,False,0
us,NTMJ,0,0,0,0,0,0,0,False,0
us,NTNX,1,1,0,2,1,4,3,True,5
us,NTNX.NB,0,0,0,0,0,0,0,False,0
us,NTR,1,3,0,2,1,4,3,True,7
us,NTR.NB,0,0,0,0,0,0,0,False,0
us,NTRA,1,3,0,2,1,4,3,True,7
us,NTRA.NB,0,0,0,0,0,0,0,False,0
us,NTRB,0,0,0,2,1,2,2,False,3
us,NTRBW,0,3,0,2,1,3,3,True,6
us,NTRP,1,3,0,2,1,4,3,True,7
us,NTRP.NB,0,0,0,0,0,0,0,False,0
us,NTRS,1,0,0,2,1,3,2,False,4
us,NTRS.NB,0,0,0,0,0,0,0,False,0
us,NTRSO,0,0,0,2,1,2,2,False,3
us,NTRSP,1,0,0,0,0,1,0,False,1
us,NTRSP.NB,0,0,0,0,0,0,0,False,0
us,NTSK,0,2,0,1,0,2,2,False,3
us,NTST,1,0,0,2,1,3,2,False,4
us,NTST.NB,0,0,0,0,0,0,0,False,0
us,NTV,0,0,0,0,0,0,0,False,0
us,NTWK,1,0,0,2,1,3,2,False,4
us,NTWK.NB,0,0,0,0,0,0,0,False,0
us,NTWO,1,0,0,2,0,2,1,False,3
us,NTWO.NB,0,0,0,0,0,0,0,False,0
us,NTWOU,0,2,0,2,0,2,2,False,4
us,NTWOW,0,2,0,2,0,2,2,False,4
us,NTZ,1,3,0,2,1,4,3,True,7
us,NTZ.NB,0,0,0,0,0,0,0,False,0
us,NU,1,0,0,2,1,3,2,False,4
us,NU.NB,0,0,0,0,0,0,0,False,0
us,NUAI,1,0,0,2,1,3,2,False,4
us,NUAI.NB,0,0,0,0,0,0,0,False,0
us,NUAIW,0,2,0,2,1,3,3,True,5
us,NUCL,1,0,0,0,0,1,0,False,1
us,NUCL.NB,0,0,0,0,0,0,0,False,0
us,NUCLW,0,0,0,0,0,0,0,False,0
us,NUE,1,2,0,2,1,4,3,True,6
us,NUE.NB,0,0,0,0,0,0,0,False,0
us,NUKK,1,1,0,2,1,4,3,True,5
us,NUKK.NB,0,0,0,0,0,0,0,False,0
us,NUKKW,0,1,0,2,1,3,3,True,4
us,NURO,1,0,0,2,1,3,2,False,4
us,NURO.NB,0,0,0,0,0,0,0,False,0
us,NUS,1,3,0,2,1,4,3,True,7
us,NUS.NB,0,0,0,0,0,0,0,False,0
us,NUTR,1,0,0,1,0,2,1,False,2
us,NUTR.NB,0,0,0,0,0,0,0,False,0
us,NUTX,1,3,0,2,1,4,3,True,7
us,NUTX.NB,0,0,0,0,0,0,0,False,0
us,NUVA.NB,0,0,0,0,0,0,0,False,0
us,NUVB,1,3,0,2,1,4,3,True,7
us,NUVB.NB,0,0,0,0,0,0,0,False,0
us,NUVB_T,0,3,0,0,0,1,1,False,3
us,NUVL,1,2,0,2,1,4,3,True,6
us,NUVL.NB,0,0,0,0,0,0,0,False,0
us,NUVO,0,0,0,2,0,1,1,False,2
us,NUWE,1,3,0,2,1,4,3,True,7
us,NUWE.NB,0,0,0,0,0,0,0,False,0
us,NVA,1,0,0,0,0,1,0,False,1
us,NVA.NB,0,0,0,0,0,0,0,False,0
us,NVAC,1,0,0,2,1,3,2,False,4
us,NVAC.NB,0,0,0,0,0,0,0,False,0
us,NVAWW,0,0,0,2,1,2,2,False,3
us,NVAX,1,2,0,2,1,4,3,True,6
us,NVAX.NB,0,0,0,0,0,0,0,False,0
us,NVCR,1,3,0,2,1,4,3,True,7
us,NVCR.NB,0,0,0,0,0,0,0,False,0
us,NVCT,1,2,0,2,1,4,3,True,6
us,NVCT.NB,0,0,0,0,0,0,0,False,0
us,NVDA,1,3,0,2,1,4,3,True,7
us,NVDA.NB,0,0,0,0,0,0,0,False,0
us,NVEC,1,3,0,2,1,4,3,True,7
us,NVEC.NB,0,0,0,0,0,0,0,False,0
us,NVEE,1,0,0,2,1,3,2,False,4
us,NVEE.NB,0,0,0,0,0,0,0,False,0
us,NVEI,0,0,0,2,1,2,2,False,3
us,NVGS,1,3,0,2,1,4,3,True,7
us,NVGS.NB,0,0,0,0,0,0,0,False,0
us,NVMI,1,3,0,2,1,4,3,True,7
us,NVMI.NB,0,0,0,0,0,0,0,False,0
us,NVNI,1,2,0,2,1,4,3,True,6
us,NVNI.NB,0,0,0,0,0,0,0,False,0
us,NVNIW,0,1,0,2,1,3,3,True,4
us,NVNO,1,2,0,2,1,4,3,True,6
us,NVNO.NB,0,0,0,0,0,0,0,False,0
us,NVO,1,3,0,2,1,4,3,True,7
us,NVO.NB,0,0,0,0,0,0,0,False,0
us,NVOS,1,3,0,2,1,4,3,True,7
us,NVOS.NB,0,0,0,0,0,0,0,False,0
us,NVR,1,0,0,2,1,3,2,False,4
us,NVR.NB,0,0,0,0,0,0,0,False,0
us,NVRI,1,3,0,0,0,2,1,False,4
us,NVRI.NB,0,0,0,0,0,0,0,False,0
us,NVRI_W,0,0,0,0,0,0,0,False,0
us,NVRO,0,0,0,2,1,2,2,False,3
us,NVS,1,0,0,2,1,3,2,False,4
us,NVS.NB,0,0,0,0,0,0,0,False,0
us,NVST,1,3,0,2,1,4,3,True,7
us,NVST.NB,0,0,0,0,0,0,0,False,0
us,NVT,1,3,0,2,1,4,3,True,7
us,NVT.NB,0,0,0,0,0,0,0,False,0
us,NVTS,1,3,0,2,1,4,3,True,7
us,NVTS.NB,0,0,0,0,0,0,0,False,0
us,NVVE,1,2,0,2,1,4,3,True,6
us,NVVE.NB,0,0,0,0,0,0,0,False,0
us,NVVEW,0,2,0,0,0,1,1,False,2
us,NVX,1,3,0,2,1,4,3,True,7
us,NVX.NB,0,0,0,0,0,0,0,False,0
us,NWAX,0,2,0,1,0,2,2,False,3
us,NWAX_T,0,2,0,0,0,1,1,False,2
us,NWAX_U,1,2,0,1,0,3,2,False,4
us,NWAX_U.NB,0,0,0,0,0,0,0,False,0
us,NWBI,0,2,0,2,1,3,3,True,5
us,NWBI.NB,0,0,0,0,0,0,0,False,0
us,NWE,1,1,0,2,1,4,3,True,5
us,NWE.NB,0,0,0,0,0,0,0,False,0
us,NWFL,0,2,0,2,1,3,3,True,5
us,NWFL.NB,0,0,0,0,0,0,0,False,0
us,NWG,0,3,0,2,1,3,3,True,6
us,NWG.NB,0,0,0,0,0,0,0,False,0
us,NWGL,1,3,0,2,0,3,2,False,6
us,NWGL.NB,0,0,0,0,0,0,0,False,0
us,NWL,1,3,0,2,1,4,3,True,7
us,NWL.NB,0,0,0,0,0,0,0,False,0
us,NWLI,1,0,0,2,1,3,2,False,4
us,NWLI.NB,0,0,0,0,0,0,0,False,0
us,NWN,1,3,0,2,1,4,3,True,7
us,NWN.NB,0,0,0,0,0,0,0,False,0
us,NWPX,1,3,0,2,1,4,3,True,7
us,NWPX.NB,0,0,0,0,0,0,0,False,0
us,NWS,1,0,0,2,1,3,2,False,4
us,NWS.NB,0,0,0,0,0,0,0,False,0
us,NWSA,1,0,0,2,1,3,2,False,4
us,NWSA.NB,0,0,0,0,0,0,0,False,0
us,NWTG,1,3,0,2,0,3,2,False,6
us,NWTG.NB,0,0,0,0,0,0,0,False,0
us,NX,1,0,0,2,1,3,2,False,4
us,NX.NB,0,0,0,0,0,0,0,False,0
us,NXB,1,0,0,1,0,2,1,False,2
us,NXB.NB,0,0,0,0,0,0,0,False,0
us,NXDR,1,3,0,2,1,4,3,True,7
us,NXDR.NB,0,0,0,0,0,0,0,False,0
us,NXDT,1,3,0,2,1,4,3,True,7
us,NXDT.NB,0,0,0,0,0,0,0,False,0
us,NXDT_PA,1,3,0,2,1,4,3,True,7
us,NXDT_PA.NB,0,0,0,0,0,0,0,False,0
us,NXE,1,0,0,2,1,3,2,False,4
us,NXE.NB,0,0,0,0,0,0,0,False,0
us,NXGL,1,0,0,2,1,3,2,False,4
us,NXGL.NB,0,0,0,0,0,0,0,False,0
us,NXGLW,0,3,0,2,1,3,3,True,6
us,NXL,1,3,0,2,1,4,3,True,7
us,NXL.NB,0,0,0,0,0,0,0,False,0
us,NXPI,1,3,0,2,1,4,3,True,7
us,NXPI.NB,0,0,0,0,0,0,0,False,0
us,NXPL,1,0,0,2,1,3,2,False,4
us,NXPL.NB,0,0,0,0,0,0,0,False,0
us,NXPLW,0,3,0,2,1,3,3,True,6
us,NXRT,1,3,0,2,1,4,3,True,7
us,NXRT.NB,0,0,0,0,0,0,0,False,0
us,NXST,1,3,0,2,1,4,3,True,7
us,NXST.NB,0,0,0,0,0,0,0,False,0
us,NXT,1,3,0,2,1,4,3,True,7
us,NXT.NB,0,0,0,0,0,0,0,False,0
us,NXTC,1,2,0,2,1,4,3,True,6
us,NXTC.NB,0,0,0,0,0,0,0,False,0
us,NXTS,1,2,0,2,1,4,3,True,6
us,NXTS.NB,0,0,0,0,0,0,0,False,0
us,NXTT,1,2,0,2,1,4,3,True,6
us,NXTT.NB,0,0,0,0,0,0,0,False,0
us,NXU,1,0,0,0,0,1,0,False,1
us,NXU.NB,0,0,0,0,0,0,0,False,0
us,NXXT,1,2,0,2,1,4,3,True,6
us,NXXT.NB,0,0,0,0,0,0,0,False,0
us,NYAX,1,3,0,2,1,4,3,True,7
us,NYAX.NB,0,0,0,0,0,0,0,False,0
us,NYC,1,3,0,2,1,4,3,True,7
us,NYC.NB,0,0,0,0,0,0,0,False,0
us,NYMTP,0,0,0,0,0,0,0,False,0
us,NYT,1,3,0,2,1,4,3,True,7
us,NYT.NB,0,0,0,0,0,0,0,False,0
us,NYXH,1,3,0,2,1,4,3,True,7
us,NYXH.NB,0,0,0,0,0,0,0,False,0
us,O,1,3,0,2,1,4,3,True,7
us,O.NB,0,0,0,0,0,0,0,False,0
us,OABI,1,0,0,2,1,3,2,False,4
us,OABI.NB,0,0,0,0,0,0,0,False,0
us,OABIW,0,3,0,2,1,3,3,True,6
us,OACC,1,0,0,2,0,2,1,False,3
us,OACC.NB,0,0,0,0,0,0,0,False,0
us,OACCU,0,0,0,2,0,1,1,False,2
us,OACCW,0,0,0,2,0,1,1,False,2
us,OAKU,1,0,0,2,0,2,1,False,3
us,OAKU.NB,0,0,0,0,0,0,0,False,0
us,OAKUR,0,0,0,2,0,1,1,False,2
us,OAKUU,0,0,0,1,0,1,1,False,1
us,OAK_PA,1,3,0,2,1,4,3,True,7
us,OAK_PA.NB,0,0,0,0,0,0,0,False,0
us,OAK_PB,1,3,0,2,1,4,3,True,7
us,OAK_PB.NB,0,0,0,0,0,0,0,False,0
us,OB,0,0,0,2,1,2,2,False,3
us,OBA,0,0,0,1,0,1,1,False,1
us,OBAI,1,1,0,0,0,2,1,False,2
us,OBAI.NB,0,0,0,0,0,0,0,False,0
us,OBAWU,0,2,0,1,0,2,2,False,3
us,OBAWW,0,2,0,1,0,2,2,False,3
us,OBDC,1,3,0,2,1,4,3,True,7
us,OBDC.NB,0,0,0,0,0,0,0,False,0
us,OBDE,1,0,0,1,0,2,1,False,2
us,OBDE.NB,0,0,0,0,0,0,0,False,0
us,OBE,1,3,0,2,1,4,3,True,7
us,OBE.NB,0,0,0,0,0,0,0,False,0
us,OBIO,1,3,0,2,1,4,3,True,7
us,OBIO.NB,0,0,0,0,0,0,0,False,0
us,OBK,0,0,0,2,1,2,2,False,3
us,OBK.NB,0,0,0,0,0,0,0,False,0
us,OBSV.NB,0,0,0,0,0,0,0,False,0
us,OBT,0,3,0,2,1,3,3,True,6
us,OBT.NB,0,0,0,0,0,0,0,False,0
us,OC,1,3,0,2,1,4,3,True,7
us,OC.NB,0,0,0,0,0,0,0,False,0
us,OCC,1,2,0,2,1,4,3,True,6
us,OCC.NB,0,0,0,0,0,0,0,False,0
us,OCCI,1,3,0,2,1,4,3,True,7
us,OCCI.NB,0,0,0,0,0,0,0,False,0
us,OCCIM,0,3,0,2,0,2,2,False,5
us,OCCIN,0,3,0,2,1,3,3,True,6
us,OCCIO,0,3,0,2,1,3,3,True,6
us,OCCIP,1,0,0,0,0,1,0,False,1
us,OCCIP.NB,0,0,0,0,0,0,0,False,0
us,OCEA,0,0,0,2,1,2,2,False,3
us,OCFC,0,0,0,2,1,2,2,False,3
us,OCFC.NB,0,0,0,0,0,0,0,False,0
us,OCFCP,0,0,0,2,1,2,2,False,3
us,OCFT,1,0,0,2,1,3,2,False,4
us,OCFT.NB,0,0,0,0,0,0,0,False,0
us,OCG,1,3,0,2,1,4,3,True,7
us,OCG.NB,0,0,0,0,0,0,0,False,0
us,OCGN,1,1,0,2,1,4,3,True,5
us,OCGN.NB,0,0,0,0,0,0,0,False,0
us,OCP,1,0,0,0,0,1,0,False,1
us,OCP.NB,0,0,0,0,0,0,0,False,0
us,OCS,1,0,0,2,1,3,2,False,4
us,OCS.NB,0,0,0,0,0,0,0,False,0
us,OCSAW,0,2,0,2,1,3,3,True,5
us,OCSL,1,0,0,2,1,3,2,False,4
us,OCSL.NB,0,0,0,0,0,0,0,False,0
us,OCTV,0,0,0,0,0,0,0,False,0
us,OCTVV,0,0,0,0,0,0,0,False,0
us,OCUL,1,3,0,2,1,4,3,True,7
us,OCUL.NB,0,0,0,0,0,0,0,False,0
us,ODC,1,1,0,2,1,4,3,True,5
us,ODC.NB,0,0,0,0,0,0,0,False,0
us,ODD,1,3,0,2,0,3,2,False,6
us,ODD.NB,0,0,0,0,0,0,0,False,0
us,ODFL,1,3,0,2,1,4,3,True,7
us,ODFL.NB,0,0,0,0,0,0,0,False,0
us,ODTX,1,1,0,0,0,2,1,False,2
us,ODTX.NB,0,0,0,0,0,0,0,False,0
us,ODV,1,0,0,2,1,3,2,False,4
us,ODV.NB,0,0,0,0,0,0,0,False,0
us,ODVWZ,0,3,0,2,1,3,3,True,6
us,ODYS,1,3,0,2,1,4,3,True,7
us,ODYS.NB,0,0,0,0,0,0,0,False,0
us,OEC,1,3,0,2,1,4,3,True,7
us,OEC.NB,0,0,0,0,0,0,0,False,0
us,OESX,1,3,0,2,1,4,3,True,7
us,OESX.NB,0,0,0,0,0,0,0,False,0
us,OFAL,1,3,0,2,0,3,2,False,6
us,OFAL.NB,0,0,0,0,0,0,0,False,0
us,OFC_PH,0,0,0,0,0,0,0,False,0
us,OFC_PJ,0,0,0,0,0,0,0,False,0
us,OFC_PL,0,0,0,0,0,0,0,False,0
us,OFED.NB,0,0,0,0,0,0,0,False,0
us,OFG,0,3,0,2,1,3,3,True,6
us,OFG.NB,0,0,0,0,0,0,0,False,0
us,OFG_PA,0,0,0,0,0,0,0,False,0
us,OFG_PA.NB,0,0,0,0,0,0,0,False,0
us,OFG_PB,0,0,0,0,0,0,0,False,0
us,OFG_PB.NB,0,0,0,0,0,0,0,False,0
us,OFG_PD,0,0,0,0,0,0,0,False,0
us,OFIX,1,3,0,2,1,4,3,True,7
us,OFIX.NB,0,0,0,0,0,0,0,False,0
us,OFLX,1,3,0,2,1,4,3,True,7
us,OFLX.NB,0,0,0,0,0,0,0,False,0
us,OFRM,1,2,0,0,0,2,1,False,3
us,OFRM.NB,0,0,0,0,0,0,0,False,0
us,OFS,1,0,0,2,1,3,2,False,4
us,OFS.NB,0,0,0,0,0,0,0,False,0
us,OFSSH,0,3,0,2,1,3,3,True,6
us,OFSSO,0,3,0,1,0,2,2,False,4
us,OGC,1,3,0,2,1,4,3,True,7
us,OGC.NB,0,0,0,0,0,0,0,False,0
us,OGCP,1,3,0,2,1,4,3,True,7
us,OGCP.NB,0,0,0,0,0,0,0,False,0
us,OGE,1,2,0,2,1,4,3,True,6
us,OGE.NB,0,0,0,0,0,0,0,False,0
us,OGEN,1,3,0,2,1,4,3,True,7
us,OGEN.NB,0,0,0,0,0,0,0,False,0
us,OGG,1,0,0,2,1,3,2,False,4
us,OGG.NB,0,0,0,0,0,0,0,False,0
us,OGI,1,2,0,2,1,4,3,True,6
us,OGI.NB,0,0,0,0,0,0,0,False,0
us,OGN,1,3,0,2,1,4,3,True,7
us,OGN.NB,0,0,0,0,0,0,0,False,0
us,OGS,1,3,0,2,1,4,3,True,7
us,OGS.NB,0,0,0,0,0,0,0,False,0
us,OHAA.NB,0,0,0,0,0,0,0,False,0
us,OHAC,0,0,0,0,0,0,0,False,0
us,OHACR,0,0,0,0,0,0,0,False,0
us,OHI,1,1,0,2,1,4,3,True,5
us,OHI.NB,0,0,0,0,0,0,0,False,0
us,OI,1,3,0,2,1,4,3,True,7
us,OI.NB,0,0,0,0,0,0,0,False,0
us,OIBRC.NB,0,0,0,0,0,0,0,False,0
us,OII,1,0,0,2,1,3,2,False,4
us,OII.NB,0,0,0,0,0,0,0,False,0
us,OIM,1,1,0,0,0,2,1,False,2
us,OIM.NB,0,0,0,0,0,0,0,False,0
us,OIMAU,0,0,0,0,0,0,0,False,0
us,OIMAW,0,0,0,0,0,0,0,False,0
us,OIO,1,3,0,2,1,4,3,True,7
us,OIO.NB,0,0,0,0,0,0,0,False,0
us,OIOWW,0,3,0,2,1,3,3,True,6
us,OIS,1,3,0,2,1,4,3,True,7
us,OIS.NB,0,0,0,0,0,0,0,False,0
us,OKE,1,0,0,2,1,3,2,False,4
us,OKE.NB,0,0,0,0,0,0,0,False,0
us,OKLO,1,2,0,2,1,4,3,True,6
us,OKLO.NB,0,0,0,0,0,0,0,False,0
us,OKTA,1,3,0,2,1,4,3,True,7
us,OKTA.NB,0,0,0,0,0,0,0,False,0
us,OKUR,1,2,0,2,1,4,3,True,6
us,OKUR.NB,0,0,0,0,0,0,0,False,0
us,OKYO,1,2,0,2,1,4,3,True,6
us,OKYO.NB,0,0,0,0,0,0,0,False,0
us,OLB,1,3,0,2,1,4,3,True,7
us,OLB.NB,0,0,0,0,0,0,0,False,0
us,OLED,1,3,0,2,1,4,3,True,7
us,OLED.NB,0,0,0,0,0,0,0,False,0
us,OLIF,0,0,0,0,0,0,0,False,0
us,OLK,1,0,0,2,1,3,2,False,4
us,OLK.NB,0,0,0,0,0,0,0,False,0
us,OLLI,1,3,0,2,1,4,3,True,7
us,OLLI.NB,0,0,0,0,0,0,0,False,0
us,OLMA,1,2,0,2,1,4,3,True,6
us,OLMA.NB,0,0,0,0,0,0,0,False,0
us,OLN,1,3,0,2,1,4,3,True,7
us,OLN.NB,0,0,0,0,0,0,0,False,0
us,OLOX,1,3,0,2,1,4,3,True,7
us,OLOX.NB,0,0,0,0,0,0,0,False,0
us,OLP,1,3,0,2,1,4,3,True,7
us,OLP.NB,0,0,0,0,0,0,0,False,0
us,OLPX,1,3,0,2,1,4,3,True,7
us,OLPX.NB,0,0,0,0,0,0,0,False,0
us,OM,1,3,0,2,1,4,3,True,7
us,OM.NB,0,0,0,0,0,0,0,False,0
us,OMAB,1,3,0,2,1,4,3,True,7
us,OMAB.NB,0,0,0,0,0,0,0,False,0
us,OMC,1,3,0,2,1,4,3,True,7
us,OMC.NB,0,0,0,0,0,0,0,False,0
us,OMCC,0,0,0,2,1,2,2,False,3
us,OMCL,1,3,0,2,1,4,3,True,7
us,OMCL.NB,0,0,0,0,0,0,0,False,0
us,OMDA,1,3,0,2,0,3,2,False,6
us,OMDA.NB,0,0,0,0,0,0,0,False,0
us,OMER,1,1,0,2,1,4,3,True,5
us,OMER.NB,0,0,0,0,0,0,0,False,0
us,OMEX,1,2,0,2,1,4,3,True,6
us,OMEX.NB,0,0,0,0,0,0,0,False,0
us,OMF,1,3,0,2,1,4,3,True,7
us,OMF.NB,0,0,0,0,0,0,0,False,0
us,OMGA,1,0,0,2,1,3,2,False,4
us,OMGA.NB,0,0,0,0,0,0,0,False,0
us,OMH,1,3,0,2,1,4,3,True,7
us,OMH.NB,0,0,0,0,0,0,0,False,0
us,OMI,1,2,0,2,1,4,3,True,6
us,OMI.NB,0,0,0,0,0,0,0,False,0
us,OMIC,1,0,0,2,1,3,2,False,4
us,OMIC.NB,0,0,0,0,0,0,0,False,0
us,OMQS,1,2,0,2,1,4,3,True,6
us,OMQS.NB,0,0,0,0,0,0,0,False,0
us,OMSE,0,3,0,2,0,2,2,False,5
us,ON,1,3,0,2,1,4,3,True,7
us,ON.NB,0,0,0,0,0,0,0,False,0
us,ONB,0,0,0,2,1,2,2,False,3
us,ONB.NB,0,0,0,0,0,0,0,False,0
us,ONBPO,0,0,0,2,1,2,2,False,3
us,ONBPP,0,0,0,2,1,2,2,False,3
us,ONC,1,3,0,2,1,4,3,True,7
us,ONC.NB,0,0,0,0,0,0,0,False,0
us,ONCH,1,0,0,1,0,2,1,False,2
us,ONCH.NB,0,0,0,0,0,0,0,False,0
us,ONCHU,0,2,0,1,0,2,2,False,3
us,ONCHW,0,2,0,1,0,2,2,False,3
us,ONCO,1,3,0,2,1,4,3,True,7
us,ONCO.NB,0,0,0,0,0,0,0,False,0
us,ONCR.NB,0,0,0,0,0,0,0,False,0
us,ONCT,1,0,0,2,1,3,2,False,4
us,ONCT.NB,0,0,0,0,0,0,0,False,0
us,ONCY,1,0,0,2,1,3,2,False,4
us,ONCY.NB,0,0,0,0,0,0,0,False,0
us,ONDS,1,3,0,2,1,4,3,True,7
us,ONDS.NB,0,0,0,0,0,0,0,False,0
us,ONEG,1,1,0,2,0,3,2,False,4
us,ONEG.NB,0,0,0,0,0,0,0,False,0
us,ONEU,0,0,0,0,0,0,0,False,0
us,ONEW,1,0,0,2,1,3,2,False,4
us,ONEW.NB,0,0,0,0,0,0,0,False,0
us,ONFO,1,1,0,2,1,4,3,True,5
us,ONFO.NB,0,0,0,0,0,0,0,False,0
us,ONFOW,0,3,0,2,1,3,3,True,6
us,ONIT,1,3,0,2,1,4,3,True,7
us,ONIT.NB,0,0,0,0,0,0,0,False,0
us,ONL,1,3,0,2,1,4,3,True,7
us,ONL.NB,0,0,0,0,0,0,0,False,0
us,ONMD,1,0,0,2,1,3,2,False,4
us,ONMD.NB,0,0,0,0,0,0,0,False,0
us,ONMDW,0,2,0,2,1,3,3,True,5
us,ONON,1,3,0,2,1,4,3,True,7
us,ONON.NB,0,0,0,0,0,0,0,False,0
us,ONT,1,1,0,2,1,4,3,True,5
us,ONT.NB,0,0,0,0,0,0,0,False,0
us,ONTF,1,0,0,2,1,3,2,False,4
us,ONTF.NB,0,0,0,0,0,0,0,False,0
us,ONTO,1,3,0,2,1,4,3,True,7
us,ONTO.NB,0,0,0,0,0,0,0,False,0
us,ONYX,1,0,0,2,0,2,1,False,3
us,ONYX.NB,0,0,0,0,0,0,0,False,0
us,OOMA,1,3,0,2,1,4,3,True,7
us,OOMA.NB,0,0,0,0,0,0,0,False,0
us,OPA.NB,0,0,0,0,0,0,0,False,0
us,OPAD,1,3,0,2,1,4,3,True,7
us,OPAD.NB,0,0,0,0,0,0,0,False,0
us,OPAL,1,2,0,2,1,4,3,True,6
us,OPAL.NB,0,0,0,0,0,0,0,False,0
us,OPBK,1,3,0,2,1,4,3,True,7
us,OPBK.NB,0,0,0,0,0,0,0,False,0
us,OPCH,1,3,0,2,1,4,3,True,7
us,OPCH.NB,0,0,0,0,0,0,0,False,0
us,OPEN,1,0,0,2,1,3,2,False,4
us,OPEN.NB,0,0,0,0,0,0,0,False,0
us,OPENL,0,3,0,2,1,3,3,True,6
us,OPENW,0,3,0,2,1,3,3,True,6
us,OPENZ,0,3,0,2,1,3,3,True,6
us,OPFI,1,0,0,2,1,3,2,False,4
us,OPFI.NB,0,0,0,0,0,0,0,False,0
us,OPFI_T,0,3,0,2,1,3,3,True,6
us,OPGN,1,3,0,2,0,3,2,False,6
us,OPGN.NB,0,0,0,0,0,0,0,False,0
us,OPHC,0,3,0,2,1,3,3,True,6
us,OPHC.NB,0,0,0,0,0,0,0,False,0
us,OPI,0,0,0,0,0,0,0,False,0
us,OPK,1,3,0,2,1,4,3,True,7
us,OPK.NB,0,0,0,0,0,0,0,False,0
us,OPLN,1,3,0,2,1,4,3,True,7
us,OPLN.NB,0,0,0,0,0,0,0,False,0
us,OPRA,1,3,0,2,1,4,3,True,7
us,OPRA.NB,0,0,0,0,0,0,0,False,0
us,OPRT,1,3,0,2,1,4,3,True,7
us,OPRT.NB,0,0,0,0,0,0,0,False,0
us,OPRX,1,3,0,2,1,4,3,True,7
us,OPRX.NB,0,0,0,0,0,0,0,False,0
us,OPTH,0,0,0,2,1,2,2,False,3
us,OPTN,0,0,0,2,1,2,2,False,3
us,OPTT,1,2,0,2,1,4,3,True,6
us,OPTT.NB,0,0,0,0,0,0,0,False,0
us,OPTU,1,2,0,2,1,4,3,True,6
us,OPTU.NB,0,0,0,0,0,0,0,False,0
us,OPTX,1,0,0,2,1,3,2,False,4
us,OPTX.NB,0,0,0,0,0,0,0,False,0
us,OPTXW,0,3,0,2,1,3,3,True,6
us,OPXS,1,0,0,2,1,3,2,False,4
us,OPXS.NB,0,0,0,0,0,0,0,False,0
us,OPY,1,3,0,2,1,4,3,True,7
us,OPY.NB,0,0,0,0,0,0,0,False,0
us,OR,1,3,0,2,1,4,3,True,7
us,OR.NB,0,0,0,0,0,0,0,False,0
us,ORA,1,3,0,2,1,4,3,True,7
us,ORA.NB,0,0,0,0,0,0,0,False,0
us,ORAN,1,3,0,2,1,4,3,True,7
us,ORAN.NB,0,0,0,0,0,0,0,False,0
us,ORBS,1,3,0,2,1,4,3,True,7
us,ORBS.NB,0,0,0,0,0,0,0,False,0
us,ORC,1,0,0,2,1,3,2,False,4
us,ORC.NB,0,0,0,0,0,0,0,False,0
us,ORCL,1,3,0,2,1,4,3,True,7
us,ORCL.NB,0,0,0,0,0,0,0,False,0
us,ORCL_PD,0,3,0,2,1,3,3,True,6
us,ORGN,1,0,0,2,1,3,2,False,4
us,ORGN.NB,0,0,0,0,0,0,0,False,0
us,ORGNW,0,3,0,2,1,3,3,True,6
us,ORGO,1,3,0,2,1,4,3,True,7
us,ORGO.NB,0,0,0,0,0,0,0,False,0
us,ORGS,1,2,0,2,1,4,3,True,6
us,ORGS.NB,0,0,0,0,0,0,0,False,0
us,ORI,1,0,0,2,1,3,2,False,4
us,ORI.NB,0,0,0,0,0,0,0,False,0
us,ORIC,1,2,0,2,1,4,3,True,6
us,ORIC.NB,0,0,0,0,0,0,0,False,0
us,ORIE,0,0,0,0,0,0,0,False,0
us,ORIO,1,3,0,2,1,4,3,True,7
us,ORIO.NB,0,0,0,0,0,0,0,False,0
us,ORIQ,0,0,0,1,0,1,1,False,1
us,ORIQU,0,2,0,1,0,2,2,False,3
us,ORIQW,0,2,0,1,0,2,2,False,3
us,ORIS,1,3,0,2,0,3,2,False,6
us,ORIS.NB,0,0,0,0,0,0,0,False,0
us,ORKA,1,2,0,2,1,4,3,True,6
us,ORKA.NB,0,0,0,0,0,0,0,False,0
us,ORKT,1,3,0,2,0,3,2,False,6
us,ORKT.NB,0,0,0,0,0,0,0,False,0
us,ORLA,1,3,0,2,1,4,3,True,7
us,ORLA.NB,0,0,0,0,0,0,0,False,0
us,ORLY,1,2,0,2,1,4,3,True,6
us,ORLY.NB,0,0,0,0,0,0,0,False,0
us,ORMP,1,3,0,2,1,4,3,True,7
us,ORMP.NB,0,0,0,0,0,0,0,False,0
us,ORN,1,0,0,2,1,3,2,False,4
us,ORN.NB,0,0,0,0,0,0,0,False,0
us,ORRF,0,3,0,2,1,3,3,True,6
us,ORRF.NB,0,0,0,0,0,0,0,False,0
us,OS,1,0,0,2,0,2,1,False,3
us,OS.NB,0,0,0,0,0,0,0,False,0
us,OSBC,0,3,0,2,1,3,3,True,6
us,OSBC.NB,0,0,0,0,0,0,0,False,0
us,OSCR,1,3,0,2,1,4,3,True,7
us,OSCR.NB,0,0,0,0,0,0,0,False,0
us,OSG,1,3,0,2,1,4,3,True,7
us,OSG.NB,0,0,0,0,0,0,0,False,0
us,OSI.NB,0,0,0,0,0,0,0,False,0
us,OSIS,1,0,0,2,1,3,2,False,4
us,OSIS.NB,0,0,0,0,0,0,0,False,0
us,OSK,1,3,0,2,1,4,3,True,7
us,OSK.NB,0,0,0,0,0,0,0,False,0
us,OSPN,1,3,0,2,1,4,3,True,7
us,OSPN.NB,0,0,0,0,0,0,0,False,0
us,OSRH,1,0,0,2,1,3,2,False,4
us,OSRH.NB,0,0,0,0,0,0,0,False,0
us,OSRHW,0,3,0,2,0,2,2,False,5
us,OSS,1,2,0,2,1,4,3,True,6
us,OSS.NB,0,0,0,0,0,0,0,False,0
us,OST,1,0,0,2,1,3,2,False,4
us,OST.NB,0,0,0,0,0,0,0,False,0
us,OSTX,1,1,0,2,0,3,2,False,4
us,OSTX.NB,0,0,0,0,0,0,0,False,0
us,OSUR,1,3,0,2,1,4,3,True,7
us,OSUR.NB,0,0,0,0,0,0,0,False,0
us,OSW,1,2,0,2,1,4,3,True,6
us,OSW.NB,0,0,0,0,0,0,0,False,0
us,OTAI,0,0,0,0,0,0,0,False,0
us,OTEX,1,0,0,2,1,3,2,False,4
us,OTEX.NB,0,0,0,0,0,0,0,False,0
us,OTF,1,3,0,2,0,3,2,False,6
us,OTF.NB,0,0,0,0,0,0,0,False,0
us,OTGA,0,1,0,1,0,2,2,False,2
us,OTGAU,0,2,0,1,0,2,2,False,3
us,OTGAW,0,2,0,1,0,2,2,False,3
us,OTH,1,3,0,0,0,2,1,False,4
us,OTH.NB,0,0,0,0,0,0,0,False,0
us,OTIS,1,0,0,2,1,3,2,False,4
us,OTIS.NB,0,0,0,0,0,0,0,False,0
us,OTLK,1,0,0,2,1,3,2,False,4
us,OTLK.NB,0,0,0,0,0,0,0,False,0
us,OTLY,1,3,0,2,1,4,3,True,7
us,OTLY.NB,0,0,0,0,0,0,0,False,0
us,OTRK,1,0,0,2,0,2,1,False,3
us,OTRK.NB,0,0,0,0,0,0,0,False,0
us,OTSA,0,0,0,0,0,0,0,False,0
us,OTTR,1,3,0,2,1,4,3,True,7
us,OTTR.NB,0,0,0,0,0,0,0,False,0
us,OUST,1,3,0,2,1,4,3,True,7
us,OUST.NB,0,0,0,0,0,0,0,False,0
us,OUT,1,3,0,2,1,4,3,True,7
us,OUT.NB,0,0,0,0,0,0,0,False,0
us,OVBC,0,3,0,2,1,3,3,True,6
us,OVBC.NB,0,0,0,0,0,0,0,False,0
us,OVID,1,3,0,2,1,4,3,True,7
us,OVID.NB,0,0,0,0,0,0,0,False,0
us,OVLY,0,0,0,2,1,2,2,False,3
us,OVLY.NB,0,0,0,0,0,0,0,False,0
us,OVV,1,3,0,2,1,4,3,True,7
us,OVV.NB,0,0,0,0,0,0,0,False,0
us,OWL,1,3,0,2,1,4,3,True,7
us,OWL.NB,0,0,0,0,0,0,0,False,0
us,OWLS,1,2,0,1,0,3,2,False,4
us,OWLS.NB,0,0,0,0,0,0,0,False,0
us,OWLT,1,3,0,2,1,4,3,True,7
us,OWLT.NB,0,0,0,0,0,0,0,False,0
us,OXBR,1,0,0,2,1,3,2,False,4
us,OXBR.NB,0,0,0,0,0,0,0,False,0
us,OXBRW,1,3,0,2,1,4,3,True,7
us,OXBRW.NB,0,0,0,0,0,0,0,False,0
us,OXLC,1,3,0,2,1,4,3,True,7
us,OXLC.NB,0,0,0,0,0,0,0,False,0
us,OXLCG,0,0,0,2,0,1,1,False,2
us,OXLCI,0,0,0,2,0,1,1,False,2
us,OXLCL,0,0,0,2,1,2,2,False,3
us,OXLCM,1,3,0,0,0,2,1,False,4
us,OXLCM.NB,0,0,0,0,0,0,0,False,0
us,OXLCN,0,3,0,2,1,3,3,True,6
us,OXLCO,1,3,0,2,1,4,3,True,7
us,OXLCO.NB,0,0,0,0,0,0,0,False,0
us,OXLCP,0,3,0,2,1,3,3,True,6
us,OXLCZ,0,0,0,2,1,2,2,False,3
us,OXM,1,3,0,2,1,4,3,True,7
us,OXM.NB,0,0,0,0,0,0,0,False,0
us,OXSQ,1,0,0,2,1,3,2,False,4
us,OXSQ.NB,0,0,0,0,0,0,0,False,0
us,OXSQG,0,2,0,2,1,3,3,True,5
us,OXSQH,0,2,0,1,0,2,2,False,3
us,OXY,1,0,0,2,1,3,2,False,4
us,OXY.NB,0,0,0,0,0,0,0,False,0
us,OXY_T,0,3,0,2,1,3,3,True,6
us,OYSE,1,0,0,2,0,2,1,False,3
us,OYSE.NB,0,0,0,0,0,0,0,False,0
us,OYSER,0,2,0,1,0,2,2,False,3
us,OYSEU,0,2,0,2,0,2,2,False,4
us,OZK,1,0,0,2,1,3,2,False,4
us,OZK.NB,0,0,0,0,0,0,0,False,0
us,OZKAP,0,0,0,2,1,2,2,False,3
us,O_P,1,0,0,2,1,3,2,False,4
us,O_P.NB,0,0,0,0,0,0,0,False,0
us,O_PE,0,0,0,0,0,0,0,False,0
us,O_PF,0,0,0,0,0,0,0,False,0
us,P,0,3,0,2,1,3,3,True,6
us,PAAC,1,1,0,0,0,2,1,False,2
us,PAAC.NB,0,0,0,0,0,0,0,False,0
us,PAACW,0,1,0,0,0,1,1,False,1
us,PAAS,1,3,0,2,1,4,3,True,7
us,PAAS.NB,0,0,0,0,0,0,0,False,0
us,PAC,1,3,0,2,1,4,3,True,7
us,PAC.NB,0,0,0,0,0,0,0,False,0
us,PACB,1,3,0,2,1,4,3,True,7
us,PACB.NB,0,0,0,0,0,0,0,False,0
us,PACE.NB,0,0,0,0,0,0,0,False,0
us,PACH,1,0,0,1,0,2,1,False,2
us,PACH.NB,0,0,0,0,0,0,0,False,0
us,PACHU,0,2,0,1,0,2,2,False,3
us,PACHW,0,2,0,1,0,2,2,False,3
us,PACK,1,3,0,2,1,4,3,True,7
us,PACK.NB,0,0,0,0,0,0,0,False,0
us,PACS,1,3,0,2,0,3,2,False,6
us,PACS.NB,0,0,0,0,0,0,0,False,0
us,PAG,1,0,0,2,1,3,2,False,4
us,PAG.NB,0,0,0,0,0,0,0,False,0
us,PAGS,1,3,0,2,1,4,3,True,7
us,PAGS.NB,0,0,0,0,0,0,0,False,0
us,PAHC,1,0,0,2,1,3,2,False,4
us,PAHC.NB,0,0,0,0,0,0,0,False,0
us,PAII,0,1,0,1,0,2,2,False,2
us,PAII.NB,0,0,0,0,0,0,0,False,0
us,PAII_T,0,2,0,1,0,2,2,False,3
us,PAII_U,0,2,0,1,0,2,2,False,3
us,PAL,1,3,0,2,0,3,2,False,6
us,PAL.NB,0,0,0,0,0,0,0,False,0
us,PALI,1,2,0,2,1,4,3,True,6
us,PALI.NB,0,0,0,0,0,0,0,False,0
us,PALO,0,0,0,0,0,0,0,False,0
us,PALOW,0,0,0,0,0,0,0,False,0
us,PAM,1,3,0,2,1,4,3,True,7
us,PAM.NB,0,0,0,0,0,0,0,False,0
us,PAMT,1,3,0,2,1,4,3,True,7
us,PAMT.NB,0,0,0,0,0,0,0,False,0
us,PANL,1,3,0,2,1,4,3,True,7
us,PANL.NB,0,0,0,0,0,0,0,False,0
us,PANW,1,0,0,2,1,3,2,False,4
us,PANW.NB,0,0,0,0,0,0,0,False,0
us,PAPA,1,0,0,0,0,1,0,False,1
us,PAPA.NB,0,0,0,0,0,0,0,False,0
us,PAPL,1,0,0,2,0,2,1,False,3
us,PAPL.NB,0,0,0,0,0,0,0,False,0
us,PAR,1,3,0,2,1,4,3,True,7
us,PAR.NB,0,0,0,0,0,0,0,False,0
us,PARAA,0,0,0,2,1,2,2,False,3
us,PARK,1,2,0,1,0,3,2,False,4
us,PARK.NB,0,0,0,0,0,0,0,False,0
us,PARR,1,3,0,2,1,4,3,True,7
us,PARR.NB,0,0,0,0,0,0,0,False,0
us,PASG,1,2,0,2,1,4,3,True,6
us,PASG.NB,0,0,0,0,0,0,0,False,0
us,PASW,1,3,0,2,0,3,2,False,6
us,PASW.NB,0,0,0,0,0,0,0,False,0
us,PATH,1,3,0,2,1,4,3,True,7
us,PATH.NB,0,0,0,0,0,0,0,False,0
us,PATI.NB,0,0,0,0,0,0,0,False,0
us,PATK,1,3,0,2,1,4,3,True,7
us,PATK.NB,0,0,0,0,0,0,0,False,0
us,PAVM,1,3,0,2,1,4,3,True,7
us,PAVM.NB,0,0,0,0,0,0,0,False,0
us,PAVS,1,0,0,2,1,3,2,False,4
us,PAVS.NB,0,0,0,0,0,0,0,False,0
us,PAX,1,3,0,2,1,4,3,True,7
us,PAX.NB,0,0,0,0,0,0,0,False,0
us,PAY,1,3,0,2,1,4,3,True,7
us,PAY.NB,0,0,0,0,0,0,0,False,0
us,PAYC,1,3,0,2,1,4,3,True,7
us,PAYC.NB,0,0,0,0,0,0,0,False,0
us,PAYO,1,3,0,2,1,4,3,True,7
us,PAYO.NB,0,0,0,0,0,0,0,False,0
us,PAYP,0,0,0,0,0,0,0,False,0
us,PAYS,1,3,0,2,1,4,3,True,7
us,PAYS.NB,0,0,0,0,0,0,0,False,0
us,PAYX,1,3,0,2,1,4,3,True,7
us,PAYX.NB,0,0,0,0,0,0,0,False,0
us,PB,0,0,0,2,1,2,2,False,3
us,PB.NB,0,0,0,0,0,0,0,False,0
us,PBA,1,3,0,2,1,4,3,True,7
us,PBA.NB,0,0,0,0,0,0,0,False,0
us,PBF,1,3,0,2,1,4,3,True,7
us,PBF.NB,0,0,0,0,0,0,0,False,0
us,PBFS,1,3,0,2,1,4,3,True,7
us,PBFS.NB,0,0,0,0,0,0,0,False,0
us,PBH,1,3,0,2,1,4,3,True,7
us,PBH.NB,0,0,0,0,0,0,0,False,0
us,PBHC,0,3,0,2,1,3,3,True,6
us,PBHC.NB,0,0,0,0,0,0,0,False,0
us,PBI,1,0,0,2,1,3,2,False,4
us,PBI.NB,0,0,0,0,0,0,0,False,0
us,PBI_P,0,0,0,0,0,0,0,False,0
us,PBI_PB,1,2,0,2,1,4,3,True,6
us,PBI_PB.NB,0,0,0,0,0,0,0,False,0
us,PBK,0,0,0,2,1,2,2,False,3
us,PBLA.NB,0,0,0,0,0,0,0,False,0
us,PBLS,0,0,0,0,0,0,0,False,0
us,PBM,0,2,0,2,1,3,3,True,5
us,PBMWW,0,0,0,2,1,2,2,False,3
us,PBR,1,3,0,2,1,4,3,True,7
us,PBR.NB,0,0,0,0,0,0,0,False,0
us,PBRA,1,3,0,2,1,4,3,True,7
us,PBRA.NB,0,0,0,0,0,0,0,False,0
us,PBYI,1,3,0,2,1,4,3,True,7
us,PBYI.NB,0,0,0,0,0,0,0,False,0
us,PC,1,0,0,2,0,2,1,False,3
us,PC.NB,0,0,0,0,0,0,0,False,0
us,PCAI,0,0,0,0,0,0,0,False,0
us,PCAP,1,0,0,2,0,2,1,False,3
us,PCAP.NB,0,0,0,0,0,0,0,False,0
us,PCAPU,1,2,0,2,0,3,2,False,5
us,PCAPU.NB,0,0,0,0,0,0,0,False,0
us,PCAPW,0,2,0,1,0,2,2,False,3
us,PCAR,1,3,0,2,1,4,3,True,7
us,PCAR.NB,0,0,0,0,0,0,0,False,0
us,PCB,1,3,0,2,1,4,3,True,7
us,PCB.NB,0,0,0,0,0,0,0,False,0
us,PCG,1,0,0,2,1,3,2,False,4
us,PCG.NB,0,0,0,0,0,0,0,False,0
us,PCG_PA,1,0,0,2,1,3,2,False,4
us,PCG_PA.NB,0,0,0,0,0,0,0,False,0
us,PCG_PB,1,0,0,2,1,3,2,False,4
us,PCG_PB.NB,0,0,0,0,0,0,0,False,0
us,PCG_PC,1,0,0,2,1,3,2,False,4
us,PCG_PC.NB,0,0,0,0,0,0,0,False,0
us,PCG_PD,1,0,0,2,1,3,2,False,4
us,PCG_PD.NB,0,0,0,0,0,0,0,False,0
us,PCG_PE,1,0,0,2,1,3,2,False,4
us,PCG_PE.NB,0,0,0,0,0,0,0,False,0
us,PCG_PG,1,0,0,2,1,3,2,False,4
us,PCG_PG.NB,0,0,0,0,0,0,0,False,0
us,PCG_PH,1,0,0,2,1,3,2,False,4
us,PCG_PH.NB,0,0,0,0,0,0,0,False,0
us,PCG_PI,1,0,0,2,1,3,2,False,4
us,PCG_PI.NB,0,0,0,0,0,0,0,False,0
us,PCG_PX,0,0,0,2,0,1,1,False,2
us,PCH,1,0,0,2,1,3,2,False,4
us,PCH.NB,0,0,0,0,0,0,0,False,0
us,PCLA,1,3,0,2,0,3,2,False,6
us,PCLA.NB,0,0,0,0,0,0,0,False,0
us,PCOR,1,3,0,2,1,4,3,True,7
us,PCOR.NB,0,0,0,0,0,0,0,False,0
us,PCRX,1,3,0,2,1,4,3,True,7
us,PCRX.NB,0,0,0,0,0,0,0,False,0
us,PCSA,1,2,0,2,1,4,3,True,6
us,PCSA.NB,0,0,0,0,0,0,0,False,0
us,PCSB.NB,0,0,0,0,0,0,0,False,0
us,PCSC,1,2,0,2,0,3,2,False,5
us,PCSC.NB,0,0,0,0,0,0,0,False,0
us,PCT,1,0,0,2,1,3,2,False,4
us,PCT.NB,0,0,0,0,0,0,0,False,0
us,PCTI.NB,0,0,0,0,0,0,0,False,0
us,PCTTU,0,3,0,2,1,3,3,True,6
us,PCTTW,0,3,0,2,1,3,3,True,6
us,PCTY,1,0,0,2,1,3,2,False,4
us,PCTY.NB,0,0,0,0,0,0,0,False,0
us,PCVX,1,2,0,2,1,4,3,True,6
us,PCVX.NB,0,0,0,0,0,0,0,False,0
us,PCYO,1,0,0,2,1,3,2,False,4
us,PCYO.NB,0,0,0,0,0,0,0,False,0
us,PD,1,3,0,2,1,4,3,True,7
us,PD.NB,0,0,0,0,0,0,0,False,0
us,PDC,1,2,0,2,0,3,2,False,5
us,PDC.NB,0,0,0,0,0,0,0,False,0
us,PDCC,1,3,0,2,0,3,2,False,6
us,PDCC.NB,0,0,0,0,0,0,0,False,0
us,PDCE.NB,0,0,0,0,0,0,0,False,0
us,PDD,1,3,0,2,1,4,3,True,7
us,PDD.NB,0,0,0,0,0,0,0,False,0
us,PDEX,1,0,0,2,1,3,2,False,4
us,PDEX.NB,0,0,0,0,0,0,0,False,0
us,PDFS,1,3,0,2,1,4,3,True,7
us,PDFS.NB,0,0,0,0,0,0,0,False,0
us,PDLB,0,0,0,2,1,2,2,False,3
us,PDLB.NB,0,0,0,0,0,0,0,False,0
us,PDM,1,3,0,2,1,4,3,True,7
us,PDM.NB,0,0,0,0,0,0,0,False,0
us,PDPA,0,3,0,2,0,2,2,False,5
us,PDS,1,3,0,2,1,4,3,True,7
us,PDS.NB,0,0,0,0,0,0,0,False,0
us,PDSB,1,2,0,2,1,4,3,True,6
us,PDSB.NB,0,0,0,0,0,0,0,False,0
us,PDYN,1,0,0,2,1,3,2,False,4
us,PDYN.NB,0,0,0,0,0,0,0,False,0
us,PDYNW,0,3,0,2,1,3,3,True,6
us,PEB,1,3,0,2,1,4,3,True,7
us,PEB.NB,0,0,0,0,0,0,0,False,0
us,PEBK,0,3,0,2,1,3,3,True,6
us,PEBK.NB,0,0,0,0,0,0,0,False,0
us,PEBO,0,1,0,2,1,3,3,True,4
us,PEBO.NB,0,0,0,0,0,0,0,False,0
us,PEB_PA,0,0,0,0,0,0,0,False,0
us,PEB_PB,0,0,0,0,0,0,0,False,0
us,PEB_PC,0,0,0,0,0,0,0,False,0
us,PEB_PD,1,0,0,0,0,1,0,False,1
us,PEB_PD.NB,0,0,0,0,0,0,0,False,0
us,PEB_PE,1,3,0,2,1,4,3,True,7
us,PEB_PE.NB,0,0,0,0,0,0,0,False,0
us,PEB_PF,1,3,0,2,1,4,3,True,7
us,PEB_PF.NB,0,0,0,0,0,0,0,False,0
us,PEB_PG,1,3,0,2,1,4,3,True,7
us,PEB_PG.NB,0,0,0,0,0,0,0,False,0
us,PEB_PH,1,3,0,2,1,4,3,True,7
us,PEB_PH.NB,0,0,0,0,0,0,0,False,0
us,PECE,0,1,0,0,0,1,1,False,1
us,PECER,0,1,0,0,0,1,1,False,1
us,PECEW,0,1,0,0,0,1,1,False,1
us,PECO,1,0,0,2,1,3,2,False,4
us,PECO.NB,0,0,0,0,0,0,0,False,0
us,PED,1,3,0,2,1,4,3,True,7
us,PED.NB,0,0,0,0,0,0,0,False,0
us,PEG,1,3,0,2,1,4,3,True,7
us,PEG.NB,0,0,0,0,0,0,0,False,0
us,PEGA,1,0,0,2,1,3,2,False,4
us,PEGA.NB,0,0,0,0,0,0,0,False,0
us,PELI,0,0,0,1,0,1,1,False,1
us,PELIR,0,0,0,1,0,1,1,False,1
us,PELIU,0,0,0,1,0,1,1,False,1
us,PEN,1,3,0,2,1,4,3,True,7
us,PEN.NB,0,0,0,0,0,0,0,False,0
us,PENG,0,0,0,2,1,2,2,False,3
us,PENN,1,1,0,2,1,4,3,True,5
us,PENN.NB,0,0,0,0,0,0,0,False,0
us,PEP,1,2,0,2,1,4,3,True,6
us,PEP.NB,0,0,0,0,0,0,0,False,0
us,PEPG,1,2,0,2,1,4,3,True,6
us,PEPG.NB,0,0,0,0,0,0,0,False,0
us,PERF,1,0,0,2,1,3,2,False,4
us,PERF.NB,0,0,0,0,0,0,0,False,0
us,PERF_T,0,3,0,0,0,1,1,False,3
us,PERI,1,3,0,2,1,4,3,True,7
us,PERI.NB,0,0,0,0,0,0,0,False,0
us,PESI,1,3,0,2,1,4,3,True,7
us,PESI.NB,0,0,0,0,0,0,0,False,0
us,PET,1,0,0,2,1,3,2,False,4
us,PET.NB,0,0,0,0,0,0,0,False,0
us,PETQ,1,0,0,2,1,3,2,False,4
us,PETQ.NB,0,0,0,0,0,0,0,False,0
us,PETS,1,3,0,2,1,4,3,True,7
us,PETS.NB,0,0,0,0,0,0,0,False,0
us,PETZ,1,3,0,2,1,4,3,True,7
us,PETZ.NB,0,0,0,0,0,0,0,False,0
us,PEV,1,0,0,2,1,3,2,False,4
us,PEV.NB,0,0,0,0,0,0,0,False,0
us,PEW,1,0,0,2,0,2,1,False,3
us,PEW.NB,0,0,0,0,0,0,0,False,0
us,PEW_T,0,2,0,2,0,2,2,False,4
us,PFAB,1,0,0,0,0,1,0,False,1
us,PFAB.NB,0,0,0,0,0,0,0,False,0
us,PFAI,1,3,0,2,0,3,2,False,6
us,PFAI.NB,0,0,0,0,0,0,0,False,0
us,PFBC,0,0,0,2,1,2,2,False,3
us,PFBC.NB,0,0,0,0,0,0,0,False,0
us,PFC,0,0,0,2,1,2,2,False,3
us,PFC.NB,0,0,0,0,0,0,0,False,0
us,PFE,1,3,0,2,1,4,3,True,7
us,PFE.NB,0,0,0,0,0,0,0,False,0
us,PFFL,1,0,0,2,1,3,2,False,4
us,PFFL.NB,0,0,0,0,0,0,0,False,0
us,PFG,1,0,0,2,1,3,2,False,4
us,PFG.NB,0,0,0,0,0,0,0,False,0
us,PFGC,1,0,0,2,1,3,2,False,4
us,PFGC.NB,0,0,0,0,0,0,0,False,0
us,PFG_PB,0,0,0,0,0,0,0,False,0
us,PFH,0,3,0,2,1,3,3,True,6
us,PFIE,1,0,0,2,1,3,2,False,4
us,PFIE.NB,0,0,0,0,0,0,0,False,0
us,PFIS,0,3,0,2,1,3,3,True,6
us,PFIS.NB,0,0,0,0,0,0,0,False,0
us,PFLA,0,0,0,0,0,0,0,False,0
us,PFLT,1,0,0,2,1,3,2,False,4
us,PFLT.NB,0,0,0,0,0,0,0,False,0
us,PFS,1,3,0,2,1,4,3,True,7
us,PFS.NB,0,0,0,0,0,0,0,False,0
us,PFSA,1,1,0,2,1,4,3,True,5
us,PFSA.NB,0,0,0,0,0,0,0,False,0
us,PFSI,1,3,0,2,1,4,3,True,7
us,PFSI.NB,0,0,0,0,0,0,0,False,0
us,PFTA,1,0,0,2,0,2,1,False,3
us,PFTA.NB,0,0,0,0,0,0,0,False,0
us,PFX,1,0,0,2,1,3,2,False,4
us,PFX.NB,0,0,0,0,0,0,0,False,0
us,PFXNZ,0,0,0,2,1,2,2,False,3
us,PG,1,0,0,2,1,3,2,False,4
us,PG.NB,0,0,0,0,0,0,0,False,0
us,PGAC,1,0,0,2,0,2,1,False,3
us,PGAC.NB,0,0,0,0,0,0,0,False,0
us,PGACR,0,2,0,2,0,2,2,False,4
us,PGACU,0,2,0,2,0,2,2,False,4
us,PGC,0,3,0,2,1,3,3,True,6
us,PGC.NB,0,0,0,0,0,0,0,False,0
us,PGEN,1,3,0,2,1,4,3,True,7
us,PGEN.NB,0,0,0,0,0,0,0,False,0
us,PGNY,1,3,0,2,1,4,3,True,7
us,PGNY.NB,0,0,0,0,0,0,0,False,0
us,PGR,1,0,0,2,1,3,2,False,4
us,PGR.NB,0,0,0,0,0,0,0,False,0
us,PGRE,1,0,0,2,1,3,2,False,4
us,PGRE.NB,0,0,0,0,0,0,0,False,0
us,PGRU,0,0,0,2,1,2,2,False,3
us,PGY,1,0,0,2,1,3,2,False,4
us,PGY.NB,0,0,0,0,0,0,0,False,0
us,PGYWW,0,3,0,2,1,3,3,True,6
us,PH,1,0,0,2,1,3,2,False,4
us,PH.NB,0,0,0,0,0,0,0,False,0
us,PHAR,0,3,0,2,1,3,3,True,6
us,PHAT,1,2,0,2,1,4,3,True,6
us,PHAT.NB,0,0,0,0,0,0,0,False,0
us,PHG,1,3,0,2,1,4,3,True,7
us,PHG.NB,0,0,0,0,0,0,0,False,0
us,PHGE,1,1,0,2,1,4,3,True,5
us,PHGE.NB,0,0,0,0,0,0,0,False,0
us,PHH,1,3,0,2,0,3,2,False,6
us,PHH.NB,0,0,0,0,0,0,0,False,0
us,PHI,1,3,0,2,1,4,3,True,7
us,PHI.NB,0,0,0,0,0,0,0,False,0
us,PHIN,1,3,0,2,0,3,2,False,6
us,PHIN.NB,0,0,0,0,0,0,0,False,0
us,PHIO,1,2,0,2,1,4,3,True,6
us,PHIO.NB,0,0,0,0,0,0,0,False,0
us,PHLT,0,0,0,2,1,2,2,False,3
us,PHM,1,0,0,2,1,3,2,False,4
us,PHM.NB,0,0,0,0,0,0,0,False,0
us,PHOE,1,1,0,2,0,3,2,False,4
us,PHOE.NB,0,0,0,0,0,0,0,False,0
us,PHR,1,3,0,2,1,4,3,True,7
us,PHR.NB,0,0,0,0,0,0,0,False,0
us,PHUN,1,3,0,2,1,4,3,True,7
us,PHUN.NB,0,0,0,0,0,0,0,False,0
us,PHVS,1,2,0,2,1,4,3,True,6
us,PHVS.NB,0,0,0,0,0,0,0,False,0
us,PHX,0,0,0,2,1,2,2,False,3
us,PHXE_P,0,0,0,1,0,1,1,False,1
us,PHYT,1,0,0,0,1,2,1,False,2
us,PHYT.NB,0,0,0,0,0,0,0,False,0
us,PI,1,0,0,2,1,3,2,False,4
us,PI.NB,0,0,0,0,0,0,0,False,0
us,PICC.NB,0,0,0,0,0,0,0,False,0
us,PICS,1,0,0,0,0,1,0,False,1
us,PICS.NB,0,0,0,0,0,0,0,False,0
us,PICW,1,0,0,0,0,1,0,False,1
us,PICW.NB,0,0,0,0,0,0,0,False,0
us,PII,1,3,0,2,1,4,3,True,7
us,PII.NB,0,0,0,0,0,0,0,False,0
us,PIII,1,0,0,2,1,3,2,False,4
us,PIII.NB,0,0,0,0,0,0,0,False,0
us,PIIIW,0,2,0,2,1,3,3,True,5
us,PIK,1,1,0,2,0,3,2,False,4
us,PIK.NB,0,0,0,0,0,0,0,False,0
us,PINE,1,0,0,2,1,3,2,False,4
us,PINE.NB,0,0,0,0,0,0,0,False,0
us,PINE_PA,1,0,0,1,0,2,1,False,2
us,PINE_PA.NB,0,0,0,0,0,0,0,False,0
us,PINS,1,3,0,2,1,4,3,True,7
us,PINS.NB,0,0,0,0,0,0,0,False,0
us,PIPR,1,3,0,2,1,4,3,True,7
us,PIPR.NB,0,0,0,0,0,0,0,False,0
us,PITA,0,0,0,2,1,2,2,False,3
us,PIXY,1,0,0,2,1,3,2,False,4
us,PIXY.NB,0,0,0,0,0,0,0,False,0
us,PJT,1,3,0,2,1,4,3,True,7
us,PJT.NB,0,0,0,0,0,0,0,False,0
us,PK,1,3,0,2,1,4,3,True,7
us,PK.NB,0,0,0,0,0,0,0,False,0
us,PKBK,0,0,0,2,1,2,2,False,3
us,PKBK.NB,0,0,0,0,0,0,0,False,0
us,PKCD,0,0,0,0,0,0,0,False,0
us,PKE,1,3,0,2,1,4,3,True,7
us,PKE.NB,0,0,0,0,0,0,0,False,0
us,PKG,1,1,0,2,1,4,3,True,5
us,PKG.NB,0,0,0,0,0,0,0,False,0
us,PKOH,1,3,0,2,1,4,3,True,7
us,PKOH.NB,0,0,0,0,0,0,0,False,0
us,PKST,1,3,0,2,0,3,2,False,6
us,PKST.NB,0,0,0,0,0,0,0,False,0
us,PKX,1,3,0,2,1,4,3,True,7
us,PKX.NB,0,0,0,0,0,0,0,False,0
us,PL,1,0,0,2,1,3,2,False,4
us,PL.NB,0,0,0,0,0,0,0,False,0
us,PLAB,1,0,0,2,1,3,2,False,4
us,PLAB.NB,0,0,0,0,0,0,0,False,0
us,PLAG,1,2,0,2,1,4,3,True,6
us,PLAG.NB,0,0,0,0,0,0,0,False,0
us,PLAN.NB,0,0,0,0,0,0,0,False,0
us,PLAO,1,0,0,2,0,2,1,False,3
us,PLAO.NB,0,0,0,0,0,0,0,False,0
us,PLAY,1,3,0,2,1,4,3,True,7
us,PLAY.NB,0,0,0,0,0,0,0,False,0
us,PLBC,0,0,0,2,1,2,2,False,3
us,PLBC.NB,0,0,0,0,0,0,0,False,0
us,PLBL,1,1,0,2,0,3,2,False,4
us,PLBL.NB,0,0,0,0,0,0,0,False,0
us,PLBY,1,3,0,2,1,4,3,True,7
us,PLBY.NB,0,0,0,0,0,0,0,False,0
us,PLCE,1,2,0,2,1,4,3,True,6
us,PLCE.NB,0,0,0,0,0,0,0,False,0
us,PLD,1,0,0,2,1,3,2,False,4
us,PLD.NB,0,0,0,0,0,0,0,False,0
us,PLD_PL,0,0,0,0,0,0,0,False,0
us,PLD_PO,0,0,0,0,0,0,0,False,0
us,PLD_PP,0,0,0,0,0,0,0,False,0
us,PLD_PR,0,0,0,0,0,0,0,False,0
us,PLD_PS,0,0,0,0,0,0,0,False,0
us,PLG,1,1,0,2,1,4,3,True,5
us,PLG.NB,0,0,0,0,0,0,0,False,0
us,PLGO,1,3,0,2,0,3,2,False,6
us,PLGO.NB,0,0,0,0,0,0,0,False,0
us,PLL,1,0,0,2,1,3,2,False,4
us,PLL.NB,0,0,0,0,0,0,0,False,0
us,PLM.NB,0,0,0,0,0,0,0,False,0
us,PLMJ,0,0,0,2,1,2,2,False,3
us,PLMK,1,0,0,2,0,2,1,False,3
us,PLMK.NB,0,0,0,0,0,0,0,False,0
us,PLMKU,1,2,0,2,0,3,2,False,5
us,PLMKU.NB,0,0,0,0,0,0,0,False,0
us,PLMKW,0,2,0,2,0,2,2,False,4
us,PLMR,1,3,0,2,1,4,3,True,7
us,PLMR.NB,0,0,0,0,0,0,0,False,0
us,PLNT,1,2,0,2,1,4,3,True,6
us,PLNT.NB,0,0,0,0,0,0,0,False,0
us,PLOW,1,3,0,2,1,4,3,True,7
us,PLOW.NB,0,0,0,0,0,0,0,False,0
us,PLPC,1,1,0,2,1,4,3,True,5
us,PLPC.NB,0,0,0,0,0,0,0,False,0
us,PLRX,1,3,0,2,1,4,3,True,7
us,PLRX.NB,0,0,0,0,0,0,0,False,0
us,PLRZ,1,2,0,2,0,3,2,False,5
us,PLRZ.NB,0,0,0,0,0,0,0,False,0
us,PLSE,1,3,0,2,1,4,3,True,7
us,PLSE.NB,0,0,0,0,0,0,0,False,0
us,PLSM,1,3,0,2,1,4,3,True,7
us,PLSM.NB,0,0,0,0,0,0,0,False,0
us,PLTK,1,2,0,2,1,4,3,True,6
us,PLTK.NB,0,0,0,0,0,0,0,False,0
us,PLTR,1,3,0,2,1,4,3,True,7
us,PLTR.NB,0,0,0,0,0,0,0,False,0
us,PLTS,0,0,0,1,0,1,1,False,1
us,PLUG,1,3,0,2,1,4,3,True,7
us,PLUG.NB,0,0,0,0,0,0,0,False,0
us,PLUN,0,1,0,0,0,1,1,False,1
us,PLUN_R,0,1,0,0,0,1,1,False,1
us,PLUR,1,0,0,2,1,3,2,False,4
us,PLUR.NB,0,0,0,0,0,0,0,False,0
us,PLUS,1,3,0,2,1,4,3,True,7
us,PLUS.NB,0,0,0,0,0,0,0,False,0
us,PLUT,1,3,0,2,0,3,2,False,6
us,PLUT.NB,0,0,0,0,0,0,0,False,0
us,PLX,1,3,0,2,1,4,3,True,7
us,PLX.NB,0,0,0,0,0,0,0,False,0
us,PLXS,1,0,0,2,1,3,2,False,4
us,PLXS.NB,0,0,0,0,0,0,0,False,0
us,PLYA,1,0,0,2,1,3,2,False,4
us,PLYA.NB,0,0,0,0,0,0,0,False,0
us,PLYM,1,0,0,2,1,3,2,False,4
us,PLYM.NB,0,0,0,0,0,0,0,False,0
us,PLYX,1,0,0,0,0,1,0,False,1
us,PLYX.NB,0,0,0,0,0,0,0,False,0
us,PL_T,0,3,0,0,0,1,1,False,3
us,PM,1,0,0,2,1,3,2,False,4
us,PM.NB,0,0,0,0,0,0,0,False,0
us,PMA,0,1,0,2,0,2,2,False,3
us,PMAX,1,3,0,2,0,3,2,False,6
us,PMAX.NB,0,0,0,0,0,0,0,False,0
us,PMCB,1,0,0,2,1,3,2,False,4
us,PMCB.NB,0,0,0,0,0,0,0,False,0
us,PMD,1,1,0,2,1,4,3,True,5
us,PMD.NB,0,0,0,0,0,0,0,False,0
us,PMEC,1,1,0,2,0,3,2,False,4
us,PMEC.NB,0,0,0,0,0,0,0,False,0
us,PMI,1,3,0,1,0,3,2,False,5
us,PMI.NB,0,0,0,0,0,0,0,False,0
us,PMN,1,1,0,2,1,4,3,True,5
us,PMN.NB,0,0,0,0,0,0,0,False,0
us,PMNT,1,2,0,2,0,3,2,False,5
us,PMNT.NB,0,0,0,0,0,0,0,False,0
us,PMT,1,0,0,2,1,3,2,False,4
us,PMT.NB,0,0,0,0,0,0,0,False,0
us,PMTR,1,0,0,2,0,2,1,False,3
us,PMTR.NB,0,0,0,0,0,0,0,False,0
us,PMTRU,0,2,0,2,0,2,2,False,4
us,PMTRW,0,2,0,1,0,2,2,False,3
us,PMTS,1,2,0,2,1,4,3,True,6
us,PMTS.NB,0,0,0,0,0,0,0,False,0
us,PMTU,0,3,0,2,0,2,2,False,5
us,PMTV,0,3,0,2,0,2,2,False,5
us,PMTW,0,3,0,0,0,1,1,False,3
us,PMT_PA,1,3,0,2,1,4,3,True,7
us,PMT_PA.NB,0,0,0,0,0,0,0,False,0
us,PMT_PB,1,3,0,2,1,4,3,True,7
us,PMT_PB.NB,0,0,0,0,0,0,0,False,0
us,PMT_PC,1,3,0,2,1,4,3,True,7
us,PMT_PC.NB,0,0,0,0,0,0,0,False,0
us,PMVC.NB,0,0,0,0,0,0,0,False,0
us,PMVP,1,2,0,2,1,4,3,True,6
us,PMVP.NB,0,0,0,0,0,0,0,False,0
us,PN,1,3,0,2,0,3,2,False,6
us,PN.NB,0,0,0,0,0,0,0,False,0
us,PNBK,0,3,0,2,1,3,3,True,6
us,PNBK.NB,0,0,0,0,0,0,0,False,0
us,PNC,0,0,0,2,1,2,2,False,3
us,PNC.NB,0,0,0,0,0,0,0,False,0
us,PNC_PP,0,0,0,0,0,0,0,False,0
us,PNC_PP.NB,0,0,0,0,0,0,0,False,0
us,PNC_PQ,0,0,0,0,0,0,0,False,0
us,PNC_PQ.NB,0,0,0,0,0,0,0,False,0
us,PNFP,0,0,0,2,1,2,2,False,3
us,PNFP.NB,0,0,0,0,0,0,0,False,0
us,PNFPP,0,0,0,2,1,2,2,False,3
us,PNFP_PA,0,0,0,1,0,1,1,False,1
us,PNFP_PB,0,0,0,1,0,1,1,False,1
us,PNFP_PC,0,0,0,1,0,1,1,False,1
us,PNIG,0,0,0,0,0,0,0,False,0
us,PNNT,1,0,0,2,1,3,2,False,4
us,PNNT.NB,0,0,0,0,0,0,0,False,0
us,PNR,1,3,0,2,1,4,3,True,7
us,PNR.NB,0,0,0,0,0,0,0,False,0
us,PNRG,1,3,0,2,1,4,3,True,7
us,PNRG.NB,0,0,0,0,0,0,0,False,0
us,PNRL.NB,0,0,0,0,0,0,0,False,0
us,PNST,1,0,0,2,1,3,2,False,4
us,PNST.NB,0,0,0,0,0,0,0,False,0
us,PNTG,1,3,0,2,1,4,3,True,7
us,PNTG.NB,0,0,0,0,0,0,0,False,0
us,PNW,1,3,0,2,1,4,3,True,7
us,PNW.NB,0,0,0,0,0,0,0,False,0
us,POAS,1,1,0,1,0,3,2,False,3
us,POAS.NB,0,0,0,0,0,0,0,False,0
us,POCH,0,0,0,0,0,0,0,False,0
us,POCI,1,0,0,2,1,3,2,False,4
us,POCI.NB,0,0,0,0,0,0,0,False,0
us,PODC,1,3,0,2,0,3,2,False,6
us,PODC.NB,0,0,0,0,0,0,0,False,0
us,PODD,1,3,0,2,1,4,3,True,7
us,PODD.NB,0,0,0,0,0,0,0,False,0
us,POET,1,3,0,2,1,4,3,True,7
us,POET.NB,0,0,0,0,0,0,0,False,0
us,POGO,0,0,0,0,0,0,0,False,0
us,POLA,1,3,0,2,1,4,3,True,7
us,POLA.NB,0,0,0,0,0,0,0,False,0
us,POLE,1,0,0,2,0,2,1,False,3
us,POLE.NB,0,0,0,0,0,0,0,False,0
us,POLEU,0,2,0,2,0,2,2,False,4
us,POLEW,0,2,0,2,0,2,2,False,4
us,POM,1,2,0,1,0,3,2,False,4
us,POM.NB,0,0,0,0,0,0,0,False,0
us,PONO,0,0,0,0,0,0,0,False,0
us,PONOR,0,0,0,0,0,0,0,False,0
us,PONY,1,3,0,2,0,3,2,False,6
us,PONY.NB,0,0,0,0,0,0,0,False,0
us,POOL,1,1,0,2,1,4,3,True,5
us,POOL.NB,0,0,0,0,0,0,0,False,0
us,POR,1,3,0,2,1,4,3,True,7
us,POR.NB,0,0,0,0,0,0,0,False,0
us,POST,1,0,0,2,1,3,2,False,4
us,POST.NB,0,0,0,0,0,0,0,False,0
us,POWI,1,3,0,2,1,4,3,True,7
us,POWI.NB,0,0,0,0,0,0,0,False,0
us,POWL,1,0,0,2,1,3,2,False,4
us,POWL.NB,0,0,0,0,0,0,0,False,0
us,POWW,1,3,0,2,1,4,3,True,7
us,POWW.NB,0,0,0,0,0,0,0,False,0
us,POWWP,0,3,0,2,1,3,3,True,6
us,PPBI,0,0,0,2,1,2,2,False,3
us,PPBI.NB,0,0,0,0,0,0,0,False,0
us,PPBT,1,2,0,2,1,4,3,True,6
us,PPBT.NB,0,0,0,0,0,0,0,False,0
us,PPC,1,3,0,2,1,4,3,True,7
us,PPC.NB,0,0,0,0,0,0,0,False,0
us,PPCB,1,1,0,2,1,4,3,True,5
us,PPCB.NB,0,0,0,0,0,0,0,False,0
us,PPG,1,3,0,2,1,4,3,True,7
us,PPG.NB,0,0,0,0,0,0,0,False,0
us,PPHC,1,3,0,2,1,4,3,True,7
us,PPHC.NB,0,0,0,0,0,0,0,False,0
us,PPIH,1,3,0,2,1,4,3,True,7
us,PPIH.NB,0,0,0,0,0,0,0,False,0
us,PPL,1,0,0,2,1,3,2,False,4
us,PPL.NB,0,0,0,0,0,0,0,False,0
us,PPLI,1,2,0,2,1,4,3,True,6
us,PPLI.NB,0,0,0,0,0,0,0,False,0
us,PPSI,1,3,0,2,1,4,3,True,7
us,PPSI.NB,0,0,0,0,0,0,0,False,0
us,PPTA,1,2,0,2,1,4,3,True,6
us,PPTA.NB,0,0,0,0,0,0,0,False,0
us,PPYA,0,0,0,2,0,1,1,False,2
us,PR,1,3,0,2,1,4,3,True,7
us,PR.NB,0,0,0,0,0,0,0,False,0
us,PRA,1,3,0,2,1,4,3,True,7
us,PRA.NB,0,0,0,0,0,0,0,False,0
us,PRAA,1,3,0,2,1,4,3,True,7
us,PRAA.NB,0,0,0,0,0,0,0,False,0
us,PRAG,0,0,0,0,0,0,0,False,0
us,PRAX,1,3,0,2,1,4,3,True,7
us,PRAX.NB,0,0,0,0,0,0,0,False,0
us,PRCH,1,2,0,2,1,4,3,True,6
us,PRCH.NB,0,0,0,0,0,0,0,False,0
us,PRCT,1,1,0,2,1,4,3,True,5
us,PRCT.NB,0,0,0,0,0,0,0,False,0
us,PRDO,1,3,0,2,1,4,3,True,7
us,PRDO.NB,0,0,0,0,0,0,0,False,0
us,PRE,1,3,0,2,1,4,3,True,7
us,PRE.NB,0,0,0,0,0,0,0,False,0
us,PRENW,0,3,0,2,1,3,3,True,6
us,PRE_PJ,1,0,0,2,1,3,2,False,4
us,PRE_PJ.NB,0,0,0,0,0,0,0,False,0
us,PRFT,1,0,0,2,1,3,2,False,4
us,PRFT.NB,0,0,0,0,0,0,0,False,0
us,PRFX,1,3,0,2,1,4,3,True,7
us,PRFX.NB,0,0,0,0,0,0,0,False,0
us,PRG,1,0,0,2,1,3,2,False,4
us,PRG.NB,0,0,0,0,0,0,0,False,0
us,PRGO,1,3,0,2,1,4,3,True,7
us,PRGO.NB,0,0,0,0,0,0,0,False,0
us,PRGS,1,0,0,2,1,3,2,False,4
us,PRGS.NB,0,0,0,0,0,0,0,False,0
us,PRH,1,3,0,2,1,4,3,True,7
us,PRH.NB,0,0,0,0,0,0,0,False,0
us,PRHI,1,0,0,2,1,3,2,False,4
us,PRHI.NB,0,0,0,0,0,0,0,False,0
us,PRHIZ,0,3,0,2,0,2,2,False,5
us,PRI,1,3,0,2,1,4,3,True,7
us,PRI.NB,0,0,0,0,0,0,0,False,0
us,PRIF_PA,0,0,0,0,0,0,0,False,0
us,PRIF_PB,1,0,0,0,0,1,0,False,1
us,PRIF_PB.NB,0,0,0,0,0,0,0,False,0
us,PRIF_PC,0,0,0,0,0,0,0,False,0
us,PRIF_PD,1,0,0,2,1,3,2,False,4
us,PRIF_PD.NB,0,0,0,0,0,0,0,False,0
us,PRIF_PE,0,0,0,0,0,0,0,False,0
us,PRIF_PF,1,0,0,2,1,3,2,False,4
us,PRIF_PF.NB,0,0,0,0,0,0,0,False,0
us,PRIF_PG,1,0,0,2,1,3,2,False,4
us,PRIF_PG.NB,0,0,0,0,0,0,0,False,0
us,PRIF_PH,0,0,0,0,0,0,0,False,0
us,PRIF_PI,1,0,0,2,1,3,2,False,4
us,PRIF_PI.NB,0,0,0,0,0,0,0,False,0
us,PRIF_PJ,1,0,0,2,1,3,2,False,4
us,PRIF_PJ.NB,0,0,0,0,0,0,0,False,0
us,PRIF_PK,1,0,0,2,1,3,2,False,4
us,PRIF_PK.NB,0,0,0,0,0,0,0,False,0
us,PRIF_PL,1,0,0,2,1,3,2,False,4
us,PRIF_PL.NB,0,0,0,0,0,0,0,False,0
us,PRIM,1,3,0,2,1,4,3,True,7
us,PRIM.NB,0,0,0,0,0,0,0,False,0
us,PRK,0,0,0,2,1,2,2,False,3
us,PRK.NB,0,0,0,0,0,0,0,False,0
us,PRKS,1,2,0,2,1,4,3,True,6
us,PRKS.NB,0,0,0,0,0,0,0,False,0
us,PRLB,1,3,0,2,1,4,3,True,7
us,PRLB.NB,0,0,0,0,0,0,0,False,0
us,PRLD,1,3,0,2,1,4,3,True,7
us,PRLD.NB,0,0,0,0,0,0,0,False,0
us,PRLH.NB,0,0,0,0,0,0,0,False,0
us,PRM,1,3,0,2,1,4,3,True,7
us,PRM.NB,0,0,0,0,0,0,0,False,0
us,PRMB,1,3,0,2,1,4,3,True,7
us,PRMB.NB,0,0,0,0,0,0,0,False,0
us,PRME,1,3,0,2,1,4,3,True,7
us,PRME.NB,0,0,0,0,0,0,0,False,0
us,PRMW,0,0,0,2,1,2,2,False,3
us,PRO,1,0,0,2,1,3,2,False,4
us,PRO.NB,0,0,0,0,0,0,0,False,0
us,PROC,0,2,0,2,0,2,2,False,4
us,PROF,1,3,0,2,1,4,3,True,7
us,PROF.NB,0,0,0,0,0,0,0,False,0
us,PROK,1,2,0,2,1,4,3,True,6
us,PROK.NB,0,0,0,0,0,0,0,False,0
us,PROP,1,3,0,2,1,4,3,True,7
us,PROP.NB,0,0,0,0,0,0,0,False,0
us,PROV,0,1,0,2,1,3,3,True,4
us,PROV.NB,0,0,0,0,0,0,0,False,0
us,PRPH,1,3,0,2,1,4,3,True,7
us,PRPH.NB,0,0,0,0,0,0,0,False,0
us,PRPL,1,2,0,2,1,4,3,True,6
us,PRPL.NB,0,0,0,0,0,0,0,False,0
us,PRPO,1,3,0,2,1,4,3,True,7
us,PRPO.NB,0,0,0,0,0,0,0,False,0
us,PRQR,1,3,0,2,1,4,3,True,7
us,PRQR.NB,0,0,0,0,0,0,0,False,0
us,PRS,1,3,0,2,1,4,3,True,7
us,PRS.NB,0,0,0,0,0,0,0,False,0
us,PRSO,1,3,0,2,1,4,3,True,7
us,PRSO.NB,0,0,0,0,0,0,0,False,0
us,PRSU,1,3,0,2,1,4,3,True,7
us,PRSU.NB,0,0,0,0,0,0,0,False,0
us,PRTA,1,3,0,2,1,4,3,True,7
us,PRTA.NB,0,0,0,0,0,0,0,False,0
us,PRTC,1,3,0,2,1,4,3,True,7
us,PRTC.NB,0,0,0,0,0,0,0,False,0
us,PRTH,1,2,0,2,1,4,3,True,6
us,PRTH.NB,0,0,0,0,0,0,0,False,0
us,PRTS,1,3,0,2,1,4,3,True,7
us,PRTS.NB,0,0,0,0,0,0,0,False,0
us,PRU,1,0,0,2,1,3,2,False,4
us,PRU.NB,0,0,0,0,0,0,0,False,0
us,PRVA,1,3,0,2,1,4,3,True,7
us,PRVA.NB,0,0,0,0,0,0,0,False,0
us,PRZO,1,3,0,2,0,3,2,False,6
us,PRZO.NB,0,0,0,0,0,0,0,False,0
us,PS,1,3,0,0,0,2,1,False,4
us,PS.NB,0,0,0,0,0,0,0,False,0
us,PSA,1,0,0,2,1,3,2,False,4
us,PSA.NB,0,0,0,0,0,0,0,False,0
us,PSA_PB.NB,0,0,0,0,0,0,0,False,0
us,PSA_PC.NB,0,0,0,0,0,0,0,False,0
us,PSA_PD.NB,0,0,0,0,0,0,0,False,0
us,PSA_PF,1,0,0,2,1,3,2,False,4
us,PSA_PF.NB,0,0,0,0,0,0,0,False,0
us,PSA_PG,1,0,0,2,1,3,2,False,4
us,PSA_PG.NB,0,0,0,0,0,0,0,False,0
us,PSA_PH,1,0,0,2,1,3,2,False,4
us,PSA_PH.NB,0,0,0,0,0,0,0,False,0
us,PSA_PI,1,0,0,2,1,3,2,False,4
us,PSA_PI.NB,0,0,0,0,0,0,0,False,0
us,PSA_PJ,0,0,0,2,1,2,2,False,3
us,PSA_PK,0,0,0,2,1,2,2,False,3
us,PSA_PL,0,0,0,2,1,2,2,False,3
us,PSA_PM,0,0,0,2,1,2,2,False,3
us,PSA_PN,0,0,0,2,1,2,2,False,3
us,PSA_PO,0,0,0,2,1,2,2,False,3
us,PSA_PP,0,0,0,2,1,2,2,False,3
us,PSA_PQ,0,0,0,2,1,2,2,False,3
us,PSA_PR,0,0,0,2,1,2,2,False,3
us,PSA_PS,0,0,0,2,1,2,2,False,3
us,PSA_PT,0,0,0,0,0,0,0,False,0
us,PSA_PU,1,0,0,0,0,1,0,False,1
us,PSA_PU.NB,0,0,0,0,0,0,0,False,0
us,PSA_PV.NB,0,0,0,0,0,0,0,False,0
us,PSA_PW.NB,0,0,0,0,0,0,0,False,0
us,PSBD,1,3,0,2,0,3,2,False,6
us,PSBD.NB,0,0,0,0,0,0,0,False,0
us,PSEC,1,1,0,2,1,4,3,True,5
us,PSEC.NB,0,0,0,0,0,0,0,False,0
us,PSEC_PA,0,1,0,2,1,3,3,True,4
us,PSFE,1,3,0,2,1,4,3,True,7
us,PSFE.NB,0,0,0,0,0,0,0,False,0
us,PSHG,1,3,0,2,1,4,3,True,7
us,PSHG.NB,0,0,0,0,0,0,0,False,0
us,PSIG,1,3,0,2,1,4,3,True,7
us,PSIG.NB,0,0,0,0,0,0,0,False,0
us,PSIX,1,3,0,2,1,4,3,True,7
us,PSIX.NB,0,0,0,0,0,0,0,False,0
us,PSKY,1,3,0,2,1,4,3,True,7
us,PSKY.NB,0,0,0,0,0,0,0,False,0
us,PSMT,1,0,0,2,1,3,2,False,4
us,PSMT.NB,0,0,0,0,0,0,0,False,0
us,PSN,1,0,0,2,1,3,2,False,4
us,PSN.NB,0,0,0,0,0,0,0,False,0
us,PSNL,1,3,0,2,1,4,3,True,7
us,PSNL.NB,0,0,0,0,0,0,0,False,0
us,PSNY,1,2,0,2,1,4,3,True,6
us,PSNY.NB,0,0,0,0,0,0,0,False,0
us,PSNYW,0,2,0,2,0,2,2,False,4
us,PSO,1,3,0,2,1,4,3,True,7
us,PSO.NB,0,0,0,0,0,0,0,False,0
us,PSQH,1,3,0,2,1,4,3,True,7
us,PSQH.NB,0,0,0,0,0,0,0,False,0
us,PSQH_T,0,3,0,2,1,3,3,True,6
us,PSTG,1,3,0,2,1,4,3,True,7
us,PSTG.NB,0,0,0,0,0,0,0,False,0
us,PSTL,1,3,0,2,1,4,3,True,7
us,PSTL.NB,0,0,0,0,0,0,0,False,0
us,PSTV,1,3,0,2,1,4,3,True,7
us,PSTV.NB,0,0,0,0,0,0,0,False,0
us,PSTX,1,0,0,2,1,3,2,False,4
us,PSTX.NB,0,0,0,0,0,0,0,False,0
us,PSUS,0,0,0,0,0,0,0,False,0
us,PSX,1,0,0,2,1,3,2,False,4
us,PSX.NB,0,0,0,0,0,0,0,False,0
us,PT,1,3,0,2,1,4,3,True,7
us,PT.NB,0,0,0,0,0,0,0,False,0
us,PTAC,0,0,0,0,0,0,0,False,0
us,PTACU,0,0,0,0,0,0,0,False,0
us,PTC,1,0,0,2,1,3,2,False,4
us,PTC.NB,0,0,0,0,0,0,0,False,0
us,PTCT,1,2,0,2,1,4,3,True,6
us,PTCT.NB,0,0,0,0,0,0,0,False,0
us,PTE.NB,0,0,0,0,0,0,0,False,0
us,PTEN,1,3,0,2,1,4,3,True,7
us,PTEN.NB,0,0,0,0,0,0,0,False,0
us,PTGX,1,3,0,2,1,4,3,True,7
us,PTGX.NB,0,0,0,0,0,0,0,False,0
us,PTHL,1,3,0,2,0,3,2,False,6
us,PTHL.NB,0,0,0,0,0,0,0,False,0
us,PTHS,1,3,0,2,0,3,2,False,6
us,PTHS.NB,0,0,0,0,0,0,0,False,0
us,PTIX,1,0,0,2,1,3,2,False,4
us,PTIX.NB,0,0,0,0,0,0,0,False,0
us,PTIXW,0,0,0,0,0,0,0,False,0
us,PTLE,1,3,0,2,0,3,2,False,6
us,PTLE.NB,0,0,0,0,0,0,0,False,0
us,PTLO,1,3,0,2,1,4,3,True,7
us,PTLO.NB,0,0,0,0,0,0,0,False,0
us,PTN,1,0,0,2,1,3,2,False,4
us,PTN.NB,0,0,0,0,0,0,0,False,0
us,PTNM,1,1,0,2,0,3,2,False,4
us,PTNM.NB,0,0,0,0,0,0,0,False,0
us,PTNR,1,0,0,0,0,1,0,False,1
us,PTNR.NB,0,0,0,0,0,0,0,False,0
us,PTON,1,2,0,2,1,4,3,True,6
us,PTON.NB,0,0,0,0,0,0,0,False,0
us,PTOR,0,0,0,0,0,0,0,False,0
us,PTORW,0,0,0,0,0,0,0,False,0
us,PTPI,1,2,0,2,1,4,3,True,6
us,PTPI.NB,0,0,0,0,0,0,0,False,0
us,PTR.NB,0,0,0,0,0,0,0,False,0
us,PTRN,1,3,0,1,0,3,2,False,5
us,PTRN.NB,0,0,0,0,0,0,0,False,0
us,PTVE,1,0,0,2,1,3,2,False,4
us,PTVE.NB,0,0,0,0,0,0,0,False,0
us,PUBM,1,3,0,2,1,4,3,True,7
us,PUBM.NB,0,0,0,0,0,0,0,False,0
us,PUK,1,3,0,2,1,4,3,True,7
us,PUK.NB,0,0,0,0,0,0,0,False,0
us,PULM,1,3,0,2,1,4,3,True,7
us,PULM.NB,0,0,0,0,0,0,0,False,0
us,PUMP,1,3,0,2,1,4,3,True,7
us,PUMP.NB,0,0,0,0,0,0,0,False,0
us,PURR,0,1,0,1,0,2,2,False,2
us,PUSA,1,0,0,2,0,2,1,False,3
us,PUSA.NB,0,0,0,0,0,0,0,False,0
us,PVBC,1,0,0,2,1,3,2,False,4
us,PVBC.NB,0,0,0,0,0,0,0,False,0
us,PVH,1,3,0,2,1,4,3,True,7
us,PVH.NB,0,0,0,0,0,0,0,False,0
us,PVLA,1,2,0,2,1,4,3,True,6
us,PVLA.NB,0,0,0,0,0,0,0,False,0
us,PW,1,2,0,2,1,4,3,True,6
us,PW.NB,0,0,0,0,0,0,0,False,0
us,PWCM,1,0,0,2,1,3,2,False,4
us,PWCM.NB,0,0,0,0,0,0,0,False,0
us,PWP,1,2,0,2,1,4,3,True,6
us,PWP.NB,0,0,0,0,0,0,0,False,0
us,PWR,1,3,0,2,1,4,3,True,7
us,PWR.NB,0,0,0,0,0,0,0,False,0
us,PWRL,0,0,0,0,0,0,0,False,0
us,PWRU,0,0,0,0,0,0,0,False,0
us,PWSC,0,0,0,2,0,1,1,False,2
us,PW_PA,1,2,0,2,1,4,3,True,6
us,PW_PA.NB,0,0,0,0,0,0,0,False,0
us,PX,1,3,0,2,1,4,3,True,7
us,PX.NB,0,0,0,0,0,0,0,False,0
us,PXD.NB,0,0,0,0,0,0,0,False,0
us,PXDT,0,0,0,2,0,1,1,False,2
us,PXED,1,0,0,1,0,2,1,False,2
us,PXED.NB,0,0,0,0,0,0,0,False,0
us,PXLW,1,1,0,2,1,4,3,True,5
us,PXLW.NB,0,0,0,0,0,0,0,False,0
us,PXMD,1,1,0,2,0,3,2,False,4
us,PXMD.NB,0,0,0,0,0,0,0,False,0
us,PXS,1,3,0,2,1,4,3,True,7
us,PXS.NB,0,0,0,0,0,0,0,False,0
us,PYCR,1,0,0,2,1,3,2,False,4
us,PYCR.NB,0,0,0,0,0,0,0,False,0
us,PYPD,1,2,0,2,1,4,3,True,6
us,PYPD.NB,0,0,0,0,0,0,0,False,0
us,PYPL,1,3,0,2,1,4,3,True,7
us,PYPL.NB,0,0,0,0,0,0,0,False,0
us,PYR.NB,0,0,0,0,0,0,0,False,0
us,PYRO,1,0,0,0,0,1,0,False,1
us,PYRO.NB,0,0,0,0,0,0,0,False,0
us,PYX.NB,0,0,0,0,0,0,0,False,0
us,PYXS,1,3,0,2,1,4,3,True,7
us,PYXS.NB,0,0,0,0,0,0,0,False,0
us,PZG,1,2,0,2,1,4,3,True,6
us,PZG.NB,0,0,0,0,0,0,0,False,0
us,PZZA,1,2,0,2,1,4,3,True,6
us,PZZA.NB,0,0,0,0,0,0,0,False,0
us,Q,1,2,0,1,0,3,2,False,4
us,Q.NB,0,0,0,0,0,0,0,False,0
us,QADR,0,0,0,0,0,0,0,False,0
us,QADRW,0,0,0,0,0,0,0,False,0
us,QBTS,1,3,0,2,1,4,3,True,7
us,QBTS.NB,0,0,0,0,0,0,0,False,0
us,QCLS,1,3,0,2,1,4,3,True,7
us,QCLS.NB,0,0,0,0,0,0,0,False,0
us,QCOM,1,0,0,2,1,3,2,False,4
us,QCOM.NB,0,0,0,0,0,0,0,False,0
us,QCRH,0,3,0,2,1,3,3,True,6
us,QCRH.NB,0,0,0,0,0,0,0,False,0
us,QDEL,1,3,0,2,1,4,3,True,7
us,QDEL.NB,0,0,0,0,0,0,0,False,0
us,QETA,1,0,0,2,0,2,1,False,3
us,QETA.NB,0,0,0,0,0,0,0,False,0
us,QETAR,0,2,0,2,0,2,2,False,4
us,QETAU,0,2,0,2,0,2,2,False,4
us,QFIN,1,2,0,2,1,4,3,True,6
us,QFIN.NB,0,0,0,0,0,0,0,False,0
us,QGEN,1,2,0,2,1,4,3,True,6
us,QGEN.NB,0,0,0,0,0,0,0,False,0
us,QH,1,3,0,2,1,4,3,True,7
us,QH.NB,0,0,0,0,0,0,0,False,0
us,QHI,0,0,0,0,0,0,0,False,0
us,QHT,1,0,0,0,0,1,0,False,1
us,QHT.NB,0,0,0,0,0,0,0,False,0
us,QIPT,0,0,0,2,1,2,2,False,3
us,QIWI,0,0,0,0,0,0,0,False,0
us,QLEP,0,0,0,0,0,0,0,False,0
us,QLYS,1,3,0,2,1,4,3,True,7
us,QLYS.NB,0,0,0,0,0,0,0,False,0
us,QMCO,1,2,0,2,1,4,3,True,6
us,QMCO.NB,0,0,0,0,0,0,0,False,0
us,QMLS,0,0,0,0,0,0,0,False,0
us,QMMM,1,0,0,2,0,2,1,False,3
us,QMMM.NB,0,0,0,0,0,0,0,False,0
us,QMSK,1,0,0,0,0,1,0,False,1
us,QMSK.NB,0,0,0,0,0,0,0,False,0
us,QNC,1,3,0,2,1,4,3,True,7
us,QNC.NB,0,0,0,0,0,0,0,False,0
us,QNCX,1,1,0,2,1,4,3,True,5
us,QNCX.NB,0,0,0,0,0,0,0,False,0
us,QNRX,1,2,0,2,1,4,3,True,6
us,QNRX.NB,0,0,0,0,0,0,0,False,0
us,QNST,1,0,0,2,1,3,2,False,4
us,QNST.NB,0,0,0,0,0,0,0,False,0
us,QNT,0,0,0,0,0,0,0,False,0
us,QNTM,1,2,0,2,1,4,3,True,6
us,QNTM.NB,0,0,0,0,0,0,0,False,0
us,QOMO,1,0,0,2,0,2,1,False,3
us,QOMO.NB,0,0,0,0,0,0,0,False,0
us,QQCY,0,0,0,0,0,0,0,False,0
us,QQJ,1,0,0,0,0,1,0,False,1
us,QQJ.NB,0,0,0,0,0,0,0,False,0
us,QRED,0,0,0,0,0,0,0,False,0
us,QRED_R,0,0,0,0,0,0,0,False,0
us,QRHC,1,3,0,2,1,4,3,True,7
us,QRHC.NB,0,0,0,0,0,0,0,False,0
us,QRVO,1,3,0,2,1,4,3,True,7
us,QRVO.NB,0,0,0,0,0,0,0,False,0
us,QS,1,0,0,2,1,3,2,False,4
us,QS.NB,0,0,0,0,0,0,0,False,0
us,QSEA,1,0,0,2,0,2,1,False,3
us,QSEA.NB,0,0,0,0,0,0,0,False,0
us,QSEAR,0,1,0,2,0,2,2,False,3
us,QSEAU,0,1,0,2,0,2,2,False,3
us,QSI,1,0,0,2,1,3,2,False,4
us,QSI.NB,0,0,0,0,0,0,0,False,0
us,QSIAW,0,3,0,2,1,3,3,True,6
us,QSR,1,3,0,2,1,4,3,True,7
us,QSR.NB,0,0,0,0,0,0,0,False,0
us,QTEX,1,3,0,2,1,4,3,True,7
us,QTEX.NB,0,0,0,0,0,0,0,False,0
us,QTEXW,0,2,0,2,1,3,3,True,5
us,QTI,1,3,0,2,1,4,3,True,7
us,QTI.NB,0,0,0,0,0,0,0,False,0
us,QTNT.NB,0,0,0,0,0,0,0,False,0
us,QTRX,1,3,0,2,1,4,3,True,7
us,QTRX.NB,0,0,0,0,0,0,0,False,0
us,QTTB,1,3,0,2,1,4,3,True,7
us,QTTB.NB,0,0,0,0,0,0,0,False,0
us,QTWO,1,0,0,2,1,3,2,False,4
us,QTWO.NB,0,0,0,0,0,0,0,False,0
us,QUAD,1,3,0,2,1,4,3,True,7
us,QUAD.NB,0,0,0,0,0,0,0,False,0
us,QUBT,1,3,0,2,1,4,3,True,7
us,QUBT.NB,0,0,0,0,0,0,0,False,0
us,QUCY,1,3,0,2,1,4,3,True,7
us,QUCY.NB,0,0,0,0,0,0,0,False,0
us,QUIK,1,3,0,2,1,4,3,True,7
us,QUIK.NB,0,0,0,0,0,0,0,False,0
us,QULL,0,0,0,2,1,2,2,False,3
us,QUMS,0,2,0,1,0,2,2,False,3
us,QUMSR,0,1,0,1,0,2,2,False,2
us,QUMSU,1,1,0,1,0,3,2,False,3
us,QUMSU.NB,0,0,0,0,0,0,0,False,0
us,QURE,1,3,0,2,1,4,3,True,7
us,QURE.NB,0,0,0,0,0,0,0,False,0
us,QVCC,0,0,0,2,1,2,2,False,3
us,QVCGA,1,2,0,2,1,4,3,True,6
us,QVCGA.NB,0,0,0,0,0,0,0,False,0
us,QVCGB,0,0,0,2,1,2,2,False,3
us,QVCGP,1,2,0,2,1,4,3,True,6
us,QVCGP.NB,0,0,0,0,0,0,0,False,0
us,QXL,1,2,0,2,1,4,3,True,6
us,QXL.NB,0,0,0,0,0,0,0,False,0
us,QXO,1,3,0,2,1,4,3,True,7
us,QXO.NB,0,0,0,0,0,0,0,False,0
us,QXO_PB,0,3,0,2,0,2,2,False,5
us,QZAM,0,0,0,0,0,0,0,False,0
us,R,1,0,0,2,1,3,2,False,4
us,R.NB,0,0,0,0,0,0,0,False,0
us,RAAQ,1,0,0,2,0,2,1,False,3
us,RAAQ.NB,0,0,0,0,0,0,0,False,0
us,RAAQU,0,2,0,2,0,2,2,False,4
us,RAAQW,0,2,0,2,0,2,2,False,4
us,RAC,0,0,0,2,0,1,1,False,2
us,RACC,0,0,0,0,0,0,0,False,0
us,RACD,0,0,0,0,0,0,0,False,0
us,RACE,1,3,0,2,1,4,3,True,7
us,RACE.NB,0,0,0,0,0,0,0,False,0
us,RACY.NB,0,0,0,0,0,0,0,False,0
us,RAC_T,0,0,0,2,0,1,1,False,2
us,RAC_U,0,0,0,2,0,1,1,False,2
us,RAD,1,0,0,0,0,1,0,False,1
us,RAD.NB,0,0,0,0,0,0,0,False,0
us,RADI.NB,0,0,0,0,0,0,0,False,0
us,RADX,0,0,0,2,0,1,1,False,2
us,RAIL,1,2,0,2,1,4,3,True,6
us,RAIL.NB,0,0,0,0,0,0,0,False,0
us,RAIN,1,0,0,2,0,2,1,False,3
us,RAIN.NB,0,0,0,0,0,0,0,False,0
us,RAINW,0,1,0,2,0,2,2,False,3
us,RAL,1,3,0,2,0,3,2,False,6
us,RAL.NB,0,0,0,0,0,0,0,False,0
us,RAMP,1,3,0,2,1,4,3,True,7
us,RAMP.NB,0,0,0,0,0,0,0,False,0
us,RAND,1,3,0,2,1,4,3,True,7
us,RAND.NB,0,0,0,0,0,0,0,False,0
us,RANG,1,0,0,2,0,2,1,False,3
us,RANG.NB,0,0,0,0,0,0,0,False,0
us,RANGR,0,2,0,2,0,2,2,False,4
us,RANGU,0,2,0,2,0,2,2,False,4
us,RANI,1,3,0,2,1,4,3,True,7
us,RANI.NB,0,0,0,0,0,0,0,False,0
us,RAPP,1,2,0,2,0,3,2,False,5
us,RAPP.NB,0,0,0,0,0,0,0,False,0
us,RAPT,1,0,0,2,1,3,2,False,4
us,RAPT.NB,0,0,0,0,0,0,0,False,0
us,RARE,1,2,0,2,1,4,3,True,6
us,RARE.NB,0,0,0,0,0,0,0,False,0
us,RAVE,1,0,0,2,1,3,2,False,4
us,RAVE.NB,0,0,0,0,0,0,0,False,0
us,RAY,1,1,0,2,0,3,2,False,4
us,RAY.NB,0,0,0,0,0,0,0,False,0
us,RAYA,1,3,0,2,1,4,3,True,7
us,RAYA.NB,0,0,0,0,0,0,0,False,0
us,RBA,1,3,0,2,1,4,3,True,7
us,RBA.NB,0,0,0,0,0,0,0,False,0
us,RBB,1,1,0,2,1,4,3,True,5
us,RBB.NB,0,0,0,0,0,0,0,False,0
us,RBBN,1,3,0,2,1,4,3,True,7
us,RBBN.NB,0,0,0,0,0,0,0,False,0
us,RBC,1,3,0,2,1,4,3,True,7
us,RBC.NB,0,0,0,0,0,0,0,False,0
us,RBCAA,1,0,0,2,1,3,2,False,4
us,RBCAA.NB,0,0,0,0,0,0,0,False,0
us,RBCP,0,3,0,2,0,2,2,False,5
us,RBKB,1,3,0,2,1,4,3,True,7
us,RBKB.NB,0,0,0,0,0,0,0,False,0
us,RBLX,1,3,0,2,1,4,3,True,7
us,RBLX.NB,0,0,0,0,0,0,0,False,0
us,RBNE,1,3,0,2,0,3,2,False,6
us,RBNE.NB,0,0,0,0,0,0,0,False,0
us,RBOT,0,2,0,2,1,3,3,True,5
us,RBRK,1,2,0,2,0,3,2,False,5
us,RBRK.NB,0,0,0,0,0,0,0,False,0
us,RBS_PF,0,0,0,0,0,0,0,False,0
us,RBS_PH,0,0,0,0,0,0,0,False,0
us,RBS_PL,0,0,0,0,0,0,0,False,0
us,RBS_PM,0,0,0,0,0,0,0,False,0
us,RBS_PN,0,0,0,0,0,0,0,False,0
us,RBS_PP,0,0,0,0,0,0,0,False,0
us,RBS_PQ,0,0,0,0,0,0,0,False,0
us,RBS_PR,0,0,0,0,0,0,0,False,0
us,RBS_PS,0,0,0,0,0,0,0,False,0
us,RBS_PT,0,0,0,0,0,0,0,False,0
us,RC,1,3,0,2,1,4,3,True,7
us,RC.NB,0,0,0,0,0,0,0,False,0
us,RCAC.NB,0,0,0,0,0,0,0,False,0
us,RCAT,1,3,0,2,1,4,3,True,7
us,RCAT.NB,0,0,0,0,0,0,0,False,0
us,RCB,1,3,0,2,1,4,3,True,7
us,RCB.NB,0,0,0,0,0,0,0,False,0
us,RCC,0,3,0,2,1,3,3,True,6
us,RCD,0,3,0,2,0,2,2,False,5
us,RCEL,1,2,0,2,1,4,3,True,6
us,RCEL.NB,0,0,0,0,0,0,0,False,0
us,RCFA,0,1,0,2,1,3,3,True,4
us,RCHR,0,0,0,0,0,0,0,False,0
us,RCI,1,0,0,2,1,3,2,False,4
us,RCI.NB,0,0,0,0,0,0,0,False,0
us,RCKT,1,0,0,2,1,3,2,False,4
us,RCKT.NB,0,0,0,0,0,0,0,False,0
us,RCKTW,0,3,0,2,1,3,3,True,6
us,RCKY,1,3,0,2,1,4,3,True,7
us,RCKY.NB,0,0,0,0,0,0,0,False,0
us,RCL,1,3,0,2,1,4,3,True,7
us,RCL.NB,0,0,0,0,0,0,0,False,0
us,RCM,1,0,0,2,1,3,2,False,4
us,RCM.NB,0,0,0,0,0,0,0,False,0
us,RCMT,1,3,0,2,1,4,3,True,7
us,RCMT.NB,0,0,0,0,0,0,0,False,0
us,RCON,1,0,0,2,1,3,2,False,4
us,RCON.NB,0,0,0,0,0,0,0,False,0
us,RCT,1,2,0,2,0,3,2,False,5
us,RCT.NB,0,0,0,0,0,0,0,False,0
us,RCUS,1,3,0,2,1,4,3,True,7
us,RCUS.NB,0,0,0,0,0,0,0,False,0
us,RC_PB,0,0,0,0,0,0,0,False,0
us,RC_PC,1,3,0,2,1,4,3,True,7
us,RC_PC.NB,0,0,0,0,0,0,0,False,0
us,RC_PD,0,0,0,0,0,0,0,False,0
us,RC_PE,1,3,0,2,1,4,3,True,7
us,RC_PE.NB,0,0,0,0,0,0,0,False,0
us,RDAC,0,2,0,2,0,2,2,False,4
us,RDACR,0,2,0,2,0,2,2,False,4
us,RDACU.NB,0,0,0,0,0,0,0,False,0
us,RDAG,1,0,0,2,0,2,1,False,3
us,RDAG.NB,0,0,0,0,0,0,0,False,0
us,RDAGU,0,2,0,2,0,2,2,False,4
us,RDAGW,0,2,0,1,0,2,2,False,3
us,RDCM,1,3,0,2,1,4,3,True,7
us,RDCM.NB,0,0,0,0,0,0,0,False,0
us,RDDT,1,3,0,2,0,3,2,False,6
us,RDDT.NB,0,0,0,0,0,0,0,False,0
us,RDFN,1,0,0,2,1,3,2,False,4
us,RDFN.NB,0,0,0,0,0,0,0,False,0
us,RDGT,1,0,0,2,1,3,2,False,4
us,RDGT.NB,0,0,0,0,0,0,0,False,0
us,RDHL,1,3,0,2,1,4,3,True,7
us,RDHL.NB,0,0,0,0,0,0,0,False,0
us,RDI,1,2,0,2,1,4,3,True,6
us,RDI.NB,0,0,0,0,0,0,0,False,0
us,RDIB,1,2,0,2,1,4,3,True,6
us,RDIB.NB,0,0,0,0,0,0,0,False,0
us,RDN,1,3,0,2,1,4,3,True,7
us,RDN.NB,0,0,0,0,0,0,0,False,0
us,RDNT,1,3,0,2,1,4,3,True,7
us,RDNT.NB,0,0,0,0,0,0,0,False,0
us,RDNW,1,2,0,2,1,4,3,True,6
us,RDNW.NB,0,0,0,0,0,0,0,False,0
us,RDSB,1,0,0,0,0,1,0,False,1
us,RDSB.NB,0,0,0,0,0,0,0,False,0
us,RDUS,0,0,0,2,1,2,2,False,3
us,RDVT,1,3,0,2,1,4,3,True,7
us,RDVT.NB,0,0,0,0,0,0,0,False,0
us,RDW,1,3,0,2,1,4,3,True,7
us,RDW.NB,0,0,0,0,0,0,0,False,0
us,RDWR,1,3,0,2,1,4,3,True,7
us,RDWR.NB,0,0,0,0,0,0,0,False,0
us,RDY,1,3,0,2,1,4,3,True,7
us,RDY.NB,0,0,0,0,0,0,0,False,0
us,RDZN,0,2,0,2,1,3,3,True,5
us,RDZNW,0,0,0,2,1,2,2,False,3
us,REA,0,1,0,0,0,1,1,False,1
us,REAL,1,2,0,2,1,4,3,True,6
us,REAL.NB,0,0,0,0,0,0,0,False,0
us,REAX,1,3,0,2,1,4,3,True,7
us,REAX.NB,0,0,0,0,0,0,0,False,0
us,REBN,1,3,0,2,1,4,3,True,7
us,REBN.NB,0,0,0,0,0,0,0,False,0
us,RECT,1,1,0,2,0,3,2,False,4
us,RECT.NB,0,0,0,0,0,0,0,False,0
us,REE,1,3,0,2,1,4,3,True,7
us,REE.NB,0,0,0,0,0,0,0,False,0
us,REED,1,3,0,2,1,4,3,True,7
us,REED.NB,0,0,0,0,0,0,0,False,0
us,REFI,1,3,0,2,1,4,3,True,7
us,REFI.NB,0,0,0,0,0,0,0,False,0
us,REFR,1,3,0,2,1,4,3,True,7
us,REFR.NB,0,0,0,0,0,0,0,False,0
us,REG,1,3,0,2,1,4,3,True,7
us,REG.NB,0,0,0,0,0,0,0,False,0
us,REGCO,0,3,0,2,0,2,2,False,5
us,REGCP,0,3,0,2,0,2,2,False,5
us,REGN,1,2,0,2,1,4,3,True,6
us,REGN.NB,0,0,0,0,0,0,0,False,0
us,REG_PF,0,0,0,0,0,0,0,False,0
us,REG_PG,0,0,0,0,0,0,0,False,0
us,REI,1,3,0,2,1,4,3,True,7
us,REI.NB,0,0,0,0,0,0,0,False,0
us,REKR,1,3,0,2,1,4,3,True,7
us,REKR.NB,0,0,0,0,0,0,0,False,0
us,RELI,1,3,0,2,1,4,3,True,7
us,RELI.NB,0,0,0,0,0,0,0,False,0
us,RELIW,0,3,0,0,0,1,1,False,3
us,RELL,1,3,0,2,1,4,3,True,7
us,RELL.NB,0,0,0,0,0,0,0,False,0
us,RELX,1,3,0,2,1,4,3,True,7
us,RELX.NB,0,0,0,0,0,0,0,False,0
us,RELY,1,3,0,2,1,4,3,True,7
us,RELY.NB,0,0,0,0,0,0,0,False,0
us,RENE,1,0,0,0,0,1,0,False,1
us,RENE.NB,0,0,0,0,0,0,0,False,0
us,RENT,1,2,0,2,1,4,3,True,6
us,RENT.NB,0,0,0,0,0,0,0,False,0
us,RENX,1,3,0,2,0,3,2,False,6
us,RENX.NB,0,0,0,0,0,0,0,False,0
us,REPL,1,2,0,2,1,4,3,True,6
us,REPL.NB,0,0,0,0,0,0,0,False,0
us,REPX,1,3,0,2,1,4,3,True,7
us,REPX.NB,0,0,0,0,0,0,0,False,0
us,RERE,1,3,0,2,1,4,3,True,7
us,RERE.NB,0,0,0,0,0,0,0,False,0
us,RES,1,3,0,2,1,4,3,True,7
us,RES.NB,0,0,0,0,0,0,0,False,0
us,RETA.NB,0,0,0,0,0,0,0,False,0
us,RETO,1,3,0,2,1,4,3,True,7
us,RETO.NB,0,0,0,0,0,0,0,False,0
us,REUN.NB,0,0,0,0,0,0,0,False,0
us,REVB,1,0,0,2,1,3,2,False,4
us,REVB.NB,0,0,0,0,0,0,0,False,0
us,REVBW,0,2,0,2,1,3,3,True,5
us,REVG,1,0,0,2,1,3,2,False,4
us,REVG.NB,0,0,0,0,0,0,0,False,0
us,REX,1,3,0,2,1,4,3,True,7
us,REX.NB,0,0,0,0,0,0,0,False,0
us,REXR,1,1,0,2,1,4,3,True,5
us,REXR.NB,0,0,0,0,0,0,0,False,0
us,REXR_PA,1,0,0,0,0,1,0,False,1
us,REXR_PA.NB,0,0,0,0,0,0,0,False,0
us,REXR_PB,1,1,0,2,1,4,3,True,5
us,REXR_PB.NB,0,0,0,0,0,0,0,False,0
us,REXR_PC,1,1,0,2,1,4,3,True,5
us,REXR_PC.NB,0,0,0,0,0,0,0,False,0
us,REYN,1,3,0,2,1,4,3,True,7
us,REYN.NB,0,0,0,0,0,0,0,False,0
us,REZI,1,3,0,2,1,4,3,True,7
us,REZI.NB,0,0,0,0,0,0,0,False,0
us,REZI_W,0,0,0,0,0,0,0,False,0
us,RF,0,0,0,2,1,2,2,False,3
us,RF.NB,0,0,0,0,0,0,0,False,0
us,RFAI,1,0,0,2,0,2,1,False,3
us,RFAI.NB,0,0,0,0,0,0,0,False,0
us,RFAIR,0,2,0,2,0,2,2,False,4
us,RFAIU,0,2,0,2,0,2,2,False,4
us,RFAM,0,1,0,0,0,1,1,False,1
us,RFAMR,0,0,0,0,0,0,0,False,0
us,RFAMU,0,0,0,0,0,0,0,False,0
us,RFIL,1,0,0,2,1,3,2,False,4
us,RFIL.NB,0,0,0,0,0,0,0,False,0
us,RFL,1,0,0,2,1,3,2,False,4
us,RFL.NB,0,0,0,0,0,0,0,False,0
us,RF_PA,0,0,0,0,0,0,0,False,0
us,RF_PA.NB,0,0,0,0,0,0,0,False,0
us,RF_PB,0,0,0,2,1,2,2,False,3
us,RF_PB.NB,0,0,0,0,0,0,0,False,0
us,RF_PC,0,0,0,2,1,2,2,False,3
us,RF_PC.NB,0,0,0,0,0,0,0,False,0
us,RF_PE,0,0,0,2,1,2,2,False,3
us,RF_PF,0,0,0,2,0,1,1,False,2
us,RGA,1,0,0,2,1,3,2,False,4
us,RGA.NB,0,0,0,0,0,0,0,False,0
us,RGC,1,2,0,2,1,4,3,True,6
us,RGC.NB,0,0,0,0,0,0,0,False,0
us,RGCO,1,1,0,2,1,4,3,True,5
us,RGCO.NB,0,0,0,0,0,0,0,False,0
us,RGEN,1,3,0,2,1,4,3,True,7
us,RGEN.NB,0,0,0,0,0,0,0,False,0
us,RGF,1,0,0,2,0,2,1,False,3
us,RGF.NB,0,0,0,0,0,0,0,False,0
us,RGLD,1,3,0,2,1,4,3,True,7
us,RGLD.NB,0,0,0,0,0,0,0,False,0
us,RGLS.NB,0,0,0,0,0,0,0,False,0
us,RGNT,0,2,0,1,0,2,2,False,3
us,RGNX,1,3,0,2,1,4,3,True,7
us,RGNX.NB,0,0,0,0,0,0,0,False,0
us,RGP,1,3,0,2,1,4,3,True,7
us,RGP.NB,0,0,0,0,0,0,0,False,0
us,RGR,1,3,0,2,1,4,3,True,7
us,RGR.NB,0,0,0,0,0,0,0,False,0
us,RGS,1,0,0,2,1,3,2,False,4
us,RGS.NB,0,0,0,0,0,0,0,False,0
us,RGTI,1,0,0,2,1,3,2,False,4
us,RGTI.NB,0,0,0,0,0,0,0,False,0
us,RGTIW,0,3,0,2,1,3,3,True,6
us,RH,1,3,0,2,1,4,3,True,7
us,RH.NB,0,0,0,0,0,0,0,False,0
us,RHE,0,0,0,2,1,2,2,False,3
us,RHE_PA,0,0,0,2,1,2,2,False,3
us,RHI,1,1,0,2,1,4,3,True,5
us,RHI.NB,0,0,0,0,0,0,0,False,0
us,RHLD,1,3,0,2,0,3,2,False,6
us,RHLD.NB,0,0,0,0,0,0,0,False,0
us,RHP,1,3,0,2,1,4,3,True,7
us,RHP.NB,0,0,0,0,0,0,0,False,0
us,RIBB,1,0,0,2,0,2,1,False,3
us,RIBB.NB,0,0,0,0,0,0,0,False,0
us,RIBBR,0,2,0,2,0,2,2,False,4
us,RIBBU,0,2,0,2,0,2,2,False,4
us,RICK,1,3,0,2,1,4,3,True,7
us,RICK.NB,0,0,0,0,0,0,0,False,0
us,RIG,1,3,0,2,1,4,3,True,7
us,RIG.NB,0,0,0,0,0,0,0,False,0
us,RIGL,1,3,0,2,1,4,3,True,7
us,RIGL.NB,0,0,0,0,0,0,0,False,0
us,RIKU,0,0,0,0,0,0,0,False,0
us,RILY,1,0,0,2,1,3,2,False,4
us,RILY.NB,0,0,0,0,0,0,0,False,0
us,RILYG,1,2,0,2,1,4,3,True,6
us,RILYG.NB,0,0,0,0,0,0,0,False,0
us,RILYK,0,2,0,2,1,3,3,True,5
us,RILYL,1,2,0,2,1,4,3,True,6
us,RILYL.NB,0,0,0,0,0,0,0,False,0
us,RILYN,1,2,0,2,1,4,3,True,6
us,RILYN.NB,0,0,0,0,0,0,0,False,0
us,RILYP,1,2,0,2,1,4,3,True,6
us,RILYP.NB,0,0,0,0,0,0,0,False,0
us,RILYT,0,2,0,2,1,3,3,True,5
us,RILYZ,1,2,0,2,1,4,3,True,6
us,RILYZ.NB,0,0,0,0,0,0,0,False,0
us,RIME,1,2,0,2,1,4,3,True,6
us,RIME.NB,0,0,0,0,0,0,0,False,0
us,RIO,1,3,0,2,1,4,3,True,7
us,RIO.NB,0,0,0,0,0,0,0,False,0
us,RIOT,1,3,0,2,1,4,3,True,7
us,RIOT.NB,0,0,0,0,0,0,0,False,0
us,RITM,1,3,0,2,1,4,3,True,7
us,RITM.NB,0,0,0,0,0,0,0,False,0
us,RITM_PA,0,3,0,2,1,3,3,True,6
us,RITM_PB,0,3,0,2,1,3,3,True,6
us,RITM_PC,0,3,0,2,1,3,3,True,6
us,RITM_PD,0,3,0,2,1,3,3,True,6
us,RITM_PE,1,3,0,1,0,3,2,False,5
us,RITM_PE.NB,0,0,0,0,0,0,0,False,0
us,RITM_PF,0,3,0,1,0,2,2,False,4
us,RITR,1,1,0,2,0,3,2,False,4
us,RITR.NB,0,0,0,0,0,0,0,False,0
us,RIV,1,0,0,2,1,3,2,False,4
us,RIV.NB,0,0,0,0,0,0,0,False,0
us,RIVN,1,3,0,2,1,4,3,True,7
us,RIVN.NB,0,0,0,0,0,0,0,False,0
us,RIV_PA,1,0,0,2,1,3,2,False,4
us,RIV_PA.NB,0,0,0,0,0,0,0,False,0
us,RJAC.NB,0,0,0,0,0,0,0,False,0
us,RJET,1,0,0,2,1,3,2,False,4
us,RJET.NB,0,0,0,0,0,0,0,False,0
us,RJF,1,0,0,2,1,3,2,False,4
us,RJF.NB,0,0,0,0,0,0,0,False,0
us,RJF_PA,0,0,0,0,0,0,0,False,0
us,RJF_PB,0,0,0,2,1,2,2,False,3
us,RKAM,0,0,0,0,0,0,0,False,0
us,RKDA,1,3,0,2,1,4,3,True,7
us,RKDA.NB,0,0,0,0,0,0,0,False,0
us,RKLB,1,3,0,2,1,4,3,True,7
us,RKLB.NB,0,0,0,0,0,0,0,False,0
us,RKT,1,3,0,2,1,4,3,True,7
us,RKT.NB,0,0,0,0,0,0,0,False,0
us,RKTO,1,0,0,2,1,3,2,False,4
us,RKTO.NB,0,0,0,0,0,0,0,False,0
us,RL,1,3,0,2,1,4,3,True,7
us,RL.NB,0,0,0,0,0,0,0,False,0
us,RLAY,1,3,0,2,1,4,3,True,7
us,RLAY.NB,0,0,0,0,0,0,0,False,0
us,RLGT,1,0,0,2,1,3,2,False,4
us,RLGT.NB,0,0,0,0,0,0,0,False,0
us,RLGT_PA,0,0,0,0,0,0,0,False,0
us,RLI,1,0,0,2,1,3,2,False,4
us,RLI.NB,0,0,0,0,0,0,0,False,0
us,RLJ,1,3,0,2,1,4,3,True,7
us,RLJ.NB,0,0,0,0,0,0,0,False,0
us,RLJ_PA,1,3,0,2,1,4,3,True,7
us,RLJ_PA.NB,0,0,0,0,0,0,0,False,0
us,RLMD,1,2,0,2,1,4,3,True,6
us,RLMD.NB,0,0,0,0,0,0,0,False,0
us,RLX,1,3,0,2,1,4,3,True,7
us,RLX.NB,0,0,0,0,0,0,0,False,0
us,RLYB,1,3,0,2,1,4,3,True,7
us,RLYB.NB,0,0,0,0,0,0,0,False,0
us,RM,1,3,0,2,1,4,3,True,7
us,RM.NB,0,0,0,0,0,0,0,False,0
us,RMAX,1,3,0,2,1,4,3,True,7
us,RMAX.NB,0,0,0,0,0,0,0,False,0
us,RMBI,1,1,0,2,1,4,3,True,5
us,RMBI.NB,0,0,0,0,0,0,0,False,0
us,RMBS,1,1,0,2,1,4,3,True,5
us,RMBS.NB,0,0,0,0,0,0,0,False,0
us,RMCF,1,3,0,2,1,4,3,True,7
us,RMCF.NB,0,0,0,0,0,0,0,False,0
us,RMCO,1,0,0,2,1,3,2,False,4
us,RMCO.NB,0,0,0,0,0,0,0,False,0
us,RMCOW,0,3,0,2,1,3,3,True,6
us,RMD,1,0,0,2,1,3,2,False,4
us,RMD.NB,0,0,0,0,0,0,0,False,0
us,RMGC.NB,0,0,0,0,0,0,0,False,0
us,RMIX,0,0,0,0,0,0,0,False,0
us,RMNI,1,2,0,2,1,4,3,True,6
us,RMNI.NB,0,0,0,0,0,0,0,False,0
us,RMPL_P,0,0,0,2,1,2,2,False,3
us,RMR,1,0,0,2,1,3,2,False,4
us,RMR.NB,0,0,0,0,0,0,0,False,0
us,RMSG,0,0,0,2,1,2,2,False,3
us,RMSGW,0,0,0,2,1,2,2,False,3
us,RMTI,1,3,0,2,1,4,3,True,7
us,RMTI.NB,0,0,0,0,0,0,0,False,0
us,RNA,1,0,0,0,0,1,0,False,1
us,RNA.NB,0,0,0,0,0,0,0,False,0
us,RNAC,1,2,0,2,1,4,3,True,6
us,RNAC.NB,0,0,0,0,0,0,0,False,0
us,RNAM,0,0,0,2,1,2,2,False,3
us,RNAZ,1,2,0,2,1,4,3,True,6
us,RNAZ.NB,0,0,0,0,0,0,0,False,0
us,RNG,1,2,0,2,1,4,3,True,6
us,RNG.NB,0,0,0,0,0,0,0,False,0
us,RNGR,1,2,0,2,1,4,3,True,6
us,RNGR.NB,0,0,0,0,0,0,0,False,0
us,RNGT,0,1,0,1,0,2,2,False,2
us,RNGTU,1,2,0,1,0,3,2,False,4
us,RNGTU.NB,0,0,0,0,0,0,0,False,0
us,RNGTW,0,2,0,1,0,2,2,False,3
us,RNLX,1,0,0,2,1,3,2,False,4
us,RNLX.NB,0,0,0,0,0,0,0,False,0
us,RNR,1,0,0,2,1,3,2,False,4
us,RNR.NB,0,0,0,0,0,0,0,False,0
us,RNR_PF,1,0,0,2,1,3,2,False,4
us,RNR_PF.NB,0,0,0,0,0,0,0,False,0
us,RNR_PG,0,0,0,2,1,2,2,False,3
us,RNST,0,3,0,2,1,3,3,True,6
us,RNST.NB,0,0,0,0,0,0,0,False,0
us,RNTX,1,2,0,2,1,4,3,True,6
us,RNTX.NB,0,0,0,0,0,0,0,False,0
us,RNW,0,3,0,2,1,3,3,True,6
us,RNWWW,0,3,0,2,1,3,3,True,6
us,RNXT,1,3,0,2,1,4,3,True,7
us,RNXT.NB,0,0,0,0,0,0,0,False,0
us,ROAD,1,0,0,2,1,3,2,False,4
us,ROAD.NB,0,0,0,0,0,0,0,False,0
us,ROC,1,2,0,0,0,2,1,False,3
us,ROC.NB,0,0,0,0,0,0,0,False,0
us,ROCK,1,3,0,2,1,4,3,True,7
us,ROCK.NB,0,0,0,0,0,0,0,False,0
us,ROG,1,3,0,2,1,4,3,True,7
us,ROG.NB,0,0,0,0,0,0,0,False,0
us,ROIC,1,0,0,2,1,3,2,False,4
us,ROIC.NB,0,0,0,0,0,0,0,False,0
us,ROIV,1,3,0,2,1,4,3,True,7
us,ROIV.NB,0,0,0,0,0,0,0,False,0
us,ROK,1,0,0,2,1,3,2,False,4
us,ROK.NB,0,0,0,0,0,0,0,False,0
us,ROKU,1,3,0,2,1,4,3,True,7
us,ROKU.NB,0,0,0,0,0,0,0,False,0
us,ROL,1,0,0,2,1,3,2,False,4
us,ROL.NB,0,0,0,0,0,0,0,False,0
us,ROLR,1,3,0,0,0,2,1,False,4
us,ROLR.NB,0,0,0,0,0,0,0,False,0
us,ROMA,1,1,0,2,0,3,2,False,4
us,ROMA.NB,0,0,0,0,0,0,0,False,0
us,ROOT,1,3,0,2,1,4,3,True,7
us,ROOT.NB,0,0,0,0,0,0,0,False,0
us,ROP,1,0,0,2,1,3,2,False,4
us,ROP.NB,0,0,0,0,0,0,0,False,0
us,ROST,1,3,0,2,1,4,3,True,7
us,ROST.NB,0,0,0,0,0,0,0,False,0
us,ROTK,0,0,0,0,0,0,0,False,0
us,RPAY,1,3,0,2,1,4,3,True,7
us,RPAY.NB,0,0,0,0,0,0,0,False,0
us,RPC,1,3,0,2,1,4,3,True,7
us,RPC.NB,0,0,0,0,0,0,0,False,0
us,RPD,1,3,0,2,1,4,3,True,7
us,RPD.NB,0,0,0,0,0,0,0,False,0
us,RPGL,1,2,0,1,0,3,2,False,4
us,RPGL.NB,0,0,0,0,0,0,0,False,0
us,RPID,1,3,0,2,1,4,3,True,7
us,RPID.NB,0,0,0,0,0,0,0,False,0
us,RPM,1,3,0,2,1,4,3,True,7
us,RPM.NB,0,0,0,0,0,0,0,False,0
us,RPRX,1,3,0,2,1,4,3,True,7
us,RPRX.NB,0,0,0,0,0,0,0,False,0
us,RPT,1,1,0,2,1,4,3,True,5
us,RPT.NB,0,0,0,0,0,0,0,False,0
us,RPTX,1,0,0,2,1,3,2,False,4
us,RPTX.NB,0,0,0,0,0,0,0,False,0
us,RPT_PC,0,1,0,2,0,2,2,False,3
us,RQI_R_W,0,0,0,0,0,0,0,False,0
us,RR,1,0,0,2,0,2,1,False,3
us,RR.NB,0,0,0,0,0,0,0,False,0
us,RRAC,1,0,0,2,1,3,2,False,4
us,RRAC.NB,0,0,0,0,0,0,0,False,0
us,RRBI,0,3,0,2,1,3,3,True,6
us,RRBI.NB,0,0,0,0,0,0,0,False,0
us,RRC,1,0,0,2,1,3,2,False,4
us,RRC.NB,0,0,0,0,0,0,0,False,0
us,RREV,0,0,0,0,0,0,0,False,0
us,RREVW,0,0,0,0,0,0,0,False,0
us,RRGB,1,2,0,2,1,4,3,True,6
us,RRGB.NB,0,0,0,0,0,0,0,False,0
us,RRR,1,1,0,2,1,4,3,True,5
us,RRR.NB,0,0,0,0,0,0,0,False,0
us,RRX,1,3,0,2,1,4,3,True,7
us,RRX.NB,0,0,0,0,0,0,0,False,0
us,RS,1,0,0,2,1,3,2,False,4
us,RS.NB,0,0,0,0,0,0,0,False,0
us,RSF,0,0,0,2,1,2,2,False,3
us,RSG,1,3,0,2,1,4,3,True,7
us,RSG.NB,0,0,0,0,0,0,0,False,0
us,RSHL,1,0,0,0,0,1,0,False,1
us,RSHL.NB,0,0,0,0,0,0,0,False,0
us,RSI,1,1,0,2,1,4,3,True,5
us,RSI.NB,0,0,0,0,0,0,0,False,0
us,RSKD,1,3,0,2,1,4,3,True,7
us,RSKD.NB,0,0,0,0,0,0,0,False,0
us,RSO_PA,0,0,0,0,0,0,0,False,0
us,RSO_PB,0,0,0,0,0,0,0,False,0
us,RSSS,1,0,0,2,1,3,2,False,4
us,RSSS.NB,0,0,0,0,0,0,0,False,0
us,RSVR,0,3,0,2,1,3,3,True,6
us,RSVRW,0,3,0,2,1,3,3,True,6
us,RTAC,1,0,0,2,0,2,1,False,3
us,RTAC.NB,0,0,0,0,0,0,0,False,0
us,RTACU,1,2,0,2,0,3,2,False,5
us,RTACU.NB,0,0,0,0,0,0,0,False,0
us,RTACW,0,2,0,2,0,2,2,False,4
us,RTB,1,1,0,2,1,4,3,True,5
us,RTB.NB,0,0,0,0,0,0,0,False,0
us,RTC,1,3,0,2,1,4,3,True,7
us,RTC.NB,0,0,0,0,0,0,0,False,0
us,RTO,1,3,0,2,1,4,3,True,7
us,RTO.NB,0,0,0,0,0,0,0,False,0
us,RTX,1,0,0,2,1,3,2,False,4
us,RTX.NB,0,0,0,0,0,0,0,False,0
us,RUBI,1,3,0,1,0,3,2,False,5
us,RUBI.NB,0,0,0,0,0,0,0,False,0
us,RUIH,0,0,0,0,0,0,0,False,0
us,RUM,1,0,0,2,1,3,2,False,4
us,RUM.NB,0,0,0,0,0,0,0,False,0
us,RUMBW,0,3,0,2,1,3,3,True,6
us,RUN,1,3,0,2,1,4,3,True,7
us,RUN.NB,0,0,0,0,0,0,0,False,0
us,RUSHA,1,2,0,2,1,4,3,True,6
us,RUSHA.NB,0,0,0,0,0,0,0,False,0
us,RUSHB,1,2,0,2,1,4,3,True,6
us,RUSHB.NB,0,0,0,0,0,0,0,False,0
us,RVGO,1,0,0,0,0,1,0,False,1
us,RVGO.NB,0,0,0,0,0,0,0,False,0
us,RVII,0,0,0,0,0,0,0,False,0
us,RVLV,1,3,0,2,1,4,3,True,7
us,RVLV.NB,0,0,0,0,0,0,0,False,0
us,RVMD,1,1,0,2,1,4,3,True,5
us,RVMD.NB,0,0,0,0,0,0,0,False,0
us,RVMDW,0,2,0,2,1,3,3,True,5
us,RVNC,1,0,0,2,1,3,2,False,4
us,RVNC.NB,0,0,0,0,0,0,0,False,0
us,RVP,1,3,0,2,1,4,3,True,7
us,RVP.NB,0,0,0,0,0,0,0,False,0
us,RVPH,1,2,0,2,1,4,3,True,6
us,RVPH.NB,0,0,0,0,0,0,0,False,0
us,RVSB,0,3,0,2,1,3,3,True,6
us,RVSB.NB,0,0,0,0,0,0,0,False,0
us,RVSN,1,3,0,2,1,4,3,True,7
us,RVSN.NB,0,0,0,0,0,0,0,False,0
us,RVSNW,0,2,0,2,1,3,3,True,5
us,RVTY,1,3,0,2,1,4,3,True,7
us,RVTY.NB,0,0,0,0,0,0,0,False,0
us,RVYL,1,3,0,2,1,4,3,True,7
us,RVYL.NB,0,0,0,0,0,0,0,False,0
us,RWAY,1,0,0,2,1,3,2,False,4
us,RWAY.NB,0,0,0,0,0,0,0,False,0
us,RWAYI,0,3,0,0,0,1,1,False,3
us,RWAYL,0,3,0,2,1,3,3,True,6
us,RWAYZ,0,3,0,2,0,2,2,False,5
us,RWT,1,0,0,2,1,3,2,False,4
us,RWT.NB,0,0,0,0,0,0,0,False,0
us,RWTN,0,2,0,2,0,2,2,False,4
us,RWTO,0,2,0,0,0,1,1,False,2
us,RWTP,0,2,0,0,0,1,1,False,2
us,RWTQ,0,2,0,1,0,2,2,False,3
us,RWTS,0,0,0,0,0,0,0,False,0
us,RWT_PA,0,2,0,2,1,3,3,True,5
us,RXN_PA,1,0,0,0,0,1,0,False,1
us,RXN_PA.NB,0,0,0,0,0,0,0,False,0
us,RXO,1,3,0,2,1,4,3,True,7
us,RXO.NB,0,0,0,0,0,0,0,False,0
us,RXRX,1,3,0,2,1,4,3,True,7
us,RXRX.NB,0,0,0,0,0,0,0,False,0
us,RXST,1,3,0,2,1,4,3,True,7
us,RXST.NB,0,0,0,0,0,0,0,False,0
us,RXT,1,2,0,2,1,4,3,True,6
us,RXT.NB,0,0,0,0,0,0,0,False,0
us,RY,0,0,0,2,1,2,2,False,3
us,RY.NB,0,0,0,0,0,0,0,False,0
us,RYAAY,1,3,0,2,1,4,3,True,7
us,RYAAY.NB,0,0,0,0,0,0,0,False,0
us,RYAM,1,3,0,2,1,4,3,True,7
us,RYAM.NB,0,0,0,0,0,0,0,False,0
us,RYAM_PA,0,0,0,0,0,0,0,False,0
us,RYAN,1,3,0,2,1,4,3,True,7
us,RYAN.NB,0,0,0,0,0,0,0,False,0
us,RYCE,0,1,0,1,0,2,2,False,2
us,RYDE,1,3,0,2,0,3,2,False,6
us,RYDE.NB,0,0,0,0,0,0,0,False,0
us,RYET,1,2,0,2,0,3,2,False,5
us,RYET.NB,0,0,0,0,0,0,0,False,0
us,RYI,1,3,0,2,1,4,3,True,7
us,RYI.NB,0,0,0,0,0,0,0,False,0
us,RYM,1,3,0,2,1,4,3,True,7
us,RYM.NB,0,0,0,0,0,0,0,False,0
us,RYN,1,3,0,2,1,4,3,True,7
us,RYN.NB,0,0,0,0,0,0,0,False,0
us,RYOJ,1,3,0,1,0,3,2,False,5
us,RYOJ.NB,0,0,0,0,0,0,0,False,0
us,RYTM,1,3,0,2,1,4,3,True,7
us,RYTM.NB,0,0,0,0,0,0,0,False,0
us,RYZ,1,3,0,2,1,4,3,True,7
us,RYZ.NB,0,0,0,0,0,0,0,False,0
us,RYZB.NB,0,0,0,0,0,0,0,False,0
us,RY_PS,0,0,0,0,0,0,0,False,0
us,RY_PT,0,0,0,0,0,0,0,False,0
us,RZB,1,3,0,2,1,4,3,True,7
us,RZB.NB,0,0,0,0,0,0,0,False,0
us,RZC,0,3,0,2,1,3,3,True,6
us,RZLT,1,0,0,2,1,3,2,False,4
us,RZLT.NB,0,0,0,0,0,0,0,False,0
us,RZLV,1,3,0,2,1,4,3,True,7
us,RZLV.NB,0,0,0,0,0,0,0,False,0
us,RZLVW,0,2,0,2,1,3,3,True,5
us,S,1,3,0,2,1,4,3,True,7
us,S.NB,0,0,0,0,0,0,0,False,0
us,SA,1,2,0,2,1,4,3,True,6
us,SA.NB,0,0,0,0,0,0,0,False,0
us,SAAQ,1,1,0,0,0,2,1,False,2
us,SAAQ.NB,0,0,0,0,0,0,0,False,0
us,SAAQW,0,1,0,0,0,1,1,False,1
us,SABR,1,2,0,2,1,4,3,True,6
us,SABR.NB,0,0,0,0,0,0,0,False,0
us,SABS,1,1,0,2,1,4,3,True,5
us,SABS.NB,0,0,0,0,0,0,0,False,0
us,SABSW,0,3,0,2,1,3,3,True,6
us,SAC,0,1,0,1,0,2,2,False,2
us,SACH,1,0,0,2,1,3,2,False,4
us,SACH.NB,0,0,0,0,0,0,0,False,0
us,SACH_PA,0,3,0,2,1,3,3,True,6
us,SAC_T,0,2,0,0,0,1,1,False,2
us,SAC_U,0,2,0,1,0,2,2,False,3
us,SAFE,1,3,0,2,1,4,3,True,7
us,SAFE.NB,0,0,0,0,0,0,0,False,0
us,SAFT,1,3,0,2,1,4,3,True,7
us,SAFT.NB,0,0,0,0,0,0,0,False,0
us,SAFX,1,2,0,2,1,4,3,True,6
us,SAFX.NB,0,0,0,0,0,0,0,False,0
us,SAGE,1,0,0,2,1,3,2,False,4
us,SAGE.NB,0,0,0,0,0,0,0,False,0
us,SAGT,1,3,0,2,0,3,2,False,6
us,SAGT.NB,0,0,0,0,0,0,0,False,0
us,SAGU,0,1,0,0,0,1,1,False,1
us,SAGU_R,0,1,0,0,0,1,1,False,1
us,SAGU_T,0,1,0,0,0,1,1,False,1
us,SAH,1,3,0,2,1,4,3,True,7
us,SAH.NB,0,0,0,0,0,0,0,False,0
us,SAIA,1,3,0,2,1,4,3,True,7
us,SAIA.NB,0,0,0,0,0,0,0,False,0
us,SAIC,1,3,0,2,1,4,3,True,7
us,SAIC.NB,0,0,0,0,0,0,0,False,0
us,SAIH,1,3,0,2,1,4,3,True,7
us,SAIH.NB,0,0,0,0,0,0,0,False,0
us,SAIHW,0,3,0,2,1,3,3,True,6
us,SAIL,1,3,0,2,0,3,2,False,6
us,SAIL.NB,0,0,0,0,0,0,0,False,0
us,SAJ,0,3,0,2,1,3,3,True,6
us,SAM,1,3,0,2,1,4,3,True,7
us,SAM.NB,0,0,0,0,0,0,0,False,0
us,SAMA.NB,0,0,0,0,0,0,0,False,0
us,SAMG,1,3,0,2,1,4,3,True,7
us,SAMG.NB,0,0,0,0,0,0,0,False,0
us,SAN,0,0,0,2,1,2,2,False,3
us,SAN.NB,0,0,0,0,0,0,0,False,0
us,SANA,1,2,0,2,1,4,3,True,6
us,SANA.NB,0,0,0,0,0,0,0,False,0
us,SAND,0,0,0,2,1,2,2,False,3
us,SANG,1,0,0,2,1,3,2,False,4
us,SANG.NB,0,0,0,0,0,0,0,False,0
us,SANM,1,0,0,2,1,3,2,False,4
us,SANM.NB,0,0,0,0,0,0,0,False,0
us,SANW,1,0,0,2,1,3,2,False,4
us,SANW.NB,0,0,0,0,0,0,0,False,0
us,SAN_PI,0,0,0,0,0,0,0,False,0
us,SAP,1,0,0,2,1,3,2,False,4
us,SAP.NB,0,0,0,0,0,0,0,False,0
us,SAR,1,3,0,2,1,4,3,True,7
us,SAR.NB,0,0,0,0,0,0,0,False,0
us,SARO,1,3,0,2,0,3,2,False,6
us,SARO.NB,0,0,0,0,0,0,0,False,0
us,SASR,0,0,0,2,1,2,2,False,3
us,SASR.NB,0,0,0,0,0,0,0,False,0
us,SAT,0,3,0,2,1,3,3,True,6
us,SATA,0,3,0,1,0,2,2,False,4
us,SATL,1,1,0,2,1,4,3,True,5
us,SATL.NB,0,0,0,0,0,0,0,False,0
us,SATLW,0,3,0,2,1,3,3,True,6
us,SATS,1,3,0,2,1,4,3,True,7
us,SATS.NB,0,0,0,0,0,0,0,False,0
us,SATX,1,0,0,2,1,3,2,False,4
us,SATX.NB,0,0,0,0,0,0,0,False,0
us,SAV,0,3,0,0,0,1,1,False,3
us,SAVA,1,2,0,0,0,2,1,False,3
us,SAVA.NB,0,0,0,0,0,0,0,False,0
us,SAVE,0,0,0,2,1,2,2,False,3
us,SAY,0,3,0,2,1,3,3,True,6
us,SAZ,0,3,0,2,0,2,2,False,5
us,SB,1,3,0,2,1,4,3,True,7
us,SB.NB,0,0,0,0,0,0,0,False,0
us,SBAC,1,1,0,2,1,4,3,True,5
us,SBAC.NB,0,0,0,0,0,0,0,False,0
us,SBC,1,0,0,2,1,3,2,False,4
us,SBC.NB,0,0,0,0,0,0,0,False,0
us,SBCF,0,1,0,2,1,3,3,True,4
us,SBCF.NB,0,0,0,0,0,0,0,False,0
us,SBCWW,0,3,0,2,1,3,3,True,6
us,SBDS,1,3,0,2,1,4,3,True,7
us,SBDS.NB,0,0,0,0,0,0,0,False,0
us,SBET,1,3,0,2,0,3,2,False,6
us,SBET.NB,0,0,0,0,0,0,0,False,0
us,SBEV,1,1,0,2,1,4,3,True,5
us,SBEV.NB,0,0,0,0,0,0,0,False,0
us,SBFG,0,3,0,2,1,3,3,True,6
us,SBFG.NB,0,0,0,0,0,0,0,False,0
us,SBFGP,0,0,0,0,0,0,0,False,0
us,SBFM,0,0,0,2,1,2,2,False,3
us,SBFM.NB,0,0,0,0,0,0,0,False,0
us,SBFMW,0,3,0,2,1,3,3,True,6
us,SBGI,1,3,0,2,1,4,3,True,7
us,SBGI.NB,0,0,0,0,0,0,0,False,0
us,SBH,1,0,0,2,1,3,2,False,4
us,SBH.NB,0,0,0,0,0,0,0,False,0
us,SBLK,1,3,0,2,1,4,3,True,7
us,SBLK.NB,0,0,0,0,0,0,0,False,0
us,SBLX,1,3,0,2,1,4,3,True,7
us,SBLX.NB,0,0,0,0,0,0,0,False,0
us,SBMT,1,0,0,0,0,1,0,False,1
us,SBMT.NB,0,0,0,0,0,0,0,False,0
us,SBNYP,0,3,0,0,0,1,1,False,3
us,SBOW,1,0,0,2,1,3,2,False,4
us,SBOW.NB,0,0,0,0,0,0,0,False,0
us,SBRA,1,0,0,2,1,3,2,False,4
us,SBRA.NB,0,0,0,0,0,0,0,False,0
us,SBRAP,0,0,0,0,0,0,0,False,0
us,SBS,1,3,0,2,1,4,3,True,7
us,SBS.NB,0,0,0,0,0,0,0,False,0
us,SBSI,0,3,0,2,1,3,3,True,6
us,SBSI.NB,0,0,0,0,0,0,0,False,0
us,SBSW,1,3,0,2,1,4,3,True,7
us,SBSW.NB,0,0,0,0,0,0,0,False,0
us,SBUX,1,2,0,2,1,4,3,True,6
us,SBUX.NB,0,0,0,0,0,0,0,False,0
us,SBXC,1,0,0,2,0,2,1,False,3
us,SBXC.NB,0,0,0,0,0,0,0,False,0
us,SBXD,1,0,0,2,0,2,1,False,3
us,SBXD.NB,0,0,0,0,0,0,0,False,0
us,SBXD_T,0,2,0,2,0,2,2,False,4
us,SBXD_U,0,2,0,2,0,2,2,False,4
us,SBXE,1,1,0,1,0,3,2,False,3
us,SBXE.NB,0,0,0,0,0,0,0,False,0
us,SBXE_T,0,2,0,0,0,1,1,False,2
us,SBXE_U,0,2,0,1,0,2,2,False,3
us,SB_PC,1,3,0,2,1,4,3,True,7
us,SB_PC.NB,0,0,0,0,0,0,0,False,0
us,SB_PD,1,3,0,2,1,4,3,True,7
us,SB_PD.NB,0,0,0,0,0,0,0,False,0
us,SCA,1,0,0,2,1,3,2,False,4
us,SCA.NB,0,0,0,0,0,0,0,False,0
us,SCAG,1,1,0,2,0,3,2,False,4
us,SCAG.NB,0,0,0,0,0,0,0,False,0
us,SCAGW,0,1,0,1,0,2,2,False,2
us,SCCD,0,3,0,2,1,3,3,True,6
us,SCCE,0,3,0,2,1,3,3,True,6
us,SCCF,0,3,0,2,1,3,3,True,6
us,SCCG,0,3,0,2,1,3,3,True,6
us,SCCO,1,3,0,2,1,4,3,True,7
us,SCCO.NB,0,0,0,0,0,0,0,False,0
us,SCDL,0,0,0,2,1,2,2,False,3
us,SCE_PB.NB,0,0,0,0,0,0,0,False,0
us,SCE_PC.NB,0,0,0,0,0,0,0,False,0
us,SCE_PG,0,0,0,2,1,2,2,False,3
us,SCE_PH,0,0,0,2,1,2,2,False,3
us,SCE_PJ,0,0,0,2,1,2,2,False,3
us,SCE_PK,0,0,0,2,1,2,2,False,3
us,SCE_PL,0,0,0,2,1,2,2,False,3
us,SCHL,1,2,0,2,1,4,3,True,6
us,SCHL.NB,0,0,0,0,0,0,0,False,0
us,SCHW,1,1,0,2,1,4,3,True,5
us,SCHW.NB,0,0,0,0,0,0,0,False,0
us,SCHW_PB,0,0,0,0,0,0,0,False,0
us,SCHW_PC,1,0,0,0,0,1,0,False,1
us,SCHW_PC.NB,0,0,0,0,0,0,0,False,0
us,SCHW_PD,1,1,0,2,1,4,3,True,5
us,SCHW_PD.NB,0,0,0,0,0,0,0,False,0
us,SCHW_PJ,0,1,0,2,1,3,3,True,4
us,SCI,1,3,0,2,1,4,3,True,7
us,SCI.NB,0,0,0,0,0,0,0,False,0
us,SCII,1,2,0,1,0,3,2,False,4
us,SCII.NB,0,0,0,0,0,0,0,False,0
us,SCIIR,0,2,0,0,0,1,1,False,2
us,SCIIU,1,2,0,1,0,3,2,False,4
us,SCIIU.NB,0,0,0,0,0,0,0,False,0
us,SCIT,0,0,0,0,0,0,0,False,0
us,SCKT,1,3,0,2,1,4,3,True,7
us,SCKT.NB,0,0,0,0,0,0,0,False,0
us,SCL,1,3,0,2,1,4,3,True,7
us,SCL.NB,0,0,0,0,0,0,0,False,0
us,SCLX,1,0,0,2,1,3,2,False,4
us,SCLX.NB,0,0,0,0,0,0,0,False,0
us,SCLXW,0,2,0,2,1,3,3,True,5
us,SCL_P,0,0,0,0,0,0,0,False,0
us,SCM,1,3,0,2,1,4,3,True,7
us,SCM.NB,0,0,0,0,0,0,0,False,0
us,SCNI,1,2,0,2,1,4,3,True,6
us,SCNI.NB,0,0,0,0,0,0,0,False,0
us,SCNX,1,2,0,2,1,4,3,True,6
us,SCNX.NB,0,0,0,0,0,0,0,False,0
us,SCOP,0,0,0,2,0,1,1,False,2
us,SCOR,1,3,0,2,1,4,3,True,7
us,SCOR.NB,0,0,0,0,0,0,0,False,0
us,SCPH,1,0,0,2,1,3,2,False,4
us,SCPH.NB,0,0,0,0,0,0,0,False,0
us,SCPQ,1,1,0,0,0,2,1,False,2
us,SCPQ.NB,0,0,0,0,0,0,0,False,0
us,SCPQU,0,0,0,0,0,0,0,False,0
us,SCPQW,0,0,0,0,0,0,0,False,0
us,SCPS.NB,0,0,0,0,0,0,0,False,0
us,SCPX,0,1,0,2,1,3,3,True,4
us,SCS,0,0,0,2,1,2,2,False,3
us,SCSC,1,1,0,2,1,4,3,True,5
us,SCSC.NB,0,0,0,0,0,0,0,False,0
us,SCTX,0,0,0,0,0,0,0,False,0
us,SCU.NB,0,0,0,0,0,0,0,False,0
us,SCUA.NB,0,0,0,0,0,0,0,False,0
us,SCVL,1,3,0,2,1,4,3,True,7
us,SCVL.NB,0,0,0,0,0,0,0,False,0
us,SCWO,1,2,0,2,1,4,3,True,6
us,SCWO.NB,0,0,0,0,0,0,0,False,0
us,SCWX,1,0,0,2,1,3,2,False,4
us,SCWX.NB,0,0,0,0,0,0,0,False,0
us,SCX.NB,0,0,0,0,0,0,0,False,0
us,SCYX,1,3,0,2,1,4,3,True,7
us,SCYX.NB,0,0,0,0,0,0,0,False,0
us,SCZM,1,3,0,2,1,4,3,True,7
us,SCZM.NB,0,0,0,0,0,0,0,False,0
us,SD,1,3,0,2,1,4,3,True,7
us,SD.NB,0,0,0,0,0,0,0,False,0
us,SDAWW,0,2,0,2,1,3,3,True,5
us,SDEV,1,1,0,2,1,4,3,True,5
us,SDEV.NB,0,0,0,0,0,0,0,False,0
us,SDGR,1,3,0,2,1,4,3,True,7
us,SDGR.NB,0,0,0,0,0,0,0,False,0
us,SDHC,1,1,0,2,0,3,2,False,4
us,SDHC.NB,0,0,0,0,0,0,0,False,0
us,SDHI,1,2,0,2,0,3,2,False,5
us,SDHI.NB,0,0,0,0,0,0,0,False,0
us,SDHIR,0,0,0,2,0,1,1,False,2
us,SDHIU,0,0,0,2,0,1,1,False,2
us,SDIG,1,0,0,2,1,3,2,False,4
us,SDIG.NB,0,0,0,0,0,0,0,False,0
us,SDM,1,0,0,2,0,2,1,False,3
us,SDM.NB,0,0,0,0,0,0,0,False,0
us,SDOT,1,2,0,2,1,4,3,True,6
us,SDOT.NB,0,0,0,0,0,0,0,False,0
us,SDPI,1,0,0,2,1,3,2,False,4
us,SDPI.NB,0,0,0,0,0,0,0,False,0
us,SDRL,1,3,0,2,1,4,3,True,7
us,SDRL.NB,0,0,0,0,0,0,0,False,0
us,SDST,1,1,0,2,1,4,3,True,5
us,SDST.NB,0,0,0,0,0,0,0,False,0
us,SDSTW,0,1,0,2,1,3,3,True,4
us,SE,1,3,0,2,1,4,3,True,7
us,SE.NB,0,0,0,0,0,0,0,False,0
us,SEAC.NB,0,0,0,0,0,0,0,False,0
us,SEAH,0,0,0,0,0,0,0,False,0
us,SEAL_PA,1,3,0,2,1,4,3,True,7
us,SEAL_PA.NB,0,0,0,0,0,0,0,False,0
us,SEAL_PB,1,3,0,2,1,4,3,True,7
us,SEAL_PB.NB,0,0,0,0,0,0,0,False,0
us,SEAT,1,0,0,2,1,3,2,False,4
us,SEAT.NB,0,0,0,0,0,0,0,False,0
us,SEATW,0,2,0,2,1,3,3,True,5
us,SEB,1,3,0,2,1,4,3,True,7
us,SEB.NB,0,0,0,0,0,0,0,False,0
us,SECZ,1,0,0,2,0,2,1,False,3
us,SECZ.NB,0,0,0,0,0,0,0,False,0
us,SED,0,0,0,0,0,0,0,False,0
us,SEDA,1,0,0,2,0,2,1,False,3
us,SEDA.NB,0,0,0,0,0,0,0,False,0
us,SEDG,1,3,0,2,1,4,3,True,7
us,SEDG.NB,0,0,0,0,0,0,0,False,0
us,SEE,1,0,0,2,1,3,2,False,4
us,SEE.NB,0,0,0,0,0,0,0,False,0
us,SEED,1,2,0,2,1,4,3,True,6
us,SEED.NB,0,0,0,0,0,0,0,False,0
us,SEEL,1,0,0,2,1,3,2,False,4
us,SEEL.NB,0,0,0,0,0,0,0,False,0
us,SEER,1,3,0,2,1,4,3,True,7
us,SEER.NB,0,0,0,0,0,0,0,False,0
us,SEG,1,3,0,2,0,3,2,False,6
us,SEG.NB,0,0,0,0,0,0,0,False,0
us,SEGG,1,3,0,2,1,4,3,True,7
us,SEGG.NB,0,0,0,0,0,0,0,False,0
us,SEI,1,1,0,2,1,4,3,True,5
us,SEI.NB,0,0,0,0,0,0,0,False,0
us,SEIC,1,0,0,2,1,3,2,False,4
us,SEIC.NB,0,0,0,0,0,0,0,False,0
us,SELD,0,0,0,0,0,0,0,False,0
us,SELF,1,3,0,2,1,4,3,True,7
us,SELF.NB,0,0,0,0,0,0,0,False,0
us,SELX,1,0,0,2,1,3,2,False,4
us,SELX.NB,0,0,0,0,0,0,0,False,0
us,SEM,1,3,0,2,1,4,3,True,7
us,SEM.NB,0,0,0,0,0,0,0,False,0
us,SEMR,1,3,0,2,1,4,3,True,7
us,SEMR.NB,0,0,0,0,0,0,0,False,0
us,SEM_W,0,0,0,0,0,0,0,False,0
us,SENEA,1,3,0,2,1,4,3,True,7
us,SENEA.NB,0,0,0,0,0,0,0,False,0
us,SENEB,1,3,0,2,1,4,3,True,7
us,SENEB.NB,0,0,0,0,0,0,0,False,0
us,SENS,1,3,0,2,1,4,3,True,7
us,SENS.NB,0,0,0,0,0,0,0,False,0
us,SEPA,0,0,0,2,0,1,1,False,2
us,SEPN,1,3,0,2,0,3,2,False,6
us,SEPN.NB,0,0,0,0,0,0,0,False,0
us,SEQC,0,0,0,0,0,0,0,False,0
us,SER,1,2,0,2,1,4,3,True,6
us,SER.NB,0,0,0,0,0,0,0,False,0
us,SERA,1,3,0,2,1,4,3,True,7
us,SERA.NB,0,0,0,0,0,0,0,False,0
us,SERV,1,3,0,2,0,3,2,False,6
us,SERV.NB,0,0,0,0,0,0,0,False,0
us,SES,1,0,0,2,1,3,2,False,4
us,SES.NB,0,0,0,0,0,0,0,False,0
us,SES_T,0,1,0,2,1,3,3,True,4
us,SEV,1,2,0,1,0,3,2,False,4
us,SEV.NB,0,0,0,0,0,0,0,False,0
us,SEVN,1,3,0,2,1,4,3,True,7
us,SEVN.NB,0,0,0,0,0,0,0,False,0
us,SEZL,1,3,0,2,0,3,2,False,6
us,SEZL.NB,0,0,0,0,0,0,0,False,0
us,SF,1,1,0,2,1,4,3,True,5
us,SF.NB,0,0,0,0,0,0,0,False,0
us,SFB,1,1,0,2,1,4,3,True,5
us,SFB.NB,0,0,0,0,0,0,0,False,0
us,SFBC,1,3,0,2,1,4,3,True,7
us,SFBC.NB,0,0,0,0,0,0,0,False,0
us,SFBS,0,0,0,2,1,2,2,False,3
us,SFBS.NB,0,0,0,0,0,0,0,False,0
us,SFD,1,3,0,2,0,3,2,False,6
us,SFD.NB,0,0,0,0,0,0,0,False,0
us,SFDX,0,0,0,0,0,0,0,False,0
us,SFHG,1,3,0,2,0,3,2,False,6
us,SFHG.NB,0,0,0,0,0,0,0,False,0
us,SFIX,1,0,0,2,1,3,2,False,4
us,SFIX.NB,0,0,0,0,0,0,0,False,0
us,SFL,1,3,0,2,1,4,3,True,7
us,SFL.NB,0,0,0,0,0,0,0,False,0
us,SFM,1,1,0,2,1,4,3,True,5
us,SFM.NB,0,0,0,0,0,0,0,False,0
us,SFNC,0,2,0,2,1,3,3,True,5
us,SFNC.NB,0,0,0,0,0,0,0,False,0
us,SFST,0,3,0,2,1,3,3,True,6
us,SFST.NB,0,0,0,0,0,0,0,False,0
us,SFT.NB,0,0,0,0,0,0,0,False,0
us,SFTO,1,0,0,0,0,1,0,False,1
us,SFTO.NB,0,0,0,0,0,0,0,False,0
us,SFWL,1,3,0,2,1,4,3,True,7
us,SFWL.NB,0,0,0,0,0,0,0,False,0
us,SF_PA,1,0,0,0,0,1,0,False,1
us,SF_PA.NB,0,0,0,0,0,0,0,False,0
us,SF_PB,1,1,0,2,1,4,3,True,5
us,SF_PB.NB,0,0,0,0,0,0,0,False,0
us,SF_PC,0,1,0,2,1,3,3,True,4
us,SF_PD,0,1,0,2,1,3,3,True,4
us,SG,1,3,0,2,1,4,3,True,7
us,SG.NB,0,0,0,0,0,0,0,False,0
us,SGA,1,3,0,2,1,4,3,True,7
us,SGA.NB,0,0,0,0,0,0,0,False,0
us,SGBX,0,3,0,2,1,3,3,True,6
us,SGC,1,3,0,2,1,4,3,True,7
us,SGC.NB,0,0,0,0,0,0,0,False,0
us,SGE,1,0,0,2,0,2,1,False,3
us,SGE.NB,0,0,0,0,0,0,0,False,0
us,SGEN.NB,0,0,0,0,0,0,0,False,0
us,SGHC,1,0,0,2,1,3,2,False,4
us,SGHC.NB,0,0,0,0,0,0,0,False,0
us,SGHL.NB,0,0,0,0,0,0,0,False,0
us,SGHT,1,3,0,2,1,4,3,True,7
us,SGHT.NB,0,0,0,0,0,0,0,False,0
us,SGI,1,3,0,2,1,4,3,True,7
us,SGI.NB,0,0,0,0,0,0,0,False,0
us,SGLY,1,0,0,2,1,3,2,False,4
us,SGLY.NB,0,0,0,0,0,0,0,False,0
us,SGMA,0,0,0,2,1,2,2,False,3
us,SGML,1,3,0,2,1,4,3,True,7
us,SGML.NB,0,0,0,0,0,0,0,False,0
us,SGMO,1,3,0,2,1,4,3,True,7
us,SGMO.NB,0,0,0,0,0,0,0,False,0
us,SGMT,1,2,0,2,0,3,2,False,5
us,SGMT.NB,0,0,0,0,0,0,0,False,0
us,SGN,1,0,0,2,0,2,1,False,3
us,SGN.NB,0,0,0,0,0,0,0,False,0
us,SGP,1,1,0,0,0,2,1,False,2
us,SGP.NB,0,0,0,0,0,0,0,False,0
us,SGRP,1,3,0,2,1,4,3,True,7
us,SGRP.NB,0,0,0,0,0,0,0,False,0
us,SGRY,1,3,0,2,1,4,3,True,7
us,SGRY.NB,0,0,0,0,0,0,0,False,0
us,SHAK,1,3,0,2,1,4,3,True,7
us,SHAK.NB,0,0,0,0,0,0,0,False,0
us,SHAZ,1,1,0,2,1,4,3,True,5
us,SHAZ.NB,0,0,0,0,0,0,0,False,0
us,SHBI,0,0,0,2,1,2,2,False,3
us,SHBI.NB,0,0,0,0,0,0,0,False,0
us,SHC,1,3,0,2,1,4,3,True,7
us,SHC.NB,0,0,0,0,0,0,0,False,0
us,SHCO,0,0,0,2,1,2,2,False,3
us,SHCR,0,0,0,2,1,2,2,False,3
us,SHEL,1,3,0,2,1,4,3,True,7
us,SHEL.NB,0,0,0,0,0,0,0,False,0
us,SHEN,1,3,0,2,1,4,3,True,7
us,SHEN.NB,0,0,0,0,0,0,0,False,0
us,SHFS,1,0,0,2,1,3,2,False,4
us,SHFS.NB,0,0,0,0,0,0,0,False,0
us,SHFSW,0,3,0,2,1,3,3,True,6
us,SHG,0,3,0,2,1,3,3,True,6
us,SHG.NB,0,0,0,0,0,0,0,False,0
us,SHI.NB,0,0,0,0,0,0,0,False,0
us,SHIM,1,2,0,2,0,3,2,False,5
us,SHIM.NB,0,0,0,0,0,0,0,False,0
us,SHIP,1,3,0,2,1,4,3,True,7
us,SHIP.NB,0,0,0,0,0,0,0,False,0
us,SHLS,1,3,0,2,1,4,3,True,7
us,SHLS.NB,0,0,0,0,0,0,0,False,0
us,SHLT,0,3,0,2,0,2,2,False,5
us,SHMD,1,2,0,2,1,4,3,True,6
us,SHMD.NB,0,0,0,0,0,0,0,False,0
us,SHMDW,0,1,0,2,1,3,3,True,4
us,SHO,1,3,0,2,1,4,3,True,7
us,SHO.NB,0,0,0,0,0,0,0,False,0
us,SHOE,0,0,0,2,1,2,2,False,3
us,SHOO,1,3,0,2,1,4,3,True,7
us,SHOO.NB,0,0,0,0,0,0,0,False,0
us,SHOP,1,3,0,2,1,4,3,True,7
us,SHOP.NB,0,0,0,0,0,0,0,False,0
us,SHOT,0,1,0,0,0,1,1,False,1
us,SHO_PD,0,0,0,0,0,0,0,False,0
us,SHO_PE,0,0,0,0,0,0,0,False,0
us,SHO_PF,1,0,0,0,0,1,0,False,1
us,SHO_PF.NB,0,0,0,0,0,0,0,False,0
us,SHO_PH,0,3,0,2,1,3,3,True,6
us,SHO_PI,0,3,0,2,1,3,3,True,6
us,SHPH,1,3,0,2,1,4,3,True,7
us,SHPH.NB,0,0,0,0,0,0,0,False,0
us,SHPW,1,3,0,2,0,3,2,False,6
us,SHPW.NB,0,0,0,0,0,0,0,False,0
us,SHW,1,3,0,2,1,4,3,True,7
us,SHW.NB,0,0,0,0,0,0,0,False,0
us,SHYF,1,0,0,2,1,3,2,False,4
us,SHYF.NB,0,0,0,0,0,0,0,False,0
us,SI,1,3,0,1,0,3,2,False,5
us,SI.NB,0,0,0,0,0,0,0,False,0
us,SIBN,1,3,0,2,1,4,3,True,7
us,SIBN.NB,0,0,0,0,0,0,0,False,0
us,SID,1,3,0,2,1,4,3,True,7
us,SID.NB,0,0,0,0,0,0,0,False,0
us,SIDU,1,3,0,2,1,4,3,True,7
us,SIDU.NB,0,0,0,0,0,0,0,False,0
us,SIEB,1,3,0,2,1,4,3,True,7
us,SIEB.NB,0,0,0,0,0,0,0,False,0
us,SIEN.NB,0,0,0,0,0,0,0,False,0
us,SIF,1,0,0,2,1,3,2,False,4
us,SIF.NB,0,0,0,0,0,0,0,False,0
us,SIFY,1,3,0,2,1,4,3,True,7
us,SIFY.NB,0,0,0,0,0,0,0,False,0
us,SIG,1,3,0,2,1,4,3,True,7
us,SIG.NB,0,0,0,0,0,0,0,False,0
us,SIGA,1,3,0,2,1,4,3,True,7
us,SIGA.NB,0,0,0,0,0,0,0,False,0
us,SIGI,1,0,0,2,1,3,2,False,4
us,SIGI.NB,0,0,0,0,0,0,0,False,0
us,SIGIP,0,0,0,2,1,2,2,False,3
us,SII,1,3,0,2,1,4,3,True,7
us,SII.NB,0,0,0,0,0,0,0,False,0
us,SILA,1,1,0,2,0,3,2,False,4
us,SILA.NB,0,0,0,0,0,0,0,False,0
us,SILC,1,3,0,2,1,4,3,True,7
us,SILC.NB,0,0,0,0,0,0,0,False,0
us,SILK,1,0,0,2,1,3,2,False,4
us,SILK.NB,0,0,0,0,0,0,0,False,0
us,SILO,1,3,0,2,1,4,3,True,7
us,SILO.NB,0,0,0,0,0,0,0,False,0
us,SILV,1,0,0,2,1,3,2,False,4
us,SILV.NB,0,0,0,0,0,0,0,False,0
us,SIM,1,3,0,2,1,4,3,True,7
us,SIM.NB,0,0,0,0,0,0,0,False,0
us,SIMA,1,0,0,2,0,2,1,False,3
us,SIMA.NB,0,0,0,0,0,0,0,False,0
us,SIMAU,0,0,0,2,0,1,1,False,2
us,SIMAW,0,2,0,2,0,2,2,False,4
us,SIMO,1,1,0,2,1,4,3,True,5
us,SIMO.NB,0,0,0,0,0,0,0,False,0
us,SIND,0,0,0,0,0,0,0,False,0
us,SING,1,2,0,2,1,4,3,True,6
us,SING.NB,0,0,0,0,0,0,0,False,0
us,SINT,1,3,0,2,1,4,3,True,7
us,SINT.NB,0,0,0,0,0,0,0,False,0
us,SION,1,2,0,2,0,3,2,False,5
us,SION.NB,0,0,0,0,0,0,0,False,0
us,SIOX.NB,0,0,0,0,0,0,0,False,0
us,SIRI,1,3,0,2,1,4,3,True,7
us,SIRI.NB,0,0,0,0,0,0,0,False,0
us,SISI,0,0,0,2,1,2,2,False,3
us,SITC,1,3,0,2,1,4,3,True,7
us,SITC.NB,0,0,0,0,0,0,0,False,0
us,SITC_PA,1,0,0,2,1,3,2,False,4
us,SITC_PA.NB,0,0,0,0,0,0,0,False,0
us,SITC_PJ,1,0,0,0,0,1,0,False,1
us,SITC_PJ.NB,0,0,0,0,0,0,0,False,0
us,SITC_PK,1,0,0,0,0,1,0,False,1
us,SITC_PK.NB,0,0,0,0,0,0,0,False,0
us,SITC_W,0,0,0,0,0,0,0,False,0
us,SITE,1,0,0,2,1,3,2,False,4
us,SITE.NB,0,0,0,0,0,0,0,False,0
us,SITM,1,3,0,2,1,4,3,True,7
us,SITM.NB,0,0,0,0,0,0,0,False,0
us,SIX,1,0,0,2,1,3,2,False,4
us,SIX.NB,0,0,0,0,0,0,0,False,0
us,SI_PA,0,3,0,0,0,1,1,False,3
us,SJ,1,3,0,2,1,4,3,True,7
us,SJ.NB,0,0,0,0,0,0,0,False,0
us,SJHK,0,0,0,0,0,0,0,False,0
us,SJM,1,3,0,2,1,4,3,True,7
us,SJM.NB,0,0,0,0,0,0,0,False,0
us,SKBL,1,2,0,2,0,3,2,False,5
us,SKBL.NB,0,0,0,0,0,0,0,False,0
us,SKE,1,2,0,2,1,4,3,True,6
us,SKE.NB,0,0,0,0,0,0,0,False,0
us,SKHY,1,0,0,0,0,1,0,False,1
us,SKHY.NB,0,0,0,0,0,0,0,False,0
us,SKHYV,1,0,0,0,0,1,0,False,1
us,SKHYV.NB,0,0,0,0,0,0,0,False,0
us,SKIL,1,2,0,2,1,4,3,True,6
us,SKIL.NB,0,0,0,0,0,0,0,False,0
us,SKIN,1,3,0,2,1,4,3,True,7
us,SKIN.NB,0,0,0,0,0,0,0,False,0
us,SKK,1,3,0,2,0,3,2,False,6
us,SKK.NB,0,0,0,0,0,0,0,False,0
us,SKLZ,1,3,0,2,1,4,3,True,7
us,SKLZ.NB,0,0,0,0,0,0,0,False,0
us,SKM,1,3,0,2,1,4,3,True,7
us,SKM.NB,0,0,0,0,0,0,0,False,0
us,SKT,1,3,0,2,1,4,3,True,7
us,SKT.NB,0,0,0,0,0,0,0,False,0
us,SKWD,1,3,0,2,1,4,3,True,7
us,SKWD.NB,0,0,0,0,0,0,0,False,0
us,SKX,1,0,0,2,1,3,2,False,4
us,SKX.NB,0,0,0,0,0,0,0,False,0
us,SKY,1,3,0,2,1,4,3,True,7
us,SKY.NB,0,0,0,0,0,0,0,False,0
us,SKYA,1,1,0,2,1,4,3,True,5
us,SKYA.NB,0,0,0,0,0,0,0,False,0
us,SKYAW,0,0,0,2,1,2,2,False,3
us,SKYE,1,2,0,2,1,4,3,True,6
us,SKYE.NB,0,0,0,0,0,0,0,False,0
us,SKYH,1,3,0,2,1,4,3,True,7
us,SKYH.NB,0,0,0,0,0,0,0,False,0
us,SKYH_T,0,3,0,2,1,3,3,True,6
us,SKYQ,1,3,0,2,0,3,2,False,6
us,SKYQ.NB,0,0,0,0,0,0,0,False,0
us,SKYT,1,3,0,2,1,4,3,True,7
us,SKYT.NB,0,0,0,0,0,0,0,False,0
us,SKYW,1,0,0,2,1,3,2,False,4
us,SKYW.NB,0,0,0,0,0,0,0,False,0
us,SKYX,1,2,0,2,1,4,3,True,6
us,SKYX.NB,0,0,0,0,0,0,0,False,0
us,SLAB,1,3,0,2,1,4,3,True,7
us,SLAB.NB,0,0,0,0,0,0,0,False,0
us,SLAC.NB,0,0,0,0,0,0,0,False,0
us,SLAI,1,2,0,2,1,4,3,True,6
us,SLAI.NB,0,0,0,0,0,0,0,False,0
us,SLAM,0,0,0,2,1,2,2,False,3
us,SLB,1,0,0,2,1,3,2,False,4
us,SLB.NB,0,0,0,0,0,0,0,False,0
us,SLBT,1,0,0,2,0,2,1,False,3
us,SLBT.NB,0,0,0,0,0,0,0,False,0
us,SLCA,0,0,0,2,1,2,2,False,3
us,SLDB,1,2,0,2,1,4,3,True,6
us,SLDB.NB,0,0,0,0,0,0,0,False,0
us,SLDE,1,3,0,2,0,3,2,False,6
us,SLDE.NB,0,0,0,0,0,0,0,False,0
us,SLDP,1,0,0,2,1,3,2,False,4
us,SLDP.NB,0,0,0,0,0,0,0,False,0
us,SLDPW,0,3,0,2,1,3,3,True,6
us,SLE,1,3,0,2,1,4,3,True,7
us,SLE.NB,0,0,0,0,0,0,0,False,0
us,SLF,1,3,0,2,1,4,3,True,7
us,SLF.NB,0,0,0,0,0,0,0,False,0
us,SLG,1,0,0,2,1,3,2,False,4
us,SLG.NB,0,0,0,0,0,0,0,False,0
us,SLGB,1,3,0,1,0,3,2,False,5
us,SLGB.NB,0,0,0,0,0,0,0,False,0
us,SLGL,1,3,0,2,1,4,3,True,7
us,SLGL.NB,0,0,0,0,0,0,0,False,0
us,SLGN,1,3,0,2,1,4,3,True,7
us,SLGN.NB,0,0,0,0,0,0,0,False,0
us,SLG_PC,0,0,0,0,0,0,0,False,0
us,SLG_PI,1,0,0,2,1,3,2,False,4
us,SLG_PI.NB,0,0,0,0,0,0,0,False,0
us,SLHGP,0,0,0,0,0,0,0,False,0
us,SLI,1,2,0,2,1,4,3,True,6
us,SLI.NB,0,0,0,0,0,0,0,False,0
us,SLM,1,0,0,2,1,3,2,False,4
us,SLM.NB,0,0,0,0,0,0,0,False,0
us,SLMAP,0,0,0,0,0,0,0,False,0
us,SLMBP,1,0,0,2,1,3,2,False,4
us,SLMBP.NB,0,0,0,0,0,0,0,False,0
us,SLMT,1,3,0,2,1,4,3,True,7
us,SLMT.NB,0,0,0,0,0,0,0,False,0
us,SLN,1,3,0,2,1,4,3,True,7
us,SLN.NB,0,0,0,0,0,0,0,False,0
us,SLND,1,0,0,2,1,3,2,False,4
us,SLND.NB,0,0,0,0,0,0,0,False,0
us,SLND_T,0,2,0,2,1,3,3,True,5
us,SLNG,1,3,0,2,1,4,3,True,7
us,SLNG.NB,0,0,0,0,0,0,0,False,0
us,SLNH,1,3,0,2,1,4,3,True,7
us,SLNH.NB,0,0,0,0,0,0,0,False,0
us,SLNHP,0,3,0,2,1,3,3,True,6
us,SLNO,1,2,0,2,1,4,3,True,6
us,SLNO.NB,0,0,0,0,0,0,0,False,0
us,SLP,1,0,0,2,1,3,2,False,4
us,SLP.NB,0,0,0,0,0,0,0,False,0
us,SLQT,1,0,0,2,1,3,2,False,4
us,SLQT.NB,0,0,0,0,0,0,0,False,0
us,SLRC,1,3,0,2,1,4,3,True,7
us,SLRC.NB,0,0,0,0,0,0,0,False,0
us,SLRX,1,2,0,2,1,4,3,True,6
us,SLRX.NB,0,0,0,0,0,0,0,False,0
us,SLS,1,2,0,2,1,4,3,True,6
us,SLS.NB,0,0,0,0,0,0,0,False,0
us,SLSN,1,3,0,2,1,4,3,True,7
us,SLSN.NB,0,0,0,0,0,0,0,False,0
us,SLSR,1,1,0,2,1,4,3,True,5
us,SLSR.NB,0,0,0,0,0,0,0,False,0
us,SLTA,0,0,0,0,0,0,0,False,0
us,SLVM,1,3,0,2,1,4,3,True,7
us,SLVM.NB,0,0,0,0,0,0,0,False,0
us,SLVO,0,0,0,2,1,2,2,False,3
us,SLXN,1,0,0,2,1,3,2,False,4
us,SLXN.NB,0,0,0,0,0,0,0,False,0
us,SLXNW,0,2,0,2,1,3,3,True,5
us,SM,1,3,0,2,1,4,3,True,7
us,SM.NB,0,0,0,0,0,0,0,False,0
us,SMA,1,3,0,2,0,3,2,False,6
us,SMA.NB,0,0,0,0,0,0,0,False,0
us,SMAR,1,0,0,2,1,3,2,False,4
us,SMAR.NB,0,0,0,0,0,0,0,False,0
us,SMBA,0,0,0,0,0,0,0,False,0
us,SMBC,0,2,0,2,1,3,3,True,5
us,SMBC.NB,0,0,0,0,0,0,0,False,0
us,SMBK,0,0,0,2,1,2,2,False,3
us,SMBK.NB,0,0,0,0,0,0,0,False,0
us,SMC,1,3,0,2,1,4,3,True,7
us,SMC.NB,0,0,0,0,0,0,0,False,0
us,SMCI,1,0,0,2,1,3,2,False,4
us,SMCI.NB,0,0,0,0,0,0,0,False,0
us,SMCIP,0,0,0,0,0,0,0,False,0
us,SMFG,1,3,0,2,1,4,3,True,7
us,SMFG.NB,0,0,0,0,0,0,0,False,0
us,SMFL,1,0,0,2,0,2,1,False,3
us,SMFL.NB,0,0,0,0,0,0,0,False,0
us,SMG,1,1,0,2,1,4,3,True,5
us,SMG.NB,0,0,0,0,0,0,0,False,0
us,SMHB,1,0,0,2,1,3,2,False,4
us,SMHB.NB,0,0,0,0,0,0,0,False,0
us,SMHI,1,0,0,2,1,3,2,False,4
us,SMHI.NB,0,0,0,0,0,0,0,False,0
us,SMID,1,3,0,2,1,4,3,True,7
us,SMID.NB,0,0,0,0,0,0,0,False,0
us,SMIP,0,0,0,0,0,0,0,False,0
us,SMJF,0,0,0,1,0,1,1,False,1
us,SMLR,1,0,0,2,1,3,2,False,4
us,SMLR.NB,0,0,0,0,0,0,0,False,0
us,SMMT,1,2,0,2,1,4,3,True,6
us,SMMT.NB,0,0,0,0,0,0,0,False,0
us,SMP,1,3,0,2,1,4,3,True,7
us,SMP.NB,0,0,0,0,0,0,0,False,0
us,SMPL,1,0,0,2,1,3,2,False,4
us,SMPL.NB,0,0,0,0,0,0,0,False,0
us,SMR,1,3,0,2,1,4,3,True,7
us,SMR.NB,0,0,0,0,0,0,0,False,0
us,SMRT,1,3,0,2,1,4,3,True,7
us,SMRT.NB,0,0,0,0,0,0,0,False,0
us,SMSI,1,3,0,2,1,4,3,True,7
us,SMSI.NB,0,0,0,0,0,0,0,False,0
us,SMTC,1,3,0,2,1,4,3,True,7
us,SMTC.NB,0,0,0,0,0,0,0,False,0
us,SMTI,1,3,0,2,1,4,3,True,7
us,SMTI.NB,0,0,0,0,0,0,0,False,0
us,SMTK,1,2,0,2,1,4,3,True,6
us,SMTK.NB,0,0,0,0,0,0,0,False,0
us,SMTS,1,0,0,0,0,1,0,False,1
us,SMTS.NB,0,0,0,0,0,0,0,False,0
us,SMWB,1,3,0,2,1,4,3,True,7
us,SMWB.NB,0,0,0,0,0,0,0,False,0
us,SMX,1,2,0,2,1,4,3,True,6
us,SMX.NB,0,0,0,0,0,0,0,False,0
us,SMXT,1,2,0,2,0,3,2,False,5
us,SMXT.NB,0,0,0,0,0,0,0,False,0
us,SMXWW,0,2,0,2,1,3,3,True,5
us,SN,1,3,0,2,0,3,2,False,6
us,SN.NB,0,0,0,0,0,0,0,False,0
us,SNA,1,3,0,2,1,4,3,True,7
us,SNA.NB,0,0,0,0,0,0,0,False,0
us,SNAL,1,2,0,2,1,4,3,True,6
us,SNAL.NB,0,0,0,0,0,0,0,False,0
us,SNAP,1,3,0,2,1,4,3,True,7
us,SNAP.NB,0,0,0,0,0,0,0,False,0
us,SNAX,0,1,0,2,0,2,2,False,3
us,SNBR,1,2,0,2,1,4,3,True,6
us,SNBR.NB,0,0,0,0,0,0,0,False,0
us,SNCR,1,0,0,2,1,3,2,False,4
us,SNCR.NB,0,0,0,0,0,0,0,False,0
us,SNCY,1,3,0,2,1,4,3,True,7
us,SNCY.NB,0,0,0,0,0,0,0,False,0
us,SND,1,3,0,2,1,4,3,True,7
us,SND.NB,0,0,0,0,0,0,0,False,0
us,SNDA,1,2,0,2,1,4,3,True,6
us,SNDA.NB,0,0,0,0,0,0,0,False,0
us,SNDK,1,2,0,2,0,3,2,False,5
us,SNDK.NB,0,0,0,0,0,0,0,False,0
us,SNDL,1,3,0,2,1,4,3,True,7
us,SNDL.NB,0,0,0,0,0,0,0,False,0
us,SNDR,1,3,0,2,1,4,3,True,7
us,SNDR.NB,0,0,0,0,0,0,0,False,0
us,SNDX,1,3,0,2,1,4,3,True,7
us,SNDX.NB,0,0,0,0,0,0,0,False,0
us,SNES,1,3,0,2,1,4,3,True,7
us,SNES.NB,0,0,0,0,0,0,0,False,0
us,SNEX,1,0,0,2,1,3,2,False,4
us,SNEX.NB,0,0,0,0,0,0,0,False,0
us,SNFCA,1,3,0,2,1,4,3,True,7
us,SNFCA.NB,0,0,0,0,0,0,0,False,0
us,SNGX,1,3,0,2,1,4,3,True,7
us,SNGX.NB,0,0,0,0,0,0,0,False,0
us,SNN,1,3,0,2,1,4,3,True,7
us,SNN.NB,0,0,0,0,0,0,0,False,0
us,SNOA,1,3,0,2,1,4,3,True,7
us,SNOA.NB,0,0,0,0,0,0,0,False,0
us,SNOW,1,3,0,2,1,4,3,True,7
us,SNOW.NB,0,0,0,0,0,0,0,False,0
us,SNP.NB,0,0,0,0,0,0,0,False,0
us,SNPO.NB,0,0,0,0,0,0,0,False,0
us,SNPS,1,0,0,2,1,3,2,False,4
us,SNPS.NB,0,0,0,0,0,0,0,False,0
us,SNRE,1,2,0,2,0,3,2,False,5
us,SNRE.NB,0,0,0,0,0,0,0,False,0
us,SNSC,0,0,0,0,0,0,0,False,0
us,SNSE,1,2,0,2,1,4,3,True,6
us,SNSE.NB,0,0,0,0,0,0,0,False,0
us,SNT,1,1,0,2,1,4,3,True,5
us,SNT.NB,0,0,0,0,0,0,0,False,0
us,SNTG,1,3,0,2,1,4,3,True,7
us,SNTG.NB,0,0,0,0,0,0,0,False,0
us,SNTI,1,3,0,2,1,4,3,True,7
us,SNTI.NB,0,0,0,0,0,0,0,False,0
us,SNV,0,0,0,2,1,2,2,False,3
us,SNV_PD,0,0,0,2,1,2,2,False,3
us,SNV_PD.NB,0,0,0,0,0,0,0,False,0
us,SNV_PE,0,0,0,2,1,2,2,False,3
us,SNV_PE.NB,0,0,0,0,0,0,0,False,0
us,SNWV,1,3,0,2,1,4,3,True,7
us,SNWV.NB,0,0,0,0,0,0,0,False,0
us,SNX,1,0,0,2,1,3,2,False,4
us,SNX.NB,0,0,0,0,0,0,0,False,0
us,SNX_W,0,0,0,0,0,0,0,False,0
us,SNY,1,3,0,2,1,4,3,True,7
us,SNY.NB,0,0,0,0,0,0,0,False,0
us,SNYR,1,2,0,2,0,3,2,False,5
us,SNYR.NB,0,0,0,0,0,0,0,False,0
us,SO,1,0,0,2,1,3,2,False,4
us,SO.NB,0,0,0,0,0,0,0,False,0
us,SOAR,1,2,0,2,1,4,3,True,6
us,SOAR.NB,0,0,0,0,0,0,0,False,0
us,SOBO,1,3,0,2,0,3,2,False,6
us,SOBO.NB,0,0,0,0,0,0,0,False,0
us,SOBR,1,3,0,2,1,4,3,True,7
us,SOBR.NB,0,0,0,0,0,0,0,False,0
us,SOC,1,3,0,2,1,4,3,True,7
us,SOC.NB,0,0,0,0,0,0,0,False,0
us,SOCA,1,1,0,1,0,3,2,False,3
us,SOCA.NB,0,0,0,0,0,0,0,False,0
us,SOCAU,0,2,0,1,0,2,2,False,3
us,SOCAW,0,2,0,1,0,2,2,False,3
us,SOFI,1,1,0,2,1,4,3,True,5
us,SOFI.NB,0,0,0,0,0,0,0,False,0
us,SOFO.NB,0,0,0,0,0,0,0,False,0
us,SOGP,1,3,0,2,1,4,3,True,7
us,SOGP.NB,0,0,0,0,0,0,0,False,0
us,SOHO,1,0,0,2,1,3,2,False,4
us,SOHO.NB,0,0,0,0,0,0,0,False,0
us,SOHOB,1,0,0,2,1,3,2,False,4
us,SOHOB.NB,0,0,0,0,0,0,0,False,0
us,SOHON,1,0,0,2,1,3,2,False,4
us,SOHON.NB,0,0,0,0,0,0,0,False,0
us,SOHOO,1,0,0,2,1,3,2,False,4
us,SOHOO.NB,0,0,0,0,0,0,0,False,0
us,SOHU,1,3,0,2,1,4,3,True,7
us,SOHU.NB,0,0,0,0,0,0,0,False,0
us,SOJC,1,3,0,2,1,4,3,True,7
us,SOJC.NB,0,0,0,0,0,0,0,False,0
us,SOJD,0,3,0,2,1,3,3,True,6
us,SOJE,0,3,0,2,1,3,3,True,6
us,SOJF,0,3,0,2,0,2,2,False,5
us,SOL,1,0,0,2,1,3,2,False,4
us,SOL.NB,0,0,0,0,0,0,0,False,0
us,SOLO.NB,0,0,0,0,0,0,0,False,0
us,SOLS,1,2,0,1,0,3,2,False,4
us,SOLS.NB,0,0,0,0,0,0,0,False,0
us,SOLV,1,3,0,2,0,3,2,False,6
us,SOLV.NB,0,0,0,0,0,0,0,False,0
us,SOMN,0,3,0,1,0,2,2,False,4
us,SON,1,1,0,2,1,4,3,True,5
us,SON.NB,0,0,0,0,0,0,0,False,0
us,SOND,0,0,0,2,1,2,2,False,3
us,SONM,1,1,0,2,1,4,3,True,5
us,SONM.NB,0,0,0,0,0,0,0,False,0
us,SONN,1,0,0,2,1,3,2,False,4
us,SONN.NB,0,0,0,0,0,0,0,False,0
us,SONO,1,2,0,2,1,4,3,True,6
us,SONO.NB,0,0,0,0,0,0,0,False,0
us,SONX.NB,0,0,0,0,0,0,0,False,0
us,SONY,1,3,0,2,1,4,3,True,7
us,SONY.NB,0,0,0,0,0,0,0,False,0
us,SOPA,1,0,0,2,1,3,2,False,4
us,SOPA.NB,0,0,0,0,0,0,0,False,0
us,SOPH,1,3,0,2,1,4,3,True,7
us,SOPH.NB,0,0,0,0,0,0,0,False,0
us,SORA,1,3,0,2,0,3,2,False,6
us,SORA.NB,0,0,0,0,0,0,0,False,0
us,SORN,0,1,0,0,0,1,1,False,1
us,SORNU,0,0,0,0,0,0,0,False,0
us,SORNW,0,0,0,0,0,0,0,False,0
us,SOS,1,3,0,2,1,4,3,True,7
us,SOS.NB,0,0,0,0,0,0,0,False,0
us,SOTK,1,3,0,2,1,4,3,True,7
us,SOTK.NB,0,0,0,0,0,0,0,False,0
us,SOUL,1,0,0,2,0,2,1,False,3
us,SOUL.NB,0,0,0,0,0,0,0,False,0
us,SOUL_R,0,2,0,2,0,2,2,False,4
us,SOUL_U,0,2,0,2,0,2,2,False,4
us,SOUN,1,0,0,2,1,3,2,False,4
us,SOUN.NB,0,0,0,0,0,0,0,False,0
us,SOUNW,0,3,0,2,1,3,3,True,6
us,SOWG,1,2,0,2,1,4,3,True,6
us,SOWG.NB,0,0,0,0,0,0,0,False,0
us,SPAI,1,3,0,2,0,3,2,False,6
us,SPAI.NB,0,0,0,0,0,0,0,False,0
us,SPB,1,0,0,2,1,3,2,False,4
us,SPB.NB,0,0,0,0,0,0,0,False,0
us,SPCB,1,2,0,2,1,4,3,True,6
us,SPCB.NB,0,0,0,0,0,0,0,False,0
us,SPCE,1,3,0,2,1,4,3,True,7
us,SPCE.NB,0,0,0,0,0,0,0,False,0
us,SPCX,0,0,0,0,0,0,0,False,0
us,SPEC,1,0,0,2,1,3,2,False,4
us,SPEC.NB,0,0,0,0,0,0,0,False,0
us,SPEG,1,1,0,1,0,3,2,False,3
us,SPEG.NB,0,0,0,0,0,0,0,False,0
us,SPEGR,0,2,0,1,0,2,2,False,3
us,SPEGU,0,2,0,1,0,2,2,False,3
us,SPE_PC,0,0,0,2,1,2,2,False,3
us,SPFI,0,2,0,2,1,3,3,True,5
us,SPFI.NB,0,0,0,0,0,0,0,False,0
us,SPG,1,3,0,2,1,4,3,True,7
us,SPG.NB,0,0,0,0,0,0,0,False,0
us,SPGH,0,0,0,0,0,0,0,False,0
us,SPGI,1,3,0,2,1,4,3,True,7
us,SPGI.NB,0,0,0,0,0,0,0,False,0
us,SPGI_W,0,0,0,0,0,0,0,False,0
us,SPG_PJ,1,3,0,2,1,4,3,True,7
us,SPG_PJ.NB,0,0,0,0,0,0,0,False,0
us,SPHL,1,3,0,2,0,3,2,False,6
us,SPHL.NB,0,0,0,0,0,0,0,False,0
us,SPHR,1,3,0,2,1,4,3,True,7
us,SPHR.NB,0,0,0,0,0,0,0,False,0
us,SPI,1,0,0,2,1,3,2,False,4
us,SPI.NB,0,0,0,0,0,0,0,False,0
us,SPIR,1,3,0,2,1,4,3,True,7
us,SPIR.NB,0,0,0,0,0,0,0,False,0
us,SPKL,1,0,0,2,0,2,1,False,3
us,SPKL.NB,0,0,0,0,0,0,0,False,0
us,SPKLU,0,2,0,2,0,2,2,False,4
us,SPKLW,0,2,0,2,0,2,2,False,4
us,SPLK.NB,0,0,0,0,0,0,0,False,0
us,SPLP_PA,1,0,0,2,1,3,2,False,4
us,SPLP_PA.NB,0,0,0,0,0,0,0,False,0
us,SPMA,0,3,0,2,0,2,2,False,5
us,SPMC,1,3,0,2,0,3,2,False,6
us,SPMC.NB,0,0,0,0,0,0,0,False,0
us,SPME,0,3,0,2,0,2,2,False,5
us,SPNT,1,3,0,2,1,4,3,True,7
us,SPNT.NB,0,0,0,0,0,0,0,False,0
us,SPNT_PB,0,3,0,2,1,3,3,True,6
us,SPOK,1,1,0,2,1,4,3,True,5
us,SPOK.NB,0,0,0,0,0,0,0,False,0
us,SPOT,1,3,0,2,1,4,3,True,7
us,SPOT.NB,0,0,0,0,0,0,0,False,0
us,SPPI.NB,0,0,0,0,0,0,0,False,0
us,SPPL,1,3,0,2,0,3,2,False,6
us,SPPL.NB,0,0,0,0,0,0,0,False,0
us,SPPP,1,0,0,2,1,3,2,False,4
us,SPPP.NB,0,0,0,0,0,0,0,False,0
us,SPR,1,0,0,2,1,3,2,False,4
us,SPR.NB,0,0,0,0,0,0,0,False,0
us,SPRB,1,3,0,2,1,4,3,True,7
us,SPRB.NB,0,0,0,0,0,0,0,False,0
us,SPRC,1,3,0,2,1,4,3,True,7
us,SPRC.NB,0,0,0,0,0,0,0,False,0
us,SPRO,1,3,0,2,1,4,3,True,7
us,SPRO.NB,0,0,0,0,0,0,0,False,0
us,SPRU,1,3,0,2,1,4,3,True,7
us,SPRU.NB,0,0,0,0,0,0,0,False,0
us,SPRY,1,3,0,2,1,4,3,True,7
us,SPRY.NB,0,0,0,0,0,0,0,False,0
us,SPSC,1,3,0,2,1,4,3,True,7
us,SPSC.NB,0,0,0,0,0,0,0,False,0
us,SPT,1,3,0,2,1,4,3,True,7
us,SPT.NB,0,0,0,0,0,0,0,False,0
us,SPTN,1,0,0,2,1,3,2,False,4
us,SPTN.NB,0,0,0,0,0,0,0,False,0
us,SPTX,0,0,0,0,0,0,0,False,0
us,SPWH,1,3,0,2,1,4,3,True,7
us,SPWH.NB,0,0,0,0,0,0,0,False,0
us,SPWR,1,0,0,2,1,3,2,False,4
us,SPWR.NB,0,0,0,0,0,0,0,False,0
us,SPWRW,0,2,0,2,1,3,3,True,5
us,SPXC,1,3,0,2,1,4,3,True,7
us,SPXC.NB,0,0,0,0,0,0,0,False,0
us,SPYU,0,3,0,2,0,2,2,False,5
us,SQFT,1,0,0,2,1,3,2,False,4
us,SQFT.NB,0,0,0,0,0,0,0,False,0
us,SQFTP,1,3,0,2,1,4,3,True,7
us,SQFTP.NB,0,0,0,0,0,0,0,False,0
us,SQFTW,0,3,0,2,1,3,3,True,6
us,SQM,1,3,0,2,1,4,3,True,7
us,SQM.NB,0,0,0,0,0,0,0,False,0
us,SQNS,1,3,0,2,1,4,3,True,7
us,SQNS.NB,0,0,0,0,0,0,0,False,0
us,SQRX,0,0,0,0,0,0,0,False,0
us,SQSP,0,0,0,2,1,2,2,False,3
us,SQZ.NB,0,0,0,0,0,0,0,False,0
us,SR,1,0,0,2,1,3,2,False,4
us,SR.NB,0,0,0,0,0,0,0,False,0
us,SRAD,1,3,0,2,1,4,3,True,7
us,SRAD.NB,0,0,0,0,0,0,0,False,0
us,SRBK,0,0,0,2,0,1,1,False,2
us,SRBK.NB,0,0,0,0,0,0,0,False,0
us,SRC.NB,0,0,0,0,0,0,0,False,0
us,SRCE,0,0,0,2,1,2,2,False,3
us,SRCE.NB,0,0,0,0,0,0,0,False,0
us,SRDX,1,0,0,2,1,3,2,False,4
us,SRDX.NB,0,0,0,0,0,0,0,False,0
us,SRE,1,0,0,2,1,3,2,False,4
us,SRE.NB,0,0,0,0,0,0,0,False,0
us,SREA,1,3,0,2,1,4,3,True,7
us,SREA.NB,0,0,0,0,0,0,0,False,0
us,SRE_PA,0,0,0,0,0,0,0,False,0
us,SRE_PB,0,0,0,0,0,0,0,False,0
us,SRFM,1,2,0,2,0,3,2,False,5
us,SRFM.NB,0,0,0,0,0,0,0,False,0
us,SRG,1,3,0,2,1,4,3,True,7
us,SRG.NB,0,0,0,0,0,0,0,False,0
us,SRG_PA,1,3,0,2,1,4,3,True,7
us,SRG_PA.NB,0,0,0,0,0,0,0,False,0
us,SRI,1,3,0,2,1,4,3,True,7
us,SRI.NB,0,0,0,0,0,0,0,False,0
us,SRJN,0,0,0,0,0,0,0,False,0
us,SRL,1,0,0,2,1,3,2,False,4
us,SRL.NB,0,0,0,0,0,0,0,False,0
us,SRNE.NB,0,0,0,0,0,0,0,False,0
us,SRPT,1,3,0,2,1,4,3,True,7
us,SRPT.NB,0,0,0,0,0,0,0,False,0
us,SRRK,1,2,0,2,1,4,3,True,6
us,SRRK.NB,0,0,0,0,0,0,0,False,0
us,SRT.NB,0,0,0,0,0,0,0,False,0
us,SRTA,1,0,0,2,1,3,2,False,4
us,SRTA.NB,0,0,0,0,0,0,0,False,0
us,SRTAW,0,3,0,2,1,3,3,True,6
us,SRTS,1,3,0,2,1,4,3,True,7
us,SRTS.NB,0,0,0,0,0,0,0,False,0
us,SRXH,1,1,0,2,1,4,3,True,5
us,SRXH.NB,0,0,0,0,0,0,0,False,0
us,SRZN,1,0,0,2,1,3,2,False,4
us,SRZN.NB,0,0,0,0,0,0,0,False,0
us,SRZNW,0,2,0,2,1,3,3,True,5
us,SR_PA,1,0,0,2,1,3,2,False,4
us,SR_PA.NB,0,0,0,0,0,0,0,False,0
us,SSAC,1,1,0,0,0,2,1,False,2
us,SSAC.NB,0,0,0,0,0,0,0,False,0
us,SSACR,0,1,0,0,0,1,1,False,1
us,SSACU,0,1,0,0,0,1,1,False,1
us,SSACW,0,1,0,0,0,1,1,False,1
us,SSB,1,0,0,2,1,3,2,False,4
us,SSB.NB,0,0,0,0,0,0,0,False,0
us,SSBI,0,3,0,2,1,3,3,True,6
us,SSBI.NB,0,0,0,0,0,0,0,False,0
us,SSBK,0,0,0,2,1,2,2,False,3
us,SSBK.NB,0,0,0,0,0,0,0,False,0
us,SSD,1,0,0,2,1,3,2,False,4
us,SSD.NB,0,0,0,0,0,0,0,False,0
us,SSEA,1,0,0,1,0,2,1,False,2
us,SSEA.NB,0,0,0,0,0,0,0,False,0
us,SSEAR,0,2,0,1,0,2,2,False,3
us,SSEAU,0,2,0,1,0,2,2,False,3
us,SSII,1,3,0,2,0,3,2,False,6
us,SSII.NB,0,0,0,0,0,0,0,False,0
us,SSKN,1,3,0,2,1,4,3,True,7
us,SSKN.NB,0,0,0,0,0,0,0,False,0
us,SSL,1,0,0,2,1,3,2,False,4
us,SSL.NB,0,0,0,0,0,0,0,False,0
us,SSM,1,2,0,2,1,4,3,True,6
us,SSM.NB,0,0,0,0,0,0,0,False,0
us,SSMR,0,0,0,0,0,0,0,False,0
us,SSNC,1,0,0,2,1,3,2,False,4
us,SSNC.NB,0,0,0,0,0,0,0,False,0
us,SSP,1,3,0,2,1,4,3,True,7
us,SSP.NB,0,0,0,0,0,0,0,False,0
us,SSRM,1,3,0,2,1,4,3,True,7
us,SSRM.NB,0,0,0,0,0,0,0,False,0
us,SSSS,1,0,0,2,1,3,2,False,4
us,SSSS.NB,0,0,0,0,0,0,0,False,0
us,SSSSL,0,3,0,2,1,3,3,True,6
us,SST,1,3,0,2,1,4,3,True,7
us,SST.NB,0,0,0,0,0,0,0,False,0
us,SSTI,1,3,0,2,1,4,3,True,7
us,SSTI.NB,0,0,0,0,0,0,0,False,0
us,SSTK,1,3,0,2,1,4,3,True,7
us,SSTK.NB,0,0,0,0,0,0,0,False,0
us,SSY,1,0,0,2,1,3,2,False,4
us,SSY.NB,0,0,0,0,0,0,0,False,0
us,SSYS,1,3,0,2,1,4,3,True,7
us,SSYS.NB,0,0,0,0,0,0,0,False,0
us,ST,1,3,0,2,1,4,3,True,7
us,ST.NB,0,0,0,0,0,0,0,False,0
us,STA,0,0,0,0,0,0,0,False,0
us,STAA,1,3,0,2,1,4,3,True,7
us,STAA.NB,0,0,0,0,0,0,0,False,0
us,STAF,1,0,0,1,0,2,1,False,2
us,STAF.NB,0,0,0,0,0,0,0,False,0
us,STAG,1,3,0,2,1,4,3,True,7
us,STAG.NB,0,0,0,0,0,0,0,False,0
us,STAG_PA,0,0,0,0,0,0,0,False,0
us,STAG_PB,0,0,0,0,0,0,0,False,0
us,STAG_PC,0,0,0,0,0,0,0,False,0
us,STAI,1,0,0,2,1,3,2,False,4
us,STAI.NB,0,0,0,0,0,0,0,False,0
us,STAK,1,3,0,2,0,3,2,False,6
us,STAK.NB,0,0,0,0,0,0,0,False,0
us,STAR_PD,0,0,0,0,0,0,0,False,0
us,STAR_PE,0,0,0,0,0,0,0,False,0
us,STAR_PF,0,0,0,0,0,0,0,False,0
us,STAR_PG,1,0,0,0,0,1,0,False,1
us,STAR_PG.NB,0,0,0,0,0,0,0,False,0
us,STAR_PI,1,0,0,0,0,1,0,False,1
us,STAR_PI.NB,0,0,0,0,0,0,0,False,0
us,STBA,0,0,0,2,1,2,2,False,3
us,STBA.NB,0,0,0,0,0,0,0,False,0
us,STBX,0,1,0,2,1,3,3,True,4
us,STC,1,1,0,2,1,4,3,True,5
us,STC.NB,0,0,0,0,0,0,0,False,0
us,STCN,1,0,0,2,1,3,2,False,4
us,STCN.NB,0,0,0,0,0,0,0,False,0
us,STDN,0,0,0,0,0,0,0,False,0
us,STE,1,3,0,2,1,4,3,True,7
us,STE.NB,0,0,0,0,0,0,0,False,0
us,STEC,0,3,0,2,1,3,3,True,6
us,STEL,0,3,0,2,1,3,3,True,6
us,STEL.NB,0,0,0,0,0,0,0,False,0
us,STEM,1,2,0,2,1,4,3,True,6
us,STEM.NB,0,0,0,0,0,0,0,False,0
us,STEP,1,3,0,2,1,4,3,True,7
us,STEP.NB,0,0,0,0,0,0,0,False,0
us,STER,1,0,0,2,0,2,1,False,3
us,STER.NB,0,0,0,0,0,0,0,False,0
us,STEX,1,3,0,2,1,4,3,True,7
us,STEX.NB,0,0,0,0,0,0,0,False,0
us,STFS,1,2,0,2,0,3,2,False,5
us,STFS.NB,0,0,0,0,0,0,0,False,0
us,STG,1,3,0,2,1,4,3,True,7
us,STG.NB,0,0,0,0,0,0,0,False,0
us,STGW,1,3,0,2,1,4,3,True,7
us,STGW.NB,0,0,0,0,0,0,0,False,0
us,STHO,1,3,0,2,1,4,3,True,7
us,STHO.NB,0,0,0,0,0,0,0,False,0
us,STI,1,2,0,2,1,4,3,True,6
us,STI.NB,0,0,0,0,0,0,0,False,0
us,STIM,1,3,0,2,1,4,3,True,7
us,STIM.NB,0,0,0,0,0,0,0,False,0
us,STIX.NB,0,0,0,0,0,0,0,False,0
us,STKE,1,0,0,2,1,3,2,False,4
us,STKE.NB,0,0,0,0,0,0,0,False,0
us,STKH,1,2,0,2,1,4,3,True,6
us,STKH.NB,0,0,0,0,0,0,0,False,0
us,STKL,1,3,0,2,1,4,3,True,7
us,STKL.NB,0,0,0,0,0,0,0,False,0
us,STKS,1,2,0,2,1,4,3,True,6
us,STKS.NB,0,0,0,0,0,0,0,False,0
us,STLA,1,3,0,2,1,4,3,True,7
us,STLA.NB,0,0,0,0,0,0,0,False,0
us,STLD,1,0,0,2,1,3,2,False,4
us,STLD.NB,0,0,0,0,0,0,0,False,0
us,STM,1,3,0,2,1,4,3,True,7
us,STM.NB,0,0,0,0,0,0,0,False,0
us,STN,1,3,0,2,1,4,3,True,7
us,STN.NB,0,0,0,0,0,0,0,False,0
us,STNE,1,3,0,2,1,4,3,True,7
us,STNE.NB,0,0,0,0,0,0,0,False,0
us,STNG,1,3,0,2,1,4,3,True,7
us,STNG.NB,0,0,0,0,0,0,0,False,0
us,STOK,1,3,0,2,1,4,3,True,7
us,STOK.NB,0,0,0,0,0,0,0,False,0
us,STR,1,0,0,2,1,3,2,False,4
us,STR.NB,0,0,0,0,0,0,0,False,0
us,STRA,1,0,0,2,1,3,2,False,4
us,STRA.NB,0,0,0,0,0,0,0,False,0
us,STRC,0,3,0,2,0,2,2,False,5
us,STRD,0,3,0,2,0,2,2,False,5
us,STRF,1,3,0,2,0,3,2,False,6
us,STRF.NB,0,0,0,0,0,0,0,False,0
us,STRK,1,3,0,2,0,3,2,False,6
us,STRK.NB,0,0,0,0,0,0,0,False,0
us,STRL,1,3,0,2,1,4,3,True,7
us,STRL.NB,0,0,0,0,0,0,0,False,0
us,STRM,1,0,0,2,1,3,2,False,4
us,STRM.NB,0,0,0,0,0,0,0,False,0
us,STRO,1,2,0,2,1,4,3,True,6
us,STRO.NB,0,0,0,0,0,0,0,False,0
us,STRR,1,3,0,2,1,4,3,True,7
us,STRR.NB,0,0,0,0,0,0,0,False,0
us,STRRP,1,0,0,2,1,3,2,False,4
us,STRRP.NB,0,0,0,0,0,0,0,False,0
us,STRS,1,3,0,2,1,4,3,True,7
us,STRS.NB,0,0,0,0,0,0,0,False,0
us,STRT,1,0,0,2,1,3,2,False,4
us,STRT.NB,0,0,0,0,0,0,0,False,0
us,STRW,1,3,0,2,1,4,3,True,7
us,STRW.NB,0,0,0,0,0,0,0,False,0
us,STRZ,1,3,0,2,0,3,2,False,6
us,STRZ.NB,0,0,0,0,0,0,0,False,0
us,STSSW,0,3,0,2,1,3,3,True,6
us,STT,1,0,0,2,1,3,2,False,4
us,STT.NB,0,0,0,0,0,0,0,False,0
us,STTK,1,3,0,2,1,4,3,True,7
us,STTK.NB,0,0,0,0,0,0,0,False,0
us,STT_PC,1,0,0,0,0,1,0,False,1
us,STT_PC.NB,0,0,0,0,0,0,0,False,0
us,STT_PD,1,0,0,0,0,1,0,False,1
us,STT_PD.NB,0,0,0,0,0,0,0,False,0
us,STT_PE,0,0,0,0,0,0,0,False,0
us,STT_PG,1,0,0,2,1,3,2,False,4
us,STT_PG.NB,0,0,0,0,0,0,0,False,0
us,STUB,1,3,0,1,0,3,2,False,5
us,STUB.NB,0,0,0,0,0,0,0,False,0
us,STVN,1,3,0,2,1,4,3,True,7
us,STVN.NB,0,0,0,0,0,0,0,False,0
us,STWD,1,3,0,2,1,4,3,True,7
us,STWD.NB,0,0,0,0,0,0,0,False,0
us,STX,1,2,0,2,1,4,3,True,6
us,STX.NB,0,0,0,0,0,0,0,False,0
us,STXS,1,3,0,2,1,4,3,True,7
us,STXS.NB,0,0,0,0,0,0,0,False,0
us,STZ,1,3,0,2,1,4,3,True,7
us,STZ.NB,0,0,0,0,0,0,0,False,0
us,SU,1,0,0,2,1,3,2,False,4
us,SU.NB,0,0,0,0,0,0,0,False,0
us,SUCH,0,0,0,0,0,0,0,False,0
us,SUGP,1,3,0,2,0,3,2,False,6
us,SUGP.NB,0,0,0,0,0,0,0,False,0
us,SUI,1,0,0,2,1,3,2,False,4
us,SUI.NB,0,0,0,0,0,0,0,False,0
us,SUIG,1,3,0,2,1,4,3,True,7
us,SUIG.NB,0,0,0,0,0,0,0,False,0
us,SUI_PA,0,0,0,0,0,0,0,False,0
us,SUJA,0,0,0,0,0,0,0,False,0
us,SUKE,1,0,0,0,0,1,0,False,1
us,SUKE.NB,0,0,0,0,0,0,0,False,0
us,SUM,1,0,0,2,1,3,2,False,4
us,SUM.NB,0,0,0,0,0,0,0,False,0
us,SUMA,0,0,0,0,0,0,0,False,0
us,SUMAR,0,1,0,0,0,1,1,False,1
us,SUNB,0,3,0,0,0,1,1,False,3
us,SUNE,1,3,0,2,1,4,3,True,7
us,SUNE.NB,0,0,0,0,0,0,0,False,0
us,SUNH,0,0,0,0,0,0,0,False,0
us,SUNS,1,3,0,2,0,3,2,False,6
us,SUNS.NB,0,0,0,0,0,0,0,False,0
us,SUNW.NB,0,0,0,0,0,0,0,False,0
us,SUP,1,0,0,2,1,3,2,False,4
us,SUP.NB,0,0,0,0,0,0,0,False,0
us,SUPN,1,3,0,2,1,4,3,True,7
us,SUPN.NB,0,0,0,0,0,0,0,False,0
us,SUPV,1,3,0,2,1,4,3,True,7
us,SUPV.NB,0,0,0,0,0,0,0,False,0
us,SUPX,1,3,0,2,0,3,2,False,6
us,SUPX.NB,0,0,0,0,0,0,0,False,0
us,SURF.NB,0,0,0,0,0,0,0,False,0
us,SURG,1,2,0,2,1,4,3,True,6
us,SURG.NB,0,0,0,0,0,0,0,False,0
us,SUUN,1,2,0,2,1,4,3,True,6
us,SUUN.NB,0,0,0,0,0,0,0,False,0
us,SUWA,0,0,0,0,0,0,0,False,0
us,SUZ,1,3,0,2,1,4,3,True,7
us,SUZ.NB,0,0,0,0,0,0,0,False,0
us,SVA,1,1,0,0,0,2,1,False,2
us,SVA.NB,0,0,0,0,0,0,0,False,0
us,SVAC,1,2,0,1,0,3,2,False,4
us,SVAC.NB,0,0,0,0,0,0,0,False,0
us,SVACU,0,2,0,1,0,2,2,False,3
us,SVACW,0,2,0,1,0,2,2,False,3
us,SVAQ,0,1,0,0,0,1,1,False,1
us,SVAQU,0,0,0,0,0,0,0,False,0
us,SVAQW,0,0,0,0,0,0,0,False,0
us,SVC,1,3,0,2,1,4,3,True,7
us,SVC.NB,0,0,0,0,0,0,0,False,0
us,SVCC,1,0,0,2,0,2,1,False,3
us,SVCC.NB,0,0,0,0,0,0,0,False,0
us,SVCCU,0,2,0,2,0,2,2,False,4
us,SVCCW,0,2,0,2,0,2,2,False,4
us,SVCO,1,3,0,2,0,3,2,False,6
us,SVCO.NB,0,0,0,0,0,0,0,False,0
us,SVII,1,0,0,2,1,3,2,False,4
us,SVII.NB,0,0,0,0,0,0,0,False,0
us,SVIV,0,0,0,0,0,0,0,False,0
us,SVIVU,0,0,0,0,0,0,0,False,0
us,SVIVW,0,0,0,0,0,0,0,False,0
us,SVM,1,3,0,2,1,4,3,True,7
us,SVM.NB,0,0,0,0,0,0,0,False,0
us,SVMH,0,1,0,2,1,3,3,True,4
us,SVRA,1,2,0,2,1,4,3,True,6
us,SVRA.NB,0,0,0,0,0,0,0,False,0
us,SVRE,0,3,0,2,1,3,3,True,6
us,SVREW,0,3,0,2,1,3,3,True,6
us,SVRN,1,3,0,2,1,4,3,True,7
us,SVRN.NB,0,0,0,0,0,0,0,False,0
us,SVT,1,0,0,2,1,3,2,False,4
us,SVT.NB,0,0,0,0,0,0,0,False,0
us,SVV,1,3,0,2,0,3,2,False,6
us,SVV.NB,0,0,0,0,0,0,0,False,0
us,SW,1,3,0,2,1,4,3,True,7
us,SW.NB,0,0,0,0,0,0,0,False,0
us,SWAG,1,2,0,2,1,4,3,True,6
us,SWAG.NB,0,0,0,0,0,0,0,False,0
us,SWAGW,0,3,0,2,1,3,3,True,6
us,SWAV.NB,0,0,0,0,0,0,0,False,0
us,SWBI,1,3,0,2,1,4,3,True,7
us,SWBI.NB,0,0,0,0,0,0,0,False,0
us,SWI,1,0,0,2,1,3,2,False,4
us,SWI.NB,0,0,0,0,0,0,0,False,0
us,SWIM,1,3,0,2,1,4,3,True,7
us,SWIM.NB,0,0,0,0,0,0,0,False,0
us,SWK,1,3,0,2,1,4,3,True,7
us,SWK.NB,0,0,0,0,0,0,0,False,0
us,SWKH,1,1,0,2,1,4,3,True,5
us,SWKH.NB,0,0,0,0,0,0,0,False,0
us,SWKHL,0,3,0,2,0,2,2,False,5
us,SWKS,1,0,0,2,1,3,2,False,4
us,SWKS.NB,0,0,0,0,0,0,0,False,0
us,SWMR,0,0,0,0,0,0,0,False,0
us,SWN,1,0,0,2,1,3,2,False,4
us,SWN.NB,0,0,0,0,0,0,0,False,0
us,SWP,1,0,0,2,0,2,1,False,3
us,SWP.NB,0,0,0,0,0,0,0,False,0
us,SWSS,1,0,0,0,0,1,0,False,1
us,SWSS.NB,0,0,0,0,0,0,0,False,0
us,SWTX,1,0,0,2,1,3,2,False,4
us,SWTX.NB,0,0,0,0,0,0,0,False,0
us,SWVL,1,3,0,2,1,4,3,True,7
us,SWVL.NB,0,0,0,0,0,0,0,False,0
us,SWVLW,0,3,0,2,1,3,3,True,6
us,SWX,1,3,0,2,1,4,3,True,7
us,SWX.NB,0,0,0,0,0,0,0,False,0
us,SXC,1,3,0,2,1,4,3,True,7
us,SXC.NB,0,0,0,0,0,0,0,False,0
us,SXI,1,0,0,2,1,3,2,False,4
us,SXI.NB,0,0,0,0,0,0,0,False,0
us,SXT,1,0,0,2,1,3,2,False,4
us,SXT.NB,0,0,0,0,0,0,0,False,0
us,SXTC,1,3,0,2,1,4,3,True,7
us,SXTC.NB,0,0,0,0,0,0,0,False,0
us,SXTP,0,0,0,2,0,1,1,False,2
us,SXTPW,0,2,0,2,0,2,2,False,4
us,SY,1,3,0,2,1,4,3,True,7
us,SY.NB,0,0,0,0,0,0,0,False,0
us,SYBT,0,0,0,2,1,2,2,False,3
us,SYBT.NB,0,0,0,0,0,0,0,False,0
us,SYBX,1,3,0,2,1,4,3,True,7
us,SYBX.NB,0,0,0,0,0,0,0,False,0
us,SYF,1,0,0,2,1,3,2,False,4
us,SYF.NB,0,0,0,0,0,0,0,False,0
us,SYF_PA,0,0,0,2,1,2,2,False,3
us,SYF_PB,0,0,0,2,0,1,1,False,2
us,SYK,1,3,0,2,1,4,3,True,7
us,SYK.NB,0,0,0,0,0,0,0,False,0
us,SYM,1,0,0,2,1,3,2,False,4
us,SYM.NB,0,0,0,0,0,0,0,False,0
us,SYNA,1,1,0,2,1,4,3,True,5
us,SYNA.NB,0,0,0,0,0,0,0,False,0
us,SYNH.NB,0,0,0,0,0,0,0,False,0
us,SYNO,0,0,0,0,0,0,0,False,0
us,SYNX,1,3,0,2,0,3,2,False,6
us,SYNX.NB,0,0,0,0,0,0,0,False,0
us,SYPR,1,3,0,2,1,4,3,True,7
us,SYPR.NB,0,0,0,0,0,0,0,False,0
us,SYRA,1,3,0,2,0,3,2,False,6
us,SYRA.NB,0,0,0,0,0,0,0,False,0
us,SYRE,1,3,0,2,1,4,3,True,7
us,SYRE.NB,0,0,0,0,0,0,0,False,0
us,SYRS,1,1,0,2,1,4,3,True,5
us,SYRS.NB,0,0,0,0,0,0,0,False,0
us,SYT,0,0,0,2,0,1,1,False,2
us,SYTN,0,0,0,0,0,0,0,False,0
us,SYY,1,2,0,2,1,4,3,True,6
us,SYY.NB,0,0,0,0,0,0,0,False,0
us,SZTD,0,0,0,0,0,0,0,False,0
us,SZZL,1,0,0,2,0,2,1,False,3
us,SZZL.NB,0,0,0,0,0,0,0,False,0
us,SZZLR,0,2,0,2,0,2,2,False,4
us,SZZLU,0,2,0,2,0,2,2,False,4
us,T,1,0,0,2,1,3,2,False,4
us,T.NB,0,0,0,0,0,0,0,False,0
us,TA.NB,0,0,0,0,0,0,0,False,0
us,TAC,1,3,0,2,1,4,3,True,7
us,TAC.NB,0,0,0,0,0,0,0,False,0
us,TACH,0,0,0,2,0,1,1,False,2
us,TACHU,0,2,0,2,0,2,2,False,4
us,TACHW,0,2,0,2,0,2,2,False,4
us,TACO,1,0,0,2,0,2,1,False,3
us,TACO.NB,0,0,0,0,0,0,0,False,0
us,TACOU,0,2,0,2,0,2,2,False,4
us,TACOW,0,2,0,2,0,2,2,False,4
us,TACT,1,3,0,2,1,4,3,True,7
us,TACT.NB,0,0,0,0,0,0,0,False,0
us,TAIT,1,0,0,2,1,3,2,False,4
us,TAIT.NB,0,0,0,0,0,0,0,False,0
us,TAK,1,3,0,2,1,4,3,True,7
us,TAK.NB,0,0,0,0,0,0,0,False,0
us,TAL,1,3,0,2,1,4,3,True,7
us,TAL.NB,0,0,0,0,0,0,0,False,0
us,TALK,1,0,0,2,1,3,2,False,4
us,TALK.NB,0,0,0,0,0,0,0,False,0
us,TALKW,0,3,0,2,1,3,3,True,6
us,TALO,1,3,0,2,1,4,3,True,7
us,TALO.NB,0,0,0,0,0,0,0,False,0
us,TANH,1,3,0,2,1,4,3,True,7
us,TANH.NB,0,0,0,0,0,0,0,False,0
us,TAOP,1,3,0,2,1,4,3,True,7
us,TAOP.NB,0,0,0,0,0,0,0,False,0
us,TAOX,1,3,0,2,1,4,3,True,7
us,TAOX.NB,0,0,0,0,0,0,0,False,0
us,TAP,1,3,0,2,1,4,3,True,7
us,TAP.NB,0,0,0,0,0,0,0,False,0
us,TAPA,1,3,0,2,1,4,3,True,7
us,TAPA.NB,0,0,0,0,0,0,0,False,0
us,TARA,1,2,0,2,1,4,3,True,6
us,TARA.NB,0,0,0,0,0,0,0,False,0
us,TARO,1,0,0,2,1,3,2,False,4
us,TARO.NB,0,0,0,0,0,0,0,False,0
us,TARS,1,3,0,2,1,4,3,True,7
us,TARS.NB,0,0,0,0,0,0,0,False,0
us,TASK,1,3,0,2,1,4,3,True,7
us,TASK.NB,0,0,0,0,0,0,0,False,0
us,TATT,1,3,0,2,1,4,3,True,7
us,TATT.NB,0,0,0,0,0,0,0,False,0
us,TAVI,1,0,0,2,0,2,1,False,3
us,TAVI.NB,0,0,0,0,0,0,0,False,0
us,TAVIR,0,2,0,2,0,2,2,False,4
us,TAVIU,0,2,0,2,0,2,2,False,4
us,TAYD,1,0,0,2,1,3,2,False,4
us,TAYD.NB,0,0,0,0,0,0,0,False,0
us,TBB,1,0,0,2,1,3,2,False,4
us,TBB.NB,0,0,0,0,0,0,0,False,0
us,TBBB,1,3,0,2,0,3,2,False,6
us,TBBB.NB,0,0,0,0,0,0,0,False,0
us,TBBK,0,0,0,2,1,2,2,False,3
us,TBBK.NB,0,0,0,0,0,0,0,False,0
us,TBCH,1,3,0,2,1,4,3,True,7
us,TBCH.NB,0,0,0,0,0,0,0,False,0
us,TBH,1,3,0,2,0,3,2,False,6
us,TBH.NB,0,0,0,0,0,0,0,False,0
us,TBHC,1,0,0,2,1,3,2,False,4
us,TBHC.NB,0,0,0,0,0,0,0,False,0
us,TBI,1,3,0,2,1,4,3,True,7
us,TBI.NB,0,0,0,0,0,0,0,False,0
us,TBIO,0,1,0,2,1,3,3,True,4
us,TBLA,1,0,0,2,1,3,2,False,4
us,TBLA.NB,0,0,0,0,0,0,0,False,0
us,TBLAW,0,3,0,2,1,3,3,True,6
us,TBLT,1,2,0,2,0,3,2,False,5
us,TBLT.NB,0,0,0,0,0,0,0,False,0
us,TBMC,1,0,0,2,0,2,1,False,3
us,TBMC.NB,0,0,0,0,0,0,0,False,0
us,TBMCR,0,0,0,2,0,1,1,False,2
us,TBN,1,0,0,2,0,2,1,False,3
us,TBN.NB,0,0,0,0,0,0,0,False,0
us,TBNK,0,0,0,2,1,2,2,False,3
us,TBNK.NB,0,0,0,0,0,0,0,False,0
us,TBPH,1,3,0,2,1,4,3,True,7
us,TBPH.NB,0,0,0,0,0,0,0,False,0
us,TBRG,1,3,0,2,1,4,3,True,7
us,TBRG.NB,0,0,0,0,0,0,0,False,0
us,TC,1,3,0,2,1,4,3,True,7
us,TC.NB,0,0,0,0,0,0,0,False,0
us,TCBC,0,0,0,2,1,2,2,False,3
us,TCBC.NB,0,0,0,0,0,0,0,False,0
us,TCBG,0,0,0,0,0,0,0,False,0
us,TCBI,1,0,0,2,1,3,2,False,4
us,TCBI.NB,0,0,0,0,0,0,0,False,0
us,TCBIO,0,0,0,2,1,2,2,False,3
us,TCBIP,1,0,0,0,0,1,0,False,1
us,TCBIP.NB,0,0,0,0,0,0,0,False,0
us,TCBK,0,3,0,2,1,3,3,True,6
us,TCBK.NB,0,0,0,0,0,0,0,False,0
us,TCBP,1,0,0,2,0,2,1,False,3
us,TCBP.NB,0,0,0,0,0,0,0,False,0
us,TCBS,0,1,0,2,1,3,3,True,4
us,TCBS.NB,0,0,0,0,0,0,0,False,0
us,TCBX,1,0,0,2,1,3,2,False,4
us,TCBX.NB,0,0,0,0,0,0,0,False,0
us,TCCO.NB,0,0,0,0,0,0,0,False,0
us,TCFC.NB,0,0,0,0,0,0,0,False,0
us,TCGL,1,3,0,1,0,3,2,False,5
us,TCGL.NB,0,0,0,0,0,0,0,False,0
us,TCGP,0,0,0,0,0,0,0,False,0
us,TCI,1,3,0,2,1,4,3,True,7
us,TCI.NB,0,0,0,0,0,0,0,False,0
us,TCMD,1,3,0,2,1,4,3,True,7
us,TCMD.NB,0,0,0,0,0,0,0,False,0
us,TCOA,1,0,0,2,0,2,1,False,3
us,TCOA.NB,0,0,0,0,0,0,0,False,0
us,TCOM,1,3,0,2,1,4,3,True,7
us,TCOM.NB,0,0,0,0,0,0,0,False,0
us,TCON,1,0,0,2,1,3,2,False,4
us,TCON.NB,0,0,0,0,0,0,0,False,0
us,TCPA,0,0,0,1,0,1,1,False,1
us,TCPC,1,3,0,2,1,4,3,True,7
us,TCPC.NB,0,0,0,0,0,0,0,False,0
us,TCRR.NB,0,0,0,0,0,0,0,False,0
us,TCRT,1,3,0,2,1,4,3,True,7
us,TCRT.NB,0,0,0,0,0,0,0,False,0
us,TCRX,1,3,0,2,1,4,3,True,7
us,TCRX.NB,0,0,0,0,0,0,0,False,0
us,TCS,1,0,0,2,1,3,2,False,4
us,TCS.NB,0,0,0,0,0,0,0,False,0
us,TCX,1,2,0,2,1,4,3,True,6
us,TCX.NB,0,0,0,0,0,0,0,False,0
us,TD,1,0,0,2,1,3,2,False,4
us,TD.NB,0,0,0,0,0,0,0,False,0
us,TDAC,1,0,0,2,0,2,1,False,3
us,TDAC.NB,0,0,0,0,0,0,0,False,0
us,TDACU,0,2,0,2,0,2,2,False,4
us,TDACW,1,2,0,2,0,3,2,False,5
us,TDACW.NB,0,0,0,0,0,0,0,False,0
us,TDAY,1,3,0,2,1,4,3,True,7
us,TDAY.NB,0,0,0,0,0,0,0,False,0
us,TDC,1,3,0,2,1,4,3,True,7
us,TDC.NB,0,0,0,0,0,0,0,False,0
us,TDCX,0,0,0,2,0,1,1,False,2
us,TDG,1,0,0,2,1,3,2,False,4
us,TDG.NB,0,0,0,0,0,0,0,False,0
us,TDI,1,0,0,2,0,2,1,False,3
us,TDI.NB,0,0,0,0,0,0,0,False,0
us,TDIC,1,1,0,2,0,3,2,False,4
us,TDIC.NB,0,0,0,0,0,0,0,False,0
us,TDOC,1,1,0,2,1,4,3,True,5
us,TDOC.NB,0,0,0,0,0,0,0,False,0
us,TDS,1,3,0,2,1,4,3,True,7
us,TDS.NB,0,0,0,0,0,0,0,False,0
us,TDS_PU,0,3,0,2,1,3,3,True,6
us,TDS_PV,0,3,0,2,1,3,3,True,6
us,TDTH,1,2,0,2,0,3,2,False,5
us,TDTH.NB,0,0,0,0,0,0,0,False,0
us,TDUP,1,3,0,2,1,4,3,True,7
us,TDUP.NB,0,0,0,0,0,0,0,False,0
us,TDW,1,3,0,2,1,4,3,True,7
us,TDW.NB,0,0,0,0,0,0,0,False,0
us,TDWD,1,1,0,1,0,3,2,False,3
us,TDWD.NB,0,0,0,0,0,0,0,False,0
us,TDWDR,0,2,0,1,0,2,2,False,3
us,TDWDU,0,2,0,1,0,2,2,False,3
us,TDY,1,0,0,2,1,3,2,False,4
us,TDY.NB,0,0,0,0,0,0,0,False,0
us,TE,1,0,0,2,1,3,2,False,4
us,TE.NB,0,0,0,0,0,0,0,False,0
us,TEAD,1,3,0,2,1,4,3,True,7
us,TEAD.NB,0,0,0,0,0,0,0,False,0
us,TEAM,1,0,0,2,1,3,2,False,4
us,TEAM.NB,0,0,0,0,0,0,0,False,0
us,TECH,1,0,0,2,1,3,2,False,4
us,TECH.NB,0,0,0,0,0,0,0,False,0
us,TECK,1,0,0,2,1,3,2,False,4
us,TECK.NB,0,0,0,0,0,0,0,False,0
us,TECTP,0,0,0,2,1,2,2,False,3
us,TECX,1,2,0,2,1,4,3,True,6
us,TECX.NB,0,0,0,0,0,0,0,False,0
us,TEF,1,3,0,2,1,4,3,True,7
us,TEF.NB,0,0,0,0,0,0,0,False,0
us,TEL,0,0,0,2,1,2,2,False,3
us,TELA,1,3,0,2,1,4,3,True,7
us,TELA.NB,0,0,0,0,0,0,0,False,0
us,TELL,1,0,0,2,1,3,2,False,4
us,TELL.NB,0,0,0,0,0,0,0,False,0
us,TELO,1,3,0,2,0,3,2,False,6
us,TELO.NB,0,0,0,0,0,0,0,False,0
us,TEM,1,3,0,2,0,3,2,False,6
us,TEM.NB,0,0,0,0,0,0,0,False,0
us,TEN,1,3,0,2,1,4,3,True,7
us,TEN.NB,0,0,0,0,0,0,0,False,0
us,TENB,1,2,0,2,1,4,3,True,6
us,TENB.NB,0,0,0,0,0,0,0,False,0
us,TENX,1,2,0,2,1,4,3,True,6
us,TENX.NB,0,0,0,0,0,0,0,False,0
us,TEN_PE,1,3,0,2,1,4,3,True,7
us,TEN_PE.NB,0,0,0,0,0,0,0,False,0
us,TEN_PF,0,3,0,2,1,3,3,True,6
us,TEO,1,3,0,2,1,4,3,True,7
us,TEO.NB,0,0,0,0,0,0,0,False,0
us,TER,1,1,0,2,1,4,3,True,5
us,TER.NB,0,0,0,0,0,0,0,False,0
us,TERN,1,2,0,2,1,4,3,True,6
us,TERN.NB,0,0,0,0,0,0,0,False,0
us,TESS.NB,0,0,0,0,0,0,0,False,0
us,TEVA,1,0,0,2,1,3,2,False,4
us,TEVA.NB,0,0,0,0,0,0,0,False,0
us,TEX,1,3,0,2,1,4,3,True,7
us,TEX.NB,0,0,0,0,0,0,0,False,0
us,TE_T,0,3,0,2,1,3,3,True,6
us,TFC,0,0,0,2,1,2,2,False,3
us,TFC.NB,0,0,0,0,0,0,0,False,0
us,TFC_PF,0,0,0,0,0,0,0,False,0
us,TFC_PG,0,0,0,0,0,0,0,False,0
us,TFC_PH,0,0,0,0,0,0,0,False,0
us,TFC_PI,0,0,0,2,1,2,2,False,3
us,TFC_PO,0,0,0,2,1,2,2,False,3
us,TFC_PR,0,0,0,2,1,2,2,False,3
us,TFFP,1,0,0,2,1,3,2,False,4
us,TFFP.NB,0,0,0,0,0,0,0,False,0
us,TFII,1,2,0,2,1,4,3,True,6
us,TFII.NB,0,0,0,0,0,0,0,False,0
us,TFIN,0,0,0,2,1,2,2,False,3
us,TFIN.NB,0,0,0,0,0,0,0,False,0
us,TFIN_P,0,0,0,2,1,2,2,False,3
us,TFPM,1,3,0,2,1,4,3,True,7
us,TFPM.NB,0,0,0,0,0,0,0,False,0
us,TFSL,0,0,0,2,1,2,2,False,3
us,TFSL.NB,0,0,0,0,0,0,0,False,0
us,TFX,1,2,0,2,1,4,3,True,6
us,TFX.NB,0,0,0,0,0,0,0,False,0
us,TG,1,3,0,2,1,4,3,True,7
us,TG.NB,0,0,0,0,0,0,0,False,0
us,TGAA,1,0,0,2,0,2,1,False,3
us,TGAA.NB,0,0,0,0,0,0,0,False,0
us,TGAN,1,0,0,2,1,3,2,False,4
us,TGAN.NB,0,0,0,0,0,0,0,False,0
us,TGB,1,3,0,2,1,4,3,True,7
us,TGB.NB,0,0,0,0,0,0,0,False,0
us,TGE,1,0,0,2,0,2,1,False,3
us,TGE.NB,0,0,0,0,0,0,0,False,0
us,TGEN,1,3,0,2,1,4,3,True,7
us,TGEN.NB,0,0,0,0,0,0,0,False,0
us,TGE_T,0,0,0,2,0,1,1,False,2
us,TGHL,1,2,0,1,0,3,2,False,4
us,TGHL.NB,0,0,0,0,0,0,0,False,0
us,TGI,1,0,0,2,1,3,2,False,4
us,TGI.NB,0,0,0,0,0,0,0,False,0
us,TGL,1,0,0,2,1,3,2,False,4
us,TGL.NB,0,0,0,0,0,0,0,False,0
us,TGLS,1,3,0,2,1,4,3,True,7
us,TGLS.NB,0,0,0,0,0,0,0,False,0
us,TGNA,1,0,0,2,1,3,2,False,4
us,TGNA.NB,0,0,0,0,0,0,0,False,0
us,TGS,1,3,0,2,1,4,3,True,7
us,TGS.NB,0,0,0,0,0,0,0,False,0
us,TGT,1,3,0,2,1,4,3,True,7
us,TGT.NB,0,0,0,0,0,0,0,False,0
us,TGTX,1,3,0,2,1,4,3,True,7
us,TGTX.NB,0,0,0,0,0,0,0,False,0
us,TGVC.NB,0,0,0,0,0,0,0,False,0
us,TH,1,3,0,2,1,4,3,True,7
us,TH.NB,0,0,0,0,0,0,0,False,0
us,THAR,0,2,0,2,1,3,3,True,5
us,THC,1,3,0,2,1,4,3,True,7
us,THC.NB,0,0,0,0,0,0,0,False,0
us,THCH,1,2,0,2,1,4,3,True,6
us,THCH.NB,0,0,0,0,0,0,0,False,0
us,THFF,0,3,0,2,1,3,3,True,6
us,THFF.NB,0,0,0,0,0,0,0,False,0
us,THG,1,2,0,2,1,4,3,True,6
us,THG.NB,0,0,0,0,0,0,0,False,0
us,THH,1,2,0,1,0,3,2,False,4
us,THH.NB,0,0,0,0,0,0,0,False,0
us,THM,1,2,0,2,1,4,3,True,6
us,THM.NB,0,0,0,0,0,0,0,False,0
us,THMO,1,0,0,2,0,2,1,False,3
us,THMO.NB,0,0,0,0,0,0,0,False,0
us,THO,1,0,0,2,1,3,2,False,4
us,THO.NB,0,0,0,0,0,0,0,False,0
us,THR,1,3,0,2,1,4,3,True,7
us,THR.NB,0,0,0,0,0,0,0,False,0
us,THRD,0,0,0,2,0,1,1,False,2
us,THRM,1,0,0,2,1,3,2,False,4
us,THRM.NB,0,0,0,0,0,0,0,False,0
us,THRY,1,3,0,2,1,4,3,True,7
us,THRY.NB,0,0,0,0,0,0,0,False,0
us,THS,1,0,0,2,1,3,2,False,4
us,THS.NB,0,0,0,0,0,0,0,False,0
us,THTX,1,0,0,2,1,3,2,False,4
us,THTX.NB,0,0,0,0,0,0,0,False,0
us,TIC,1,3,0,2,0,3,2,False,6
us,TIC.NB,0,0,0,0,0,0,0,False,0
us,TIGO,1,3,0,2,1,4,3,True,7
us,TIGO.NB,0,0,0,0,0,0,0,False,0
us,TIGR,1,3,0,2,1,4,3,True,7
us,TIGR.NB,0,0,0,0,0,0,0,False,0
us,TII,1,3,0,2,1,4,3,True,7
us,TII.NB,0,0,0,0,0,0,0,False,0
us,TIL,1,2,0,2,1,4,3,True,6
us,TIL.NB,0,0,0,0,0,0,0,False,0
us,TILE,1,3,0,2,1,4,3,True,7
us,TILE.NB,0,0,0,0,0,0,0,False,0
us,TIMB,1,3,0,2,1,4,3,True,7
us,TIMB.NB,0,0,0,0,0,0,0,False,0
us,TIPT,1,3,0,2,1,4,3,True,7
us,TIPT.NB,0,0,0,0,0,0,0,False,0
us,TIRX,1,0,0,2,1,3,2,False,4
us,TIRX.NB,0,0,0,0,0,0,0,False,0
us,TISI,1,2,0,2,1,4,3,True,6
us,TISI.NB,0,0,0,0,0,0,0,False,0
us,TITN,1,3,0,2,1,4,3,True,7
us,TITN.NB,0,0,0,0,0,0,0,False,0
us,TIVC,1,2,0,2,1,4,3,True,6
us,TIVC.NB,0,0,0,0,0,0,0,False,0
us,TIWD,0,0,0,0,0,0,0,False,0
us,TIXT,0,0,0,2,1,2,2,False,3
us,TJGC,1,2,0,2,0,3,2,False,5
us,TJGC.NB,0,0,0,0,0,0,0,False,0
us,TJH,0,0,0,0,0,0,0,False,0
us,TJX,1,3,0,2,1,4,3,True,7
us,TJX.NB,0,0,0,0,0,0,0,False,0
us,TK,1,3,0,2,1,4,3,True,7
us,TK.NB,0,0,0,0,0,0,0,False,0
us,TKC,1,3,0,2,1,4,3,True,7
us,TKC.NB,0,0,0,0,0,0,0,False,0
us,TKDG,0,0,0,0,0,0,0,False,0
us,TKLF,1,3,0,2,1,4,3,True,7
us,TKLF.NB,0,0,0,0,0,0,0,False,0
us,TKNO,1,3,0,2,1,4,3,True,7
us,TKNO.NB,0,0,0,0,0,0,0,False,0
us,TKO,1,3,0,2,1,4,3,True,7
us,TKO.NB,0,0,0,0,0,0,0,False,0
us,TKR,1,3,0,2,1,4,3,True,7
us,TKR.NB,0,0,0,0,0,0,0,False,0
us,TLF,1,3,0,2,1,4,3,True,7
us,TLF.NB,0,0,0,0,0,0,0,False,0
us,TLGY,1,0,0,2,1,3,2,False,4
us,TLGY.NB,0,0,0,0,0,0,0,False,0
us,TLIH,1,3,0,2,0,3,2,False,6
us,TLIH.NB,0,0,0,0,0,0,0,False,0
us,TLIS,1,0,0,2,1,3,2,False,4
us,TLIS.NB,0,0,0,0,0,0,0,False,0
us,TLK,0,3,0,2,1,3,3,True,6
us,TLN,1,3,0,2,0,3,2,False,6
us,TLN.NB,0,0,0,0,0,0,0,False,0
us,TLNC,1,1,0,1,0,3,2,False,3
us,TLNC.NB,0,0,0,0,0,0,0,False,0
us,TLNCU,1,2,0,1,0,3,2,False,4
us,TLNCU.NB,0,0,0,0,0,0,0,False,0
us,TLNCW,0,2,0,1,0,2,2,False,3
us,TLPH,1,3,0,2,1,4,3,True,7
us,TLPH.NB,0,0,0,0,0,0,0,False,0
us,TLRY,1,0,0,2,1,3,2,False,4
us,TLRY.NB,0,0,0,0,0,0,0,False,0
us,TLS,1,3,0,2,1,4,3,True,7
us,TLS.NB,0,0,0,0,0,0,0,False,0
us,TLSA,1,2,0,2,1,4,3,True,6
us,TLSA.NB,0,0,0,0,0,0,0,False,0
us,TLSI,1,0,0,2,1,3,2,False,4
us,TLSI.NB,0,0,0,0,0,0,0,False,0
us,TLSIW,0,2,0,2,1,3,3,True,5
us,TLX,0,3,0,2,0,2,2,False,5
us,TLYS,1,3,0,2,1,4,3,True,7
us,TLYS.NB,0,0,0,0,0,0,0,False,0
us,TM,1,3,0,2,1,4,3,True,7
us,TM.NB,0,0,0,0,0,0,0,False,0
us,TMBR.NB,0,0,0,0,0,0,0,False,0
us,TMC,1,0,0,2,1,3,2,False,4
us,TMC.NB,0,0,0,0,0,0,0,False,0
us,TMCI,1,3,0,2,1,4,3,True,7
us,TMCI.NB,0,0,0,0,0,0,0,False,0
us,TMCR,1,2,0,0,0,2,1,False,3
us,TMCR.NB,0,0,0,0,0,0,0,False,0
us,TMCWW,0,1,0,2,1,3,3,True,4
us,TMDE,1,1,0,2,0,3,2,False,4
us,TMDE.NB,0,0,0,0,0,0,0,False,0
us,TMDX,1,3,0,2,1,4,3,True,7
us,TMDX.NB,0,0,0,0,0,0,0,False,0
us,TME,1,2,0,2,1,4,3,True,6
us,TME.NB,0,0,0,0,0,0,0,False,0
us,TMHC,1,0,0,2,1,3,2,False,4
us,TMHC.NB,0,0,0,0,0,0,0,False,0
us,TMO,1,0,0,2,1,3,2,False,4
us,TMO.NB,0,0,0,0,0,0,0,False,0
us,TMP,0,0,0,2,1,2,2,False,3
us,TMP.NB,0,0,0,0,0,0,0,False,0
us,TMPO.NB,0,0,0,0,0,0,0,False,0
us,TMQ,1,0,0,2,1,3,2,False,4
us,TMQ.NB,0,0,0,0,0,0,0,False,0
us,TMS,0,0,0,2,0,1,1,False,2
us,TMTS,0,0,0,0,0,0,0,False,0
us,TMTSW,0,0,0,0,0,0,0,False,0
us,TMUS,1,0,0,2,1,3,2,False,4
us,TMUS.NB,0,0,0,0,0,0,0,False,0
us,TMUSI,0,3,0,0,0,1,1,False,3
us,TMUSL,0,3,0,0,0,1,1,False,3
us,TMUSP,0,0,0,0,0,0,0,False,0
us,TMUSZ,0,3,0,0,0,1,1,False,3
us,TNC,1,3,0,2,1,4,3,True,7
us,TNC.NB,0,0,0,0,0,0,0,False,0
us,TNDM,1,3,0,2,1,4,3,True,7
us,TNDM.NB,0,0,0,0,0,0,0,False,0
us,TNET,1,3,0,2,1,4,3,True,7
us,TNET.NB,0,0,0,0,0,0,0,False,0
us,TNGX,1,3,0,2,1,4,3,True,7
us,TNGX.NB,0,0,0,0,0,0,0,False,0
us,TNK,1,3,0,2,1,4,3,True,7
us,TNK.NB,0,0,0,0,0,0,0,False,0
us,TNL,1,0,0,2,1,3,2,False,4
us,TNL.NB,0,0,0,0,0,0,0,False,0
us,TNMG,1,3,0,2,1,4,3,True,7
us,TNMG.NB,0,0,0,0,0,0,0,False,0
us,TNON,1,1,0,2,1,4,3,True,5
us,TNON.NB,0,0,0,0,0,0,0,False,0
us,TNONW,0,3,0,2,1,3,3,True,6
us,TNP_PD.NB,0,0,0,0,0,0,0,False,0
us,TNXP,1,3,0,2,1,4,3,True,7
us,TNXP.NB,0,0,0,0,0,0,0,False,0
us,TNYA,1,2,0,2,1,4,3,True,6
us,TNYA.NB,0,0,0,0,0,0,0,False,0
us,TOI,1,0,0,2,1,3,2,False,4
us,TOI.NB,0,0,0,0,0,0,0,False,0
us,TOIIW,0,2,0,2,1,3,3,True,5
us,TOL,1,0,0,2,1,3,2,False,4
us,TOL.NB,0,0,0,0,0,0,0,False,0
us,TOMZ,1,3,0,2,1,4,3,True,7
us,TOMZ.NB,0,0,0,0,0,0,0,False,0
us,TONT,1,0,0,0,0,1,0,False,1
us,TONT.NB,0,0,0,0,0,0,0,False,0
us,TONX,1,3,0,2,1,4,3,True,7
us,TONX.NB,0,0,0,0,0,0,0,False,0
us,TONY,0,0,0,0,0,0,0,False,0
us,TOON,1,3,0,2,1,4,3,True,7
us,TOON.NB,0,0,0,0,0,0,0,False,0
us,TOP,1,3,0,2,1,4,3,True,7
us,TOP.NB,0,0,0,0,0,0,0,False,0
us,TOPP,1,3,0,2,0,3,2,False,6
us,TOPP.NB,0,0,0,0,0,0,0,False,0
us,TOPS,1,3,0,2,1,4,3,True,7
us,TOPS.NB,0,0,0,0,0,0,0,False,0
us,TORO,1,3,0,2,1,4,3,True,7
us,TORO.NB,0,0,0,0,0,0,0,False,0
us,TOROV,0,0,0,0,0,0,0,False,0
us,TOST,1,3,0,2,1,4,3,True,7
us,TOST.NB,0,0,0,0,0,0,0,False,0
us,TOUR,1,3,0,2,1,4,3,True,7
us,TOUR.NB,0,0,0,0,0,0,0,False,0
us,TOVX,1,2,0,2,1,4,3,True,6
us,TOVX.NB,0,0,0,0,0,0,0,False,0
us,TOWN,0,1,0,2,1,3,3,True,4
us,TOWN.NB,0,0,0,0,0,0,0,False,0
us,TOYO,1,3,0,2,1,4,3,True,7
us,TOYO.NB,0,0,0,0,0,0,0,False,0
us,TP,0,0,0,0,0,0,0,False,0
us,TPB,1,3,0,2,1,4,3,True,7
us,TPB.NB,0,0,0,0,0,0,0,False,0
us,TPC,1,3,0,2,1,4,3,True,7
us,TPC.NB,0,0,0,0,0,0,0,False,0
us,TPCS,1,3,0,2,1,4,3,True,7
us,TPCS.NB,0,0,0,0,0,0,0,False,0
us,TPET,1,0,0,2,0,2,1,False,3
us,TPET.NB,0,0,0,0,0,0,0,False,0
us,TPG,1,3,0,2,1,4,3,True,7
us,TPG.NB,0,0,0,0,0,0,0,False,0
us,TPH,1,0,0,2,1,3,2,False,4
us,TPH.NB,0,0,0,0,0,0,0,False,0
us,TPHS,1,2,0,2,1,4,3,True,6
us,TPHS.NB,0,0,0,0,0,0,0,False,0
us,TPIC,1,2,0,2,1,4,3,True,6
us,TPIC.NB,0,0,0,0,0,0,0,False,0
us,TPL,1,3,0,2,1,4,3,True,7
us,TPL.NB,0,0,0,0,0,0,0,False,0
us,TPR,1,0,0,2,1,3,2,False,4
us,TPR.NB,0,0,0,0,0,0,0,False,0
us,TPST,1,2,0,2,1,4,3,True,6
us,TPST.NB,0,0,0,0,0,0,0,False,0
us,TPVG,1,3,0,2,1,4,3,True,7
us,TPVG.NB,0,0,0,0,0,0,0,False,0
us,TR,1,3,0,2,1,4,3,True,7
us,TR.NB,0,0,0,0,0,0,0,False,0
us,TRAD,0,0,0,0,0,0,0,False,0
us,TRAD_R,0,0,0,0,0,0,0,False,0
us,TRAK,1,0,0,2,1,3,2,False,4
us,TRAK.NB,0,0,0,0,0,0,0,False,0
us,TRAW,1,2,0,2,1,4,3,True,6
us,TRAW.NB,0,0,0,0,0,0,0,False,0
us,TRAX,0,1,0,0,0,1,1,False,1
us,TRAXV,0,1,0,0,0,1,1,False,1
us,TRC,1,3,0,2,1,4,3,True,7
us,TRC.NB,0,0,0,0,0,0,0,False,0
us,TRDA,1,3,0,2,1,4,3,True,7
us,TRDA.NB,0,0,0,0,0,0,0,False,0
us,TREE,1,3,0,2,1,4,3,True,7
us,TREE.NB,0,0,0,0,0,0,0,False,0
us,TREX,1,3,0,2,1,4,3,True,7
us,TREX.NB,0,0,0,0,0,0,0,False,0
us,TRGP,1,3,0,2,1,4,3,True,7
us,TRGP.NB,0,0,0,0,0,0,0,False,0
us,TRGS,0,0,0,0,0,0,0,False,0
us,TRGSR,0,0,0,0,0,0,0,False,0
us,TRI,1,3,0,2,1,4,3,True,7
us,TRI.NB,0,0,0,0,0,0,0,False,0
us,TRIB,1,2,0,2,1,4,3,True,6
us,TRIB.NB,0,0,0,0,0,0,0,False,0
us,TRIN,1,0,0,2,1,3,2,False,4
us,TRIN.NB,0,0,0,0,0,0,0,False,0
us,TRINI,0,3,0,2,0,2,2,False,5
us,TRINZ,0,3,0,2,0,2,2,False,5
us,TRIP,1,3,0,2,1,4,3,True,7
us,TRIP.NB,0,0,0,0,0,0,0,False,0
us,TRKA.NB,0,0,0,0,0,0,0,False,0
us,TRLV,0,2,0,2,1,3,3,True,5
us,TRMB,1,3,0,2,1,4,3,True,7
us,TRMB.NB,0,0,0,0,0,0,0,False,0
us,TRMD,1,3,0,2,1,4,3,True,7
us,TRMD.NB,0,0,0,0,0,0,0,False,0
us,TRMK,0,3,0,2,1,3,3,True,6
us,TRMK.NB,0,0,0,0,0,0,0,False,0
us,TRML,0,0,0,2,1,2,2,False,3
us,TRN,1,3,0,2,1,4,3,True,7
us,TRN.NB,0,0,0,0,0,0,0,False,0
us,TRNO,1,3,0,2,1,4,3,True,7
us,TRNO.NB,0,0,0,0,0,0,0,False,0
us,TRNO_PA,0,0,0,0,0,0,0,False,0
us,TRNR,1,3,0,2,0,3,2,False,6
us,TRNR.NB,0,0,0,0,0,0,0,False,0
us,TRNS,1,3,0,2,1,4,3,True,7
us,TRNS.NB,0,0,0,0,0,0,0,False,0
us,TRON,1,3,0,2,0,3,2,False,6
us,TRON.NB,0,0,0,0,0,0,0,False,0
us,TROO,1,3,0,2,1,4,3,True,7
us,TROO.NB,0,0,0,0,0,0,0,False,0
us,TROW,1,3,0,2,1,4,3,True,7
us,TROW.NB,0,0,0,0,0,0,0,False,0
us,TROX,1,3,0,2,1,4,3,True,7
us,TROX.NB,0,0,0,0,0,0,0,False,0
us,TRP,1,3,0,2,1,4,3,True,7
us,TRP.NB,0,0,0,0,0,0,0,False,0
us,TRS,1,2,0,2,1,4,3,True,6
us,TRS.NB,0,0,0,0,0,0,0,False,0
us,TRSG,1,3,0,2,0,3,2,False,6
us,TRSG.NB,0,0,0,0,0,0,0,False,0
us,TRST,0,3,0,2,1,3,3,True,6
us,TRST.NB,0,0,0,0,0,0,0,False,0
us,TRT,1,0,0,2,1,3,2,False,4
us,TRT.NB,0,0,0,0,0,0,0,False,0
us,TRTL,1,0,0,2,0,2,1,False,3
us,TRTL.NB,0,0,0,0,0,0,0,False,0
us,TRTN_PA,1,3,0,2,1,4,3,True,7
us,TRTN_PA.NB,0,0,0,0,0,0,0,False,0
us,TRTN_PB,1,3,0,2,1,4,3,True,7
us,TRTN_PB.NB,0,0,0,0,0,0,0,False,0
us,TRTN_PC,1,3,0,2,1,4,3,True,7
us,TRTN_PC.NB,0,0,0,0,0,0,0,False,0
us,TRTN_PD,1,3,0,2,1,4,3,True,7
us,TRTN_PD.NB,0,0,0,0,0,0,0,False,0
us,TRTN_PE,1,3,0,2,1,4,3,True,7
us,TRTN_PE.NB,0,0,0,0,0,0,0,False,0
us,TRTN_PF,0,3,0,2,0,2,2,False,5
us,TRTN_PG,0,3,0,1,0,2,2,False,4
us,TRTX,1,3,0,2,1,4,3,True,7
us,TRTX.NB,0,0,0,0,0,0,0,False,0
us,TRTX_PC,1,3,0,2,1,4,3,True,7
us,TRTX_PC.NB,0,0,0,0,0,0,0,False,0
us,TRU,1,3,0,2,1,4,3,True,7
us,TRU.NB,0,0,0,0,0,0,0,False,0
us,TRUE,1,0,0,2,1,3,2,False,4
us,TRUE.NB,0,0,0,0,0,0,0,False,0
us,TRUG,1,0,0,2,1,3,2,False,4
us,TRUG.NB,0,0,0,0,0,0,0,False,0
us,TRUP,1,3,0,2,1,4,3,True,7
us,TRUP.NB,0,0,0,0,0,0,0,False,0
us,TRV,1,0,0,2,1,3,2,False,4
us,TRV.NB,0,0,0,0,0,0,0,False,0
us,TRVG,1,3,0,2,1,4,3,True,7
us,TRVG.NB,0,0,0,0,0,0,0,False,0
us,TRVI,1,2,0,2,1,4,3,True,6
us,TRVI.NB,0,0,0,0,0,0,0,False,0
us,TRVN,1,0,0,2,1,3,2,False,4
us,TRVN.NB,0,0,0,0,0,0,0,False,0
us,TRX,1,0,0,2,1,3,2,False,4
us,TRX.NB,0,0,0,0,0,0,0,False,0
us,TS,1,3,0,2,1,4,3,True,7
us,TS.NB,0,0,0,0,0,0,0,False,0
us,TSAT,1,3,0,2,1,4,3,True,7
us,TSAT.NB,0,0,0,0,0,0,0,False,0
us,TSBK,0,0,0,2,1,2,2,False,3
us,TSBK.NB,0,0,0,0,0,0,0,False,0
us,TSBX,1,0,0,2,0,2,1,False,3
us,TSBX.NB,0,0,0,0,0,0,0,False,0
us,TSCO,1,2,0,2,1,4,3,True,6
us,TSCO.NB,0,0,0,0,0,0,0,False,0
us,TSE,1,2,0,2,1,4,3,True,6
us,TSE.NB,0,0,0,0,0,0,0,False,0
us,TSEM,1,2,0,2,1,4,3,True,6
us,TSEM.NB,0,0,0,0,0,0,0,False,0
us,TSHA,1,3,0,2,1,4,3,True,7
us,TSHA.NB,0,0,0,0,0,0,0,False,0
us,TSI_R,0,0,0,0,0,0,0,False,0
us,TSI_R_W,0,0,0,0,0,0,0,False,0
us,TSLA,1,0,0,2,1,3,2,False,4
us,TSLA.NB,0,0,0,0,0,0,0,False,0
us,TSLX,1,3,0,2,1,4,3,True,7
us,TSLX.NB,0,0,0,0,0,0,0,False,0
us,TSM,1,0,0,2,1,3,2,False,4
us,TSM.NB,0,0,0,0,0,0,0,False,0
us,TSN,1,0,0,2,1,3,2,False,4
us,TSN.NB,0,0,0,0,0,0,0,False,0
us,TSQ,1,2,0,2,1,4,3,True,6
us,TSQ.NB,0,0,0,0,0,0,0,False,0
us,TSRI,0,0,0,2,1,2,2,False,3
us,TSSI,1,3,0,2,1,4,3,True,7
us,TSSI.NB,0,0,0,0,0,0,0,False,0
us,TT,1,3,0,2,1,4,3,True,7
us,TT.NB,0,0,0,0,0,0,0,False,0
us,TTAM,1,3,0,2,0,3,2,False,6
us,TTAM.NB,0,0,0,0,0,0,0,False,0
us,TTAN,1,3,0,2,0,3,2,False,6
us,TTAN.NB,0,0,0,0,0,0,0,False,0
us,TTC,1,0,0,2,1,3,2,False,4
us,TTC.NB,0,0,0,0,0,0,0,False,0
us,TTD,1,3,0,2,1,4,3,True,7
us,TTD.NB,0,0,0,0,0,0,0,False,0
us,TTE,1,3,0,2,1,4,3,True,7
us,TTE.NB,0,0,0,0,0,0,0,False,0
us,TTEC,1,3,0,2,1,4,3,True,7
us,TTEC.NB,0,0,0,0,0,0,0,False,0
us,TTEK,1,1,0,2,1,4,3,True,5
us,TTEK.NB,0,0,0,0,0,0,0,False,0
us,TTGT,1,0,0,2,0,2,1,False,3
us,TTGT.NB,0,0,0,0,0,0,0,False,0
us,TTI,1,0,0,2,1,3,2,False,4
us,TTI.NB,0,0,0,0,0,0,0,False,0
us,TTMI,1,3,0,2,1,4,3,True,7
us,TTMI.NB,0,0,0,0,0,0,0,False,0
us,TTNP,1,0,0,2,1,3,2,False,4
us,TTNP.NB,0,0,0,0,0,0,0,False,0
us,TTOO,1,0,0,2,1,3,2,False,4
us,TTOO.NB,0,0,0,0,0,0,0,False,0
us,TTRX,1,2,0,1,0,3,2,False,4
us,TTRX.NB,0,0,0,0,0,0,0,False,0
us,TTSH,1,3,0,2,1,4,3,True,7
us,TTSH.NB,0,0,0,0,0,0,0,False,0
us,TTWO,1,3,0,2,1,4,3,True,7
us,TTWO.NB,0,0,0,0,0,0,0,False,0
us,TU,0,3,0,2,1,3,3,True,6
us,TUEM.NB,0,0,0,0,0,0,0,False,0
us,TULP,1,3,0,2,1,4,3,True,7
us,TULP.NB,0,0,0,0,0,0,0,False,0
us,TUP,1,0,0,2,1,3,2,False,4
us,TUP.NB,0,0,0,0,0,0,0,False,0
us,TURB,1,1,0,2,0,3,2,False,4
us,TURB.NB,0,0,0,0,0,0,0,False,0
us,TURO,1,0,0,0,0,1,0,False,1
us,TURO.NB,0,0,0,0,0,0,0,False,0
us,TUSK,1,3,0,2,1,4,3,True,7
us,TUSK.NB,0,0,0,0,0,0,0,False,0
us,TUYA,1,0,0,2,1,3,2,False,4
us,TUYA.NB,0,0,0,0,0,0,0,False,0
us,TV,1,3,0,2,1,4,3,True,7
us,TV.NB,0,0,0,0,0,0,0,False,0
us,TVA,1,0,0,2,0,2,1,False,3
us,TVA.NB,0,0,0,0,0,0,0,False,0
us,TVACU,0,2,0,2,0,2,2,False,4
us,TVACW,0,2,0,2,0,2,2,False,4
us,TVAI,0,0,0,2,0,1,1,False,2
us,TVAIR,0,0,0,1,0,1,1,False,1
us,TVAIU,0,0,0,2,0,1,1,False,2
us,TVCN,1,0,0,0,0,1,0,False,1
us,TVCN.NB,0,0,0,0,0,0,0,False,0
us,TVE,1,0,0,2,1,3,2,False,4
us,TVE.NB,0,0,0,0,0,0,0,False,0
us,TVGN,1,0,0,2,1,3,2,False,4
us,TVGN.NB,0,0,0,0,0,0,0,False,0
us,TVGNW,0,1,0,2,1,3,3,True,4
us,TVIV,0,0,0,0,0,0,0,False,0
us,TVRD,1,2,0,2,1,4,3,True,6
us,TVRD.NB,0,0,0,0,0,0,0,False,0
us,TVTX,1,3,0,2,1,4,3,True,7
us,TVTX.NB,0,0,0,0,0,0,0,False,0
us,TW,1,3,0,2,1,4,3,True,7
us,TW.NB,0,0,0,0,0,0,0,False,0
us,TWAV,1,3,0,2,1,4,3,True,7
us,TWAV.NB,0,0,0,0,0,0,0,False,0
us,TWCB.NB,0,0,0,0,0,0,0,False,0
us,TWFG,1,3,0,2,0,3,2,False,6
us,TWFG.NB,0,0,0,0,0,0,0,False,0
us,TWG,1,3,0,2,0,3,2,False,6
us,TWG.NB,0,0,0,0,0,0,0,False,0
us,TWI,1,3,0,2,1,4,3,True,7
us,TWI.NB,0,0,0,0,0,0,0,False,0
us,TWIN,1,0,0,2,1,3,2,False,4
us,TWIN.NB,0,0,0,0,0,0,0,False,0
us,TWKS,1,0,0,2,0,2,1,False,3
us,TWKS.NB,0,0,0,0,0,0,0,False,0
us,TWLO,1,3,0,2,1,4,3,True,7
us,TWLO.NB,0,0,0,0,0,0,0,False,0
us,TWLV,1,0,0,1,0,2,1,False,2
us,TWLV.NB,0,0,0,0,0,0,0,False,0
us,TWLVR,0,2,0,0,0,1,1,False,2
us,TWLVU,1,2,0,1,0,3,2,False,4
us,TWLVU.NB,0,0,0,0,0,0,0,False,0
us,TWNP,1,0,0,2,0,2,1,False,3
us,TWNP.NB,0,0,0,0,0,0,0,False,0
us,TWO,1,3,0,2,1,4,3,True,7
us,TWO.NB,0,0,0,0,0,0,0,False,0
us,TWOD,0,3,0,0,0,1,1,False,3
us,TWOU,1,0,0,2,1,3,2,False,4
us,TWOU.NB,0,0,0,0,0,0,0,False,0
us,TWO_PA,1,3,0,2,1,4,3,True,7
us,TWO_PA.NB,0,0,0,0,0,0,0,False,0
us,TWO_PB,1,3,0,2,1,4,3,True,7
us,TWO_PB.NB,0,0,0,0,0,0,0,False,0
us,TWO_PC,1,3,0,2,1,4,3,True,7
us,TWO_PC.NB,0,0,0,0,0,0,0,False,0
us,TWO_PD,1,0,0,0,0,1,0,False,1
us,TWO_PD.NB,0,0,0,0,0,0,0,False,0
us,TWO_PE,1,0,0,0,0,1,0,False,1
us,TWO_PE.NB,0,0,0,0,0,0,0,False,0
us,TWST,1,0,0,2,1,3,2,False,4
us,TWST.NB,0,0,0,0,0,0,0,False,0
us,TX,1,3,0,2,1,4,3,True,7
us,TX.NB,0,0,0,0,0,0,0,False,0
us,TXG,1,3,0,2,1,4,3,True,7
us,TXG.NB,0,0,0,0,0,0,0,False,0
us,TXMD,1,3,0,2,1,4,3,True,7
us,TXMD.NB,0,0,0,0,0,0,0,False,0
us,TXN,1,0,0,2,1,3,2,False,4
us,TXN.NB,0,0,0,0,0,0,0,False,0
us,TXNM,1,3,0,2,1,4,3,True,7
us,TXNM.NB,0,0,0,0,0,0,0,False,0
us,TXRH,1,3,0,2,1,4,3,True,7
us,TXRH.NB,0,0,0,0,0,0,0,False,0
us,TXT,1,3,0,2,1,4,3,True,7
us,TXT.NB,0,0,0,0,0,0,0,False,0
us,TY,1,0,0,2,1,3,2,False,4
us,TY.NB,0,0,0,0,0,0,0,False,0
us,TYAM,0,0,0,0,0,0,0,False,0
us,TYGO,1,3,0,2,1,4,3,True,7
us,TYGO.NB,0,0,0,0,0,0,0,False,0
us,TYG_PB,0,0,0,0,0,0,0,False,0
us,TYG_PC,0,0,0,0,0,0,0,False,0
us,TYG_R,0,0,0,0,0,0,0,False,0
us,TYG_R_W,0,0,0,0,0,0,0,False,0
us,TYL,1,2,0,2,1,4,3,True,6
us,TYL.NB,0,0,0,0,0,0,0,False,0
us,TYRA,1,2,0,2,1,4,3,True,6
us,TYRA.NB,0,0,0,0,0,0,0,False,0
us,TYY_PC,0,0,0,0,0,0,0,False,0
us,TY_P,1,0,0,2,1,3,2,False,4
us,TY_P.NB,0,0,0,0,0,0,0,False,0
us,TZOO,1,0,0,2,1,3,2,False,4
us,TZOO.NB,0,0,0,0,0,0,0,False,0
us,T_PA,0,0,0,2,1,2,2,False,3
us,T_PC,0,0,0,2,1,2,2,False,3
us,U,1,3,0,2,1,4,3,True,7
us,U.NB,0,0,0,0,0,0,0,False,0
us,UA,1,3,0,2,1,4,3,True,7
us,UA.NB,0,0,0,0,0,0,0,False,0
us,UAA,1,3,0,2,1,4,3,True,7
us,UAA.NB,0,0,0,0,0,0,0,False,0
us,UAC,0,0,0,0,0,0,0,False,0
us,UAC_T,0,0,0,0,0,0,0,False,0
us,UAC_U,0,0,0,0,0,0,0,False,0
us,UAL,1,1,0,2,1,4,3,True,5
us,UAL.NB,0,0,0,0,0,0,0,False,0
us,UAMY,1,3,0,2,1,4,3,True,7
us,UAMY.NB,0,0,0,0,0,0,0,False,0
us,UAVS,1,3,0,2,1,4,3,True,7
us,UAVS.NB,0,0,0,0,0,0,0,False,0
us,UBCP,0,3,0,2,1,3,3,True,6
us,UBCP.NB,0,0,0,0,0,0,0,False,0
us,UBER,1,3,0,2,1,4,3,True,7
us,UBER.NB,0,0,0,0,0,0,0,False,0
us,UBFO,1,0,0,2,1,3,2,False,4
us,UBFO.NB,0,0,0,0,0,0,0,False,0
us,UBOH,1,0,0,0,0,1,0,False,1
us,UBOH.NB,0,0,0,0,0,0,0,False,0
us,UBS,1,2,0,2,1,4,3,True,6
us,UBS.NB,0,0,0,0,0,0,0,False,0
us,UBSI,0,0,0,2,1,2,2,False,3
us,UBSI.NB,0,0,0,0,0,0,0,False,0
us,UBX,1,0,0,2,1,3,2,False,4
us,UBX.NB,0,0,0,0,0,0,0,False,0
us,UBXG,1,1,0,2,0,3,2,False,4
us,UBXG.NB,0,0,0,0,0,0,0,False,0
us,UCAR,1,3,0,2,0,3,2,False,6
us,UCAR.NB,0,0,0,0,0,0,0,False,0
us,UCB,0,3,0,2,1,3,3,True,6
us,UCB.NB,0,0,0,0,0,0,0,False,0
us,UCB_PI,0,0,0,2,1,2,2,False,3
us,UCFI,1,1,0,2,0,3,2,False,4
us,UCFI.NB,0,0,0,0,0,0,0,False,0
us,UCFIW,0,0,0,2,0,1,1,False,2
us,UCIB,0,0,0,2,1,2,2,False,3
us,UCL,1,3,0,2,1,4,3,True,7
us,UCL.NB,0,0,0,0,0,0,0,False,0
us,UCTT,1,3,0,2,1,4,3,True,7
us,UCTT.NB,0,0,0,0,0,0,0,False,0
us,UDMY,1,3,0,2,1,4,3,True,7
us,UDMY.NB,0,0,0,0,0,0,0,False,0
us,UDR,1,3,0,2,1,4,3,True,7
us,UDR.NB,0,0,0,0,0,0,0,False,0
us,UDUD,0,0,0,0,0,0,0,False,0
us,UE,1,0,0,2,1,3,2,False,4
us,UE.NB,0,0,0,0,0,0,0,False,0
us,UEC,1,0,0,2,1,3,2,False,4
us,UEC.NB,0,0,0,0,0,0,0,False,0
us,UEIC,1,3,0,2,1,4,3,True,7
us,UEIC.NB,0,0,0,0,0,0,0,False,0
us,UEOP,1,0,0,0,0,1,0,False,1
us,UEOP.NB,0,0,0,0,0,0,0,False,0
us,UFCS,1,3,0,2,1,4,3,True,7
us,UFCS.NB,0,0,0,0,0,0,0,False,0
us,UFG,1,3,0,2,0,3,2,False,6
us,UFG.NB,0,0,0,0,0,0,0,False,0
us,UFI,1,2,0,2,1,4,3,True,6
us,UFI.NB,0,0,0,0,0,0,0,False,0
us,UFPI,1,3,0,2,1,4,3,True,7
us,UFPI.NB,0,0,0,0,0,0,0,False,0
us,UFPT,1,3,0,2,1,4,3,True,7
us,UFPT.NB,0,0,0,0,0,0,0,False,0
us,UFS.NB,0,0,0,0,0,0,0,False,0
us,UG,1,3,0,2,1,4,3,True,7
us,UG.NB,0,0,0,0,0,0,0,False,0
us,UGI,1,1,0,2,1,4,3,True,5
us,UGI.NB,0,0,0,0,0,0,0,False,0
us,UGP,1,3,0,2,1,4,3,True,7
us,UGP.NB,0,0,0,0,0,0,0,False,0
us,UGRO,1,2,0,2,1,4,3,True,6
us,UGRO.NB,0,0,0,0,0,0,0,False,0
us,UHAL,1,3,0,2,1,4,3,True,7
us,UHAL.NB,0,0,0,0,0,0,0,False,0
us,UHALB,1,3,0,2,1,4,3,True,7
us,UHALB.NB,0,0,0,0,0,0,0,False,0
us,UHG,0,0,0,2,1,2,2,False,3
us,UHGWW,0,3,0,2,1,3,3,True,6
us,UHP,1,0,0,0,0,1,0,False,1
us,UHP.NB,0,0,0,0,0,0,0,False,0
us,UHS,1,1,0,2,1,4,3,True,5
us,UHS.NB,0,0,0,0,0,0,0,False,0
us,UHT,1,3,0,2,1,4,3,True,7
us,UHT.NB,0,0,0,0,0,0,0,False,0
us,UI,1,0,0,2,1,3,2,False,4
us,UI.NB,0,0,0,0,0,0,0,False,0
us,UIS,1,2,0,2,1,4,3,True,6
us,UIS.NB,0,0,0,0,0,0,0,False,0
us,UIS_PA,0,0,0,0,0,0,0,False,0
us,UK,1,3,0,2,1,4,3,True,7
us,UK.NB,0,0,0,0,0,0,0,False,0
us,UL,1,3,0,2,1,4,3,True,7
us,UL.NB,0,0,0,0,0,0,0,False,0
us,ULBI,1,3,0,2,1,4,3,True,7
us,ULBI.NB,0,0,0,0,0,0,0,False,0
us,ULCC,1,3,0,2,1,4,3,True,7
us,ULCC.NB,0,0,0,0,0,0,0,False,0
us,ULH,1,3,0,2,1,4,3,True,7
us,ULH.NB,0,0,0,0,0,0,0,False,0
us,ULS,1,3,0,2,0,3,2,False,6
us,ULS.NB,0,0,0,0,0,0,0,False,0
us,ULTA,1,3,0,2,1,4,3,True,7
us,ULTA.NB,0,0,0,0,0,0,0,False,0
us,ULY,0,0,0,2,1,2,2,False,3
us,UMAC,1,3,0,2,0,3,2,False,6
us,UMAC.NB,0,0,0,0,0,0,0,False,0
us,UMBF,0,0,0,2,1,2,2,False,3
us,UMBF.NB,0,0,0,0,0,0,0,False,0
us,UMBFO,0,0,0,2,0,1,1,False,2
us,UMBFP,0,0,0,0,0,0,0,False,0
us,UMC,1,3,0,2,1,4,3,True,7
us,UMC.NB,0,0,0,0,0,0,0,False,0
us,UMH,1,3,0,2,1,4,3,True,7
us,UMH.NB,0,0,0,0,0,0,0,False,0
us,UMH_PA,0,0,0,0,0,0,0,False,0
us,UMH_PB,0,0,0,0,0,0,0,False,0
us,UMH_PC,1,0,0,0,0,1,0,False,1
us,UMH_PC.NB,0,0,0,0,0,0,0,False,0
us,UMH_PD,1,3,0,2,1,4,3,True,7
us,UMH_PD.NB,0,0,0,0,0,0,0,False,0
us,UNB,0,1,0,2,1,3,3,True,4
us,UNB.NB,0,0,0,0,0,0,0,False,0
us,UNCY,1,2,0,2,1,4,3,True,6
us,UNCY.NB,0,0,0,0,0,0,0,False,0
us,UNF,1,1,0,2,1,4,3,True,5
us,UNF.NB,0,0,0,0,0,0,0,False,0
us,UNFI,1,2,0,2,1,4,3,True,6
us,UNFI.NB,0,0,0,0,0,0,0,False,0
us,UNH,1,0,0,2,1,3,2,False,4
us,UNH.NB,0,0,0,0,0,0,0,False,0
us,UNIT,1,3,0,2,1,4,3,True,7
us,UNIT.NB,0,0,0,0,0,0,0,False,0
us,UNM,1,0,0,2,1,3,2,False,4
us,UNM.NB,0,0,0,0,0,0,0,False,0
us,UNMA,1,0,0,2,1,3,2,False,4
us,UNMA.NB,0,0,0,0,0,0,0,False,0
us,UNP,1,0,0,2,1,3,2,False,4
us,UNP.NB,0,0,0,0,0,0,0,False,0
us,UNTY,0,0,0,2,1,2,2,False,3
us,UNTY.NB,0,0,0,0,0,0,0,False,0
us,UNVR.NB,0,0,0,0,0,0,0,False,0
us,UOKA,0,3,0,2,1,3,3,True,6
us,UONE,1,3,0,2,1,4,3,True,7
us,UONE.NB,0,0,0,0,0,0,0,False,0
us,UONEK,1,3,0,2,1,4,3,True,7
us,UONEK.NB,0,0,0,0,0,0,0,False,0
us,UP,1,2,0,2,1,4,3,True,6
us,UP.NB,0,0,0,0,0,0,0,False,0
us,UPB,1,3,0,2,0,3,2,False,6
us,UPB.NB,0,0,0,0,0,0,0,False,0
us,UPBD,1,3,0,2,1,4,3,True,7
us,UPBD.NB,0,0,0,0,0,0,0,False,0
us,UPC,1,3,0,2,1,4,3,True,7
us,UPC.NB,0,0,0,0,0,0,0,False,0
us,UPLD,1,2,0,2,1,4,3,True,6
us,UPLD.NB,0,0,0,0,0,0,0,False,0
us,UPS,1,3,0,2,1,4,3,True,7
us,UPS.NB,0,0,0,0,0,0,0,False,0
us,UPST,1,3,0,2,1,4,3,True,7
us,UPST.NB,0,0,0,0,0,0,0,False,0
us,UPWK,1,3,0,2,1,4,3,True,7
us,UPWK.NB,0,0,0,0,0,0,0,False,0
us,UPX,1,0,0,0,0,1,0,False,1
us,UPX.NB,0,0,0,0,0,0,0,False,0
us,UPXI,1,0,0,2,1,3,2,False,4
us,UPXI.NB,0,0,0,0,0,0,0,False,0
us,URBN,1,3,0,2,1,4,3,True,7
us,URBN.NB,0,0,0,0,0,0,0,False,0
us,URG,1,3,0,2,1,4,3,True,7
us,URG.NB,0,0,0,0,0,0,0,False,0
us,URGN,1,2,0,2,1,4,3,True,6
us,URGN.NB,0,0,0,0,0,0,0,False,0
us,URI,1,0,0,2,1,3,2,False,4
us,URI.NB,0,0,0,0,0,0,0,False,0
us,UROY,1,0,0,2,1,3,2,False,4
us,UROY.NB,0,0,0,0,0,0,0,False,0
us,USAP,1,0,0,2,1,3,2,False,4
us,USAP.NB,0,0,0,0,0,0,0,False,0
us,USAR,1,3,0,2,0,3,2,False,6
us,USAR.NB,0,0,0,0,0,0,0,False,0
us,USAS,1,3,0,2,1,4,3,True,7
us,USAS.NB,0,0,0,0,0,0,0,False,0
us,USAU,1,0,0,2,1,3,2,False,4
us,USAU.NB,0,0,0,0,0,0,0,False,0
us,USB,0,0,0,2,1,2,2,False,3
us,USB.NB,0,0,0,0,0,0,0,False,0
us,USBC,1,2,0,2,1,4,3,True,6
us,USBC.NB,0,0,0,0,0,0,0,False,0
us,USB_PA,0,0,0,2,1,2,2,False,3
us,USB_PA.NB,0,0,0,0,0,0,0,False,0
us,USB_PH,0,0,0,2,1,2,2,False,3
us,USB_PH.NB,0,0,0,0,0,0,0,False,0
us,USB_PM,0,0,0,0,0,0,0,False,0
us,USB_PM.NB,0,0,0,0,0,0,0,False,0
us,USB_PN,0,0,0,0,0,0,0,False,0
us,USB_PO,0,0,0,0,0,0,0,False,0
us,USB_PO.NB,0,0,0,0,0,0,0,False,0
us,USB_PP,0,0,0,2,1,2,2,False,3
us,USB_PP.NB,0,0,0,0,0,0,0,False,0
us,USB_PQ,0,0,0,2,1,2,2,False,3
us,USB_PR,0,0,0,2,1,2,2,False,3
us,USB_PS,0,0,0,2,1,2,2,False,3
us,USCB,1,1,0,2,1,4,3,True,5
us,USCB.NB,0,0,0,0,0,0,0,False,0
us,USDE,0,0,0,2,1,2,2,False,3
us,USDEW,0,0,0,0,0,0,0,False,0
us,USEA,1,3,0,2,1,4,3,True,7
us,USEA.NB,0,0,0,0,0,0,0,False,0
us,USEE,0,0,0,0,0,0,0,False,0
us,USEG,1,3,0,2,1,4,3,True,7
us,USEG.NB,0,0,0,0,0,0,0,False,0
us,USFD,1,3,0,2,1,4,3,True,7
us,USFD.NB,0,0,0,0,0,0,0,False,0
us,USGO,1,0,0,2,0,2,1,False,3
us,USGO.NB,0,0,0,0,0,0,0,False,0
us,USGOW,0,2,0,2,0,2,2,False,4
us,USIO,1,3,0,2,1,4,3,True,7
us,USIO.NB,0,0,0,0,0,0,0,False,0
us,USLM,1,3,0,2,1,4,3,True,7
us,USLM.NB,0,0,0,0,0,0,0,False,0
us,USML,0,0,0,2,1,2,2,False,3
us,USNA,1,3,0,2,1,4,3,True,7
us,USNA.NB,0,0,0,0,0,0,0,False,0
us,USOI,0,0,0,2,1,2,2,False,3
us,USPE,0,0,0,0,0,0,0,False,0
us,USPH,1,3,0,2,1,4,3,True,7
us,USPH.NB,0,0,0,0,0,0,0,False,0
us,UTC,0,0,0,0,0,0,0,False,0
us,UTHR,1,3,0,2,1,4,3,True,7
us,UTHR.NB,0,0,0,0,0,0,0,False,0
us,UTI,1,0,0,2,1,3,2,False,4
us,UTI.NB,0,0,0,0,0,0,0,False,0
us,UTL,1,3,0,2,1,4,3,True,7
us,UTL.NB,0,0,0,0,0,0,0,False,0
us,UTMD,1,3,0,2,1,4,3,True,7
us,UTMD.NB,0,0,0,0,0,0,0,False,0
us,UTRS.NB,0,0,0,0,0,0,0,False,0
us,UTSI,1,3,0,2,1,4,3,True,7
us,UTSI.NB,0,0,0,0,0,0,0,False,0
us,UTX_PA,0,0,0,0,0,0,0,False,0
us,UTZ,1,3,0,2,1,4,3,True,7
us,UTZ.NB,0,0,0,0,0,0,0,False,0
us,UUU,1,3,0,2,1,4,3,True,7
us,UUU.NB,0,0,0,0,0,0,0,False,0
us,UUUU,1,3,0,2,1,4,3,True,7
us,UUUU.NB,0,0,0,0,0,0,0,False,0
us,UVE,1,1,0,2,1,4,3,True,5
us,UVE.NB,0,0,0,0,0,0,0,False,0
us,UVSP,0,1,0,2,1,3,3,True,4
us,UVSP.NB,0,0,0,0,0,0,0,False,0
us,UVV,1,3,0,2,1,4,3,True,7
us,UVV.NB,0,0,0,0,0,0,0,False,0
us,UWMC,1,3,0,2,1,4,3,True,7
us,UWMC.NB,0,0,0,0,0,0,0,False,0
us,UXIN,1,2,0,2,1,4,3,True,6
us,UXIN.NB,0,0,0,0,0,0,0,False,0
us,UYSC,0,2,0,2,0,2,2,False,4
us,UYSCR,0,0,0,2,0,1,1,False,2
us,UYSCU,0,0,0,2,0,1,1,False,2
us,UZD,0,3,0,2,1,3,3,True,6
us,UZE,0,3,0,2,1,3,3,True,6
us,UZF,0,3,0,2,1,3,3,True,6
us,UZX,1,3,0,2,0,3,2,False,6
us,UZX.NB,0,0,0,0,0,0,0,False,0
us,V,1,1,0,2,1,4,3,True,5
us,V.NB,0,0,0,0,0,0,0,False,0
us,VABK,0,0,0,2,1,2,2,False,3
us,VABK.NB,0,0,0,0,0,0,0,False,0
us,VAC,1,3,0,2,1,4,3,True,7
us,VAC.NB,0,0,0,0,0,0,0,False,0
us,VACHU,0,2,0,2,0,2,2,False,4
us,VACHW,0,2,0,2,0,2,2,False,4
us,VACI,1,1,0,1,0,3,2,False,3
us,VACI.NB,0,0,0,0,0,0,0,False,0
us,VACI_T,0,2,0,1,0,2,2,False,3
us,VACI_U,0,2,0,1,0,2,2,False,3
us,VAL,1,0,0,2,1,3,2,False,4
us,VAL.NB,0,0,0,0,0,0,0,False,0
us,VALE,1,3,0,2,1,4,3,True,7
us,VALE.NB,0,0,0,0,0,0,0,False,0
us,VALN,1,3,0,2,1,4,3,True,7
us,VALN.NB,0,0,0,0,0,0,0,False,0
us,VALU,1,0,0,2,1,3,2,False,4
us,VALU.NB,0,0,0,0,0,0,0,False,0
us,VAL_T,0,3,0,2,1,3,3,True,6
us,VANI,1,2,0,2,1,4,3,True,6
us,VANI.NB,0,0,0,0,0,0,0,False,0
us,VAPA,0,0,0,0,0,0,0,False,0
us,VAPO.NB,0,0,0,0,0,0,0,False,0
us,VATE,1,2,0,2,1,4,3,True,6
us,VATE.NB,0,0,0,0,0,0,0,False,0
us,VAXX,1,2,0,2,0,3,2,False,5
us,VAXX.NB,0,0,0,0,0,0,0,False,0
us,VBFC,0,0,0,2,1,2,2,False,3
us,VBFC.NB,0,0,0,0,0,0,0,False,0
us,VBIO,1,2,0,2,1,4,3,True,6
us,VBIO.NB,0,0,0,0,0,0,0,False,0
us,VBIV,1,0,0,2,1,3,2,False,4
us,VBIV.NB,0,0,0,0,0,0,0,False,0
us,VBIX,1,2,0,2,1,4,3,True,6
us,VBIX.NB,0,0,0,0,0,0,0,False,0
us,VBNK,1,1,0,2,1,4,3,True,5
us,VBNK.NB,0,0,0,0,0,0,0,False,0
us,VBTX,0,0,0,2,1,2,2,False,3
us,VBTX.NB,0,0,0,0,0,0,0,False,0
us,VC,1,0,0,2,1,3,2,False,4
us,VC.NB,0,0,0,0,0,0,0,False,0
us,VCEL,1,3,0,2,1,4,3,True,7
us,VCEL.NB,0,0,0,0,0,0,0,False,0
us,VCIC,1,0,0,2,0,2,1,False,3
us,VCIC.NB,0,0,0,0,0,0,0,False,0
us,VCIG,1,2,0,2,0,3,2,False,5
us,VCIG.NB,0,0,0,0,0,0,0,False,0
us,VCNX,1,2,0,2,1,4,3,True,6
us,VCNX.NB,0,0,0,0,0,0,0,False,0
us,VCRE,0,0,0,0,0,0,0,False,0
us,VCTR,1,3,0,2,1,4,3,True,7
us,VCTR.NB,0,0,0,0,0,0,0,False,0
us,VCXB,1,0,0,2,0,2,1,False,3
us,VCXB.NB,0,0,0,0,0,0,0,False,0
us,VCYT,1,3,0,2,1,4,3,True,7
us,VCYT.NB,0,0,0,0,0,0,0,False,0
us,VDNT,0,0,0,0,0,0,0,False,0
us,VECA,0,0,0,0,0,0,0,False,0
us,VECA_R,0,0,0,0,0,0,0,False,0
us,VECO,1,3,0,2,1,4,3,True,7
us,VECO.NB,0,0,0,0,0,0,0,False,0
us,VEEA,1,0,0,2,1,3,2,False,4
us,VEEA.NB,0,0,0,0,0,0,0,False,0
us,VEEAW,0,1,0,2,1,3,3,True,4
us,VEEE,1,3,0,2,1,4,3,True,7
us,VEEE.NB,0,0,0,0,0,0,0,False,0
us,VEEV,1,3,0,2,1,4,3,True,7
us,VEEV.NB,0,0,0,0,0,0,0,False,0
us,VEG,1,0,0,0,0,1,0,False,1
us,VEG.NB,0,0,0,0,0,0,0,False,0
us,VEL,1,3,0,2,1,4,3,True,7
us,VEL.NB,0,0,0,0,0,0,0,False,0
us,VELO,1,3,0,2,1,4,3,True,7
us,VELO.NB,0,0,0,0,0,0,0,False,0
us,VENU,1,3,0,2,0,3,2,False,6
us,VENU.NB,0,0,0,0,0,0,0,False,0
us,VEON,1,3,0,2,1,4,3,True,7
us,VEON.NB,0,0,0,0,0,0,0,False,0
us,VERA,1,2,0,2,1,4,3,True,6
us,VERA.NB,0,0,0,0,0,0,0,False,0
us,VERI,1,3,0,2,1,4,3,True,7
us,VERI.NB,0,0,0,0,0,0,0,False,0
us,VERO,1,0,0,2,1,3,2,False,4
us,VERO.NB,0,0,0,0,0,0,0,False,0
us,VERU,1,0,0,2,1,3,2,False,4
us,VERU.NB,0,0,0,0,0,0,0,False,0
us,VERV,1,0,0,2,1,3,2,False,4
us,VERV.NB,0,0,0,0,0,0,0,False,0
us,VERX,1,3,0,2,1,4,3,True,7
us,VERX.NB,0,0,0,0,0,0,0,False,0
us,VERY,0,0,0,2,1,2,2,False,3
us,VET,1,3,0,2,1,4,3,True,7
us,VET.NB,0,0,0,0,0,0,0,False,0
us,VEV,1,0,0,2,1,3,2,False,4
us,VEV.NB,0,0,0,0,0,0,0,False,0
us,VFC,1,3,0,2,1,4,3,True,7
us,VFC.NB,0,0,0,0,0,0,0,False,0
us,VFF,1,3,0,2,1,4,3,True,7
us,VFF.NB,0,0,0,0,0,0,0,False,0
us,VFS,1,0,0,2,1,3,2,False,4
us,VFS.NB,0,0,0,0,0,0,0,False,0
us,VFSWW,0,2,0,2,1,3,3,True,5
us,VG,1,3,0,2,0,3,2,False,6
us,VG.NB,0,0,0,0,0,0,0,False,0
us,VGAS,1,0,0,2,1,3,2,False,4
us,VGAS.NB,0,0,0,0,0,0,0,False,0
us,VGASW,0,2,0,2,1,3,3,True,5
us,VGNT,1,2,0,0,0,2,1,False,3
us,VGNT.NB,0,0,0,0,0,0,0,False,0
us,VGNT_W,1,2,0,0,0,2,1,False,3
us,VGNT_W.NB,0,0,0,0,0,0,0,False,0
us,VGR,1,0,0,2,1,3,2,False,4
us,VGR.NB,0,0,0,0,0,0,0,False,0
us,VGZ,1,2,0,2,1,4,3,True,6
us,VGZ.NB,0,0,0,0,0,0,0,False,0
us,VHAI,1,0,0,2,0,2,1,False,3
us,VHAI.NB,0,0,0,0,0,0,0,False,0
us,VHC,1,3,0,2,1,4,3,True,7
us,VHC.NB,0,0,0,0,0,0,0,False,0
us,VHCP,0,0,0,0,0,0,0,False,0
us,VHCPU,0,0,0,0,0,0,0,False,0
us,VHCPW,0,0,0,0,0,0,0,False,0
us,VHI,1,3,0,2,1,4,3,True,7
us,VHI.NB,0,0,0,0,0,0,0,False,0
us,VHUB,1,2,0,0,0,2,1,False,3
us,VHUB.NB,0,0,0,0,0,0,0,False,0
us,VIA,1,3,0,1,0,3,2,False,5
us,VIA.NB,0,0,0,0,0,0,0,False,0
us,VIASP,0,0,0,2,1,2,2,False,3
us,VIAV,1,0,0,2,1,3,2,False,4
us,VIAV.NB,0,0,0,0,0,0,0,False,0
us,VICI,1,0,0,2,1,3,2,False,4
us,VICI.NB,0,0,0,0,0,0,0,False,0
us,VICR,1,3,0,2,1,4,3,True,7
us,VICR.NB,0,0,0,0,0,0,0,False,0
us,VIDA,0,1,0,0,0,1,1,False,1
us,VII,0,0,0,0,0,0,0,False,0
us,VIK,1,3,0,2,0,3,2,False,6
us,VIK.NB,0,0,0,0,0,0,0,False,0
us,VINC,1,0,0,2,1,3,2,False,4
us,VINC.NB,0,0,0,0,0,0,0,False,0
us,VINO,1,0,0,1,1,3,2,False,3
us,VINO.NB,0,0,0,0,0,0,0,False,0
us,VINP,1,3,0,2,1,4,3,True,7
us,VINP.NB,0,0,0,0,0,0,0,False,0
us,VIOT,1,3,0,2,1,4,3,True,7
us,VIOT.NB,0,0,0,0,0,0,0,False,0
us,VIP,1,0,0,2,1,3,2,False,4
us,VIP.NB,0,0,0,0,0,0,0,False,0
us,VIPS,1,3,0,2,1,4,3,True,7
us,VIPS.NB,0,0,0,0,0,0,0,False,0
us,VIR,1,3,0,2,1,4,3,True,7
us,VIR.NB,0,0,0,0,0,0,0,False,0
us,VIRC,1,3,0,2,1,4,3,True,7
us,VIRC.NB,0,0,0,0,0,0,0,False,0
us,VIRI,0,3,0,2,1,3,3,True,6
us,VIRT,1,1,0,2,1,4,3,True,5
us,VIRT.NB,0,0,0,0,0,0,0,False,0
us,VIRX,0,0,0,2,1,2,2,False,3
us,VISL,1,3,0,2,1,4,3,True,7
us,VISL.NB,0,0,0,0,0,0,0,False,0
us,VISN,1,1,0,2,1,4,3,True,5
us,VISN.NB,0,0,0,0,0,0,0,False,0
us,VIST,1,2,0,2,1,4,3,True,6
us,VIST.NB,0,0,0,0,0,0,0,False,0
us,VITL,1,3,0,2,1,4,3,True,7
us,VITL.NB,0,0,0,0,0,0,0,False,0
us,VITT,1,0,0,0,0,1,0,False,1
us,VITT.NB,0,0,0,0,0,0,0,False,0
us,VIV,1,3,0,2,1,4,3,True,7
us,VIV.NB,0,0,0,0,0,0,0,False,0
us,VIVK,1,3,0,2,1,4,3,True,7
us,VIVK.NB,0,0,0,0,0,0,0,False,0
us,VIVO,1,3,0,2,1,4,3,True,7
us,VIVO.NB,0,0,0,0,0,0,0,False,0
us,VIVS,1,2,0,2,1,4,3,True,6
us,VIVS.NB,0,0,0,0,0,0,0,False,0
us,VJET.NB,0,0,0,0,0,0,0,False,0
us,VKTX,1,3,0,2,1,4,3,True,7
us,VKTX.NB,0,0,0,0,0,0,0,False,0
us,VLD,0,0,0,2,1,2,2,False,3
us,VLGEA,1,1,0,2,1,4,3,True,5
us,VLGEA.NB,0,0,0,0,0,0,0,False,0
us,VLN,1,3,0,2,1,4,3,True,7
us,VLN.NB,0,0,0,0,0,0,0,False,0
us,VLN_T,0,3,0,2,1,3,3,True,6
us,VLO,1,3,0,2,1,4,3,True,7
us,VLO.NB,0,0,0,0,0,0,0,False,0
us,VLOS,1,0,0,2,0,2,1,False,3
us,VLOS.NB,0,0,0,0,0,0,0,False,0
us,VLRS,1,3,0,2,1,4,3,True,7
us,VLRS.NB,0,0,0,0,0,0,0,False,0
us,VLTO,1,3,0,2,0,3,2,False,6
us,VLTO.NB,0,0,0,0,0,0,0,False,0
us,VLY,0,0,0,2,1,2,2,False,3
us,VLY.NB,0,0,0,0,0,0,0,False,0
us,VLYPN,0,0,0,2,0,1,1,False,2
us,VLYPO,0,0,0,2,1,2,2,False,3
us,VLYPO.NB,0,0,0,0,0,0,0,False,0
us,VLYPP,0,0,0,2,1,2,2,False,3
us,VLYPP.NB,0,0,0,0,0,0,0,False,0
us,VLY_PA,0,0,0,0,0,0,0,False,0
us,VMAR,1,0,0,2,1,3,2,False,4
us,VMAR.NB,0,0,0,0,0,0,0,False,0
us,VMC,1,0,0,2,1,3,2,False,4
us,VMC.NB,0,0,0,0,0,0,0,False,0
us,VMCA,1,1,0,2,1,4,3,True,5
us,VMCA.NB,0,0,0,0,0,0,0,False,0
us,VMD,1,3,0,2,1,4,3,True,7
us,VMD.NB,0,0,0,0,0,0,0,False,0
us,VMEO,1,0,0,2,1,3,2,False,4
us,VMEO.NB,0,0,0,0,0,0,0,False,0
us,VMET,1,3,0,2,0,3,2,False,6
us,VMET.NB,0,0,0,0,0,0,0,False,0
us,VMI,1,1,0,2,1,4,3,True,5
us,VMI.NB,0,0,0,0,0,0,0,False,0
us,VNCE,1,3,0,2,1,4,3,True,7
us,VNCE.NB,0,0,0,0,0,0,0,False,0
us,VNDA,1,3,0,2,1,4,3,True,7
us,VNDA.NB,0,0,0,0,0,0,0,False,0
us,VNET,1,3,0,2,1,4,3,True,7
us,VNET.NB,0,0,0,0,0,0,0,False,0
us,VNME,1,0,0,1,0,2,1,False,2
us,VNME.NB,0,0,0,0,0,0,0,False,0
us,VNMEU,0,2,0,1,0,2,2,False,3
us,VNMEW,0,2,0,1,0,2,2,False,3
us,VNO,1,3,0,2,1,4,3,True,7
us,VNO.NB,0,0,0,0,0,0,0,False,0
us,VNOM,1,3,0,2,1,4,3,True,7
us,VNOM.NB,0,0,0,0,0,0,0,False,0
us,VNO_PG,0,0,0,0,0,0,0,False,0
us,VNO_PI,0,0,0,0,0,0,0,False,0
us,VNO_PJ,0,0,0,0,0,0,0,False,0
us,VNO_PK,1,0,0,0,0,1,0,False,1
us,VNO_PK.NB,0,0,0,0,0,0,0,False,0
us,VNO_PL,1,3,0,2,1,4,3,True,7
us,VNO_PL.NB,0,0,0,0,0,0,0,False,0
us,VNO_PM,1,3,0,2,1,4,3,True,7
us,VNO_PM.NB,0,0,0,0,0,0,0,False,0
us,VNO_PN,0,3,0,2,1,3,3,True,6
us,VNO_PO,0,3,0,2,1,3,3,True,6
us,VNRX,1,2,0,2,1,4,3,True,6
us,VNRX.NB,0,0,0,0,0,0,0,False,0
us,VNT,1,3,0,2,1,4,3,True,7
us,VNT.NB,0,0,0,0,0,0,0,False,0
us,VNTG,1,2,0,2,0,3,2,False,5
us,VNTG.NB,0,0,0,0,0,0,0,False,0
us,VNTR.NB,0,0,0,0,0,0,0,False,0
us,VOD,1,3,0,2,1,4,3,True,7
us,VOD.NB,0,0,0,0,0,0,0,False,0
us,VOR,1,1,0,2,1,4,3,True,5
us,VOR.NB,0,0,0,0,0,0,0,False,0
us,VOXR,1,3,0,2,1,4,3,True,7
us,VOXR.NB,0,0,0,0,0,0,0,False,0
us,VOXX,1,0,0,2,1,3,2,False,4
us,VOXX.NB,0,0,0,0,0,0,0,False,0
us,VOYA,1,3,0,2,1,4,3,True,7
us,VOYA.NB,0,0,0,0,0,0,0,False,0
us,VOYA_PB,1,3,0,2,1,4,3,True,7
us,VOYA_PB.NB,0,0,0,0,0,0,0,False,0
us,VOYG,1,3,0,2,0,3,2,False,6
us,VOYG.NB,0,0,0,0,0,0,0,False,0
us,VPG,1,3,0,2,1,4,3,True,7
us,VPG.NB,0,0,0,0,0,0,0,False,0
us,VPRL,0,0,0,0,0,0,0,False,0
us,VQS.NB,0,0,0,0,0,0,0,False,0
us,VRA,1,3,0,2,1,4,3,True,7
us,VRA.NB,0,0,0,0,0,0,0,False,0
us,VRAR,0,0,0,2,1,2,2,False,3
us,VRAX,1,3,0,2,1,4,3,True,7
us,VRAX.NB,0,0,0,0,0,0,0,False,0
us,VRAY.NB,0,0,0,0,0,0,0,False,0
us,VRCA,1,3,0,2,1,4,3,True,7
us,VRCA.NB,0,0,0,0,0,0,0,False,0
us,VRDN,1,3,0,2,1,4,3,True,7
us,VRDN.NB,0,0,0,0,0,0,0,False,0
us,VRE,1,0,0,2,1,3,2,False,4
us,VRE.NB,0,0,0,0,0,0,0,False,0
us,VREX,1,0,0,2,1,3,2,False,4
us,VREX.NB,0,0,0,0,0,0,0,False,0
us,VRM,1,3,0,2,0,3,2,False,6
us,VRM.NB,0,0,0,0,0,0,0,False,0
us,VRME,1,3,0,2,1,4,3,True,7
us,VRME.NB,0,0,0,0,0,0,0,False,0
us,VRNA,1,0,0,2,1,3,2,False,4
us,VRNA.NB,0,0,0,0,0,0,0,False,0
us,VRNS,1,3,0,2,1,4,3,True,7
us,VRNS.NB,0,0,0,0,0,0,0,False,0
us,VRNT,0,0,0,2,1,2,2,False,3
us,VRPX,1,1,0,2,0,3,2,False,4
us,VRPX.NB,0,0,0,0,0,0,0,False,0
us,VRRM,1,3,0,2,1,4,3,True,7
us,VRRM.NB,0,0,0,0,0,0,0,False,0
us,VRSK,1,1,0,2,1,4,3,True,5
us,VRSK.NB,0,0,0,0,0,0,0,False,0
us,VRSN,1,0,0,2,1,3,2,False,4
us,VRSN.NB,0,0,0,0,0,0,0,False,0
us,VRT,1,0,0,2,1,3,2,False,4
us,VRT.NB,0,0,0,0,0,0,0,False,0
us,VRTS,1,3,0,2,1,4,3,True,7
us,VRTS.NB,0,0,0,0,0,0,0,False,0
us,VRTSP,0,0,0,0,0,0,0,False,0
us,VRTV.NB,0,0,0,0,0,0,0,False,0
us,VRTX,1,3,0,2,1,4,3,True,7
us,VRTX.NB,0,0,0,0,0,0,0,False,0
us,VRXA,1,1,0,2,0,3,2,False,4
us,VRXA.NB,0,0,0,0,0,0,0,False,0
us,VRXAW,0,1,0,0,0,1,1,False,1
us,VS,1,3,0,2,1,4,3,True,7
us,VS.NB,0,0,0,0,0,0,0,False,0
us,VSA,1,3,0,2,1,4,3,True,7
us,VSA.NB,0,0,0,0,0,0,0,False,0
us,VSAC,0,0,0,2,0,1,1,False,2
us,VSAT,1,3,0,2,1,4,3,True,7
us,VSAT.NB,0,0,0,0,0,0,0,False,0
us,VSCO,1,3,0,2,1,4,3,True,7
us,VSCO.NB,0,0,0,0,0,0,0,False,0
us,VSEC,1,0,0,2,1,3,2,False,4
us,VSEC.NB,0,0,0,0,0,0,0,False,0
us,VSECU,0,3,0,0,0,1,1,False,3
us,VSEE,1,0,0,2,1,3,2,False,4
us,VSEE.NB,0,0,0,0,0,0,0,False,0
us,VSEEW,0,3,0,2,1,3,3,True,6
us,VSH,1,3,0,2,1,4,3,True,7
us,VSH.NB,0,0,0,0,0,0,0,False,0
us,VSME,1,3,0,2,0,3,2,False,6
us,VSME.NB,0,0,0,0,0,0,0,False,0
us,VSNT,1,3,0,1,0,3,2,False,5
us,VSNT.NB,0,0,0,0,0,0,0,False,0
us,VSNTV,0,3,0,1,0,2,2,False,4
us,VST,1,3,0,2,1,4,3,True,7
us,VST.NB,0,0,0,0,0,0,0,False,0
us,VSTA,1,0,0,2,1,3,2,False,4
us,VSTA.NB,0,0,0,0,0,0,0,False,0
us,VSTD,1,0,0,2,1,3,2,False,4
us,VSTD.NB,0,0,0,0,0,0,0,False,0
us,VSTE,1,0,0,2,1,3,2,False,4
us,VSTE.NB,0,0,0,0,0,0,0,False,0
us,VSTM,1,3,0,2,1,4,3,True,7
us,VSTM.NB,0,0,0,0,0,0,0,False,0
us,VSTO,1,0,0,2,1,3,2,False,4
us,VSTO.NB,0,0,0,0,0,0,0,False,0
us,VSTS,1,2,0,2,0,3,2,False,5
us,VSTS.NB,0,0,0,0,0,0,0,False,0
us,VSXY,0,1,0,2,1,3,3,True,4
us,VTAK,1,3,0,2,1,4,3,True,7
us,VTAK.NB,0,0,0,0,0,0,0,False,0
us,VTEK,1,0,0,0,0,1,0,False,1
us,VTEK.NB,0,0,0,0,0,0,0,False,0
us,VTEX,1,3,0,2,1,4,3,True,7
us,VTEX.NB,0,0,0,0,0,0,0,False,0
us,VTGN,1,3,0,2,1,4,3,True,7
us,VTGN.NB,0,0,0,0,0,0,0,False,0
us,VTIX,0,3,0,1,0,2,2,False,4
us,VTLE,0,0,0,2,1,2,2,False,3
us,VTMX,0,3,0,2,0,2,2,False,5
us,VTNR,0,0,0,2,1,2,2,False,3
us,VTOL,1,3,0,2,1,4,3,True,7
us,VTOL.NB,0,0,0,0,0,0,0,False,0
us,VTR,1,0,0,2,1,3,2,False,4
us,VTR.NB,0,0,0,0,0,0,0,False,0
us,VTRS,1,3,0,2,1,4,3,True,7
us,VTRS.NB,0,0,0,0,0,0,0,False,0
us,VTRU.NB,0,0,0,0,0,0,0,False,0
us,VTS,1,3,0,2,1,4,3,True,7
us,VTS.NB,0,0,0,0,0,0,0,False,0
us,VTSI,1,3,0,2,1,4,3,True,7
us,VTSI.NB,0,0,0,0,0,0,0,False,0
us,VTVT,1,3,0,2,1,4,3,True,7
us,VTVT.NB,0,0,0,0,0,0,0,False,0
us,VTYX,1,0,0,2,1,3,2,False,4
us,VTYX.NB,0,0,0,0,0,0,0,False,0
us,VUZI,1,3,0,2,1,4,3,True,7
us,VUZI.NB,0,0,0,0,0,0,0,False,0
us,VVID,0,0,0,0,0,0,0,False,0
us,VVOS,1,2,0,2,1,4,3,True,6
us,VVOS.NB,0,0,0,0,0,0,0,False,0
us,VVPR,1,3,0,2,1,4,3,True,7
us,VVPR.NB,0,0,0,0,0,0,0,False,0
us,VVV,1,0,0,2,1,3,2,False,4
us,VVV.NB,0,0,0,0,0,0,0,False,0
us,VVX,1,3,0,2,1,4,3,True,7
us,VVX.NB,0,0,0,0,0,0,0,False,0
us,VWAV,0,0,0,2,1,2,2,False,3
us,VWAVW,0,0,0,2,1,2,2,False,3
us,VWE,0,0,0,2,0,1,1,False,2
us,VXI,0,0,0,0,0,0,0,False,0
us,VXRT,1,3,0,2,1,4,3,True,7
us,VXRT.NB,0,0,0,0,0,0,0,False,0
us,VXX,0,0,0,2,1,2,2,False,3
us,VXX.NB,0,0,0,0,0,0,0,False,0
us,VXZ,0,0,0,2,1,2,2,False,3
us,VXZ.NB,0,0,0,0,0,0,0,False,0
us,VYGR,1,3,0,2,1,4,3,True,7
us,VYGR.NB,0,0,0,0,0,0,0,False,0
us,VYNE,1,3,0,2,1,4,3,True,7
us,VYNE.NB,0,0,0,0,0,0,0,False,0
us,VYX,1,3,0,2,1,4,3,True,7
us,VYX.NB,0,0,0,0,0,0,0,False,0
us,VZ,1,0,0,2,1,3,2,False,4
us,VZ.NB,0,0,0,0,0,0,0,False,0
us,VZIO,0,0,0,2,1,2,2,False,3
us,VZLA,1,2,0,2,1,4,3,True,6
us,VZLA.NB,0,0,0,0,0,0,0,False,0
us,W,1,2,0,2,1,4,3,True,6
us,W.NB,0,0,0,0,0,0,0,False,0
us,WAB,1,0,0,2,1,3,2,False,4
us,WAB.NB,0,0,0,0,0,0,0,False,0
us,WABC,0,0,0,2,1,2,2,False,3
us,WABC.NB,0,0,0,0,0,0,0,False,0
us,WAFD,0,0,0,2,1,2,2,False,3
us,WAFD.NB,0,0,0,0,0,0,0,False,0
us,WAFDP,0,0,0,2,1,2,2,False,3
us,WAFU,1,2,0,2,1,4,3,True,6
us,WAFU.NB,0,0,0,0,0,0,0,False,0
us,WAI,1,3,0,2,0,3,2,False,6
us,WAI.NB,0,0,0,0,0,0,0,False,0
us,WAL,0,0,0,2,1,2,2,False,3
us,WAL.NB,0,0,0,0,0,0,0,False,0
us,WALD,1,3,0,2,1,4,3,True,7
us,WALD.NB,0,0,0,0,0,0,0,False,0
us,WALDW,0,2,0,2,1,3,3,True,5
us,WALL,0,0,0,0,0,0,0,False,0
us,WAL_PA,0,0,0,2,1,2,2,False,3
us,WASH,0,0,0,2,1,2,2,False,3
us,WASH.NB,0,0,0,0,0,0,0,False,0
us,WAT,1,3,0,2,1,4,3,True,7
us,WAT.NB,0,0,0,0,0,0,0,False,0
us,WATT,1,3,0,2,1,4,3,True,7
us,WATT.NB,0,0,0,0,0,0,0,False,0
us,WAVC.NB,0,0,0,0,0,0,0,False,0
us,WAVE,1,3,0,2,1,4,3,True,7
us,WAVE.NB,0,0,0,0,0,0,0,False,0
us,WAVS,0,0,0,2,1,2,2,False,3
us,WAY,1,0,0,2,0,2,1,False,3
us,WAY.NB,0,0,0,0,0,0,0,False,0
us,WB,1,3,0,2,1,4,3,True,7
us,WB.NB,0,0,0,0,0,0,0,False,0
us,WBA,1,0,0,2,1,3,2,False,4
us,WBA.NB,0,0,0,0,0,0,0,False,0
us,WBD,1,3,0,2,1,4,3,True,7
us,WBD.NB,0,0,0,0,0,0,0,False,0
us,WBI,1,2,0,1,0,3,2,False,4
us,WBI.NB,0,0,0,0,0,0,0,False,0
us,WBS,0,0,0,2,1,2,2,False,3
us,WBS.NB,0,0,0,0,0,0,0,False,0
us,WBS_PE,0,0,0,0,0,0,0,False,0
us,WBS_PF,0,0,0,2,1,2,2,False,3
us,WBS_PF.NB,0,0,0,0,0,0,0,False,0
us,WBS_PG,0,0,0,2,1,2,2,False,3
us,WBTN,1,3,0,2,0,3,2,False,6
us,WBTN.NB,0,0,0,0,0,0,0,False,0
us,WBUY,1,3,0,2,0,3,2,False,6
us,WBUY.NB,0,0,0,0,0,0,0,False,0
us,WBX,1,2,0,2,1,4,3,True,6
us,WBX.NB,0,0,0,0,0,0,0,False,0
us,WCC,1,2,0,2,1,4,3,True,6
us,WCC.NB,0,0,0,0,0,0,0,False,0
us,WCC_PA,0,0,0,2,1,2,2,False,3
us,WCN,1,0,0,2,1,3,2,False,4
us,WCN.NB,0,0,0,0,0,0,0,False,0
us,WCT,1,3,0,2,0,3,2,False,6
us,WCT.NB,0,0,0,0,0,0,0,False,0
us,WD,1,3,0,2,1,4,3,True,7
us,WD.NB,0,0,0,0,0,0,0,False,0
us,WDAY,1,3,0,2,1,4,3,True,7
us,WDAY.NB,0,0,0,0,0,0,0,False,0
us,WDC,1,0,0,2,1,3,2,False,4
us,WDC.NB,0,0,0,0,0,0,0,False,0
us,WDCVV,0,0,0,0,0,0,0,False,0
us,WDFC,1,0,0,2,1,3,2,False,4
us,WDFC.NB,0,0,0,0,0,0,0,False,0
us,WDH,1,3,0,2,1,4,3,True,7
us,WDH.NB,0,0,0,0,0,0,0,False,0
us,WDQY,0,0,0,0,0,0,0,False,0
us,WDS,1,3,0,2,1,4,3,True,7
us,WDS.NB,0,0,0,0,0,0,0,False,0
us,WEAV,1,3,0,2,1,4,3,True,7
us,WEAV.NB,0,0,0,0,0,0,0,False,0
us,WEC,1,3,0,2,1,4,3,True,7
us,WEC.NB,0,0,0,0,0,0,0,False,0
us,WEL,1,0,0,2,1,3,2,False,4
us,WEL.NB,0,0,0,0,0,0,0,False,0
us,WELL,1,0,0,2,1,3,2,False,4
us,WELL.NB,0,0,0,0,0,0,0,False,0
us,WEN,1,3,0,2,1,4,3,True,7
us,WEN.NB,0,0,0,0,0,0,0,False,0
us,WENC,0,1,0,0,0,1,1,False,1
us,WENC_R,0,1,0,0,0,1,1,False,1
us,WENN,1,0,0,2,0,2,1,False,3
us,WENN.NB,0,0,0,0,0,0,0,False,0
us,WENNU,0,2,0,2,0,2,2,False,4
us,WENNW,0,2,0,1,0,2,2,False,3
us,WERN,1,3,0,2,1,4,3,True,7
us,WERN.NB,0,0,0,0,0,0,0,False,0
us,WEST,1,2,0,2,1,4,3,True,6
us,WEST.NB,0,0,0,0,0,0,0,False,0
us,WETH,1,3,0,2,1,4,3,True,7
us,WETH.NB,0,0,0,0,0,0,0,False,0
us,WETO,1,2,0,2,0,3,2,False,5
us,WETO.NB,0,0,0,0,0,0,0,False,0
us,WEX,1,0,0,2,1,3,2,False,4
us,WEX.NB,0,0,0,0,0,0,0,False,0
us,WEYS,1,3,0,2,1,4,3,True,7
us,WEYS.NB,0,0,0,0,0,0,0,False,0
us,WF,1,3,0,2,1,4,3,True,7
us,WF.NB,0,0,0,0,0,0,0,False,0
us,WFC,0,0,0,2,1,2,2,False,3
us,WFC.NB,0,0,0,0,0,0,0,False,0
us,WFCF,1,3,0,2,1,4,3,True,7
us,WFCF.NB,0,0,0,0,0,0,0,False,0
us,WFC_PA,0,0,0,2,1,2,2,False,3
us,WFC_PC,0,0,0,2,1,2,2,False,3
us,WFC_PD,0,0,0,2,1,2,2,False,3
us,WFC_PJ,0,0,0,0,0,0,0,False,0
us,WFC_PL,0,0,0,2,1,2,2,False,3
us,WFC_PL.NB,0,0,0,0,0,0,0,False,0
us,WFC_PN,0,0,0,0,0,0,0,False,0
us,WFC_PO,0,0,0,0,0,0,0,False,0
us,WFC_PO.NB,0,0,0,0,0,0,0,False,0
us,WFC_PP,0,0,0,0,0,0,0,False,0
us,WFC_PP.NB,0,0,0,0,0,0,0,False,0
us,WFC_PQ,0,0,0,0,0,0,0,False,0
us,WFC_PQ.NB,0,0,0,0,0,0,0,False,0
us,WFC_PR,0,0,0,0,0,0,0,False,0
us,WFC_PT,0,0,0,0,0,0,0,False,0
us,WFC_PV,0,0,0,0,0,0,0,False,0
us,WFC_PW,0,0,0,0,0,0,0,False,0
us,WFC_PW.NB,0,0,0,0,0,0,0,False,0
us,WFC_PX,0,0,0,0,0,0,0,False,0
us,WFC_PX.NB,0,0,0,0,0,0,0,False,0
us,WFC_PY,0,0,0,2,1,2,2,False,3
us,WFC_PY.NB,0,0,0,0,0,0,0,False,0
us,WFC_PZ,0,0,0,2,1,2,2,False,3
us,WFF,1,3,0,2,0,3,2,False,6
us,WFF.NB,0,0,0,0,0,0,0,False,0
us,WFG,1,2,0,2,1,4,3,True,6
us,WFG.NB,0,0,0,0,0,0,0,False,0
us,WFRD,1,0,0,2,1,3,2,False,4
us,WFRD.NB,0,0,0,0,0,0,0,False,0
us,WGO,1,0,0,2,1,3,2,False,4
us,WGO.NB,0,0,0,0,0,0,0,False,0
us,WGRX,1,2,0,2,0,3,2,False,5
us,WGRX.NB,0,0,0,0,0,0,0,False,0
us,WGS,1,0,0,2,1,3,2,False,4
us,WGS.NB,0,0,0,0,0,0,0,False,0
us,WGSWW,0,3,0,2,1,3,3,True,6
us,WH,1,1,0,2,1,4,3,True,5
us,WH.NB,0,0,0,0,0,0,0,False,0
us,WHD,1,3,0,2,1,4,3,True,7
us,WHD.NB,0,0,0,0,0,0,0,False,0
us,WHF,1,0,0,2,1,3,2,False,4
us,WHF.NB,0,0,0,0,0,0,0,False,0
us,WHFCL,0,3,0,2,0,2,2,False,5
us,WHG,1,3,0,2,1,4,3,True,7
us,WHG.NB,0,0,0,0,0,0,0,False,0
us,WHK,0,0,0,0,0,0,0,False,0
us,WHLM,1,0,0,2,1,3,2,False,4
us,WHLM.NB,0,0,0,0,0,0,0,False,0
us,WHLR,1,2,0,2,1,4,3,True,6
us,WHLR.NB,0,0,0,0,0,0,0,False,0
us,WHLRD,1,2,0,2,1,4,3,True,6
us,WHLRD.NB,0,0,0,0,0,0,0,False,0
us,WHLRL,0,2,0,2,1,3,3,True,5
us,WHLRP,1,2,0,2,1,4,3,True,6
us,WHLRP.NB,0,0,0,0,0,0,0,False,0
us,WHR,1,3,0,2,1,4,3,True,7
us,WHR.NB,0,0,0,0,0,0,0,False,0
us,WHR_PA,0,3,0,0,0,1,1,False,3
us,WHWK,1,3,0,2,1,4,3,True,7
us,WHWK.NB,0,0,0,0,0,0,0,False,0
us,WILC,1,3,0,2,1,4,3,True,7
us,WILC.NB,0,0,0,0,0,0,0,False,0
us,WIMI,1,3,0,2,1,4,3,True,7
us,WIMI.NB,0,0,0,0,0,0,0,False,0
us,WINA,1,0,0,2,1,3,2,False,4
us,WINA.NB,0,0,0,0,0,0,0,False,0
us,WING,1,0,0,2,1,3,2,False,4
us,WING.NB,0,0,0,0,0,0,0,False,0
us,WINT,0,0,0,2,1,2,2,False,3
us,WINV,1,0,0,0,0,1,0,False,1
us,WINV.NB,0,0,0,0,0,0,0,False,0
us,WIRE,1,0,0,2,1,3,2,False,4
us,WIRE.NB,0,0,0,0,0,0,0,False,0
us,WIT,1,3,0,2,1,4,3,True,7
us,WIT.NB,0,0,0,0,0,0,0,False,0
us,WIX,1,2,0,2,1,4,3,True,6
us,WIX.NB,0,0,0,0,0,0,0,False,0
us,WK,1,2,0,2,1,4,3,True,6
us,WK.NB,0,0,0,0,0,0,0,False,0
us,WKC,1,0,0,2,1,3,2,False,4
us,WKC.NB,0,0,0,0,0,0,0,False,0
us,WKEY,1,3,0,2,1,4,3,True,7
us,WKEY.NB,0,0,0,0,0,0,0,False,0
us,WKHS,1,1,0,2,1,4,3,True,5
us,WKHS.NB,0,0,0,0,0,0,0,False,0
us,WKME,1,0,0,2,0,2,1,False,3
us,WKME.NB,0,0,0,0,0,0,0,False,0
us,WKSP,1,3,0,2,1,4,3,True,7
us,WKSP.NB,0,0,0,0,0,0,0,False,0
us,WLACU,1,2,0,2,0,3,2,False,5
us,WLACU.NB,0,0,0,0,0,0,0,False,0
us,WLACW,0,2,0,2,0,2,2,False,4
us,WLDN,1,3,0,2,1,4,3,True,7
us,WLDN.NB,0,0,0,0,0,0,0,False,0
us,WLDS,1,3,0,2,1,4,3,True,7
us,WLDS.NB,0,0,0,0,0,0,0,False,0
us,WLDSW,0,2,0,2,1,3,3,True,5
us,WLFC,1,3,0,2,1,4,3,True,7
us,WLFC.NB,0,0,0,0,0,0,0,False,0
us,WLGS,1,3,0,2,0,3,2,False,6
us,WLGS.NB,0,0,0,0,0,0,0,False,0
us,WLH,0,0,0,2,1,2,2,False,3
us,WLII,0,0,0,0,0,0,0,False,0
us,WLIIW,0,0,0,0,0,0,0,False,0
us,WLK,1,3,0,2,1,4,3,True,7
us,WLK.NB,0,0,0,0,0,0,0,False,0
us,WLMS.NB,0,0,0,0,0,0,0,False,0
us,WLTH,0,0,0,1,0,1,1,False,1
us,WLY,1,3,0,2,1,4,3,True,7
us,WLY.NB,0,0,0,0,0,0,0,False,0
us,WLYB,1,3,0,2,1,4,3,True,7
us,WLYB.NB,0,0,0,0,0,0,0,False,0
us,WM,1,2,0,2,1,4,3,True,6
us,WM.NB,0,0,0,0,0,0,0,False,0
us,WMB,1,3,0,2,1,4,3,True,7
us,WMB.NB,0,0,0,0,0,0,0,False,0
us,WMBT,0,0,0,0,0,0,0,False,0
us,WMC.NB,0,0,0,0,0,0,0,False,0
us,WMG,1,1,0,2,1,4,3,True,5
us,WMG.NB,0,0,0,0,0,0,0,False,0
us,WMK,1,3,0,2,1,4,3,True,7
us,WMK.NB,0,0,0,0,0,0,0,False,0
us,WMPN,0,0,0,2,1,2,2,False,3
us,WMPN.NB,0,0,0,0,0,0,0,False,0
us,WMS,1,3,0,2,1,4,3,True,7
us,WMS.NB,0,0,0,0,0,0,0,False,0
us,WMT,1,3,0,2,1,4,3,True,7
us,WMT.NB,0,0,0,0,0,0,0,False,0
us,WNC,1,3,0,2,1,4,3,True,7
us,WNC.NB,0,0,0,0,0,0,0,False,0
us,WNEB,0,3,0,2,1,3,3,True,6
us,WNEB.NB,0,0,0,0,0,0,0,False,0
us,WNS,1,0,0,2,1,3,2,False,4
us,WNS.NB,0,0,0,0,0,0,0,False,0
us,WNW,1,3,0,2,1,4,3,True,7
us,WNW.NB,0,0,0,0,0,0,0,False,0
us,WODO,1,0,0,0,0,1,0,False,1
us,WODO.NB,0,0,0,0,0,0,0,False,0
us,WOK,1,3,0,2,0,3,2,False,6
us,WOK.NB,0,0,0,0,0,0,0,False,0
us,WOLF,1,0,0,1,0,2,1,False,2
us,WOLF.NB,0,0,0,0,0,0,0,False,0
us,WOOF,1,3,0,2,1,4,3,True,7
us,WOOF.NB,0,0,0,0,0,0,0,False,0
us,WOR,1,3,0,2,1,4,3,True,7
us,WOR.NB,0,0,0,0,0,0,0,False,0
us,WORX,1,3,0,2,1,4,3,True,7
us,WORX.NB,0,0,0,0,0,0,0,False,0
us,WOW,1,0,0,2,1,3,2,False,4
us,WOW.NB,0,0,0,0,0,0,0,False,0
us,WPAC,0,0,0,0,0,0,0,False,0
us,WPAC_R,0,0,0,0,0,0,0,False,0
us,WPAC_U,0,0,0,0,0,0,0,False,0
us,WPC,1,0,0,2,1,3,2,False,4
us,WPC.NB,0,0,0,0,0,0,0,False,0
us,WPM,1,3,0,2,1,4,3,True,7
us,WPM.NB,0,0,0,0,0,0,0,False,0
us,WPP,1,3,0,2,1,4,3,True,7
us,WPP.NB,0,0,0,0,0,0,0,False,0
us,WPRT,1,3,0,2,1,4,3,True,7
us,WPRT.NB,0,0,0,0,0,0,0,False,0
us,WRAP,1,3,0,2,1,4,3,True,7
us,WRAP.NB,0,0,0,0,0,0,0,False,0
us,WRB,1,0,0,2,1,3,2,False,4
us,WRB.NB,0,0,0,0,0,0,0,False,0
us,WRBY,1,3,0,2,1,4,3,True,7
us,WRBY.NB,0,0,0,0,0,0,0,False,0
us,WRB_PE,1,0,0,2,1,3,2,False,4
us,WRB_PE.NB,0,0,0,0,0,0,0,False,0
us,WRB_PF,0,0,0,2,1,2,2,False,3
us,WRB_PG,0,0,0,2,1,2,2,False,3
us,WRB_PH,0,0,0,2,1,2,2,False,3
us,WRD,1,3,0,2,0,3,2,False,6
us,WRD.NB,0,0,0,0,0,0,0,False,0
us,WRK,1,0,0,2,1,3,2,False,4
us,WRK.NB,0,0,0,0,0,0,0,False,0
us,WRLD,1,3,0,2,1,4,3,True,7
us,WRLD.NB,0,0,0,0,0,0,0,False,0
us,WRN,1,2,0,2,1,4,3,True,6
us,WRN.NB,0,0,0,0,0,0,0,False,0
us,WRNT,0,0,0,2,0,1,1,False,2
us,WS,1,3,0,2,0,3,2,False,6
us,WS.NB,0,0,0,0,0,0,0,False,0
us,WSBC,1,3,0,2,1,4,3,True,7
us,WSBC.NB,0,0,0,0,0,0,0,False,0
us,WSBCO,0,3,0,1,0,2,2,False,4
us,WSBCP,0,0,0,2,1,2,2,False,3
us,WSBF,1,0,0,2,1,3,2,False,4
us,WSBF.NB,0,0,0,0,0,0,0,False,0
us,WSBK,1,1,0,2,0,3,2,False,4
us,WSBK.NB,0,0,0,0,0,0,0,False,0
us,WSC,1,3,0,2,1,4,3,True,7
us,WSC.NB,0,0,0,0,0,0,0,False,0
us,WSE,1,3,0,2,1,4,3,True,7
us,WSE.NB,0,0,0,0,0,0,0,False,0
us,WSFS,1,3,0,2,1,4,3,True,7
us,WSFS.NB,0,0,0,0,0,0,0,False,0
us,WSHP,1,3,0,1,0,3,2,False,5
us,WSHP.NB,0,0,0,0,0,0,0,False,0
us,WSM,1,3,0,2,1,4,3,True,7
us,WSM.NB,0,0,0,0,0,0,0,False,0
us,WSO,1,1,0,2,1,4,3,True,5
us,WSO.NB,0,0,0,0,0,0,0,False,0
us,WSOB,1,1,0,2,1,4,3,True,5
us,WSOB.NB,0,0,0,0,0,0,0,False,0
us,WSR,1,3,0,2,1,4,3,True,7
us,WSR.NB,0,0,0,0,0,0,0,False,0
us,WST,1,0,0,2,1,3,2,False,4
us,WST.NB,0,0,0,0,0,0,0,False,0
us,WSTN,0,0,0,1,0,1,1,False,1
us,WSTNR,0,0,0,0,0,0,0,False,0
us,WSTNU,0,0,0,0,0,0,0,False,0
us,WT,1,3,0,2,1,4,3,True,7
us,WT.NB,0,0,0,0,0,0,0,False,0
us,WTBA,0,0,0,2,1,2,2,False,3
us,WTBA.NB,0,0,0,0,0,0,0,False,0
us,WTER.NB,0,0,0,0,0,0,0,False,0
us,WTF,1,1,0,2,0,3,2,False,4
us,WTF.NB,0,0,0,0,0,0,0,False,0
us,WTFC,0,0,0,2,1,2,2,False,3
us,WTFC.NB,0,0,0,0,0,0,0,False,0
us,WTFCN,0,0,0,2,0,1,1,False,2
us,WTFCP,0,0,0,2,1,2,2,False,3
us,WTG,1,0,0,2,0,2,1,False,3
us,WTG.NB,0,0,0,0,0,0,0,False,0
us,WTGUR,0,0,0,1,0,1,1,False,1
us,WTGUU,0,0,0,2,0,1,1,False,2
us,WTI,1,2,0,2,1,4,3,True,6
us,WTI.NB,0,0,0,0,0,0,0,False,0
us,WTID,1,3,0,2,1,4,3,True,7
us,WTID.NB,0,0,0,0,0,0,0,False,0
us,WTIU,1,3,0,2,1,4,3,True,7
us,WTIU.NB,0,0,0,0,0,0,0,False,0
us,WTM,1,3,0,2,1,4,3,True,7
us,WTM.NB,0,0,0,0,0,0,0,False,0
us,WTO,1,0,0,2,1,3,2,False,4
us,WTO.NB,0,0,0,0,0,0,0,False,0
us,WTRG,1,3,0,2,1,4,3,True,7
us,WTRG.NB,0,0,0,0,0,0,0,False,0
us,WTS,1,3,0,2,1,4,3,True,7
us,WTS.NB,0,0,0,0,0,0,0,False,0
us,WTT.NB,0,0,0,0,0,0,0,False,0
us,WTTR,1,3,0,2,1,4,3,True,7
us,WTTR.NB,0,0,0,0,0,0,0,False,0
us,WTW,1,3,0,2,1,4,3,True,7
us,WTW.NB,0,0,0,0,0,0,0,False,0
us,WU,1,0,0,2,1,3,2,False,4
us,WU.NB,0,0,0,0,0,0,0,False,0
us,WULF,1,3,0,2,1,4,3,True,7
us,WULF.NB,0,0,0,0,0,0,0,False,0
us,WVE,1,3,0,2,1,4,3,True,7
us,WVE.NB,0,0,0,0,0,0,0,False,0
us,WVVI,1,3,0,2,1,4,3,True,7
us,WVVI.NB,0,0,0,0,0,0,0,False,0
us,WVVIP,1,3,0,2,1,4,3,True,7
us,WVVIP.NB,0,0,0,0,0,0,0,False,0
us,WW,1,3,0,2,0,3,2,False,6
us,WW.NB,0,0,0,0,0,0,0,False,0
us,WWD,1,0,0,2,1,3,2,False,4
us,WWD.NB,0,0,0,0,0,0,0,False,0
us,WWR,1,2,0,2,1,4,3,True,6
us,WWR.NB,0,0,0,0,0,0,0,False,0
us,WWW,1,3,0,2,1,4,3,True,7
us,WWW.NB,0,0,0,0,0,0,0,False,0
us,WXM,1,3,0,2,0,3,2,False,6
us,WXM.NB,0,0,0,0,0,0,0,False,0
us,WXT,0,0,0,0,0,0,0,False,0
us,WY,1,3,0,2,1,4,3,True,7
us,WY.NB,0,0,0,0,0,0,0,False,0
us,WYFI,1,3,0,1,0,3,2,False,5
us,WYFI.NB,0,0,0,0,0,0,0,False,0
us,WYHG,0,3,0,2,0,2,2,False,5
us,WYNN,1,2,0,2,1,4,3,True,6
us,WYNN.NB,0,0,0,0,0,0,0,False,0
us,WYY,1,3,0,2,1,4,3,True,7
us,WYY.NB,0,0,0,0,0,0,0,False,0
us,WY_PA,0,0,0,0,0,0,0,False,0
us,X,1,0,0,2,1,3,2,False,4
us,X.NB,0,0,0,0,0,0,0,False,0
us,XAGE,0,0,0,2,1,2,2,False,3
us,XAIR,1,3,0,2,1,4,3,True,7
us,XAIR.NB,0,0,0,0,0,0,0,False,0
us,XBIO,1,3,0,2,1,4,3,True,7
us,XBIO.NB,0,0,0,0,0,0,0,False,0
us,XBIT,1,2,0,2,1,4,3,True,6
us,XBIT.NB,0,0,0,0,0,0,0,False,0
us,XBP,1,0,0,2,1,3,2,False,4
us,XBP.NB,0,0,0,0,0,0,0,False,0
us,XBPEW,0,3,0,2,1,3,3,True,6
us,XCBE,1,1,0,0,0,2,1,False,2
us,XCBE.NB,0,0,0,0,0,0,0,False,0
us,XCBEU.NB,0,0,0,0,0,0,0,False,0
us,XCBEW,0,1,0,0,0,1,1,False,1
us,XCH,1,3,0,2,0,3,2,False,6
us,XCH.NB,0,0,0,0,0,0,0,False,0
us,XCUR,1,3,0,2,1,4,3,True,7
us,XCUR.NB,0,0,0,0,0,0,0,False,0
us,XE,0,0,0,0,0,0,0,False,0
us,XEL,1,0,0,2,1,3,2,False,4
us,XEL.NB,0,0,0,0,0,0,0,False,0
us,XELA,1,0,0,2,1,3,2,False,4
us,XELA.NB,0,0,0,0,0,0,0,False,0
us,XELAP,0,0,0,2,1,2,2,False,3
us,XELB,1,3,0,2,1,4,3,True,7
us,XELB.NB,0,0,0,0,0,0,0,False,0
us,XELLL,0,3,0,1,0,2,2,False,4
us,XENE,1,3,0,2,1,4,3,True,7
us,XENE.NB,0,0,0,0,0,0,0,False,0
us,XERS,1,3,0,2,1,4,3,True,7
us,XERS.NB,0,0,0,0,0,0,0,False,0
us,XFLH,0,0,0,0,0,0,0,False,0
us,XFLHU,0,0,0,0,0,0,0,False,0
us,XFLH_R,0,0,0,0,0,0,0,False,0
us,XFLH_U,0,0,0,0,0,0,0,False,0
us,XFOR,1,3,0,2,1,4,3,True,7
us,XFOR.NB,0,0,0,0,0,0,0,False,0
us,XGN,1,3,0,2,1,4,3,True,7
us,XGN.NB,0,0,0,0,0,0,0,False,0
us,XHG,1,2,0,2,1,4,3,True,6
us,XHG.NB,0,0,0,0,0,0,0,False,0
us,XHLD,1,3,0,2,0,3,2,False,6
us,XHLD.NB,0,0,0,0,0,0,0,False,0
us,XHR,1,3,0,2,1,4,3,True,7
us,XHR.NB,0,0,0,0,0,0,0,False,0
us,XIFR,1,3,0,2,1,4,3,True,7
us,XIFR.NB,0,0,0,0,0,0,0,False,0
us,XIMA,0,0,0,0,0,0,0,False,0
us,XIN,1,0,0,0,0,1,0,False,1
us,XIN.NB,0,0,0,0,0,0,0,False,0
us,XLO,1,3,0,2,1,4,3,True,7
us,XLO.NB,0,0,0,0,0,0,0,False,0
us,XMAX,1,0,0,2,1,3,2,False,4
us,XMAX.NB,0,0,0,0,0,0,0,False,0
us,XMTR,1,3,0,2,1,4,3,True,7
us,XMTR.NB,0,0,0,0,0,0,0,False,0
us,XNCR,1,3,0,2,1,4,3,True,7
us,XNCR.NB,0,0,0,0,0,0,0,False,0
us,XNDU,0,0,0,0,0,0,0,False,0
us,XNET,1,3,0,2,1,4,3,True,7
us,XNET.NB,0,0,0,0,0,0,0,False,0
us,XOM,1,3,0,2,1,4,3,True,7
us,XOM.NB,0,0,0,0,0,0,0,False,0
us,XOMA,1,3,0,2,1,4,3,True,7
us,XOMA.NB,0,0,0,0,0,0,0,False,0
us,XOMAO,0,3,0,2,1,3,3,True,6
us,XOMAP,1,3,0,2,1,4,3,True,7
us,XOMAP.NB,0,0,0,0,0,0,0,False,0
us,XOS,1,0,0,2,1,3,2,False,4
us,XOS.NB,0,0,0,0,0,0,0,False,0
us,XOSWW,0,3,0,2,1,3,3,True,6
us,XP,1,3,0,2,1,4,3,True,7
us,XP.NB,0,0,0,0,0,0,0,False,0
us,XPEL,1,3,0,2,1,4,3,True,7
us,XPEL.NB,0,0,0,0,0,0,0,False,0
us,XPER,1,3,0,2,1,4,3,True,7
us,XPER.NB,0,0,0,0,0,0,0,False,0
us,XPEV,1,0,0,2,1,3,2,False,4
us,XPEV.NB,0,0,0,0,0,0,0,False,0
us,XPL,1,2,0,2,1,4,3,True,6
us,XPL.NB,0,0,0,0,0,0,0,False,0
us,XPO,1,3,0,2,1,4,3,True,7
us,XPO.NB,0,0,0,0,0,0,0,False,0
us,XPOF,1,2,0,2,1,4,3,True,6
us,XPOF.NB,0,0,0,0,0,0,0,False,0
us,XPON,1,3,0,2,1,4,3,True,7
us,XPON.NB,0,0,0,0,0,0,0,False,0
us,XPRO,1,3,0,2,1,4,3,True,7
us,XPRO.NB,0,0,0,0,0,0,0,False,0
us,XRAY,1,3,0,2,1,4,3,True,7
us,XRAY.NB,0,0,0,0,0,0,0,False,0
us,XRN,1,3,0,2,1,4,3,True,7
us,XRN.NB,0,0,0,0,0,0,0,False,0
us,XRN_PA,0,3,0,2,1,3,3,True,6
us,XRN_PB,1,3,0,1,0,3,2,False,5
us,XRN_PB.NB,0,0,0,0,0,0,0,False,0
us,XRPN,0,0,0,2,0,1,1,False,2
us,XRPNU,0,0,0,2,0,1,1,False,2
us,XRPNW,0,0,0,1,0,1,1,False,1
us,XRTX,1,2,0,2,1,4,3,True,6
us,XRTX.NB,0,0,0,0,0,0,0,False,0
us,XRX,1,0,0,2,1,3,2,False,4
us,XRX.NB,0,0,0,0,0,0,0,False,0
us,XRXDW,0,3,0,2,1,3,3,True,6
us,XSLL,1,1,0,0,0,2,1,False,2
us,XSLL.NB,0,0,0,0,0,0,0,False,0
us,XSLLW,0,0,0,0,0,0,0,False,0
us,XTIA,1,3,0,2,1,4,3,True,7
us,XTIA.NB,0,0,0,0,0,0,0,False,0
us,XTKG,1,0,0,2,1,3,2,False,4
us,XTKG.NB,0,0,0,0,0,0,0,False,0
us,XTLB,1,3,0,2,1,4,3,True,7
us,XTLB.NB,0,0,0,0,0,0,0,False,0
us,XTNT,1,3,0,2,1,4,3,True,7
us,XTNT.NB,0,0,0,0,0,0,0,False,0
us,XWEL,1,2,0,2,1,4,3,True,6
us,XWEL.NB,0,0,0,0,0,0,0,False,0
us,XWIN,1,3,0,2,1,4,3,True,7
us,XWIN.NB,0,0,0,0,0,0,0,False,0
us,XXC,0,0,0,0,0,0,0,False,0
us,XXI,1,2,0,2,0,3,2,False,5
us,XXI.NB,0,0,0,0,0,0,0,False,0
us,XXII,1,3,0,2,1,4,3,True,7
us,XXII.NB,0,0,0,0,0,0,0,False,0
us,XYF,1,3,0,2,1,4,3,True,7
us,XYF.NB,0,0,0,0,0,0,0,False,0
us,XYL,1,3,0,2,1,4,3,True,7
us,XYL.NB,0,0,0,0,0,0,0,False,0
us,XYLO,0,0,0,2,1,2,2,False,3
us,XYZ,1,3,0,2,1,4,3,True,7
us,XYZ.NB,0,0,0,0,0,0,0,False,0
us,XZ,1,0,0,0,0,1,0,False,1
us,XZ.NB,0,0,0,0,0,0,0,False,0
us,XZO,0,2,0,1,0,2,2,False,3
us,YAAS,1,3,0,2,0,3,2,False,6
us,YAAS.NB,0,0,0,0,0,0,0,False,0
us,YALA,1,3,0,2,1,4,3,True,7
us,YALA.NB,0,0,0,0,0,0,0,False,0
us,YARW,0,0,0,0,0,0,0,False,0
us,YAYO,0,1,0,0,0,1,1,False,1
us,YB,1,3,0,2,0,3,2,False,6
us,YB.NB,0,0,0,0,0,0,0,False,0
us,YBZN,0,0,0,0,0,0,0,False,0
us,YCBD,1,1,0,2,1,4,3,True,5
us,YCBD.NB,0,0,0,0,0,0,0,False,0
us,YCBD_PA,0,0,0,2,1,2,2,False,3
us,YCY,1,1,0,1,0,3,2,False,3
us,YCY.NB,0,0,0,0,0,0,0,False,0
us,YCY_T,0,2,0,1,0,2,2,False,3
us,YCY_U,0,2,0,1,0,2,2,False,3
us,YDDL,1,3,0,1,0,3,2,False,5
us,YDDL.NB,0,0,0,0,0,0,0,False,0
us,YDES,1,2,0,2,1,4,3,True,6
us,YDES.NB,0,0,0,0,0,0,0,False,0
us,YDESW,0,1,0,2,1,3,3,True,4
us,YDKG,1,3,0,2,1,4,3,True,7
us,YDKG.NB,0,0,0,0,0,0,0,False,0
us,YELP,1,3,0,2,1,4,3,True,7
us,YELP.NB,0,0,0,0,0,0,0,False,0
us,YETI,1,3,0,2,1,4,3,True,7
us,YETI.NB,0,0,0,0,0,0,0,False,0
us,YEXT,1,3,0,2,1,4,3,True,7
us,YEXT.NB,0,0,0,0,0,0,0,False,0
us,YGMZ,1,0,0,2,1,3,2,False,4
us,YGMZ.NB,0,0,0,0,0,0,0,False,0
us,YHC,1,3,0,2,0,3,2,False,6
us,YHC.NB,0,0,0,0,0,0,0,False,0
us,YHGJ,1,3,0,2,1,4,3,True,7
us,YHGJ.NB,0,0,0,0,0,0,0,False,0
us,YHNA,1,0,0,2,0,2,1,False,3
us,YHNA.NB,0,0,0,0,0,0,0,False,0
us,YHNAR,0,2,0,2,0,2,2,False,4
us,YHNAU,0,2,0,2,0,2,2,False,4
us,YI,1,2,0,2,1,4,3,True,6
us,YI.NB,0,0,0,0,0,0,0,False,0
us,YIBO,1,3,0,2,0,3,2,False,6
us,YIBO.NB,0,0,0,0,0,0,0,False,0
us,YICC,0,0,0,0,0,0,0,False,0
us,YJ,1,3,0,2,1,4,3,True,7
us,YJ.NB,0,0,0,0,0,0,0,False,0
us,YLY,1,0,0,0,0,1,0,False,1
us,YLY.NB,0,0,0,0,0,0,0,False,0
us,YMAB,1,0,0,2,1,3,2,False,4
us,YMAB.NB,0,0,0,0,0,0,0,False,0
us,YMAT,1,3,0,1,0,3,2,False,5
us,YMAT.NB,0,0,0,0,0,0,0,False,0
us,YMM,1,3,0,2,1,4,3,True,7
us,YMM.NB,0,0,0,0,0,0,0,False,0
us,YMT,1,2,0,1,0,3,2,False,4
us,YMT.NB,0,0,0,0,0,0,0,False,0
us,YOOV,1,3,0,2,0,3,2,False,6
us,YOOV.NB,0,0,0,0,0,0,0,False,0
us,YORW,1,3,0,2,1,4,3,True,7
us,YORW.NB,0,0,0,0,0,0,0,False,0
us,YOTA.NB,0,0,0,0,0,0,0,False,0
us,YOU,1,3,0,2,1,4,3,True,7
us,YOU.NB,0,0,0,0,0,0,0,False,0
us,YOUL,1,3,0,2,0,3,2,False,6
us,YOUL.NB,0,0,0,0,0,0,0,False,0
us,YPF,1,3,0,2,1,4,3,True,7
us,YPF.NB,0,0,0,0,0,0,0,False,0
us,YQ,1,3,0,2,1,4,3,True,7
us,YQ.NB,0,0,0,0,0,0,0,False,0
us,YRD,1,3,0,2,1,4,3,True,7
us,YRD.NB,0,0,0,0,0,0,0,False,0
us,YSG,1,3,0,2,1,4,3,True,7
us,YSG.NB,0,0,0,0,0,0,0,False,0
us,YSS,1,3,0,0,0,2,1,False,4
us,YSS.NB,0,0,0,0,0,0,0,False,0
us,YSWY,1,0,0,0,0,1,0,False,1
us,YSWY.NB,0,0,0,0,0,0,0,False,0
us,YSXT,1,3,0,2,0,3,2,False,6
us,YSXT.NB,0,0,0,0,0,0,0,False,0
us,YTRA,1,3,0,2,1,4,3,True,7
us,YTRA.NB,0,0,0,0,0,0,0,False,0
us,YUM,1,2,0,2,1,4,3,True,6
us,YUM.NB,0,0,0,0,0,0,0,False,0
us,YUMC,1,3,0,2,1,4,3,True,7
us,YUMC.NB,0,0,0,0,0,0,0,False,0
us,YXCA,0,0,0,0,0,0,0,False,0
us,YXT,1,3,0,2,0,3,2,False,6
us,YXT.NB,0,0,0,0,0,0,0,False,0
us,YYAI,1,0,0,2,1,3,2,False,4
us,YYAI.NB,0,0,0,0,0,0,0,False,0
us,YYDT,0,0,0,0,0,0,0,False,0
us,YYGH,1,3,0,2,0,3,2,False,6
us,YYGH.NB,0,0,0,0,0,0,0,False,0
us,YZRY,0,0,0,0,0,0,0,False,0
us,Z,1,3,0,2,1,4,3,True,7
us,Z.NB,0,0,0,0,0,0,0,False,0
us,ZAPP,1,0,0,0,0,1,0,False,1
us,ZAPP.NB,0,0,0,0,0,0,0,False,0
us,ZBAI,1,3,0,2,1,4,3,True,7
us,ZBAI.NB,0,0,0,0,0,0,0,False,0
us,ZBAO,1,1,0,2,0,3,2,False,4
us,ZBAO.NB,0,0,0,0,0,0,0,False,0
us,ZBH,1,3,0,2,1,4,3,True,7
us,ZBH.NB,0,0,0,0,0,0,0,False,0
us,ZBIO,1,3,0,2,0,3,2,False,6
us,ZBIO.NB,0,0,0,0,0,0,0,False,0
us,ZBJ,0,0,0,0,0,0,0,False,0
us,ZBRA,1,3,0,2,1,4,3,True,7
us,ZBRA.NB,0,0,0,0,0,0,0,False,0
us,ZCMD,1,3,0,2,1,4,3,True,7
us,ZCMD.NB,0,0,0,0,0,0,0,False,0
us,ZD,1,3,0,2,1,4,3,True,7
us,ZD.NB,0,0,0,0,0,0,0,False,0
us,ZDAI,1,3,0,2,0,3,2,False,6
us,ZDAI.NB,0,0,0,0,0,0,0,False,0
us,ZDAN,0,0,0,0,0,0,0,False,0
us,ZDGE,1,1,0,2,1,4,3,True,5
us,ZDGE.NB,0,0,0,0,0,0,0,False,0
us,ZDYM,0,0,0,0,0,0,0,False,0
us,ZENA,1,0,0,2,0,2,1,False,3
us,ZENA.NB,0,0,0,0,0,0,0,False,0
us,ZENV,1,0,0,2,1,3,2,False,4
us,ZENV.NB,0,0,0,0,0,0,0,False,0
us,ZEO,1,0,0,2,1,3,2,False,4
us,ZEO.NB,0,0,0,0,0,0,0,False,0
us,ZEOWW,0,3,0,2,1,3,3,True,6
us,ZEPP,1,3,0,2,1,4,3,True,7
us,ZEPP.NB,0,0,0,0,0,0,0,False,0
us,ZETA,1,3,0,2,1,4,3,True,7
us,ZETA.NB,0,0,0,0,0,0,0,False,0
us,ZEUS,1,0,0,2,1,3,2,False,4
us,ZEUS.NB,0,0,0,0,0,0,0,False,0
us,ZFOX.NB,0,0,0,0,0,0,0,False,0
us,ZG,1,3,0,2,1,4,3,True,7
us,ZG.NB,0,0,0,0,0,0,0,False,0
us,ZGHB,0,0,0,0,0,0,0,False,0
us,ZGM,0,1,0,1,0,2,2,False,2
us,ZGN,1,3,0,2,1,4,3,True,7
us,ZGN.NB,0,0,0,0,0,0,0,False,0
us,ZH,1,3,0,2,1,4,3,True,7
us,ZH.NB,0,0,0,0,0,0,0,False,0
us,ZHZ,0,0,0,0,0,0,0,False,0
us,ZIM,1,3,0,2,1,4,3,True,7
us,ZIM.NB,0,0,0,0,0,0,0,False,0
us,ZIMV,1,0,0,2,1,3,2,False,4
us,ZIMV.NB,0,0,0,0,0,0,0,False,0
us,ZING.NB,0,0,0,0,0,0,0,False,0
us,ZION,0,0,0,2,1,2,2,False,3
us,ZION.NB,0,0,0,0,0,0,0,False,0
us,ZIONO,0,0,0,2,1,2,2,False,3
us,ZIONP,0,0,0,2,1,2,2,False,3
us,ZIP,1,2,0,2,1,4,3,True,6
us,ZIP.NB,0,0,0,0,0,0,0,False,0
us,ZIVO.NB,0,0,0,0,0,0,0,False,0
us,ZJK,1,3,0,2,0,3,2,False,6
us,ZJK.NB,0,0,0,0,0,0,0,False,0
us,ZJYL,1,3,0,2,1,4,3,True,7
us,ZJYL.NB,0,0,0,0,0,0,0,False,0
us,ZK,1,0,0,2,0,2,1,False,3
us,ZK.NB,0,0,0,0,0,0,0,False,0
us,ZKH,1,3,0,2,0,3,2,False,6
us,ZKH.NB,0,0,0,0,0,0,0,False,0
us,ZKIN,1,3,0,2,1,4,3,True,7
us,ZKIN.NB,0,0,0,0,0,0,0,False,0
us,ZKP,1,0,0,0,0,1,0,False,1
us,ZKP.NB,0,0,0,0,0,0,0,False,0
us,ZKPU,0,0,0,0,0,0,0,False,0
us,ZKPW,0,0,0,0,0,0,0,False,0
us,ZLAB,1,3,0,2,1,4,3,True,7
us,ZLAB.NB,0,0,0,0,0,0,0,False,0
us,ZM,1,3,0,2,1,4,3,True,7
us,ZM.NB,0,0,0,0,0,0,0,False,0
us,ZNB,1,3,0,2,1,4,3,True,7
us,ZNB.NB,0,0,0,0,0,0,0,False,0
us,ZNH.NB,0,0,0,0,0,0,0,False,0
us,ZNTL,1,3,0,2,1,4,3,True,7
us,ZNTL.NB,0,0,0,0,0,0,0,False,0
us,ZOM,1,0,0,2,1,3,2,False,4
us,ZOM.NB,0,0,0,0,0,0,0,False,0
us,ZONE,1,0,0,2,0,2,1,False,3
us,ZONE.NB,0,0,0,0,0,0,0,False,0
us,ZOOZ,1,3,0,2,1,4,3,True,7
us,ZOOZ.NB,0,0,0,0,0,0,0,False,0
us,ZOOZW,0,3,0,2,1,3,3,True,6
us,ZPTA,1,0,0,2,0,2,1,False,3
us,ZPTA.NB,0,0,0,0,0,0,0,False,0
us,ZS,1,0,0,2,1,3,2,False,4
us,ZS.NB,0,0,0,0,0,0,0,False,0
us,ZSMA,0,0,0,0,0,0,0,False,0
us,ZSPC,1,2,0,2,0,3,2,False,5
us,ZSPC.NB,0,0,0,0,0,0,0,False,0
us,ZSQR,1,0,0,2,1,3,2,False,4
us,ZSQR.NB,0,0,0,0,0,0,0,False,0
us,ZSSY,0,0,0,0,0,0,0,False,0
us,ZSTK,1,3,0,2,1,4,3,True,7
us,ZSTK.NB,0,0,0,0,0,0,0,False,0
us,ZTEK,1,3,0,2,1,4,3,True,7
us,ZTEK.NB,0,0,0,0,0,0,0,False,0
us,ZTG,0,1,0,1,0,2,2,False,2
us,ZTO,1,3,0,2,1,4,3,True,7
us,ZTO.NB,0,0,0,0,0,0,0,False,0
us,ZTS,1,3,0,2,1,4,3,True,7
us,ZTS.NB,0,0,0,0,0,0,0,False,0
us,ZUMZ,1,3,0,2,1,4,3,True,7
us,ZUMZ.NB,0,0,0,0,0,0,0,False,0
us,ZUO,1,0,0,2,1,3,2,False,4
us,ZUO.NB,0,0,0,0,0,0,0,False,0
us,ZURA,1,2,0,2,1,4,3,True,6
us,ZURA.NB,0,0,0,0,0,0,0,False,0
us,ZVIA,1,3,0,2,1,4,3,True,7
us,ZVIA.NB,0,0,0,0,0,0,0,False,0
us,ZVRA,1,3,0,2,1,4,3,True,7
us,ZVRA.NB,0,0,0,0,0,0,0,False,0
us,ZWS,1,0,0,2,1,3,2,False,4
us,ZWS.NB,0,0,0,0,0,0,0,False,0
us,ZXTY,0,0,0,0,0,0,0,False,0
us,ZYBT,1,3,0,2,0,3,2,False,6
us,ZYBT.NB,0,0,0,0,0,0,0,False,0
us,ZYME,1,3,0,2,1,4,3,True,7
us,ZYME.NB,0,0,0,0,0,0,0,False,0
us,ZYNE.NB,0,0,0,0,0,0,0,False,0
us,ZYRX,0,0,0,0,0,0,0,False,0
us,ZYXI,1,0,0,2,1,3,2,False,4
us,ZYXI.NB,0,0,0,0,0,0,0,False,0
