symbol,pv_beta_5y,pv_rel_return_26w,pv_rel_return_52w
A,1.24039168723213,-2.88830234666763,1.12404345544044
AA,1.64139202328622,-30.151176179121,24.3666428328659
AACB,,-4.52142796550962,-10.5084080930876
AACBR,,-48.5022033360769,-26.9818946721235
AACBU,,-1.85831210880708,-12.1007246435421
AACG,1.11722707584963,-20.7636059850427,-26.1652141359721
AACI,,,
AACIW,,,
AACO,,,
AACOW,,,
AACP,,,
AACPR,,,
AACPW,,,
AADX,,,
AAGR,,-33.5777390585852,-39.7903962696432
AAL,1.34590566473906,6.48850487923358,14.0907368983815
AAM,,-7.53204560560143,-9.15423658534506
AAMC,1.18027210317374,-6.05994523999903,
AAME,0.782895517866984,-44.9435576498163,-36.8706645029024
AAMI,1.3028121924449,39.4647204912737,78.026389067251
AAN,1.4113107273079,25.5035899512779,-23.1398678674053
AAOI,3.78007949400684,121.446280463934,200.604648963048
AAON,1.45837924833551,-4.13737499235258,-2.94985463780784
AAP,1.05349927718936,11.7608677424414,-12.1912114541132
AAPG,,-32.8763618098235,-59.9500671465104
AAPL,1.06480580057101,23.6966501056303,36.6575368680198
AARD,,-58.9731189415506,-59.3366656902072
AAT,0.986367867661618,25.4789318705608,4.05372704027687
AAUC,,-36.5756031971275,27.1189006687546
ABAT,1.21830557939654,-56.886459078568,-34.8923927915784
ABBV,0.276365435296639,10.4140687394822,20.087051785562
ABCB,0.925078499903913,2.95811262874561,13.8775013755522
ABCL,1.22741301972612,24.5470901454649,-7.51776895075856
ABEO,1.35206512318804,10.6691056076724,-21.7820857883582
ABEV,0.673964189946634,3.89836445187386,17.0534532149173
ABG,0.688212532076072,-6.12227328794264,-9.56175266156388
ABLV,1.74790882659785,10.4430373529741,-29.7352713005896
ABLVW,1.68892511281304,20.4937295612065,-16.6774704623016
ABM,0.671667373747541,1.86669960976531,-10.133829772018
ABNB,1.13693529651043,8.78204344504423,-7.36099739574189
ABOS,0.363155340545744,-21.2561305688227,34.322795014886
ABP,0.130008222553824,-90.4816074949699,-98.1596563778193
ABR,1.11899390475485,-38.4614055690599,-62.8344793854577
ABR_pd,0.414603027357532,-16.5560407439097,-22.973656062717
ABR_pe,0.589171746761934,-16.3853676895402,-23.1723445482002
ABR_pf,0.363519119319171,-6.22875036984631,-10.1357045199218
ABSI,2.3871817527702,124.76261424121,106.490848772219
ABT,0.572193060062043,-6.92759144633505,-26.97513491825
ABTC,3.88865879211624,-78.4154507301969,-94.1808002038385
ABTS,2.13371390196108,-77.112062929237,-79.0432674667342
ABUS,0.644814732575864,-0.414509256825901,13.2300010451486
ABVC,0.584138385185304,-51.6619135700966,-69.809754042489
ABVE,-0.092182829302842,-96.5987221552413,-95.4077420883626
ABVEW,-0.178302426269632,-96.3108307638252,-92.2890594161022
ABVX,,-1.84058370901741,60.515012584438
ABVc,0.584138385185304,-51.6619135700966,-69.809754042489
ABX,0.062334242168736,22.8179234454827,72.516153545584
ABXL,,-9.07286359943776,-17.7430516303266
AC,0.394784661099705,-21.1830133980345,-22.5876523466841
ACA,1.05251404377474,19.2764477847661,40.9119664596017
ACAA,,,
ACAAW,,,
ACAD,0.807904740350681,-6.7411899119227,-1.09563009810655
ACB,1.33990563166321,-41.1006315904591,-55.3792422837769
ACCL,,35.5510857275182,
ACCO,1.177882728905,4.24470362398066,-6.46007991890997
ACCS,0.37386546440899,-25.1477648774035,-46.3131033404319
ACDC,1.49802082928455,-29.8757337707035,-60.7489668178486
ACEL,1.01849062976331,3.58568538267963,-17.1396694818468
ACET,1.62045968914563,-9.79994742013958,-41.3958637296162
ACFN,0.228481030203207,2.94800521643941,-24.7624867150764
ACGC,,,
ACGCW,,,
ACGL,0.301778749703921,7.02693163754444,5.88139727842103
ACGLN,0.621714041601516,-14.1374262188042,-16.6837520654319
ACGLO,0.603497271292594,-13.7961850437638,-18.0621625555197
ACH,1.56856776017787,45.3834180809539,-64.4797218871556
ACHC,0.626304437215887,127.811601639795,23.9219257032905
ACHR,3.18995659712429,-44.0307708352034,-61.5768184853277
ACHR_t,3.1719880014275,-38.0502882576903,-57.9055546934477
ACHV,2.24534746326797,25.9326547541878,97.6077275908684
ACI,0.415731991246485,-34.7043316854255,-49.4139729233453
ACIC,-0.473674520431435,-5.9733645443677,-4.69481035553032
ACIU,1.57827415866003,-38.4347663719768,-15.8009158201159
ACIW,0.957709968433052,26.0309862182832,15.8634942789596
ACLS,1.9416936834949,23.8535234275364,36.9624139740501
ACLX,0.189969211950522,26.9561661052052,38.0599157083423
ACM,0.914912326198259,-27.7891607152574,-43.7556106102831
ACMR,1.98521501820715,25.4043140651579,93.7056937666531
ACN,1.05872692704978,-43.9152667991959,-48.8773495821101
ACNB,0.853470541068,25.5362117941694,29.2588722375512
ACNT,0.525420626163599,-9.28108178102151,2.56755325890543
ACOG,2.29996807716515,34.0179576813585,-25.6551508776537
ACON,1.22776454675905,-45.0295833409884,-76.6314766862864
ACONW,1.20346733374577,-55.9325509911557,-67.6519790917325
ACP_pa,0.351434789846819,-10.1681109000574,-18.5394609230426
ACR,1.07702845903532,-12.1706560813827,-17.668685928967
ACRE,1.19525169841535,-11.608339512993,-13.4240992112517
ACRS,0.787326295668911,29.3799720596396,172.888765206464
ACRV,1.86274666624804,-26.9355129644437,-7.36984041483566
ACR_pc,0.275901012078677,-6.3601620437382,-13.169942520257
ACR_pd,0.531880151463441,-7.15071142368682,-15.3817059228529
ACSB,,,
ACT,0.480193528388314,14.7226177911723,17.5186023902517
ACTG,0.443128594604751,10.6723800353192,4.25223084201647
ACTU,,-81.7290902668622,-86.7092503219121
ACU,0.456175761478791,34.798319541158,20.3504934929762
ACVA,1.79847936597345,-7.85999419348409,-51.2489713740363
ACXP,-2.02088952555503,-50.5763144732831,-85.1373352136199
AD,0.261635727224322,-11.3029080920165,-7.69513893974487
ADAC,,,
ADACU,,,
ADACW,,,
ADAG,0.58498343245706,40.721447491889,61.2297975592678
ADAM,1.25193183953649,-2.70893258506438,10.1734555654218
ADAMG,,-9.06163686873042,-16.6780773338471
ADAMH,,-9.96333400986534,
ADAMI,,-8.88676532523058,-17.1072079844562
ADAML,0.76308558037053,-0.958028472861039,-4.01936214516894
ADAMM,0.700901337455634,-6.87746153933448,-12.4490733734048
ADAMN,0.715208202768148,1.38211432677335,-5.15415931467515
ADAMO,,,
ADAMZ,0.788548268498106,-7.75863387878583,-8.44429837237676
ADAP,0.934967902357063,3.33406023600109,-71.6154725271175
ADBE,1.38718155072793,-21.2965407669389,-41.9901516940084
ADC,0.455733027186822,4.7048260803968,-3.78608749100651
ADCT,1.87933079063574,-70.9544677483005,-69.3989651370439
ADC_pa,0.662171564411152,-6.9322846922103,-13.8853845264189
ADEA,2.23371643268129,28.2623440398493,61.7984329328426
ADGM,-0.141097079209868,-57.9524314894236,-76.2347278397639
ADI,1.20549076194367,13.1096015299712,36.3539413558115
ADIL,1.39485776137548,-51.3392165861277,-83.8894937864351
ADM,0.598083867160011,14.5234318472355,30.6541489692967
ADMA,0.732060756221012,-50.1970397261515,-57.9966335881082
ADN,0.65142765078216,-99.9304147742519,-99.986901464018
ADNT,1.51000812609527,-8.63769752985959,-18.078563080534
ADP,0.807200785314032,-2.49442353561959,-25.9596457667551
ADPT,2.07213083594378,10.0119622046397,82.566349267219
ADRT,,-21.1222101485681,-30.3255522413207
ADSE,0.359331591370391,-8.42946655615853,-12.3026075757235
ADSEW,0.359449498112729,-14.2514482775824,-23.2275470898485
ADSK,1.26987301977656,-16.8208803053861,-32.9394135311849
ADT,1.00315634206197,-13.4855706476277,-24.480777276005
ADTH,,100.30506771499,92.9300341667437
ADTN,1.49336299678689,-11.6492804397068,-19.8569168842495
ADTX,0.934793404827354,-99.9986520064234,-99.9999913344335
ADUR,1.25271977651548,-13.0870382116243,-2.66930000762965
ADUS,0.849904724952204,4.65875458823768,-6.01635365708082
ADV,2.10710443559214,58.4110036870444,-8.25203241088486
ADVB,,69.7223174674212,-12.21113795413
ADVM,0.903467235404142,37.957453538083,-34.0519357237409
ADXN,1.483209899601,-30.722152598671,-40.7964046861905
AE,0.801515384841163,34.4810047418379,29.3869956935302
AEAE,,-6.05994523999903,
AEAQ,,-5.20862207562326,
AEAQU,,-8.10887656679556,
AEAQW,,,
AEBI,,-7.67149728734715,20.3142059718655
AEC,1.67254641368123,-57.1140094478363,-45.5487658001962
AEE,0.478472214494834,1.66598269572633,-1.57238004616928
AEG,0.849955644969403,11.7059200384467,10.4343980508842
AEHL,1.1456434334244,-89.9112632372698,-98.0436095146439
AEHR,3.14085044272818,136.965903899102,187.946454951491
AEI,1.24798869870347,-71.9259606464365,-37.444567552876
AEIS,1.30890600843802,-1.03991611450794,65.6888207487486
AEM,1.42609713088816,-35.9965034576314,-8.48976165964503
AEMD,1.43542905873206,-81.0878539756384,-96.2120364260265
AENT,0.428877733222385,-25.2721211138903,-4.14471060602331
AENTW,0.434966851323727,-35.3334810463023,33.021942671447
AEO,1.28360672958768,-27.3006572804429,29.6998232595503
AEON,0.69291296017908,-80.1395067561565,-72.34261005542
AEP,0.50544465391301,4.62954102131232,5.9893004461333
AER,0.924573888601191,0.620207409763318,18.4966835533646
AERO,,-30.3948927587802,
AERT,0.645247863700512,38.8545967704856,-23.408806434548
AERTW,0.65408669901149,26.3527548599641,-34.8921894159768
AES,0.946783583635448,-6.62660776871216,-5.58227521188628
AESI,1.13198481326942,-11.1574675913169,-33.3969928511669
AESP,,,
AEVA,2.50172180303052,-3.76872439219413,-42.5271964392049
AEXA,,-10.3479950768884,
AEYE,0.833750505059676,-39.8506189458644,-60.8324622609296
AFAR,,-3.37440300742652,-14.2419057396516
AFBI,0.129004882827101,4.88984259020993,2.08856034817484
AFCG,0.963235122802418,-0.841053308887862,-51.111860218941
AFCGV,,,
AFG,0.607140488527814,7.69811527282684,2.31195407544016
AFGB,0.50507312101167,-14.2824653018007,-20.4187474507359
AFGC,0.657051339396067,-15.2909187387912,-21.5653223391221
AFGD,0.570716508010922,-15.0632695617582,-21.2096232184259
AFGE,0.642813305702586,-15.4759435594095,-21.9057578126977
AFIB,6.06538223124568,-8.40644340891714,-99.4243700857695
AFJK,,-78.8343849583175,-8.57709164060713
AFJKR,,-42.4170926631384,-30.389406254091
AFJKU,,98.4983496967408,
AFL,0.587321678012507,12.2894823229205,10.4587368764547
AFRI,0.365925832985804,-2.27618371063052,16.0907751188078
AFRIW,0.37476999863575,-17.794601861957,2.66532835010538
AFRM,3.71168361252405,-1.13010663433537,-7.75598725949949
AFYA,0.366529124330917,-8.71326218681816,-10.1302784935796
AG,2.08853392982986,-41.3300748755312,47.9047278096546
AGAE,2.3825060325093,-14.8261524690293,-86.6401028870562
AGBK,,,
AGCC,,47.2929385578231,
AGCO,1.06104712147317,2.21940517512287,-3.26584314957868
AGDX,,,
AGEN,1.37016946901181,94.3587339862089,-10.5999134712362
AGH,,-1.22479536264606,30.8506585629335
AGI,1.31482045781397,-36.4062537528715,-10.2924714321364
AGIG,1.24289886399914,-73.5967301710056,-92.2984888186564
AGII,,,
AGIO,0.558540352587415,17.9247495923416,-16.7840384694493
AGL,3.02618317466168,336.216254281335,71.4050283941874
AGM,1.00048291567758,15.5382800865672,4.44838866364059
AGMB,,,
AGMH,2.50813687951653,-58.5351747118007,-70.9575043300642
AGM_pc,0.071688713217441,-14.5438845347545,-17.6999410724553
AGM_pd,0.487497358225462,-6.58671190220462,-15.9222805051517
AGM_pe,0.241292592471767,-8.88641012835667,-16.2088354164027
AGM_pf,0.53677705176145,-8.9441872677042,-15.2893971414805
AGM_pg,0.499985565096327,-8.81637108591884,-15.3134711305288
AGM_ph,,-10.7872024239765,
AGM_pi,,,
AGMa,0.996232414577973,8.88423305515476,-0.32630095967866
AGNC,1.29860036415804,-14.5508294007222,-1.63513676283206
AGNCL,0.284564466533068,-6.35969924761582,-13.6514028127798
AGNCM,0.591681738212561,-5.71179534656419,-14.2791091167462
AGNCN,0.236966275238135,-5.54379109296607,-14.3207038673772
AGNCO,0.471429221746121,-6.20776593985742,-14.4916488905794
AGNCP,0.515889902044286,-6.13488744563127,-15.1046620823236
AGNCZ,,-8.20154617927262,
AGNT,2.10080261526027,-58.3179889475492,-69.0719899059501
AGO,0.734559424349767,-3.27636857522423,-12.293298906445
AGPU,3.45986321193601,36.6231351965887,-47.4599529352958
AGR,0.552179359257674,-5.82170238445301,-11.077816810986
AGRO,-0.066317228784827,3.19016956131395,-6.43794746126261
AGRZ,,-49.6806861701723,
AGS,1.45386751626894,3.39246064765264,-4.42217738502605
AGX,0.636823080460821,35.4251934002221,89.7900765868276
AGYS,0.359721900484142,14.4526090901619,-19.2732618791195
AHCO,1.45624198593269,4.77210878799312,0.633361217727324
AHG,-0.980023603365026,-4.08917486041858,-30.2333163124437
AHH,1.09610670364145,-2.49433732210118,-12.0061084228495
AHH_pa,0.343010740299144,-4.00541635506646,-14.1426689663224
AHI,,-5.45416724713408,-65.5082890746809
AHL,,7.66739700960681,
AHL_pc,0.426693631496809,-10.5554149848239,-19.4504411621577
AHL_pd,0.722196980995512,-10.0991077655108,-18.5245851533321
AHL_pe,0.749760578102329,-11.108456470195,-19.1771332896386
AHL_pf,,-9.89121101416397,-17.3271939984321
AHMA,,-95.3333005054709,
AHR,,18.6741072608285,34.1451471539042
AHRT,1.09610670364145,-2.49433732210118,-12.0061084228495
AHRT_pa,0.343010740299144,-4.00541635506646,-14.1426689663224
AHT,1.7376552780271,-23.7622168656274,-58.0958801876638
AHT_pd,0.387310766980771,-65.3090319852853,-76.0092075157671
AHT_pf,0.593842592066171,-49.5271231204741,-61.84363294189
AHT_pg,0.71255187995632,-56.9508096585345,-72.5205575102376
AHT_ph,0.668334677503413,-57.4780464552906,-68.6905974154207
AHT_pi,0.734087678366905,-57.3372677072485,-67.7293404042614
AI,2.07090520319002,-33.6455168758723,-70.31709559629
AIAI,,,
AIAS,,,
AIB,,,
AICN,,,
AIDM,,,
AIDX,,,
AIEV,2.09050611062606,-4.98444502938288,3.45065930898292
AIFA,2.3825060325093,-14.8261524690293,-86.6401028870562
AIFC,1.80946723039949,-83.1722906473295,-95.1657332084693
AIFF,0.57572276552726,3.94928951512223,-67.4502876115243
AIFU,1.01900682785945,-33.1981832817771,-82.7541414306175
AIG,0.529572745360538,2.79104678828859,-12.2492874357704
AIHS,0.88169015519019,15.0765670810012,-52.519651583271
AII,,5.06682841382151,3.64916358354204
AIIA,,-4.84237723214258,
AIIA_r,,-32.8881286073495,
AIIA_u,,-7.68647766275485,
AIIO,2.06382805217567,-45.9401571664145,-87.9659704208658
AIIOW,2.14059989466183,-76.6276724353064,-94.6240902876328
AIIR,,-44.930109569125,-51.3588767494088
AILE,,-99.9998082856025,-99.139862803852
AIM,1.20504859833806,-81.0931119896346,-97.087781726619
AIMD,2.48699708472057,-28.4526327118597,-57.955980337544
AIMDW,2.4447845090731,-20.8361498204036,-40.0311986425541
AIN,1.17489037907903,26.6206324102894,-9.32467688886836
AINC,1.32197073004043,47.9325836569875,-55.5818553335922
AIOS,1.693583543236,-44.2944254717564,-87.4249527429521
AIOT,1.41810824892705,-30.3025400167735,-24.9299902469084
AIP,1.98716283991731,69.9252958057232,163.593367200474
AIQD,,,
AIQU,,,
AIR,1.10898136967405,25.4077909377846,57.6918192937917
AIRC,0.762647089722978,-2.86591592440535,-11.0950599676549
AIRE,,-87.3248347165932,-88.3469282097659
AIRG,0.92177662816162,17.3216102399131,1.60370629497713
AIRI,0.079043110389291,-25.8225504200569,-32.4706040846592
AIRJ,0.87273377613902,19.6354226796483,-14.7735913198938
AIRJW,0.894333513017947,7.3646373839702,-21.5436552729939
AIRO,,-45.4023613360678,-73.2436736788376
AIRS,2.34170734066211,40.3079023017963,-36.7785593998507
AIRT,0.276322072000722,11.7569814840835,0.565330380449591
AIRTP,0.240875593624391,-11.1586333533705,-10.1493571690908
AISP,0.58467221149052,-46.6752042097642,-69.4279044463066
AISPW,0.520981932119246,-17.4550905120447,-55.9739557463157
AIT,0.836595950956694,24.6279509745778,8.98181577317487
AITR,,9.57480728480144,-1.83891091780003
AIU,0.157077981599495,-87.0457099590523,-90.7557793489883
AIV,1.27874750961565,-58.0882832609227,-63.5378004598812
AIXC,0.526094553899359,-64.3460695390153,-74.6996787590195
AIXI,,-82.3799468563771,-97.6357485446195
AIZ,0.547268354350833,12.1811883630503,31.7217405926767
AIZN,0.426497702241645,-12.1714073714437,-21.443104242454
AJG,0.486156045322389,2.84833049302957,-26.1765658934997
AKA,1.39735050932671,-13.7502835904104,-13.9862803852046
AKAM,0.638615751174359,1.70016193705702,20.6307077623634
AKAN,,-15.9555065639241,-93.9565747776625
AKBA,0.257843668672239,-20.9908148707277,-69.5717482142646
AKLI,,-22.1439254533148,-69.8798300890034
AKOa,0.503102590149236,-12.4545680923816,11.9590011963947
AKOb,0.668828293073486,-11.9848935061612,14.3626449300557
AKR,1.11498304987052,5.57526966428537,2.38407270277263
AKRO,-0.3656050177364,-11.5093872123398,55.3896209647232
AKTS,,1.68723175481726,
AKTX,1.41293275868195,-27.8766246241523,-83.9580607001609
AKYA,1.35910863045222,-53.2664275311402,-44.7483635962755
AL,1.12266667665774,3.61316312203261,18.9677846174438
ALAB,,43.0177291885278,80.4381318448869
ALAR,1.76412065659193,-78.133589334148,-87.1803032380946
ALB,1.34729709301254,-45.2556566245663,30.1767087282366
ALBT,-0.014590903849116,-73.5576142157034,-93.3969265750258
ALB_pa,,-40.9141142753122,15.4853060837949
ALC,1.0386287966387,-17.3190857821761,-36.4687196261312
ALCC,1.1681962258864,-41.462332905109,105.962835016256
ALCE,-1.07057987683907,12229.6321872501,-96.9895198134822
ALCO,0.936221061532428,-12.6054164019607,1.69841825482757
ALCY,,-4.22424323534309,
ALCYU,,-14.6885132327695,
ALCYW,,-8.74367137458467,-18.8620455531042
ALDF,,-4.095419379999,-11.6838098792636
ALDFU,,-7.40735210288558,-21.2134643512212
ALDFW,,-7.82709328925759,-18.3809037686115
ALDX,1.21658127760381,-73.2084320359564,-74.4545719941021
ALE,0.797781153923735,-8.21155208168594,-6.76850691621016
ALEC,0.615105921013421,-26.7749316742556,-25.7154239690403
ALEX,0.93329999984733,8.97276793264295,-2.4118571490659
ALF,,-4.74179666993353,-11.2517874905404
ALFUU,,-9.88254438555408,-19.3826029694815
ALFUW,,-7.63663160257002,-17.591386563763
ALG,1.09109474255932,-20.1949278757432,-35.027855817808
ALGM,1.95845894049195,28.0530078969762,11.4149199083705
ALGN,1.64259998486909,-1.24596733802581,-27.1006845679903
ALGS,2.31768054798623,-53.5220916495921,-58.2695995019543
ALGT,1.52640509369231,11.8035238725354,70.3504316332798
ALH,,15.5557215231668,
ALHC,1.10120476463659,-17.3990835292549,33.6621292159089
ALIM,1.24519601241051,26.6080730114377,31.8306007101283
ALIS,,-4.7474095447495,
ALISR,,123.762570594625,
ALISU,,-4.60899838244788,
ALIT,1.53594486349602,-42.0605749213162,-84.9891698457835
ALK,1.29337491226454,-11.8450567203929,-23.0420226306791
ALKS,0.29763517486022,41.5266338120539,66.1068007857427
ALKT,0.574810441133446,-19.1047016592788,-44.5397698580258
ALL,0.146888562764278,31.3916399739152,22.0409244659509
ALLE,0.836868794383546,-9.24588034660581,-15.2685769322816
ALLG,,-26.1899569742849,-52.6924542118625
ALLO,0.501812431256305,1.92188947817098,-2.86886084315617
ALLR,0.505429266237465,-7.62561281933238,-9.37840254869767
ALLT,1.49005597187935,-32.0604153726249,-17.9644149173889
ALLY,1.07976494277455,-3.38783363339608,-2.26519391528525
ALL_pb,0.136263900888685,-10.0205928931729,-20.4147175161102
ALL_ph,0.776657968194748,-16.0416161919587,-21.5377196189918
ALL_pi,0.757372089975385,-14.0918199219791,-19.0745405476024
ALL_pj,,-8.11599172153866,-16.96552653946
ALM,1.99940055469115,5.92659258614043,167.762829323676
ALMR,,,
ALMS,,-2.3384738398913,475.482881482159
ALMU,0.443835772460258,-21.030250175094,-49.2290066000854
ALNT,1.62909467237403,28.5788091290101,79.4413003038805
ALNY,0.274192192345294,-23.6271988912421,-23.6207491791522
ALOT,0.846856715540251,187.105538910873,117.891331958642
ALOV,,,
ALOVW,,,
ALOY,0.666576809165417,-47.6762460949235,-17.2597684020406
ALP,0.614947032845977,-68.1891955035114,-97.0775539895979
ALPP,-3.32002798518473,-81.2119890479998,-13.9862803852046
ALPS,-0.12372395976,-55.4789190577348,-96.5931246715978
ALPX,,,
ALRM,0.746874659255732,4.35444028872332,-16.0349595952274
ALRS,0.690285536516038,29.8387156528508,23.5212193687982
ALSA,-0.055337975265903,-17.3327518111991,-17.5724155527163
ALSN,0.937890649937984,2.54240677768109,18.2957254434235
ALT,0.262779467764765,-54.5500382310028,-36.183369318055
ALTG,1.72560426600848,-9.60753038954589,-36.4376573148205
ALTG_pa,0.278305588992502,-4.78947512789082,-13.0333332360486
ALTI,0.666087986006416,-26.189956974285,-27.0491116351151
ALTM,,125.207559064381,5.53771097224987
ALTO,0.197110650752535,59.5546731610704,229.966424384345
ALUB,,-5.54533338623409,
ALUB_t,,,
ALUB_u,,-8.93327939880056,
ALUR,-0.088369529705478,-81.2531908264033,-91.3030572389485
ALV,1.34389197154454,-9.01435776288652,-7.98859902264901
ALVO,0.216124631190304,-45.1574068256115,-72.8193138831941
ALVOW,0.185006757175819,-30.483492124775,-66.7196922504529
ALX,0.731084802256196,4.26542166390755,-10.5688730987728
ALXO,0.428226374609271,24.6271393149346,173.430194941602
ALZN,0.147766442129812,-43.5497836075224,-59.3220315179126
AL_pa,0.784769314502828,-14.3121911148359,-20.6412241109632
AM,0.631927850873548,8.9123769205768,10.8949852769295
AMAL,0.781670630119103,22.8484752811651,43.7596137883466
AMAN,,,
AMAT,1.6279865013556,34.5276020887562,115.389167223763
AMBA,2.14518653725547,-2.35048113342475,-15.2398022312839
AMBI,1.40861792967716,-45.2016347233328,-98.7313877977633
AMBO,0.801719703799648,-27.1183701003925,-35.6867991302784
AMBP,0.509172512653622,10.2314606530642,12.0328697982711
AMBQ,,80.6332197361574,
AMBR,0.650686783399107,-46.5381802178856,-83.0395482449699
AMC,2.06485035970811,72.9792732477259,-26.155423996301
AMCI,0.235678976712037,-27.1049575076616,-65.4499512807796
AMCR,0.598854837256358,-1.92170937512421,-16.594380709973
AMCX,1.33239054036881,24.044396632897,41.4264043666348
AMD,2.49679182423546,69.4521592468819,125.17308079741
AME,0.987452315766682,2.82892374277763,16.1165976660706
AMED,0.907229729345251,2.90089894108825,-12.9325311542608
AMG,1.10491535472411,13.0481631804251,49.7643030711205
AMGN,0.392275279597639,5.11168030899574,12.2240803895784
AMGSU,,,
AMH,0.79764937323654,0.64367427189449,-17.6433262871942
AMH_pg,0.355612473698921,-5.03439879065405,-12.2811625954839
AMH_ph,0.265763945109671,-5.23106240388138,-12.5475584183257
AMIX,,-70.8905020406551,-91.4017546731848
AMJB,,2.87633746117058,-11.1799542093533
AMJK,,,
AMK,1.09631214547858,-9.37522106231934,0.376431326546101
AMKR,2.28241983765529,-15.4095171071257,85.1138412246822
AMLI,2.20537394614328,-53.7109402316663,-16.7967645234205
AMLX,-0.202605479431668,18.7154538175836,110.459101185138
AMN,0.396987561345959,56.071863008833,51.6937434385996
AMOD,0.608170583886551,-90.8754575944878,-93.9955807268902
AMODW,0.57144524872656,-79.3067139348167,-91.775240615868
AMP,1.12641736709988,3.04318971948656,-9.31272173625329
AMPG,-0.17704200902842,35.9841265358951,32.1213874960808
AMPGR,,,
AMPGZ,,,
AMPH,0.88479486693684,-27.8898246318469,-22.0694042159115
AMPL,1.41404891384815,-18.141966241036,-42.3497001968319
AMPX,2.38859842716784,-25.9350000035571,-5.2707768295437
AMPX_t,2.22535179384549,36.416160508744,204.9400727161
AMPY,-0.155864334783737,-27.8744767846855,-19.6767554742241
AMR,0.656466627739119,-38.4273087966686,-0.794957031973487
AMRC,2.6334939338979,-44.0683986498601,-5.58181308615978
AMRN,0.821495284393166,-16.4777715804963,-19.9538766760243
AMRX,1.26025027150991,27.4270012507316,97.5051872672659
AMRZ,,-12.0174234870461,-14.6040863201176
AMS,0.297543242310301,-29.3212921329516,-48.9091439882042
AMSC,3.29429590959821,-16.0467337783641,-43.489615198232
AMSF,0.262142810764296,-21.7123583935848,-41.8564559266128
AMSS,,,
AMST,1.00754846364581,-55.6004716308453,-74.3846289548415
AMT,0.893536338056973,-10.5307969604034,-34.2074264576182
AMTB,0.844367431104312,37.7787469813347,30.4065218552526
AMTD,0.644906490721948,-29.3195027985753,-36.8617340115394
AMTM,,-37.6920077842911,-20.0522241615253
AMTU,,,
AMTX,1.48081624301672,-13.1054493469991,-60.9508266779456
AMUB,0.522194478870797,2.54574067180937,-11.0300924185638
AMWD,1.34814984165786,-21.7576388996677,-33.8987573914435
AMWL,1.66019835651606,124.524829156985,9.39130166606437
AMX,0.644249055565636,14.4643984777073,21.6398642077223
AMZE,1.74800622662366,-94.3591019749377,-99.4769999122259
AMZN,1.4695698813865,-11.3658613622126,-14.6993972667568
AN,0.690511184640441,-3.3670467095989,-3.43726259692305
ANAB,0.886506744638111,47.6756742245082,152.88670868044
ANABV,,,
ANDE,0.662508498624309,13.4005048306856,74.4345840567159
ANDG,,85.6073662596793,
ANEB,-1.81096478316606,-65.9375694200634,-90.9603415691457
ANET,1.60396242971135,8.68202804090099,24.1802497305567
ANF,0.885542205947971,-0.779604289529023,-10.0357364345301
ANGH,1.04087570406142,23.2331901152701,-50.3767002222334
ANGHW,0.954571351755723,110.635540366117,-9.12825205567993
ANGI,1.60224769526254,-56.1238067588019,-67.8607418924357
ANGIV,1.60224769526254,-56.1238067588019,-67.8607418924357
ANGO,0.322876813796206,31.552771997892,35.2452564995797
ANGX,-0.016429358979845,-2.45011137820298,-71.030436227202
ANG_pa,1.0299548789225,-4.03994752660973,-9.9290500248956
ANG_pb,0.3685897511444,-23.6591274869268,-14.3457660140094
ANG_pd,,-11.1832682902061,-19.763321254855
ANIK,0.225040879951964,55.5400906681983,15.0139322298456
ANIP,0.442926186858118,-5.37101258234334,4.82032838470712
ANIX,0.542617527707071,7.36006258285824,-7.97316320848634
ANL,,231.138693029003,671.388057888165
ANNA,-1.61983648718746,-7.04189703191543,-49.2143526598713
ANNAW,-1.64262224143427,-0.999746522684397,-69.5165363025694
ANNX,1.19172920624381,-28.9372797325411,71.6820026046319
ANPA,,-94.5683578986522,-86.2100264977433
ANRO,,53.2323796263669,663.267375999253
ANSC,,-3.96680676495446,-9.40520073629901
ANSCU,,-4.13649618952303,-14.1613526874425
ANSCW,,-7.44061727558473,-14.9510023988146
ANSS,1.1912460494368,2.46247988849588,3.72338264535894
ANTA,,-65.1718844597275,-76.1437775114181
ANTX,-0.968685973995177,266.405192839838,277.817273074335
ANVS,1.25816823780658,-45.2556232605511,-50.3879910754252
ANY,3.49377951695378,-25.390570226714,-70.091641670215
AOGO,,-6.05994523999903,-85.6643800642008
AOMD,,-10.3657329419398,-18.7677280971052
AOMR,1.18127656647121,-6.37307875586569,-19.1254648904911
AON,0.672628473920977,8.285972117303,-11.1669987530152
AORT,1.22513383893408,-38.830258460279,-25.7990876143205
AOS,1.15014197753356,-14.8767991904351,-22.4871435654927
AOSL,2.63184528171631,21.8054193180237,-11.5646539242035
AOUT,0.279973665973493,38.357953484672,13.2040070136874
AP,1.31753144737496,28.0011011051007,93.9432636793881
APA,0.352821694229447,27.0354670060718,53.523721315524
APAC,,-4.75132756175027,
APACR,,11.2542261568992,
APACU,,-7.30488835353544,
APADR,,266.374226364331,
APADU,,-11.5038100569248,
APAM,1.632516842076,-11.1870838031759,-23.1205488706605
APAT,,,
APC,,,
APCA,,-10.5311151431879,-14.6713805382128
APD,0.734835975561391,6.16835843032684,-14.7749431953145
APEI,1.37944012795623,11.2243130002379,51.4326049556258
APG,1.60409551767039,-11.7376408573617,-2.36884293073867
APGE,,74.1356334228976,190.984890587925
APH,1.27141644491273,-18.7171315655571,15.9613267721493
API,0.800285066966425,-18.2949634096239,-13.9862803852046
APLD,5.77425872994217,-39.5239599102485,116.41637203647
APLE,0.869870622398696,33.0026701231664,16.7676161356626
APLM,1.45840852013676,-13.8607046941511,146.023543388002
APLMW,1.51898815026659,-22.941818700661,79.7720098753374
APLS,-0.246584938664551,86.0296265444504,93.0000726107495
APLT,2.08080373064587,-80.275646305654,-84.1326608661797
APM,0.212427784351498,-36.7563997633927,-69.9955266424716
APMC,,,
APMD,,,
APO,1.49821696339083,-11.0735998479766,-27.8745749914671
APOG,1.1362064675318,2.11618319455549,-15.8762499139074
APOS,,-11.3435678344584,-22.2110458008526
APO_pa,,-13.1140267807792,-30.1855309126577
APP,2.5419574126178,-27.7216688098322,-3.02820299412401
APPF,0.774656030525331,-22.49054169182,-41.1352996440186
APPN,0.831298417093606,-14.0428070362654,-23.2721711851058
APPS,2.83613115941987,45.8225437191942,33.7639830774209
APRE,1.53817231475699,-30.4571633218183,-71.9488682497609
APT,0.848068714661236,-7.17385893280537,-9.83886832830666
APTO,0.290232272677061,4.45770743616329,58.6450214673821
APTV,1.45742185100583,-15.5602055313687,-13.6775770135345
APTV_w,,,
APUR,,,
APUS,,-57.5412181875702,-66.4336703942262
APVO,1.64768093202161,-52.1201415811617,-93.1572607789439
APWC,0.644670803324359,-17.6643049456462,-30.7240852832188
APXI,0.02811182627871,-11.0026459549328,58.8966586578144
APXT,,-4.26250209756197,
APXTU,,-7.38876776591199,
APXTW,,-8.00223238841996,
APYX,1.40554103568054,-13.4585653046292,37.1954370715332
AQB,1.39528588320694,-14.430841208712,2.76963902027507
AQMS,0.299444063805407,-51.5594561090234,-52.2903298491626
AQN,0.903796600652376,-11.9378862943895,-18.9980788842887
AQNB,0.152515409735311,-9.43143975580752,-18.6939782416405
AQST,1.48633051734472,1.79095270824312,-19.1471035620923
AQU,,-6.05994523999903,-22.3743951906144
AR,0.349346684252485,-7.42614731620614,-10.7459473032383
ARAI,,-89.6949379584396,-97.8422383793036
ARAY,1.39726723606579,-72.3049790109202,-84.9383170113373
ARBB,,-33.9661445814846,-36.1175476583545
ARBE,1.13105733835869,-58.0509065813099,-63.1166334764371
ARBEW,1.09719865787633,-34.7854596992371,-56.5146952346723
ARBK,1.92177879313034,-30.0911220390691,-96.586757158143
ARC,1.13771494558726,10.3673391571697,-8.88815257514035
ARCB,1.56507679266429,61.5898663466622,50.4485233795884
ARCC,0.612831263640072,-11.8472822754845,-27.8545717415989
ARCH,0.688459661932232,-20.0405456675333,-35.1956200939201
ARCI,,,
ARCIW,,,
ARCL,,,
ARCLR,,,
ARCLW,,,
ARCO,0.47656999138638,1.79861789951199,2.14887435212658
ARCT,2.3869090383296,-27.5931213310985,-65.6064751192577
ARDH,,,
ARDT,,29.6621453787258,-7.45052870715725
ARDX,0.691753869244725,-39.4568848599994,2.19153370122309
ARE,1.16276018751912,-12.7491751455099,-41.2949840849475
AREB,-0.501630205870387,-99.9681795914973,-99.9996873614801
AREBW,0.418207241291573,-99.9934869105677,-99.9998915165461
AREC,1.17849149519932,-58.7814045440812,22.2674361466514
AREN,0.948667407514394,-74.7447591474369,-84.0217569465571
ARES,1.50029393805097,-19.5679943512912,-41.2833329486959
ARES_pb,,-18.2699755300603,-38.0473208913315
ARGO_pa,0.487902586502343,-12.8846121905323,-11.8234347661803
ARGX,0.465034459208542,-5.21120061623325,26.050079234552
ARHS,2.28475223017993,-25.222063410761,-26.3082005668383
ARI,1.41583076322813,-6.469531422028,-11.2025028635649
ARIS,1.92803041160921,-33.5895020318077,57.7186963401049
ARKO,0.994424983150228,44.233009507229,52.1343983495171
ARKR,0.343366291185989,-17.8383618918646,-43.7555328726345
ARL,0.636975359418472,-18.0908645338237,-0.967987686749028
ARLO,1.55609003131489,1.27022569960711,-25.093315170224
ARM,,100.129604822098,28.0708020838659
ARMK,1.1085507542969,39.1165929624369,13.4464040875289
ARMN,1.92803041160921,-33.5895020318077,57.7186963401049
ARMP,1.32493919096946,-32.5741336851586,70.9432326798246
AROC,0.867154428848087,16.2722276657796,30.3685831860145
AROG,,,
AROW,0.74376956630088,15.6761078840588,26.7803101292179
ARQ,2.0396973190357,-51.6667264427436,-70.7283153143366
ARQQ,2.28001535871562,-29.2729317444008,-58.9128802602161
ARQQW,2.31321562793197,-27.0024042413496,-44.9061189452479
ARQT,1.48944791189472,1.39674729507131,63.4030689473587
ARR,1.34984054552493,-16.9867367468166,-15.1241648298982
ARRY,1.86617184648328,-58.0477864031519,-37.7773092148288
ARR_pc,0.604208979392621,-6.90866660968045,-17.7359273437539
ARTC,,,
ARTCU,,,
ARTCW,,,
ARTL,-0.075468936739084,-84.857757839876,-98.1885457134965
ARTNA,0.316359420116947,-1.5879486211846,-6.99567214704286
ARTV,,103.956448788208,205.987995791823
ARTW,0.955997038430165,-4.15059453349494,-36.6878486119834
ARVN,1.71123623001259,-43.442845151835,-7.31767400245433
ARW,1.2001515210491,63.9800840273873,41.2667251136012
ARWR,1.27573390521103,20.4330876896261,355.447954849207
ARX,,-0.302984421974439,-57.0514941407806
ARXS,,,
AS,,-11.2157938337071,-19.8022339653759
ASAG,,,
ASAI,0.671256103898781,-16.1885530399517,-23.8915030905511
ASAN,0.917161554899516,-30.9982916157482,-53.1302485931354
ASB,0.771791419620357,9.07581685404224,5.13916297660553
ASBA,,-10.3711196347711,-16.1967362093786
ASBP,0.057246790810251,-85.9089917859999,-98.9203579372675
ASBPW,0.118284484346177,-95.5225307346377,-98.8259651478759
ASB_pe,0.273057525833908,-12.2277596372781,-16.536004913523
ASB_pf,0.531467413557622,-14.0668073686247,-18.8446191650186
ASC,0.015349807325887,28.7355767154194,34.6480290818049
ASGN,0.460876281899912,-56.8614206365787,-63.157351122992
ASH,0.403589576825106,2.54996989129481,14.8143880471489
ASIC,,38.4750000753701,3.62952377319281
ASIX,1.28297351281886,16.2444166412368,-17.7697570552049
ASLE,0.274755572975301,-19.5506777417647,-11.8155871457144
ASLN,1.45139753470364,-88.7821819865554,-97.4451911547301
ASM,2.89437101817186,-48.9473393328669,30.0527683910207
ASMB,1.10446642903313,-12.7163081317869,12.7882466948882
ASML,1.80517932112153,2.22977586972517,86.5168255239667
ASND,0.381934446808381,0.092577609441546,33.3170737011973
ASNS,0.706788951141238,-90.421798338196,-99.146917142863
ASO,1.04826147182684,-12.563087299257,-22.4183945800002
ASPC,,-35.4797459668739,-9.54307654545392
ASPCR,,-54.1990928152563,-61.9537240660012
ASPCU,,-4.52870292654087,-11.1810272656144
ASPI,3.67032514685568,-54.4770594712447,-67.8513077677373
ASPN,3.00114904736153,16.4962825978543,-51.1513287051809
ASPS,0.291948522901508,-7.49688680420555,-57.7721014283893
ASPSW,0.271750508254519,-5.1358133990972,-39.2004204354616
ASPSZ,0.271750508254519,-5.1358133990972,-39.2004204354616
ASR,0.438286416276888,-27.1382202619424,-22.6002107607505
ASRT,0.533075248564727,93.3940981344109,93.5915920744214
ASRV,0.410793267081076,29.2037060852936,37.3147595279056
ASST,,-31.2857579664909,-86.2240058691812
ASTC,4.90576861556739,64.4335748256707,0.427676271555355
ASTE,1.36291487014192,6.51455496336406,16.3453196071001
ASTH,0.880262231734532,66.0569776181209,38.0947540707731
ASTI,1.77903592679821,-55.5259644131396,46.1736044320801
ASTL,1.62065772974651,-9.5620964042973,-38.300616158668
ASTLW,1.61289828825696,-0.332365182126026,-39.7907195609372
ASTR,2.78769863198872,-69.4234111658012,-92.9380714374797
ASTS,2.77116415425063,-52.2874968863117,-10.2900065618465
ASUR,0.487298334097195,-20.0200772167174,-31.6364945258129
ASX,1.7493172976298,58.8134558050241,176.106481223274
ASXC,1.32243901834248,6.32630541521362,-2.76926337388257
ASYS,2.04052296072853,-21.645454325181,166.388481844978
ATAI,1.52952338847986,72.9460495325146,85.4590110613307
ATAT,0.626897092504923,-11.3911317796333,-15.0281367072993
ATCH,0.95722011577787,-38.5602020150124,-15.4278511050056
ATCO_pd,0.462102903885555,-4.03440540549171,-9.856624771806
ATCO_ph,0.276947872806377,-13.091553205643,-10.6189138530119
ATCX,1.19615433604656,-72.5722467854012,-69.2808144232873
ATEC,0.843921991771608,-42.6263885738395,-28.3603336184188
ATEK,,-1.06091793569743,
ATEN,1.15579700664537,62.1941849549741,45.461646778369
ATER,0.832411612649876,-49.6962810881961,-75.014141972571
ATEX,0.854332144957345,231.018233838075,260.012531433984
ATGE,0.618450115054901,2.97369307575179,-4.56353520733845
ATGL,,-64.9966103010453,-62.3768532810101
ATHA,2.06245753739478,22.15712344724,45.231498477501
ATHE,0.288989468057612,22.1755982847306,-29.6321451538457
ATHM,0.214071718920031,-5.02809050845244,-29.2899003809774
ATHR,,-38.9473970859599,-64.8169870050215
ATHS,,-11.0564415284895,-21.2160825302967
ATH_pa,0.578895398183459,-9.59330342871391,-17.2215060971675
ATH_pb,0.6840109732585,-14.0083615507166,-19.5930362368006
ATH_pc,0.228522978527135,-3.96771282534089,-11.3581770957311
ATH_pd,0.657031933821242,-12.730892085587,-18.9622806934985
ATH_pe,0.169712434118506,-7.72050176353439,-16.2230923432459
ATI,0.981481419468893,41.4889314504437,68.3805007408983
ATII,,-6.2355341274009,-10.1148213810161
ATIIU,,9.58819412019969,-1.65066179296322
ATIIW,,-4.14139543334224,-13.622656596465
ATIP,-0.161302995726398,-35.355929355979,-90.7401793905678
ATKR,1.67245653729391,2.80708267856544,-15.2015964337334
ATLC,2.11123933579513,84.6389750598781,79.1368585341319
ATLCL,0.203290004459033,-7.9701564535562,-16.8774598174325
ATLCP,0.747465170785337,-6.38895470746826,-4.48764581474923
ATLCZ,,-9.18262502986192,-18.012098666191
ATLN,0.816989020504726,-81.0220556039495,-63.024102160942
ATLO,0.29324401448967,14.032788694779,41.1566353549674
ATLX,0.189363255720239,-60.8825468569036,-50.4015207365917
ATMC,,22.7262519078476,21.5847966545433
ATMP,0.540674512020815,8.72945203835453,-6.06278620568772
ATMU,,-9.70295811629026,21.1345075050309
ATNI,0.580748486918366,-2.36407624598255,15.7117974000941
ATNM,0.016283513004662,-36.8999554654722,-56.6680883452208
ATO,0.590601302573008,-0.307832793888818,-0.251221719019878
ATOM,2.14297776207301,37.0786901784908,-20.7163615001027
ATON,0.614947032845977,-68.1891955035114,-97.0775539895979
ATOS,1.25166399369602,-77.9142102564834,-83.05200237672
ATPC,,-55.4313032631488,-97.0003482975374
ATR,0.377340536191294,3.78290000381381,-25.3084391927224
ATRA,0.155701369374114,31.9553646898575,-43.1187849118076
ATRC,1.16994256500117,-2.78268219968657,2.92129303696926
ATRI,0.694735781935563,12.3351122256918,-25.2396753011583
ATRO,1.16864609024136,-1.60960316625939,105.389343801618
ATS,1.24082833616021,-11.4470160953616,-33.6294891005188
ATTO,,,
ATXG,1.64361843584079,-35.0674535581338,-64.3382458134181
ATXI,-0.168729521859506,-3.65122588717848,-42.6575202568031
ATXS,0.202842167217237,74.7579407175961,47.4222604048154
ATYR,0.554856676671443,-34.3615458961238,-93.1021465114109
AU,0.673940041575092,-32.2316582300614,37.1598296018603
AUB,0.773808323900096,2.92313222433473,12.7653999088676
AUBN,0.446565345624738,-5.70207836472283,-19.5434323091991
AUB_pa,0.28981000213592,-7.00692159846679,-14.853354171644
AUC,0.080970452350588,-2.79813778305454,-7.0978005204381
AUDC,0.963794435436621,4.29481079604652,-19.9662818441379
AUGO,0.279761569926787,-25.3227434723747,95.9062997432556
AUGX,-0.184908231287148,-48.6840504651553,-65.7321446307615
AUID,1.62755453661077,-57.3314382853259,-85.1168240546229
AUMN,-0.760335626435006,-45.755727605311,-32.9795139817778
AUNA,,-10.3691220638523,-27.5086965969309
AUPH,1.43219207334377,-3.54542078176976,44.7429972370461
AUR,2.65221123261186,33.7999403806436,-14.9450320369618
AURA,0.394560996913448,17.0101388795065,-13.247965195378
AURE,,-48.1019697473437,-64.6513212968146
AURN,,,
AUROW,2.6508315330343,34.9207274092197,-11.1415705613553
AUST,0.955951440334601,-59.466135831259,-34.6090936357043
AUTL,2.06582773142057,-4.07529619577366,-50.3107994257158
AUUD,0.49804071832504,-86.8239923193765,-97.5379057200112
AUVI,,-9.41111861666198,136.220340515614
AVA,0.231894643234837,-3.99583270865135,-2.37162952615682
AVAC,,,
AVAH,1.8835751092067,11.532670057192,115.360933415273
AVAL,0.637285948244506,-13.0118658009858,47.7982224366908
AVAV,1.40469377167459,-52.5550681211805,-50.3076338108367
AVB,0.767902099191119,1.60340297538251,-17.6125568372445
AVBC,,22.9461067560715,
AVBH,0.33687637461479,11.1533086256761,25.7806007461202
AVBP,,21.8659818998195,23.2055095103472
AVD,1.42989952901475,-49.4168935907687,-38.6293295310413
AVDL,1.30983745987998,51.7517085986401,115.119684608637
AVEX,,,
AVGO,1.46697569686577,7.52338188837396,11.3268295564789
AVIR,0.300639373114627,4.09573635567673,2.35405685032386
AVLN,,,
AVNS,1.56031541620096,78.1241744016873,80.5931976599936
AVNT,1.28248453109106,-4.95958502352395,-5.03717162623357
AVNW,0.698103887034574,-10.57924726722,-24.5389752152591
AVO,0.481284126981819,-10.3172582714701,-8.65485148346103
AVPT,1.14626677048133,-2.03827892151758,-39.5515993344034
AVR,,21.630784055342,109.770772911307
AVT,1.11340885636917,53.749269578726,37.0307262599346
AVTR,0.887608069394811,0.148968250576131,-23.6389994556283
AVTX,0.799506980414467,14.1786966945965,155.165320194652
AVX,0.023666196112759,-77.0418936684293,-95.6276359195812
AVXL,1.15702064648767,-52.1928830231282,-80.8941003102831
AVY,0.816928090548249,-15.0097279257571,-16.5662973247858
AWH,2.00248533790093,-20.9636814754213,57.8338869723442
AWI,1.14707542438237,-9.56789102880605,-8.97789948357298
AWIN,1.8197595272518,-9.67685165680521,-20.2612331313045
AWK,0.579239609300324,-0.655135531521234,-14.4017456879363
AWR,0.557416529712999,12.9949627395941,4.93721459239245
AWRE,1.01926179515316,-44.6248098256836,-56.9931401926023
AWX,0.616058648620716,-9.89061191743463,-15.6984172448974
AX,1.22663614428145,0.756727923617362,-0.561362496847972
AXDX,-0.203578570020544,-99.9999185884008,-99.9999479091049
AXG,,-29.88864205717,-32.3388221025003
AXGN,1.11818962359318,11.7558037980352,172.47610178205
AXIA,0.46649671810105,-8.48478412959753,57.5849062857943
AXIA_p,0.452251100496249,-11.1433966184687,11.2612234705255
AXIA_pc,,-6.88882807611668,
AXIL,0.151692693542175,-28.099727318307,-39.445529940999
AXIN,,-4.4803399670811,
AXINR,,68.132949279614,
AXINU,,-4.25060933828473,
AXL,1.60079785122991,-34.4522752234322,-1.32168363210584
AXNX,0.83123272198957,-5.07722842842435,-4.40573458103646
AXON,1.38153351629689,-15.6922569084682,-36.0232876352487
AXP,1.04438275708412,-12.0238123971091,-6.8198544315872
AXR,1.12924724617178,2.65241928123123,-12.0920456611034
AXS,0.483888015966286,9.2989008996714,6.55230929016049
AXSM,0.641357559624206,17.0128753578993,100.661551287828
AXS_pe,0.563065691423474,-13.0457027368288,-20.8857766109903
AXTA,1.23437943308406,-0.915608907903764,4.5737983927393
AXTI,1.95184948625893,133.539345438235,1407.35518472486
AXY,,,
AY,0.974820567382636,-10.1638152578662,-17.5644509573099
AYA,1.68996252311157,-3.2586875878269,60.8258751708264
AYI,1.29706870652553,3.36409222281693,-5.26958491881764
AYTU,0.258637768041784,-23.0414166773838,-30.3386985629223
AZ,1.32627887565751,-28.4843454085154,-50.7777938188853
AZEK,1.82160033571264,7.85843219716333,13.527382228449
AZI,,-94.8759970130909,-99.1660045885929
AZIO,0.859121066259826,-36.0576097852094,-23.2696994625723
AZN,0.838294479806221,-12.0593311739407,1.32037650981749
AZO,0.333004453165399,-22.8997332136424,-29.3414067643804
AZTA,1.35013142465256,-32.2779520506646,-27.0912127613234
AZTR,,-56.9661932243798,-91.8553660869656
AZUL,,,
AZZ,1.11448884493447,12.0889553134061,13.045281193271
B,1.09501341262103,-32.2583192495596,35.2425139926723
BA,1.20626658517566,-14.894673975197,-19.3891979279469
BABA,0.482333566886688,-37.3497284170651,-18.8872667832314
BAC,1.16698227085437,12.7568761562442,11.6769463462262
BACA,,-5.77488481398017,-22.5197528250343
BACC,,-3.58058895601073,
BACCR,,16.8169374647442,
BACCU,,-5.44508050910176,-11.7758379462883
BACQR,,21.3736445263094,244.867588907896
BACQU,,1.04104739438922,-9.13819450273505
BAC_pb,0.282208404512444,-8.23346023248532,-15.1108654673314
BAC_pe,0.574900235375467,-13.7961850437638,-24.9334810634513
BAC_pk,0.384893791040404,-9.74534370536335,-16.0841759855654
BAC_pl,0.477779896152245,-2.89915196434728,-8.97880133959729
BAC_pm,0.565277204221391,-13.5076674964862,-16.9495458749196
BAC_pn,0.61588125431759,-13.7635579780497,-16.8717924393763
BAC_po,0.64943521807278,-12.0243931612689,-16.665076862449
BAC_pp,0.708665656534705,-12.2181776969514,-16.2538679604298
BAC_pq,0.7401646798239,-12.4827505404327,-17.102361084303
BAC_ps,0.692345738184392,-11.9719308467979,-16.0722684253982
BAER,0.35222885659738,-44.2679797448312,-8.81605680180156
BAERW,0.360879751068456,0.349971581159791,-19.2411774952885
BAFN,0.353150078689738,-14.7013152624324,-65.5269178754061
BAH,0.326855202616908,-23.2305425649344,-41.2309173020269
BAK,1.6030762890688,-42.0213724528119,-37.8498428393094
BALL,0.973045731824902,10.2201414295118,-1.951981850142
BALY,,-13.4762653526307,29.8153673857796
BAM,1.2317908800834,-12.6920767656084,-34.2618223717048
BANC,0.739674935533138,-1.30702580273707,20.4078375043865
BANC_pf,,-5.94864185758196,-12.3966334979886
BAND,2.95145973196699,246.881120933572,177.249651441892
BANF,0.609830776594274,-0.496630326523451,-21.6320948443105
BANFP,-0.02615763714226,-5.39212664803405,-12.369488649776
BANL,-1.97422529676448,0.927504612532526,-58.0378412405553
BANR,0.822315569422222,8.0977142932322,-6.84267855658861
BANX,0.274256316253722,-11.288684137018,-14.4245540697742
BANXR,,,
BAOS,1.72745779121681,-79.0200544369331,-80.5981719788893
BAP,0.861352630747653,2.59156057532606,42.3618563581902
BARK,1.9558708993943,-53.5300971351371,-61.6378810518012
BASE,0.924170310939958,45.4599482091352,45.0872914055536
BASI,,,
BATL,0.463064543445195,-63.999020930299,-17.2198788669638
BATRA,0.800242689670654,19.6371491192514,-2.76633133931402
BATRK,0.812971283172014,20.6176087725511,-3.31290647848894
BAX,0.589112871344553,16.9810492846818,-26.5023019981569
BAYA,,-3.60670086804186,-7.81333711151381
BAYAR,,-45.716313203425,-71.0848302901609
BAYAU,,1.70020822233514,-8.07190958496694
BA_pa,1.20626658517566,-14.894673975197,-19.3891979279469
BB,1.41657911112809,105.250714631681,66.4100188386024
BBAI,3.17776333566881,-57.9099754646749,-66.7975012396034
BBAI_t,3.11643720107307,-38.8206175632594,-23.1722543941473
BBAR,1.05374781015584,-15.2607528860987,5.20795085032595
BBBY,2.88312682440901,-25.3006793474691,-55.9075301392117
BBBY_t,2.84804925891629,-15.6332164486433,-24.9183395215531
BBCP,0.872515517695123,65.5754518040225,25.1444246756037
BBCQ,,,
BBCQU,,,
BBCQW,,,
BBD,0.501342926977982,-17.8591791712069,13.3572806039173
BBDC,0.651894966726405,-12.8657011282099,-22.4488945314061
BBDO,0.517267378635587,-15.092642813076,16.1190645218969
BBGI,4.45419801949481,235.90441267453,319.468315727084
BBIO,0.949336416215345,3.20497861458946,59.1709650237022
BBLG,0.937443615198039,-45.9310295596928,-72.3490343499193
BBLGW,0.909469143507353,-37.532142690728,-77.5624526543084
BBNX,,-0.585876409376052,-2.85798642503445
BBOT,,-40.70939967756,-31.0766929579204
BBSI,0.920599653146848,3.21839528635011,-24.1001033923613
BBT,0.543833375209601,-0.863120505213921,0.00430521984176
BBU,1.35502008277881,-8.92074365323906,-0.718313083267619
BBUC,1.4503496034878,-12.834439292185,-21.9460853320599
BBVA,0.813893189410463,-4.58482373668229,48.9930662432642
BBW,1.0810065036145,-45.5422207588962,-41.6830944777568
BBWI,1.38495484201061,-10.1785857005588,-43.1383020927666
BBY,1.30110599748251,27.8493565466579,13.5218689177718
BC,1.31877935228067,-10.1781055046324,16.9621148335164
BCAB,0.763338615937571,-79.6058798706763,-82.8458513988572
BCAL,0.287129592863278,9.69017788579605,15.1845206042563
BCAR,,-48.126760005697,
BCARU,,9.23977646252325,
BCARW,,-3.53991715492411,
BCAX,,50.5729679158513,95.7704304187723
BCBP,0.672946618433936,31.2956176045907,4.89955338687227
BCC,1.08917351854209,-7.62293122572941,-20.2930276384914
BCDA,0.501042747982727,-44.3832175795903,-70.6464096598417
BCE,0.601028781303988,-17.7825122430346,-27.928685181728
BCG,0.282674238863803,-43.9452348139912,-43.5656590762654
BCGWW,0.271990095298724,-29.6830085163676,-38.2154493379506
BCH,0.259639096092616,-16.0641667146611,26.8561203946874
BCHT,1.96300769232444,-65.2991882153031,-62.6027306022629
BCIC,0.438249270951505,-46.0279943240285,-50.8591489700728
BCLI,0.21848002243704,49.362454749105,7.45874802500244
BCML,0.287799413727631,-1.91318560712972,-3.92583079713186
BCO,1.01758134903156,-11.4876261214941,11.1774578556605
BCOV,1.00692772806407,81.3133171979557,67.1063512905648
BCOW,-0.060424117841045,50.8991829855219,38.7948657420563
BCPC,0.810686431706722,-6.23526984551138,-5.33580340588864
BCRX,0.544568306787245,35.3514990181079,1.42537881938352
BCS,1.00846314205626,-6.78548446396373,19.5595134058311
BCSF,0.628496774154595,-10.1199476066757,-26.3065332283295
BCSS,,-5.22779908562895,
BCSS_t,,-8.21195883958316,
BCSS_u,,-8.31527792181218,
BCTX,1.5447614190708,-32.8463192614621,-66.130588966163
BCTXL,1.52126839865253,-70.821417746287,-93.0512283230603
BCTXZ,1.52126839865253,-70.821417746287,-93.0512283230603
BCV,0.999087462701348,8.29122834867617,13.3774907497748
BCV_pa,0.231194893970109,-11.0082030876972,-18.4833058987876
BCYC,1.54913073442456,-47.6486823543983,-60.6394825456104
BC_pc,0.550144878610093,-13.3605164227131,-16.5944215088292
BDC,1.14625979561417,-16.159479918628,-30.5309452033522
BDCI,,-6.15313973876888,
BDCIU,,-10.264131917677,
BDCIW,,-9.19581619974784,
BDCX,0.889188146016566,-25.9968655471175,-42.4023014794753
BDCZ,0.593973009496526,-19.6393582404345,-33.4271226945007
BDL,0.274374506477469,18.0917881368944,3.41063727941084
BDMD,-1.16262466647046,-1.45504059490094,-56.1739619105566
BDMDW,-1.18472019162017,-24.0050397697421,-83.5418806479048
BDN,1.24776182463876,-1.46148102097801,-35.810657003884
BDRX,1.25158185590923,-87.4746593653332,-97.1850055398794
BDSX,0.559447663722212,78.2995804695686,116.890710251696
BDTX,3.2782539123532,-36.1642871128951,-48.3330557945256
BDX,0.193326837404445,-2.24158830658302,-0.479320962911012
BE,3.84214972052613,2.90170531257674,312.608653839347
BEAG,,-5.88353199162346,-12.3432293896975
BEAGR,,-20.1178295277852,-20.9968040714778
BEAGU,,-8.71312865555718,-18.1787773008187
BEAM,2.24373108806837,-19.5542658097581,8.55980262472265
BEAT,-0.772419306945597,-72.1768556913076,-64.5730992336561
BEATW,-0.827923551828802,-80.9459349966663,-65.9932052145492
BEBE,,,
BEBE_t,,,
BEBE_u,,,
BECN,1.18358448450139,39.8535451230747,15.3949583719762
BEDU,0.293212950925195,5.92630823716274,1.3882969586376
BEEM,1.44305981659622,-48.0331611965952,-65.7263339465949
BEEP,0.561555651087683,-40.1297538325346,-59.2448082453456
BEKE,-0.297248497090509,-12.9119202809568,-26.1789468254462
BELFA,1.42419503893801,2.54088851441303,58.9244075783359
BELFB,1.74616714690664,11.9182338093919,70.3105578834336
BEN,1.58176653629258,22.7851774568954,16.2074290539575
BENF,0.007396148023569,-34.9808160312802,-13.6047950647111
BENFW,0.003911082958794,-16.6078553706728,15.3309895548466
BEP,0.988658325634918,10.6412638146087,0.287872882079654
BEPC,1.17507273550925,-24.0732890737598,-23.9433033623521
BEPI,0.914801718272864,-13.1809098094187,-17.9649742408657
BEPJ,,-8.57050587536604,-7.32317400692595
BEP_pa,0.51250240640551,-11.8353675402602,-20.4430743509265
BERY,1.111816475759,10.7365244209779,17.8906785934067
BERZ,-4.4490502687582,-65.5613189758215,-85.8730716343379
BESS,-0.467484302036331,-70.8269729349907,-59.5466724936665
BESS_t,-0.548187665281421,-60.2247903091355,-35.935305206375
BEST,0.979561544280427,-5.24728873428053,18.3210683462321
BETA,,-28.8086301179366,
BETR,1.76853348510851,-31.2005604172839,38.8595588601446
BETRW,1.716241113661,-31.8905876760823,63.7182953954305
BFAC,-0.693446112557665,-99.393332979692,-99.9440910822504
BFAM,1.12522424902026,-16.8345426743313,-37.9328446579943
BFC,0.417979139046902,2.66272044152431,3.27655568864453
BFFI,,,
BFH,1.11065543014224,45.7863081646206,44.8072274302195
BFH_pa,,-3.88240025369564,
BFH_pb,,,
BFI,,-99.9991796743891,-99.9998511357435
BFIN,0.335575929710799,-7.3631019495592,-15.5594143177399
BFK,0.808269633246175,-3.82751912905164,-13.9487957998674
BFLY,2.10343026924579,51.7004938354069,217.896066823754
BFRG,-2.68067206843561,-22.249614251829,-66.3161037615885
BFRGW,-2.80506001285913,-38.4552255495181,-67.9920519208135
BFRI,0.787636211654305,6.40149059551129,-10.7708142313804
BFRIW,0.823922770777962,18.5098213727583,17.0723622090287
BFS,0.883225049170768,6.18399433834398,-6.55722405094045
BFST,0.767814604444386,10.5501451467656,11.3077904494812
BFS_pd,0.420779622745733,-5.27804228718094,-16.4302999159641
BFS_pe,0.470789712857917,-10.8179480135575,-15.1363702512028
BFZ,0.609055197052891,-3.39617538245223,-13.8711213789049
BFa,0.326411974227359,1.45387410497708,-16.5496031551819
BFb,0.335789149150058,1.41455295345641,-18.0146274120188
BG,0.625770855601156,-5.07323093257586,31.6222981902026
BGC,0.931548951337788,26.9144983608591,5.59838192708735
BGDE,5.10075195983255,0.549909359318734,-56.0296463883632
BGFV,1.5836522117904,21.8103034171907,-38.7839978556591
BGI,0.34132315844818,-49.1784303748395,-48.9516332515311
BGIN,,-49.5931413482922,
BGL,3.41689811440123,-94.6489522570849,-98.7643181568559
BGLC,2.24526102975107,-53.3753404683819,-74.4794458285772
BGLWW,3.32653142234878,-86.8884142090895,-91.7280402702511
BGM,1.81398005761295,-92.2171756957557,-97.5583754890222
BGMS,-0.376340578565748,-34.8755108745203,-95.0018148504541
BGMSP,2.97187009104869,-10.8164037088598,-42.7846654447037
BGO,,,
BGS,0.548381749065788,-23.0826397267106,-26.4462117312731
BGSF,0.450686091975511,-11.5858308141167,-0.432864330148508
BGSI,0.742761105904358,-34.7991311994331,-38.2957986625453
BH,0.651844219185536,-11.2314117549273,3.14795946032957
BHAC,-0.306754015646993,22.7215549988653,-80.5599049887948
BHAT,1.03960743454043,-99.9977777621455,-99.9989715750915
BHAV,,,
BHAVR,,,
BHB,0.582663990174094,13.1016748481362,11.1253875139743
BHC,0.417511576439293,-23.940954424304,-48.0826847653422
BHE,1.30226923602311,47.4858859732015,69.1038959868698
BHF,0.874929450572965,-6.67479365825056,12.6180863718055
BHFAL,0.308286595980824,-12.8760706983654,-35.3101227935621
BHFAM,0.943845252695165,-24.4204354226729,-30.2019816240594
BHFAN,0.71390206044895,-23.4089317311087,-29.2638074792404
BHFAO,0.577948350272025,-22.2958275366697,-28.1880788980325
BHFAP,0.571473614833674,-22.7874785758011,-28.6290921767709
BHM,0.500686251483014,-13.3745212502327,-50.6537207192627
BHP,0.86745203847297,11.6645933939634,37.8555770184336
BHR,0.801821220103826,-22.9294621159147,-15.4379887331336
BHRB,0.225637887130259,8.6337692260517,3.47347107931224
BHR_pb,0.574801826765471,-1.50885530894869,-11.1985087006755
BHR_pd,0.377446574645387,-2.14101486968915,-27.7584001835274
BHST,-8.47096544246773,-60.6821771283231,-72.5750551124453
BHVN,3.15624439749359,2.095860619196,-9.24069585473309
BHa,0.552368914198039,-14.2594281583866,5.46206418615127
BIAF,-1.02080760038437,-55.2788405975874,-94.6377954954427
BIAFW,-1.15442573163542,-38.0176101808442,-90.3526243954799
BIDU,0.590413555783732,-37.476588775569,0.945855279466867
BIG,1.86948636789444,56.566757933335,-13.9862803852046
BIIB,0.169884151964371,10.9293283896382,36.7982742110001
BIII,,,
BIII_t,,,
BIII_u,,,
BILI,0.712931703563173,-51.0796600644286,-31.9725081566365
BILL,1.1133357276189,-7.45726862146952,-13.4448439040174
BIMI,-0.557448872259758,-6.05994523999903,-56.9931401926023
BINI,0.325853705964579,-24.2418913225799,-99.9984022219267
BIO,1.0459722023154,4.44445307702235,12.4295746653133
BIOA,,5.05948981322559,316.207667540026
BIOL,0.032161995887749,-9.67685165680521,-99.9932992632884
BIOR,,87.8801095200019,-99.9139862803852
BIOT,,,
BIOX,0.418372476850856,-73.8344554371066,-92.427511496583
BIOb,0.940761395662585,-7.07398720600945,7.71264315769167
BIPC,1.56645547576705,-11.1658485328301,-19.2941174781876
BIP_pa,0.675866245619925,-12.4881170430972,-20.5787731408786
BIP_pb,0.730991696681688,-13.6646587176356,-20.199074364897
BIRD,2.61308074760488,-42.9649667528566,-80.8321486251673
BIRK,,2.40664995327013,-29.6251384969855
BIVI,0.62931408475973,3.25642382710851,-83.8875708327214
BIVIW,0.598826340355345,12.6915840787515,-86.8835366759649
BIXI,,-4.82638896537276,
BIXIU,,-8.62641744308688,
BIXIW,,,
BIYA,,-84.8377455475086,-97.1949444014722
BJ,0.203758230517464,-4.38701319419972,-19.5350183152944
BJDX,0.877478747259853,-69.0864634855861,-86.7262778372229
BJRI,1.30709300936708,53.9616538079883,56.2752560590289
BK,1.04815685282375,23.6702209926184,33.7601806868662
BKD,0.598099697624453,11.7537648344594,76.5061242295602
BKE,1.06785952972492,-12.4479456964173,-17.1225426369957
BKH,0.692601041941086,-4.55425025742907,15.1570829995829
BKHA,,-1.15872499165116,-5.38490842372502
BKHAR,,9.78032666470254,0.563146687335658
BKHAU,,3.73587415489005,0.036127090954041
BKKT,5.91078967653239,-53.0299726199995,-62.5787719555899
BKKT_t,5.87969660720584,-28.8726288387311,-46.2077627722157
BKN,0.740232957804007,0.847678482340042,-12.4485988269137
BKNG,1.05939671614337,-9.17085815888997,-24.5283096789572
BKR,0.963132046047829,-2.80113980053706,8.02066699636825
BKSW,,,
BKSY,2.6259458222853,-23.2321592709597,-1.40986185144857
BKSY_t,2.5839202471606,44.943686723263,101.289545236177
BKTI,0.646850905250245,-4.85878743131943,71.8126733878561
BKU,1.17772582992071,-7.52005111108496,5.61862819872838
BKV,,-22.2027845724339,-1.5727937903828
BKYI,0.441136534332589,-27.1450305237219,-54.8247270930696
BK_pk,1.04815685282375,23.6702209926184,33.7601806868662
BL,0.6251634675638,-43.5299200454933,-50.6617891976173
BLBD,1.36004391528142,37.1513662560062,37.8047212128629
BLBX,0.666576809165417,-47.6762460949235,-17.2597684020406
BLCO,0.555167348791567,-7.34297449147172,-1.06039592785648
BLD,1.82912726135528,-23.3098062927468,-9.39113036062169
BLDP,1.87781745407596,-0.280139813361047,2.48405536389267
BLDR,1.44395472348271,-40.988121453518,-53.2736794129755
BLE,0.753251491940193,-2.07015528756689,-14.5535809726128
BLEU,,-9.39205552158918,-21.0579802881176
BLFS,1.91341498856601,20.2643295126033,23.7390352353198
BLFY,0.534614020319637,51.1589109413425,23.8285439050941
BLIN,0.946273196200004,34.3546022868931,-32.7839806983718
BLIV,,-27.878280539096,-19.0859080303505
BLK,1.42088959655935,-6.8357831896565,-15.546011018573
BLKB,0.97956501667701,-38.328774574697,-51.7565884208617
BLLN,,46.7291832413105,
BLMN,1.20991423994228,20.8503322267776,-23.5828524083429
BLMZ,,-97.3905540344444,-99.9805750407374
BLND,1.08457696951726,-39.295054866281,-56.8726727981838
BLNE,1.26229598620541,-74.6440572864277,-61.1611881944968
BLNK,2.06242271907216,-42.4432902718682,-58.1778574627683
BLRK,,,
BLRKU,,-8.56063596196861,
BLRKW,,,
BLRX,1.53421341014455,-13.4519495489827,-41.8993865101983
BLSH,,-38.750004525735,
BLTE,-1.2136343859616,-12.4539766952184,116.177914164824
BLTG,,,
BLUA,-0.000742173172633,-24.3051031776917,
BLUW,,-5.78686368546414,
BLUWU,,-9.46687346482323,-15.5498038928813
BLUWW,,-8.76027345284136,
BLX,0.789423007593796,18.4452988453486,27.0642801685987
BLZE,1.59147922583093,129.061911303679,90.492769862492
BLZR,,-5.22036183102188,
BLZRU,,-9.82017347081415,
BLZRW,,-8.88104437325664,
BMA,1.49185591423239,-17.2487000916039,16.5961810449765
BMBL,1.87165319504163,-23.1631617316296,-67.3516650642454
BMEA,-0.287208697585459,-9.67302426922985,-40.2682502675032
BMGL,,-38.1538975545489,-79.6165404037855
BMHL,,40.7848287336548,11.1257710885403
BMI,0.652877229116204,-23.1041142898794,-39.8913366613399
BML_pg,0.180792941026301,-10.4603958703046,-22.0253350513816
BML_ph,0.125750889226077,-9.71932205279252,-21.3289149864676
BML_pj,0.444162703626067,-11.8223166446781,-20.3983654461975
BML_pl,0.407048571542342,-9.87015704952644,-20.3590020682256
BMM,0.737843659943601,12.4709386106621,69.202652163628
BMNP,,,
BMNR,1.47633397781956,-43.7256473872071,-56.9563926621488
BMO,1.15101678059193,25.9141467849829,25.466428425039
BMR,3.79377834243764,-39.6805964172625,-68.487466087072
BMRA,0.344993120502546,-38.3999640918026,-63.3984171851934
BMRC,0.772687437453728,2.53771918664771,5.87983252075073
BMRN,0.232854827962328,2.56568511791135,-8.17214350721787
BMTX,0.175950462466958,68.9149590950787,91.1086687854912
BMY,0.217155650265726,7.53397197149139,15.1436027678592
BN,1.54686896255111,-16.0641054369203,-19.0732906466511
BNAI,0.482157689888712,-77.7795639702305,190.810541853212
BNAIW,0.353123211613269,1049.71837570973,413.122579662341
BNBX,0.631998337721991,-94.4009238884768,-98.4486503476289
BNC,0.564281948409968,-52.4288936590123,-95.8624988567685
BNCWW,0.608774715403238,-65.0277018991841,-76.0007962247654
BNCWZ,0.608774715403238,-65.0277018991841,-76.0007962247654
BNED,1.29146624658712,34.2147931494312,20.6414172853374
BNGO,1.61557964645138,-33.509961241298,-71.3287601284015
BNIX,0.785938130133256,-79.2952141096822,-82.0935074620108
BNKD,,-44.8361380178576,-77.622684822581
BNKK,2.04732567444385,-78.9897511934622,-96.4659344026791
BNKU,,13.0285741823781,81.6212972282971
BNL,0.944194757429035,14.923933731514,22.1754799855052
BNR,1.33484365338733,-75.851493615541,14.5603019217348
BNREa,,10.7699710502096,
BNRG,-0.601209491080678,-96.7320603450365,-99.2724128216171
BNS,1.20691336650153,11.5302048712437,23.6822014334188
BNT,1.86315156026539,-12.5802341288952,-24.3371485040789
BNTC,0.286571038953861,-11.0002190361425,-7.19572357351018
BNTX,1.26300271377599,-27.2267633437063,-29.4975762178576
BNTY,,,
BNY,1.04815685282375,23.6702209926184,33.7601806868662
BNY_pk,,-9.76380514936127,-17.3136970047324
BNZI,-0.994177975688563,-93.0184628563579,-97.4410248525816
BNZIW,-1.0223528110366,-87.710435311967,-98.0281526384452
BOBS,,,
BOC,0.660131733557044,11.2305825054736,-8.72918264733414
BODI,1.01122688539995,-8.51202587729878,103.647362414023
BOF,,18.8506763097776,31.0055114133038
BOH,0.693237369109976,0.612362020241797,9.54538777726532
BOH_pa,0.578578630711786,-13.6539017625141,-18.7501171638701
BOH_pb,,-5.37791962271208,-13.5270156733025
BOKF,0.793559270708006,3.10387887204915,16.9175896739332
BOLD,,90.1901108665594,71.3337802004394
BOLT,1.16875792631206,-46.7363864407329,-45.11505510294
BON,-0.288992637445862,-36.2549628414279,-29.9602568850951
BOOM,1.76370548965025,-42.1744420530321,-47.0535615448948
BOOT,1.69993921471339,-16.6110499410635,-23.6342986382019
BORR,1.02306998602083,-18.7658063050989,47.1287309200449
BOSC,1.08009174331342,-14.0792182073162,-22.276759384221
BOT,,,
BOTJ,0.151988263974801,40.6060690178008,74.863056359749
BOUW,,,
BOW,,23.3610519020674,-14.9907429990221
BOWN,,-29.2924707199615,-25.3100548776681
BOX,0.716472792111282,11.4123390414168,-17.5712756961954
BOXL,0.838343055396152,-70.1192854140302,-96.6618811632748
BP,0.141410192018834,4.05321854995324,9.70895917809997
BPAC,,-4.50760582734002,
BPACR,,,
BPACU,,-7.75700328175331,
BPMC,0.935061460467428,12.0303704155661,0.471538165064622
BPOP,0.622942144340149,25.2725875727547,29.9119712784041
BPOPM,-0.037067378421952,-7.45655012297245,-13.564745466351
BPRN,0.452099652261137,5.54070581761184,14.968833148489
BPTH,-0.511715244063922,-31.1106265093326,-75.1910608780662
BPYPN,1.00886913404168,-5.31006091317753,-6.66167457425713
BPYPO,0.792426925461913,-5.38824796904054,-15.9784146884788
BPYPP,0.804778473381375,0.276869312483141,-14.4621353279704
BQ,1.52543262035569,-54.8206188251022,-77.5378184445439
BR,0.869605863146671,-28.0135749349048,-46.1098341637884
BRAC,,-8.32733815549881,-16.6971428382178
BRAG,0.397000746282494,-29.9573437716003,-70.1664856539423
BRAI,,,
BRBI,,-31.1386922533924,
BRBR,0.428991403194146,-50.7778616025465,-78.8335901650494
BRBS,0.639696253163779,-8.25477096704306,2.69339886427182
BRC,0.599840792792597,8.53419426752535,18.8358642833
BRCB,,-52.973989273897,
BRCC,1.25253400048747,7.76857713266808,-56.5630715945283
BRDG,1.41581329093077,-15.648842319937,-1.19263982826269
BREZ,,,
BREZR,,,
BRFH,0.744517365053941,-52.5964031364918,-53.1353820038988
BRFS,1.38809113153111,-12.8045909301845,-36.8531819745442
BRIA,,-44.9147322873293,-58.4761353583746
BRID,-0.147666219364585,-21.9983607005647,-28.8542088717569
BRKH,,,
BRKHM,,,
BRKL,0.891126461628051,-11.7879509225874,-5.76099051718785
BRKR,1.27654533148981,23.9724951741485,23.1760323461594
BRKRP,,17.5149814169459,
BRKa,0.605494844912291,1.18780139639396,-8.53032724799745
BRKb,0.612920982554973,1.40111205128128,-8.50975810871344
BRLS,0.400609923578499,-29.9719591789084,-75.6788792813337
BRLSW,0.369942508506846,-44.4346948249709,-80.8289912760555
BRLT,1.36271250744995,-32.8150241273411,-38.092036200816
BRN,0.007826860092388,-23.723887160683,-28.9451881442994
BRNS,-0.373727369010475,-27.4446731528448,-68.3691482706881
BRO,0.573699689143002,-6.65562556564933,-38.2441952658444
BROS,2.3330722168074,5.0692380029274,-6.08632031928379
BRR,,-47.3690898413024,-85.7335007003425
BRRWW,,-55.1618269210639,-90.4323013731986
BRSH,-0.242478240620505,-62.3066567673191,-84.8171599899226
BRSL,1.01517791909304,-30.8331664319824,-36.9794510589987
BRSP,1.36204715323955,-17.4084082311401,-9.31350286085952
BRT,0.872742219560701,-3.8945473675651,-15.6081255534939
BRTH,,,
BRTX,0.696481816649321,-77.232346728167,-85.3941034080863
BRUN,,32.6446289293077,38.970859668048
BRUNW,,174.194764345999,183.268667424159
BRX,0.962423725607794,13.5198156040558,7.19720811820435
BRY,0.8225057595248,-11.9883231630959,-28.8244127599237
BRZE,0.815800044417636,-3.20743639624028,-27.4746642200298
BSAA,,11.055969648886,
BSAAR,,18.8209588769475,
BSAAU,,49.4236069027189,35.9998575329971
BSAC,0.540529501123479,-13.6657065108467,26.3221827661686
BSBK,0.14228515478304,-2.02771551132147,-5.23733586556235
BSBR,0.556493840689662,-27.494154917633,-0.347741334232765
BSET,0.728202539081145,18.654807353309,-1.54216585760105
BSFC,1.71613850065,-49.1158036716661,-98.7819407897687
BSIN,0.756170620144875,4.27346078360109,-27.6702812330129
BSLK,0.315135164239818,-99.9714901199514,-99.9968024639548
BSME,,,
BSP,,,
BSRR,0.765980496301272,14.1994495421192,14.2944951301659
BSVN,0.908695096121948,7.72508679563999,-8.47702411295254
BSX,0.557631786608864,-53.7775993777839,-62.5681035009687
BSY,0.969158902162454,-9.39689013459539,-47.5011629599069
BTA,0.837295065276254,1.4199492939664,-13.5957560012494
BTAI,0.337560836686907,-55.152911710621,-57.2461217208811
BTBD,0.491312797994459,-24.3435800590596,-32.9763223780815
BTBDW,0.50519889205884,-31.5045424240439,-32.5781728176907
BTBT,4.03577966558151,-44.9900580234229,-62.727388166922
BTCS,3.41850349011931,-64.3439208210215,-82.663901472987
BTCT,5.51867878378246,-66.1753176160823,-84.1986360666833
BTCY,1.13330932641045,-65.3531612108531,-75.4301809920337
BTDR,2.52308200324804,-32.890634959499,-37.6430862030961
BTE,0.563270771901601,12.9293440899866,46.0911952838878
BTFT,,,
BTG,1.34580817166405,-33.2404795373036,-11.2453639627662
BTGO,,-66.0942576501667,
BTI,0.330431526132596,-3.00852814802686,3.48889015067124
BTM,2.89911506579634,-99.7581980572458,-99.9531004800356
BTMD,1.62639798196669,-3.47443914568707,-55.9105876574046
BTMWW,2.88378155150376,-95.8331212993953,-98.4350096404697
BTOC,,-55.5505799750717,-87.4051339135478
BTOG,1.91839214417383,-79.7147198101657,-97.4503630993667
BTQ,,-17.9687548409276,-44.2685626404667
BTSG,,74.3123269631157,204.323931801176
BTSGU,,56.7420429247653,125.78050933573
BTTC,,-68.630254699575,
BTU,0.32604427829541,-39.5077064942526,29.2151805977922
BUD,0.588113512483848,11.2571182353321,7.85744494274276
BUDA,,-22.2299546659008,
BULL,0.514876483953591,-10.6093981537687,-60.2213904834884
BULLW,0.545912263487045,-28.9272651499547,-49.5089022840352
BULZ,4.94836980642586,50.6656304246823,112.973731985017
BUR,1.05929456531359,-58.2488645511107,-72.0551551773094
BURL,1.4297796898427,19.8991364668781,10.5105607648545
BURU,1.40229170704985,-95.1153586244106,-97.3165610733816
BUSE,0.706268774997751,13.3655830496938,12.9046784175105
BUUU,,168.739903490636,
BV,1.17740340784018,-0.215419830044494,-25.8958723318685
BVC,-1.05966284033292,11.1815553555518,23.1825486070311
BVFL,-0.007196047935076,6.98450266244246,13.7884284563532
BVN,0.419981563849733,-25.2318872515371,50.7845817598088
BVS,0.608927534528187,56.6853691135875,74.0032520844484
BW,1.24660973603049,-21.4497458777643,630.289561729465
BWA,1.10565254756554,22.6089378769288,51.9968469905289
BWAY,1.23694207534644,13.6377546452491,122.05875280553
BWB,0.573957509783651,6.86571776598159,9.47200678246693
BWBBP,0.268109639484589,-3.32758328687675,-13.5538333283177
BWEN,1.79926528605816,15.1055609250629,21.9551667395492
BWFG,0.578151600321512,31.5357499738988,44.4218305737123
BWGC,,,
BWIN,1.06778270696325,11.8761966630128,-38.172915074778
BWIV,,,
BWIV_t,,,
BWLP,1.0934131442787,30.2112130714057,19.7084148818903
BWMN,1.37214842416131,-28.6956157253667,-35.7811175829118
BWMX,1.04959145871687,-12.118951481972,20.3076823785551
BWNB,0.083799233036632,-7.2026173276171,21.9185122353737
BWXT,0.763067766416101,-24.9585259363024,-2.59662412706173
BW_pa,1.53949153750574,-1.21291538751742,91.9328487906137
BX,1.53818889104954,-15.2444354668545,-34.908799274211
BXC,1.43499305930555,-18.9709449784301,-34.2558393589659
BXDC,,,
BXMT,0.937219164000922,-19.1746374764004,-25.8025767553035
BXP,1.02470419582286,0.767344848354301,-13.5413818354729
BXSL,0.426850372598826,-16.5772247904333,-37.2586818449474
BY,0.708185015565936,15.5097285631129,23.1910050748988
BYAH,,-93.9776808137643,-99.2564703246126
BYD,1.08036542359191,4.25598197005581,-9.10592806801491
BYFC,0.785657213772969,13.0507499391898,11.1831286623819
BYM,0.805269363312968,-3.64518590262022,-15.0856405610222
BYND,2.79846521345113,-40.1727495035119,-86.2631776402802
BYNO,0.010801017000373,-0.361941918490782,-8.76905476922516
BYRN,1.84427032730341,-75.5608114418608,-85.4567944262888
BYSI,0.501463876418182,-30.8577857822353,-46.9134074252434
BYU,0.395828387660376,-86.5672068912249,-93.1700455253057
BZ,0.466644502665589,-22.918482038215,-31.379876736961
BZAI,0.147940126174014,-59.9871172695521,-82.8689341767199
BZAIW,0.064153349477845,-37.3543097636054,-48.9771026294961
BZFD,3.78427680299102,26.4130352567566,-55.571425818804
BZFDW,3.76247392006987,38.9966118759111,-43.4366789713632
BZFL,,,
BZH,2.15615437803416,34.6608510293576,16.6879868047997
BZUN,0.506437308141837,-4.06828330162447,-10.5828598249069
C,1.10857491959534,8.40873816584482,19.248952772077
CAAP,0.694907608967504,-15.6575359739929,12.3040561253708
CAAS,1.03929542606797,-11.187677486724,-11.7442166037762
CABA,3.29601322383978,-15.0806789752309,38.9452393777465
CABO,0.541526488951323,-45.3326268315639,-73.5593041492786
CABR,,70.9029911898813,-41.2304449690764
CAC,0.539360738391306,14.6988638215715,20.0167313004322
CACC,1.37801153658967,19.8716475970907,-6.77243108135759
CACI,0.522729111894522,-25.5063442252358,-5.31733894440054
CADE,0.961119478863164,11.5374483686575,4.4904410094853
CADE_pa,0.468915074066294,-3.08501172283775,-9.19419541975036
CADL,-0.489313533928985,49.0720868978376,21.3721291357463
CAE,1.04261963294127,-25.2786711485348,-27.009962096911
CAEP,,-44.930109569125,-51.3588767494088
CAES,,,
CAG,-0.065083371080835,-19.248186911041,-30.875432622068
CAH,0.498491863024225,2.04635643920681,27.9284203136704
CAI,,-43.693754182683,-50.4451630157184
CAII,,,
CAKE,1.00742497233807,46.4892129325103,16.1948881911207
CAL,0.758907574158624,-1.46666180536175,-26.8553407367788
CALB,0.952712077354841,-13.0844430576671,11.7951629745982
CALC,0.918826387623553,-86.8300446666545,-83.3583159192722
CALM,0.211828283328306,4.87666192573593,-23.1761325671226
CALT,1.76499720167954,74.3334049204411,70.1543960546602
CALX,1.23020262253736,-37.7424788925324,-43.5001947997714
CALY,0.93581710724695,14.2937332913345,60.1786105071446
CAMP,,-16.116191310913,69.0614488980462
CAMT,1.59610155781486,-10.9673564103009,21.7737953022162
CAN,2.61547069844399,-68.7172406619173,-71.9977166051437
CANF,1.09128676608279,-33.590475829619,-80.6242262629916
CANG,0.879479220110314,-88.3432048837955,-94.1275773756967
CAPN,,-2.72998061231243,-7.84244326986202
CAPNR,,21.3143895571369,26.6219850038706
CAPNU,,-1.71932705940908,-12.5863376904414
CAPR,0.577089023057028,-73.7590918463773,-16.7731755715455
CAPS,,-66.3522572424164,-86.3039692613364
CAPT,7.33711374821535,-98.8463502047017,-99.5959086997963
CAQ,,,
CAQUW,,,
CAR,1.89164191331706,32.9485186154132,-30.5678419416969
CARD,,-5.48862108730214,-53.5969940641345
CARE,0.52067251585636,61.1067274781744,65.6951408530415
CARG,1.16314981542214,0.833975666349418,-6.76727177467709
CARL,,-14.0860271845756,-26.9773180373702
CARM,-8.92991061588005,-89.5622161377777,-98.9404277627523
CARR,1.31611508734357,3.96449726023589,-32.2446179736782
CARS,1.58010769209507,1.59383280648475,-19.0572384818977
CART,,12.8963461051434,-16.9183593303627
CARU,,-37.574327978377,-24.1164474078434
CARV,1.42927940432178,-13.0184678148139,-37.5419048440282
CASH,0.60928829849026,-3.51278732414267,-5.01736505973005
CASI,1.46363582966352,-87.4029563283666,-92.6309604041127
CASS,0.416855614811521,18.1853746485984,14.7669945074858
CAST,,,
CASY,0.61170347506796,30.4509842500558,40.373525424984
CAT,1.60851663927175,23.6316461550873,67.0546406848541
CATC,0.649993332945164,-7.24610632202792,2.62820688157384
CATO,0.5815203396108,-5.2161722930529,-3.05477086894292
CATX,1.78879717520802,-0.145201051406385,-40.0826758994022
CATY,0.850197752939842,18.2859219337837,16.848479724674
CAUD,,-99.0605994524,-99.7432426280155
CAVA,,-2.03588064495326,-36.4454726047322
CB,0.392651213296424,13.269014844795,17.5457238241217
CBAN,0.533965624328893,12.7179155169974,15.639510450642
CBAT,1.35243134342713,-44.3460580730952,-57.8746738364156
CBC,0.097320884088822,24.4226439576339,49.274178376514
CBFV,0.265601149720789,-1.29006939887064,-2.64323744603067
CBIO,1.2183832871338,37.0341171476855,6.72192833714997
CBK,,28.5417409388722,
CBL,1.36522675083595,61.0555591926917,92.0884464403486
CBLL,,-23.4832719794053,2.51501475479963
CBNA,,20.9154249788325,38.792684793082
CBNK,0.512331427632684,18.3018422944279,-5.50746359270218
CBOE,0.411654192264634,4.22635757751337,5.90221112960179
CBRE,1.17904491659117,-18.449229278835,-13.6987072232828
CBRG,-0.038837312296996,-9.10292231895795,-16.4683430492704
CBRL,1.19353210341737,67.3258638409683,-27.4886690823728
CBRS,,,
CBSH,0.575762850039045,8.22312701377728,-12.5279662879324
CBT,0.825481511920881,19.5254609544171,4.05991457516777
CBU,0.79493476573504,-1.03126349316526,2.73728730968466
CBUS,1.58704588646882,1.24650346355659,4.29163503293948
CBZ,0.923095856888943,10.4481509892257,-47.6633132767303
CC,1.43050052251362,2.5948006879857,5.78200243692781
CCAP,0.573992659115429,-27.5784941542156,-33.7965516494699
CCAQ,,-4.32538640575216,-10.3060913867606
CCAQU,,-4.02786780088821,-13.1719486644599
CCAQW,,-7.51318954365608,-16.3869675890486
CCB,0.728196919300032,-34.4270032751953,-38.1135271843084
CCBG,0.324132472364177,17.1811259093119,12.2768019872972
CCC,0.479073020790416,-26.1985705864947,-47.254111819384
CCCC,2.93262389605021,55.8351375691605,40.0682131341853
CCEC,0.611660976398118,-0.99155158783153,-18.9575514980763
CCEL,0.462936773768794,-8.2319696275135,-40.909273923169
CCEP,0.467922233090704,15.3422838272789,-2.34077983833584
CCG,0.218815137566983,-61.2989475000715,-62.5364401779063
CCGWW,0.205167567950719,-63.3533461206013,-60.8834916357574
CCHH,,-70.8527805678532,
CCI,0.967872075747436,-17.9716524718147,-40.1145288527504
CCIA,,-17.8605019420721,-18.5653669923351
CCID,,-5.27530467119185,
CCII,,-5.69512949335825,
CCIIU,,-8.59215726641571,
CCIIW,,-8.67039434574544,
CCIX,,-4.39973255365056,-10.9560545108223
CCIXU,,-6.13907710773379,-22.1569097385633
CCIXW,,-7.43752030216013,-18.0888405232283
CCJ,0.967739738511924,-33.5873805639591,-13.4886913301444
CCK,0.582432502464771,9.69779975828227,2.72825007206552
CCL,2.34182762871614,-7.56612945713394,-18.3260240590086
CCLD,1.50316544891333,-23.5522312987578,-17.1459680445236
CCLDO,0.680843491971904,-1.96437848449153,8.97639622477084
CCLV,,,
CCM,-0.964840757088902,1.91609714528405,-27.5342288959599
CCNE,0.617564808416421,23.066331901036,27.0494316810208
CCNEP,0.18106050318409,-5.18374310193195,-13.0977795071813
CCO,1.95573769543369,11.9876514872918,87.5254067277522
CCOI,0.782288085359658,-49.0354541624628,-76.5450059167909
CCRD,0.66922901390305,-0.431567912227038,43.8539689747622
CCRN,0.449317758490201,37.0637085175518,-16.719722011259
CCS,1.28391004617992,5.48824116075759,3.67920017855143
CCSI,1.90168547014727,60.8853428615699,48.751253344078
CCTG,,-21.3425110936526,-93.9718048281182
CCTS,,-12.2748089136887,-19.6767554742241
CCU,0.524170879412452,-26.6343572333369,-12.0666608916555
CCXI,,,
CCXIU,,,
CCXIW,,,
CD,5.19951269700981,-55.7674895531897,-24.9823524950506
CDAQ,,-6.05994523999903,-13.9862803852046
CDE,1.32943929144021,-45.5213451391826,41.0852100612321
CDIO,2.24585506126455,-20.355170964347,-68.1279328743276
CDIOW,2.20461640718474,-42.6672284300658,-60.1450544083793
CDLR,,-17.0529303714885,-15.1268372525247
CDLX,0.636781810115635,-67.5018188938375,-85.9449921991143
CDMO,1.42934336250059,5.65921734322596,56.5713625245546
CDNA,2.39301153357186,63.1854692745401,140.421460221184
CDNL,,104.180674577563,
CDNS,1.15575009593172,1.715034949485,-11.1617646643927
CDP,0.773733793782636,18.4003854325128,17.6803090543749
CDRE,1.29469243129991,-25.0812361751664,-14.650676318058
CDRO,0.446662963825268,7.55790053602077,-3.99426744791692
CDROW,0.437098116103833,14.7767969010003,0.785553832843688
CDR_pb,0.332046282089315,-11.8828888427857,-13.6327301577803
CDR_pc,0.359497908776269,-16.6366679889065,-11.6703883805573
CDT,1.50393753387616,-98.9984269773548,-99.9344869596716
CDTG,,-90.007070805155,-96.2100516402514
CDTTW,1.42529994663192,-98.4798905677906,-99.8746660095548
CDTX,1.5642072365749,293.137930839646,600.045643298527
CDW,0.950769324115534,7.8962207901351,-31.8486300136484
CDXS,2.5531715094743,-1.46148102097801,-57.5590199269101
CDZI,1.87008702011814,-55.1418033084026,-9.89038897497619
CDZIP,0.098379355692536,6.53738011095897,9.4899412527786
CE,0.758282293098829,-12.7957238143397,-35.3894525428492
CECO,1.52231764179461,-10.7423979835981,67.2199884646038
CEFD,1.12031086744472,-8.37207386231253,-18.2160225327132
CEG,1.11610606817318,-15.4747713404091,-32.0024200379841
CEI,-1.54239181966176,-22.9999551147533,-11.8109504974756
CELC,0.229470838607223,-33.9335017866978,92.7885653556953
CELG_r,-0.700213910423488,165.449031335478,206.237417716101
CELH,0.937995342706783,-50.1615094094392,-46.0582614425953
CELU,0.492836803111644,-44.6481894394754,-80.1279549303325
CELUW,0.511736670104611,-50.5890313843569,-66.3751624965129
CELZ,1.96183740509933,-67.9733998494145,-76.0979233493074
CENN,1.39197069773198,-65.027172879896,-92.0229211647569
CENT,0.619995452087487,30.1046331978442,-2.73378563284902
CENTA,0.582935711397657,25.6399909341577,-6.03543235358482
CENX,1.96935556086756,-13.6427267409109,67.0125050471028
CEPF,,-6.32962960773108,
CEPL,,18.8851314710964,520.467899745563
CEPO,,-4.17215466587459,-17.7662555072897
CEPS,,,
CEPT,,-44.7135837322688,-45.6270415292186
CEPU,0.936088706598807,-22.0029145335535,2.52496685832468
CEPV,,-4.32031459629533,
CERE,1.40635492105205,-3.13683905180191,41.4967436087527
CERO,0.114198384948603,-76.7028664195198,-99.8577906502369
CERS,1.7811266027744,10.1626344976718,84.6765156435314
CERT,1.42572360630801,-23.2370007074785,-38.5394288931317
CETX,2.09155759004586,-86.2056445905051,-98.7402715080038
CETY,-1.52766765230001,13.8304234974501,-76.6200189888253
CEVA,2.01380418804994,32.5278031104598,17.0229575875114
CF,0.381039560054429,25.8677951940192,14.2635514433228
CFB,0.88665939630767,-11.2660977348282,10.6542482023629
CFBK,0.381428802924272,17.1732402160372,30.5959886025063
CFFI,0.330936004317984,8.99187287260259,8.70852937691902
CFFN,0.662633288260514,18.8463516992519,22.3299243603216
CFFS,,-9.22243051302557,-14.3265046285131
CFG,1.00125640818787,8.04143163346689,27.1810401115585
CFG_pd,0.41480380977036,-13.3731765559409,-11.5948962807089
CFG_pe,0.823404635988609,-14.3259164660608,-19.7646379593267
CFG_ph,,-7.83105569923542,-15.1982025579949
CFG_pi,,-8.36782787462956,-14.9629301895957
CFLT,0.939244483959278,56.0958497771243,-3.72551282245543
CFND,,-37.9461020386172,
CFR,0.520404378814203,15.7688517867052,6.22007686906954
CFR_pb,0.758701798065933,-12.248563712364,-18.505562055428
CFSB,0.49851025330221,49.504588344443,76.5059294382978
CFTR_pa,,,
CG,1.80422170622661,-27.6294040998467,-36.5042486020724
CGAU,1.55613344216581,-20.6672965842827,76.3083028996107
CGBD,0.681438070894324,-22.0433253436268,-36.3818411432772
CGC,2.39675353445534,-27.0947308648744,-36.4535904092239
CGCTU,,9.23781400933594,-3.8751196036007
CGCTW,,-57.2833441354231,-60.0115410053664
CGEM,0.010282089086125,32.9929300370516,82.5831933985998
CGEN,2.77366776144589,5.10124938495158,28.7357657810846
CGGJ,,,
CGNT,1.66700879292622,-9.80136830363738,-17.0548779498405
CGNX,1.50851782485438,43.6954309506756,49.9216897473016
CGON,,23.8099233515657,141.543554463513
CGRD,,,
CGTL,,-91.4798867716548,-74.1597610334228
CGTX,1.78563160696752,-34.2775450220751,11.0805063127725
CHA,,-10.2247752539892,-53.9184878780677
CHACR,,202.721601751385,
CHACU,,5.40104352477366,
CHAI,2.01702880704798,-79.2714433158683,-97.0620313794365
CHAR,,-2.66667329999899,-9.06405976709307
CHARR,,-47.6416751538228,-47.7418547431554
CHARU,,-6.8802127066753,-16.6709806632879
CHCI,-0.416263001807286,23.9667418134788,6.07431630749431
CHCO,0.469404171274984,12.8214996661761,-1.59965283290811
CHCT,0.668065080907544,4.67134396808544,-0.001164604314818
CHD,0.460615322595749,1.67258390736378,-10.1656458914453
CHDN,0.676081097980992,-16.3790114168683,-31.0189297615097
CHE,0.504043320056388,11.3440889939075,-4.47287657868485
CHEC,,-4.89327789325287,
CHECW,,-7.7415681446945,
CHEF,1.39920116136237,46.4050200039965,37.4737465062254
CHEK,0.829753666478619,-57.1143228269561,20.8219472849969
CHGA,-0.014590903849116,-73.5576142157034,-93.3969265750258
CHGG,2.14858566110273,26.0940332349007,-37.6544851114234
CHH,0.670178844749352,3.26290035177399,-25.6307955604484
CHIHO,,,
CHK,0.329040572995306,-23.584142185671,-22.4097171068818
CHKP,0.476160805002469,-29.3215855626624,-45.765136434191
CHLW,,,
CHMG,0.58601299570653,30.301896291194,34.2265868141812
CHMI,1.02752266905615,-22.412473290814,-28.6949461929391
CHMI_pa,0.473513218344404,-2.2099429957367,-6.47480829555632
CHMI_pb,0.316293979349202,-4.55000631037553,-13.5920508369701
CHNR,0.09138438987701,-14.3034222675496,-26.7159051631018
CHO,,,
CHON,,,
CHOW,,-49.9482125650779,
CHPG,,-5.1496733915494,-10.3737041613831
CHPGR,,-12.6298105735139,
CHPGU,,-7.07275552510749,-16.6581467109148
CHPT,1.7512202092114,-22.7057176550994,-53.6515375637732
CHR,0.912250559981211,-58.3208492674019,-99.3782528881777
CHRD,0.4680567910188,23.4136990319066,-1.9769325218045
CHRN,1.01727722246861,130.073523946104,284.118663975124
CHRS,0.975258326038841,-46.1061040420712,15.7567815376686
CHRW,0.937819764233216,-11.831459758578,43.5172261264111
CHSCL,0.1039167285985,-7.48494023635844,-14.6937962927293
CHSCM,0.275402907153832,-8.3502503320694,-13.1321929748797
CHSCN,0.195389076688,-7.39581381986039,-14.8202084147109
CHSCO,0.181994636876426,-8.31193285410865,-16.5878295606993
CHSCP,0.258658011044068,-10.0919694192348,-17.8118547152744
CHSN,-4.36656877126372,-99.500801641372,-99.9061358218489
CHT,0.290461094184394,-4.08576227101674,-14.3625780303073
CHTR,0.696442041059903,-28.1447649338361,-59.6361003973483
CHUY,1.77969455975957,4.66642018624051,-12.1990889060186
CHWY,1.40867445928089,-31.210669166159,-45.7054680922305
CHYM,,-21.0578878669714,-42.4431077540241
CI,0.292949186288587,4.71173640655298,-11.4357863564748
CIA,0.472993361625909,-13.5479206194194,7.35864757817219
CIB,0.744884196707308,0.943909729440051,75.0340874135213
CICB,,-11.0330538495768,-18.3408690346435
CICC,,,
CIEN,1.32577804065769,33.0273456445052,232.950512006427
CIFR,3.23195025981021,2.30698230395841,185.129895216578
CIG,0.774375853683605,-7.76021772434294,3.12142075364978
CIGI,1.26733122499141,-27.1852467848363,-41.3625366138032
CIGL,,-80.551104240643,-87.1602708401103
CIGc,0.930362492600748,4.27154754419659,6.74188354473668
CIIT,-2.35437002177677,-91.7992476167815,-95.3885961565649
CIM,1.76104966271391,-8.15876002277256,-21.2471787942457
CIMN,,-9.95052886974007,-19.0845256449782
CIMO,,-10.0015179128656,-19.006474621335
CIMP,,-8.88606752073227,
CIM_pa,0.777165131305155,-8.19010521188114,-17.0650712438997
CIM_pb,0.728235273238264,-5.06692140532673,-17.2078977529758
CIM_pc,0.999393224618312,-4.23710121712897,-15.2498418401945
CIM_pd,0.830630237570609,-4.37023119292408,-16.0350671357829
CINF,0.555530034959135,8.68030027124651,6.78916120496324
CING,-0.89035623080374,-27.7506879350077,-25.3559099894591
CINGW,-0.881596596399502,10.8855348260305,-15.5839465233818
CINT,0.808967625560502,-40.6313334079377,-48.3287545171192
CIO,1.5877738110014,12.060997792506,11.0939717072178
CION,1.07069262320549,-38.2449747080936,-47.0817396357872
CIO_pa,0.782626179291559,19.3388861761093,7.28398811005391
CIRC,0.816989020504726,-81.0220556039495,-63.024102160942
CISO,1.94897016684911,-54.5911281890178,-79.1912962931899
CISS,,-98.7950853191306,-99.9689780250873
CITE,0.015903068292039,0.273363947494976,-3.63221393489572
CITR,7.5536775400467,-27.7086821394231,-41.7225885218596
CIVB,0.647744434792353,19.6714610638273,24.9170748309049
CIVI,0.936019861528555,-19.6501994409209,-54.0810193322606
CIX,0.889449981570446,12.6317992169439,1.26660950622264
CJMB,,-17.2432850923801,-67.0547864829458
CJOY,,,
CKHL,,,
CKPT,0.756652130790002,-24.0039995784737,69.4046709757843
CKX,-0.087032641963257,-9.5046345668123,-22.7485927783958
CL,0.319794541207964,1.57487497545346,-7.75931282664529
CLAR,1.03928026291416,-12.3752430389907,-26.1789468254462
CLB,1.03134156012244,-48.9466606311942,-23.0555093989822
CLBK,0.220887818378107,42.3110849168057,47.1791785200507
CLBR,,,
CLBR_t,,,
CLBT,1.1712395223276,-15.9126092112107,-11.1131707529776
CLBZ,,,
CLCO,-0.255465525721858,28.0804223039258,-17.8166649544278
CLDI,1.34672612998546,-89.9108381187759,-98.5993035106397
CLDT,1.08746100485378,84.2411117029,66.3094126073909
CLDT_pa,0.485936562132893,-7.72938905657926,-14.1939771154142
CLDX,0.872932785497317,27.426120791492,39.0444408857075
CLEU,,-99.9145999502182,-99.9991398628039
CLF,2.07202245609741,-21.1351187088429,-8.48629120912526
CLFD,2.1289112914147,-6.62764913326876,-40.5325500450806
CLGN,0.67022623940153,-84.1759763872927,-87.8990140387425
CLH,0.864119554466728,9.48676426393971,11.5848694267982
CLHN,,,
CLIK,,-70.2516167785308,-88.101321042912
CLIR,1.35250424617373,-43.4399670297461,-44.8419956755915
CLLB,,,
CLLS,2.89667848447409,-36.9291358112523,-14.2880829101688
CLMB,1.04291576342471,-11.1518461776531,-3.91014395461109
CLMT,0.711608857283822,76.0792350404356,112.24563293407
CLNE,1.85567302446818,-21.6482512700429,-23.9415720072874
CLNN,0.969785836032376,-9.67998588585648,26.2377826111263
CLOE,0.068441356905715,-2.45969460312556,-14.9191639953379
CLOV,2.48918196711498,72.5551429595781,24.2898248433794
CLPR,0.934109914624821,-26.0799569101632,-32.6849150840731
CLPS,0.686251313858131,-19.7595365591658,-26.9067587156085
CLPT,1.25396402430899,-5.14600447096498,13.9270142208731
CLRB,0.55523576227525,-33.6581534180784,-57.2496423385709
CLRO,0.146734801485843,-31.8867694119081,-20.6866244856324
CLS,1.49878097364457,0.741599409135274,58.47036327293
CLSD,1.82839965112733,-81.6111823680767,-98.3360385195166
CLSK,3.87214643800907,-4.57332794537956,-3.61887444659662
CLSKW,3.81156685013766,31.7539430014461,44.1082897874287
CLST,0.10544802070282,1.76839265666771,18.0854477246176
CLVT,1.37732228003876,-21.1691848167824,-51.5415664141998
CLW,0.251748478251625,-5.1389643109794,-48.9284425074578
CLWT,0.86143582149899,8.8850634718193,7.45569609752352
CLX,0.520050844003974,-16.7411759561508,-32.184090287989
CLYM,0.087674248549081,125.492826757893,560.692883791148
CM,1.27636778068641,23.3013341197468,27.6444497399972
CMA,1.05374279625927,19.669803063327,15.1723580377966
CMAX,0.548156730930041,-99.9999821981211,-99.9999890439258
CMA_pb,,,
CMBM,2.61818631913816,-87.4746593653332,-79.4337372945821
CMBT,0.319693031330931,24.1264259464689,32.8950407177847
CMC,1.50762540366486,-13.4646319093168,15.0168277277919
CMCL,0.651090789925212,-43.3873201301092,-23.4932755975116
CMCM,1.83189366359258,-58.5029401068492,-58.0014281098259
CMCO,1.37510007822836,-26.6135764983318,-12.693650910718
CMCSA,0.652335707286943,-20.821953845142,-33.7617590545272
CMCSV,,,
CMCT,0.828992221412632,-99.1752286858869,-99.6240881883502
CMDB,,9.04599321387047,73.3406257885954
CME,0.253691679607029,-14.1436507395942,-18.4168718085261
CMG,0.945300081099031,-20.6070306429349,-35.7485567478423
CMI,1.24564318436277,4.59701704877675,48.8707917584374
CMII,,,
CMIIU,,,
CMIIW,,,
CMLS,-0.223704622554726,-91.0410133598269,-93.5820532287422
CMMB,0.655203190440218,-22.7963917777004,-71.7890781997345
CMND,-1.15293136980003,-94.8823701511343,-99.6922058072608
CMP,1.24699116491879,8.86339679252259,24.9998695723581
CMPO,0.856698449618871,-44.0960816979259,-12.2407255434767
CMPOV,,,
CMPR,1.79388484549133,19.7666914882376,73.7279323750922
CMPS,2.52861057306212,45.8153925816896,115.034299036989
CMPX,0.765714781980975,-70.1033211060215,-45.1662537455679
CMRC,1.12449538326947,-5.4691272855336,-46.3462177841432
CMRE,1.06882029443636,-11.2372905727609,37.9617145172863
CMRE_pb,0.162981598380069,-4.76207719408346,-12.4743204701007
CMRE_pc,0.152154371547598,-7.51404356672066,-12.0623329352785
CMRE_pd,0.019471492905645,-8.00282735949106,-12.6923545542185
CMRE_pe,0.518318656137321,-18.5363546441918,-19.6965746818987
CMRE_w,,,
CMS,0.342292862449221,-3.02162864379134,-10.3330483914727
CMSA,0.471820841444728,-13.2065532263762,-18.6399701209963
CMSC,0.556246264819743,-13.248784277668,-18.9004551591984
CMSD,0.477611971665615,-13.8037897060293,-18.4714397146199
CMSL,,,
CMS_pb,0.215803683931209,-9.67302426922983,-15.4624192616701
CMS_pc,0.640395285475866,-13.3588091928443,-19.4079288106687
CMT,0.435873441273329,21.116106829623,18.1346205833172
CMTG,1.15131667326693,-32.0297214705795,-40.795751433972
CMTL,1.51791332830608,-72.8442194643359,-35.3958088482759
CMTV,0.380969841998113,36.4479295389014,66.5006176455845
CNA,0.255376802571103,15.7991532866621,12.7849001085428
CNC,1.08364331489243,44.5631808261898,104.658854079731
CNCK,0.437451101819498,-16.8164400598465,-63.5854325718384
CNCKW,0.495580231446772,-47.138375781474,-74.2146395576465
CNDA,0.019598183776087,-9.41591083678119,-19.3714370426275
CNDT,1.43299403530679,-5.47646663900524,-48.9588916571543
CNET,0.846652155133125,7.25139855190393,-21.7552615117022
CNEY,1.69205852418602,-34.5956183447429,-79.8802690640174
CNF,-0.162883017789276,-54.4362608649097,-73.5359155907884
CNGL,,-6.99386170102662,
CNH,1.14244846742567,-0.493127180147135,-24.2496572445527
CNI,1.01530588530085,24.0365063320527,7.47089060757302
CNK,0.999662853177995,42.4540795798285,6.82398192329894
CNL,0.98347594729002,-34.8066988747281,10.5246534885405
CNM,0.922997615990498,-25.018446309531,-42.3428838796113
CNMD,0.869302114377538,5.02393691586767,-23.9082948229768
CNNE,1.19628923203344,-3.63979467669053,-39.9451971494299
CNO,0.821734594389137,22.5663513104645,22.4974527350679
CNOB,1.03718659125071,10.971299520201,16.1115056790265
CNOBP,0.504050514864872,-3.6488809424725,-7.44298883450808
CNO_pa,0.567241509516229,-18.5391857251689,-21.2414775865986
CNP,0.451715428335437,4.01095693989562,1.69450496012009
CNQ,0.878866860895186,16.0339691362005,9.09121055975757
CNR,0.138259370118101,-22.7037460885102,-8.65982151972582
CNS,1.19693489650493,18.9657199856642,-4.61306460584436
CNSL,0.982391645338697,-1.89645312582791,-14.8360581977963
CNSP,0.993857193076089,-22.3040656389551,-46.7534116670314
CNTA,1.10858505524717,48.5760889271346,136.13841123012
CNTB,-0.216028635481459,-26.2659192827162,-13.9862803852046
CNTG,0.166984325364857,5.65440903179346,-42.83393289128
CNTM,,-53.763879297812,313.023196321045
CNTN,1.48163648076947,-46.6190218076875,20.1835534343717
CNTX,1.73954053780198,-74.6662117163212,-40.2356437594139
CNTY,1.69380144029579,-30.5920614512095,-60.5628795442045
CNVS,1.52301034164925,1.97996935657763,-64.1361480498863
CNX,0.59984860512549,-12.5544400437661,-3.83559297724733
CNXC,0.422500877298705,-42.6335786721551,-63.4574717369679
CNXN,0.850247846363798,35.9056154344721,10.800497597109
CNXU,,,
COAG,,,
COCH,1.88685106433667,-4.69829172659199,-61.8335201003368
COCHW,1.89700470491662,-18.6732069196334,-61.9858150043397
COCO,0.759922887472894,18.8859405274803,60.5374090879149
COCP,1.42136168281686,-13.897492945956,-53.5016615774996
CODA,0.6064459289724,-8.00736986977201,11.5367449122576
CODI,1.26662038759487,41.2519309564498,31.2439769011576
CODI_pa,0.159787920216731,1.6442692017725,7.73490577068365
CODI_pb,0.193048206974717,5.71562763559075,6.49317666593723
CODI_pc,0.133756479553497,4.59991912993016,5.67811945965366
CODX,2.91179172454011,-53.0299726199995,-85.4319105517283
COE,0.811777393673875,-39.8393886727155,-50.5569411731503
COF,1.00916063554395,-8.09356072234442,-14.6971043823947
COFS,0.620501050439853,10.2298654894597,-2.54434945034427
COF_pi,0.720740163549298,-13.9200410997354,-20.7410548985541
COF_pj,0.658677635943249,-12.4245348173147,-19.4689613516186
COF_pk,0.794830116981661,-12.7736666051182,-19.1933889717505
COF_pl,0.720850483579211,-13.546732617614,-20.5640954870949
COF_pn,0.76435937145336,-14.6599777784384,-22.2286297662814
COGT,0.374086074007664,-0.790910748137108,189.34474580097
COHN,1.09307873043479,-23.8878200546604,5.79864593008275
COHR,2.10674810065075,6.81510992874317,100.668440976684
COHU,1.62341282513599,37.6210460730335,87.3334703610442
COIN,3.33315701806774,-25.1883735986142,-61.9444424798436
COKE,0.542593022641884,21.7163500212637,44.3617964873702
COLA,,-5.35029421253915,-9.84613081631951
COLAR,,26.7463771492475,78.8943580532975
COLAU,,-3.95391428475537,
COLB,0.605099532857729,1.43320139313641,9.51339626851195
COLD,0.985465190014337,7.31805942848311,-22.6247500692536
COLL,0.73047771823043,-25.5858789522499,-1.53403908892996
COLM,0.92634600380343,11.8226611960351,-8.14469929491698
COMM,2.50736828428636,24.6169333371005,156.273799110874
COMP,2.35368491817553,-15.0032101638377,39.0262570100367
CON,,41.7774880011279,39.8899748362021
CON_w,,41.7774880011279,39.8899748362021
COO,0.8302475599174,-16.1174678314043,-14.989046283882
COOK,1.98579736753194,3.5447669008833,-43.0086624080395
COOL,-0.030406346391795,-10.4390922605897,-16.0982805957961
COOP,1.06280138026166,33.3615891375709,97.1460788988381
COOT,0.178027787647157,-49.9165308050966,-36.4350095836799
COOTW,0.111566278827687,-23.428091079975,-34.7578607496352
COP,0.118995207766654,7.32512514384809,1.15610604048815
COPL,,-4.13719558116858,-10.4807510569674
COPL_t,,-7.60478173393322,-16.556976742959
COPL_u,,-8.23871089554757,-16.981588942436
COPR,,-87.1615258494665,-69.7723213925147
COR,0.556987833239308,-15.7034798107455,-3.95435180120081
CORT,0.467725348036474,91.4369051891928,17.1602639265015
CORZ,,-2.26748064211535,29.81845132113
CORZW,,72.5845344947565,86.7039103781002
CORZZ,,72.5845344947565,86.7039103781002
COSM,4.16057323436801,-63.7734137856664,-76.0888975140156
COSO,0.008492773078856,9.53077993920923,12.9440113347978
COST,0.867416453228262,-6.41816987887852,-10.984977242509
COTY,0.942877921262996,-17.3565341035435,-53.5692931011396
COUR,1.23004512678781,-11.0761617563098,-59.777757014664
COYA,0.656439486191461,-22.3635911074372,-48.0279639789756
CP,1.21898605109744,21.2669366625936,-4.86149027461649
CPA,1.00194522755353,-4.14992663643976,10.4538281506696
CPAC,0.61497687604248,3.32552798761232,72.1696106669707
CPAY,0.856504333984828,13.5458606282664,-0.867292261865937
CPB,-0.003686138352787,-21.7109006548914,-39.1447597886636
CPBI,,6.07867818810859,13.0614542496746
CPF,0.826091848070801,17.7140919696951,24.8850020440046
CPHC,-0.379120881204725,-4.52798087665915,-26.3008501427951
CPHI,0.959354327387884,-6.05994523999903,-38.8973576506918
CPIX,0.082901363686103,71.0512761806435,68.31995131516
CPK,0.674645112263306,1.49794244026114,-2.04762439705568
CPNG,1.13662593829094,-27.8031634895762,-55.8199657068383
CPOP,1.9274734362437,-92.3683987912793,-95.9595327406265
CPRI,1.40531264749231,-35.5120595201333,-28.5397668853776
CPRT,0.995156834564825,-28.5850809862663,-42.7135187721773
CPRX,0.746386873406353,24.3177635283504,23.9370879474499
CPS,1.99404385856947,-11.3586672580106,0.034023479736556
CPSH,2.11719673843376,-36.5904630369993,24.0961298259262
CPSS,1.12787296108431,5.98792230309801,-8.47258040989716
CPT,0.782392328004711,-0.781638821240249,-11.8326801703104
CPTN,0.073417182474888,14.0286474911717,-11.1873218343761
CQFT,,,
CR,1.00408076628204,14.5356172935716,2.47576217292769
CRAC,,-4.36393622728085,
CRACR,,,
CRACU,,-8.48281774161478,
CRACW,,-7.54841165126248,
CRAI,0.639143079862085,-12.39270917817,-12.5430808639575
CRAN,,-4.6016870038648,
CRANR,,,
CRANU,,-7.66521920541674,
CRAQ,,-4.39728940353883,-10.9758001986867
CRAQR,,-50.0194704886834,
CRAQU,,-10.2428716922676,-16.9681902572479
CRBD,,-10.4407668225596,-18.4383893270022
CRBG,1.07764943794505,0.436901697406733,-22.5445016512252
CRBP,2.59372073745027,-10.1636423689885,-18.5156785505301
CRBU,2.37987957967051,-9.6963344565152,-44.0347413860065
CRC,0.938757801111142,-8.61790253220112,-16.7391247396541
CRCL,,-13.633157201783,-70.1532021707831
CRCT,0.185324630471141,0.238308431410128,-21.4329934646956
CRDF,1.51532348692742,-61.5785176031596,-81.1369376287124
CRDL,0.521384805766603,15.7226494208343,-37.9425841335732
CRDO,3.25780328883185,39.4056782376552,53.2072071100775
CRDa,0.77496577132185,0.713720947629137,-7.52092943414001
CRDb,0.585998982124461,-2.85315622208735,-12.4563920916608
CRE,,-42.7479765766163,-95.8582230138316
CREG,2.46232891780769,-98.4599991022951,-99.0945924251074
CRESY,0.767969376856406,-24.1688714587944,-7.73259374113161
CREV,2.51513451947971,-99.9999434096056,-99.99998413031
CREX,1.51903446023299,-10.5871767946979,-6.91665959494738
CRGO,1.18515828465514,-49.1666370346315,-65.3170485424212
CRGOW,1.15741640098467,-55.3251565136873,-46.334923473627
CRGX,,15.5009818072783,-77.6567678091534
CRGY,0.895909588091804,6.16652609535902,-5.95351958172418
CRH,1.19897048447057,-21.4634406356396,-9.74407744905775
CRI,0.857586728426097,6.33604592167636,27.9344657368952
CRIS,3.14208536676627,-76.1194492373261,-88.5866410511137
CRK,0.140116380756233,-48.2430850944009,-48.4583809859067
CRKN,6.34664993441399,-43.4224670195449,-94.1852970158365
CRL,1.37611200696474,2.88346634148879,15.5387373986551
CRM,1.15172610263336,-25.3922026038587,-42.2331540792401
CRMD,1.50992793237262,-10.9084641953539,-47.2286444767323
CRML,1.94288550273191,-70.8976075565624,19.910751975306
CRMLW,1.867958945297,9.55654299699873,153.418612418465
CRMO,,,
CRMT,1.25736835799017,-88.5772257173591,-94.4627818731392
CRNC,3.02729387807992,-36.3303875315231,-24.8764294351465
CRNT,1.37707393620667,-12.9732826032891,-21.6726127763139
CRNX,0.05028888690796,48.7362030052616,138.056453032896
CRON,1.23234364382908,-0.185315863431323,8.35217070837364
CROX,1.51188466129606,51.7553302920325,10.6844475997282
CRS,1.25178779729429,50.8548236028177,74.4586474746474
CRSP,1.74413044778887,-17.6769332134529,-35.8438844284937
CRSR,1.84047264663412,91.0826113868202,-2.14117069248907
CRTO,0.285395897810759,-1.10342667127822,-19.433562008285
CRUS,1.18052419565062,-1.30495481387551,12.525250410747
CRVL,0.974659189659798,-15.4059170868304,-39.7991861353924
CRVO,-0.630262459577958,-59.9189099690662,-74.6026387296567
CRVS,0.877270553890256,-43.3721861931335,146.202711413533
CRWD,1.24909380918901,43.316426428634,32.4689247826661
CRWS,0.67295481815279,-5.74471015691177,-9.12331390521612
CRWV,,-41.9238867779895,-47.5088562742498
CSAI,,-73.1754988141962,-88.5160060838624
CSAN,0.694535835880384,-35.7904241090982,-35.8506791362077
CSBR,0.403438772955703,-32.4462285015858,-24.499068338124
CSC,,,
CSCA,,,
CSCI,1.87158984157602,-12.9324828167056,-61.9114861552341
CSCM,,,
CSCO,1.00750825942229,37.9968420076374,46.3702254575686
CSGP,0.711880934709309,-56.9736958491267,-72.0565968732139
CSGS,0.80600382424478,-7.66412709713094,-2.48334732760084
CSHR,,,
CSHRW,,,
CSIQ,1.53855950020458,-42.0879707563064,-4.97432513430163
CSL,0.850062428279706,-5.62023738472251,-30.0479685086148
CSLM,1.04876913518445,-50.7246952025762,-93.6327506259177
CSPI,0.840834912246392,-34.1041721139941,-38.3884105314285
CSQR,,,
CSR,0.899095134437748,-18.2476310269165,-14.5810561059452
CSR_pc,0.220217042913223,-5.23885257816095,-22.4878830894973
CSSE,,-8.52212213175327,-17.1746692270584
CSSEP,-0.534181939683362,-8.52212213175327,-17.1746692270584
CSTE,0.385529305846639,-20.3049535437697,-3.23456543335515
CSTL,0.999579951756094,-47.6137276326699,25.8339106918226
CSTM,1.56959189603998,20.3956276959378,79.5605862453878
CSV,0.828441930553611,-8.89309341252813,-22.6255438531223
CSW,0.832935492637748,-10.877842618277,-9.11247364987344
CSWC,0.728839446025732,-4.2920400178262,-10.9970981223098
CSX,1.1996122690605,26.7829143615198,22.4569449794511
CTAAR,,,
CTAS,0.890733337454453,5.57877604688148,-16.1251096051387
CTA_pa,0.119064669913532,-8.68377624395349,-18.0452851652976
CTA_pb,0.144230733308024,-8.99211420482828,-18.938660116678
CTBB,0.391850051793131,-8.63344712728433,-13.4912943022118
CTBI,0.55142223208304,19.5990397303011,20.4623839424134
CTDD,0.399325726635358,-11.1019355802976,-13.6109040207131
CTEV,0.76718197608586,-21.2418253916708,-51.7224307089029
CTGO,-0.016416549760894,-54.4725410284762,-30.5019715554802
CTHR,3.34542253875171,-99.5824886455111,-99.9508493030773
CTKB,1.16280239259429,-19.117250148725,2.29898386186338
CTLP,1.00203447893241,-3.45400461804959,3.67218184858915
CTLT,1.1400360108618,4.53458885810805,18.7290641491064
CTM,-4.15060967359086,-32.1714461753299,-52.8191410857138
CTMB,,,
CTMX,2.12187869483739,-48.9903918503873,15.8845929538248
CTNM,,-5.59324518086489,121.044332077224
CTNT,,-99.2073807879625,-99.4855508542027
CTO,0.634273478510271,16.1527426518974,8.68284871742608
CTOR,3.52288215503193,-53.7644130481232,-75.097418289064
CTOS,1.38567920109863,51.918682307189,49.6205038677534
CTO_pa,0.299297182934712,-5.79281712219809,-15.1095938876366
CTRA,0.303391845187629,16.6807569069723,8.09960307859936
CTRE,0.775812420324228,11.0696884309585,20.3065872058988
CTRI,,-14.1081802685946,2.97918431123096
CTRM,1.40798100268245,-17.034250702616,-28.3850528317342
CTRN,1.81154799227552,48.77905793986,91.929549885142
CTS,1.04584019732853,19.2323154404398,34.2501638678314
CTSH,0.802931661489235,-44.1686455407484,-42.6233063667415
CTSO,1.38343760641627,-48.65905426706,-66.2154179856961
CTV,3.25421669844283,56.3744446046184,73.6418483166236
CTVA,0.555995595871849,14.4653133000286,5.67569557646483
CTW,,31.2967332473506,
CTXR,1.04408291374838,-43.4725141729332,-72.1851737869038
CUB,,-4.73898068914826,-11.1081922527783
CUBB,0.315589952263298,-11.712448153103,-12.8692132008249
CUBE,1.06171306183822,6.86435565578269,-10.6214404980732
CUBI,1.49387486571857,-1.50587592743409,4.13495503713981
CUBI_pe,0.029750372216596,-1.17132641107638,-10.6610837911888
CUBI_pf,0.036736655335267,-13.9330715472209,-12.5924882364612
CUBWU,,-5.88983553963281,-16.4279594858438
CUBWW,,-7.46449372498638,-17.3199728676007
CUE,2.47438097401071,142.506115078514,5.73022139654444
CUK,2.36144835853145,3.8443697552649,17.8159419564834
CULL,0.106081445930022,13.1596321137833,26.8557936373242
CULP,1.18115704452777,-11.7607928903421,-28.9538650049485
CUPR,,-16.6256976676964,-95.398044885648
CURB,,24.9244845863038,16.6377098676154
CURI,1.80524548753047,-39.2735793767804,-54.8750293241437
CURR,0.133659317501568,80.8346054130019,22.6491927840602
CURV,0.814425968344753,104.413559157762,-11.3798040332411
CURX,,-47.0986039747435,
CUTR,1.6335917174519,-98.5408314683549,-99.6966336257386
CUVL,0.853741169985089,-20.6602670039028,-22.1992032903592
CUX,,,
CUZ,1.15368742505418,16.5886159076176,-0.091756447429903
CV,,17.5582537828368,30.8990399655048
CVAC,1.8770140354509,-22.9271765706158,-9.6958972674974
CVBF,0.658018252128814,9.27720655755215,1.19261131152406
CVCO,1.28473556087998,-12.5626768348032,22.2352647657138
CVE,0.502439438230805,36.7146067713509,45.2841736980772
CVEO,0.70339347892354,28.9285062933666,20.4542435990496
CVGI,1.4465545271376,163.032153328003,98.6296205537545
CVGL,,,
CVGW,0.402683284292172,15.760739677678,-23.581731387
CVI,0.814578181995855,43.6129337382162,1.0481511073537
CVII,0.037464106635092,-16.041021588202,-25.0838947348595
CVKD,1.90573590712975,-75.2205367365352,-85.0701574761884
CVLG,1.30574586616803,59.8196149190138,43.5767473570047
CVLT,0.817228272203212,26.4970870895918,-36.8330990138423
CVM,0.619114895756745,-82.6838608737325,-88.0120251407951
CVNA,3.45575437266891,-35.0391503601141,-15.5156177719868
CVR,0.286012731783326,-28.1106277038992,-29.1731841651724
CVRX,0.81641451286654,-38.3284786389914,-49.4937233578603
CVS,0.5918279641776,42.6584109369237,57.6918192937917
CVSA,0.618450115054901,2.97369307575179,-4.56353520733845
CVU,1.03497833826822,12.3684865550251,28.763053315562
CVV,1.27182380686245,11.6004534042024,39.8242350259839
CVX,0.472609126216358,4.23706283277718,3.24068035156981
CW,0.87666317104659,3.70431080779288,27.767969458172
CWAN,0.586709410506457,-4.35078453272197,-9.01898175123413
CWBC,0.792150247974682,2.22535145165847,8.16299354809829
CWCO,0.508767467807538,-25.551829801152,-12.0677587581087
CWD,,-64.7517573940967,-84.4075306858152
CWEN,0.894593902435781,-19.786112937142,-13.7118269084502
CWENa,,8.51572374691707,26.2904198135208
CWH,2.09575417007521,-58.5713803446063,-69.8231195988315
CWK,1.4290286989342,-21.2357648971736,-0.501078581190006
CWST,0.745316868497004,-19.1273956847846,-27.6868783969374
CWT,0.480488576612005,10.6020761476078,1.77255091606212
CX,1.5316457448153,-12.4782098509308,22.730634408745
CXAI,0.995572246802298,-63.666877282055,-89.4000739651179
CXAIW,0.908323557321016,-50.57515034138,-82.0112999501001
CXDO,1.1249584390401,-9.23091755257292,2.58928016556332
CXII,,,
CXM,0.56187388940777,-9.63997781469419,-41.6401536807141
CXT,1.0887358822044,3.16766078312505,-21.3786473080375
CXW,0.573027594216573,54.2006365111913,30.9443455169575
CYAB,,,
CYBN,0.511284268703737,2.02486642816411,-22.5520171765498
CYBR,0.934032092284711,-9.91931419706387,-6.38474847644801
CYCE,,,
CYCN,1.76128799806894,119.193461106669,8.29065419128925
CYCU,1.15265286177012,-88.2809781686899,-97.7495846909989
CYCUW,1.02714798933552,-80.331461327821,-95.326838941128
CYD,1.43607841756992,-8.36897599775536,72.6596196158648
CYH,1.84928767802235,-16.2642962362931,-6.98516367237237
CYN,0.072778121704405,-49.3095744116826,-88.5803953251977
CYPH,0.086716485825377,-33.7369772247684,55.5389435083801
CYRX,1.88865744850733,39.303091955935,70.5657681773133
CYSC,,,
CYTK,0.390543978205138,16.5995524243411,86.5626542013513
CYTO,2.80875387103035,-63.7969481271073,-49.2726621224102
CZFS,0.372507782539996,16.8437374203021,15.3451031569069
CZNC,0.38349513881795,8.85943557137694,10.9997101455715
CZR,1.77086223210839,30.3755625607984,-12.4367470270862
CZWI,0.519949244684183,11.3749125686438,24.6238049936779
C_pn,0.105032894065732,-12.7919059705096,-20.0455692833635
C_pr,,-8.22463462262917,
D,0.628585687961762,8.52358362753587,4.72911860684231
DAAQ,,-4.21978745821644,-14.397435832694
DAAQU,,-7.89542093094359,-22.7904225667419
DAAQW,,-7.9090271380134,-21.4641276390765
DAC,0.877012454226636,28.8097957895677,29.5835447544359
DADA,1.32828866316235,39.9510697768747,22.5406317987093
DAIC,0.78442863072863,-90.9638613992761,-99.3186364171691
DAICW,0.706554574078826,-96.2682686867207,-99.4624132364177
DAIO,1.30596341561226,-5.13290522592009,-20.7020663010745
DAKT,1.68089051386298,-15.6761928837662,0.655438196910696
DAL,1.3062128619362,26.9341199561731,38.2313634593467
DALN,0.662990412970469,168.064511993764,226.292423793137
DAN,1.96948619580769,-14.0060615403268,44.6594375339741
DAO,0.578369803187431,32.6114907301074,57.8070309350667
DAR,1.02482264057891,24.7267727063468,46.2433498223617
DARE,1.10418260802821,-43.4929112230451,-60.028918531948
DASH,1.77108117550686,-11.4238063914188,-31.7586330989904
DAVA,1.01576663736543,-59.6405690660737,-82.9966062111175
DAVE,3.82187627726723,115.097376244732,64.0326389407104
DAVEW,3.87243039058148,35.8565773552554,10.6567347365953
DAWN,-1.66960016563166,177.302460438722,118.850320127089
DAY,1.16420369966248,19.5505010356245,-14.8331532039128
DAZS,,,
DB,1.19584504410011,-9.80299187556942,3.77917503251344
DBCA,,,
DBCAU,,,
DBCAW,,,
DBD,,25.3685289627954,35.2112429420178
DBGI,0.022885392913745,-95.4134778371545,-97.3962930291605
DBI,1.24662726611152,-13.6730321670035,62.0733292444959
DBRG,1.46930481407894,-3.18921534811344,24.3902788224916
DBRG_ph,0.423483408127467,-26.7412626148147,-41.3418477320273
DBRG_pi,0.502674675977984,-26.8281835674028,-40.7139284729686
DBRG_pj,0.404189404300105,-25.6064783732912,-40.6132712045862
DBVT,-0.91538730995548,-48.1100352184937,19.3407209455024
DBX,0.628330397485208,13.5212271242228,-1.86477399109103
DC,1.18146584972025,-33.3053991885189,6.6660902874772
DCBG,,-9.28620296617847,-21.2924541975053
DCBO,0.766041593780995,7.49247278226026,-46.8992451726218
DCCA,,,
DCGO,0.978654386537173,-31.9513980837767,-63.556737454483
DCH,1.60079785122991,-34.4522752234322,-1.32168363210584
DCI,0.9224220733664,-11.3495930537982,13.8729460289726
DCO,1.04382438683237,49.963070614267,68.4806772520899
DCOM,0.984798288041962,16.0318896717809,20.4192074607136
DCOMG,,-7.04990441699566,-13.8552118600772
DCOMP,0.748016606011846,-12.5550802735888,-22.3341566283072
DCOM_p,0.748016606011846,-12.5550802735888,-22.3341566283072
DCOY,0.657346991738521,-61.7806826555484,-97.3950476975384
DCR,,,
DCTH,0.526419895026597,6.26911189794428,-12.9308973224463
DCX,-0.843617049707424,-73.5206470645247,-99.9756023977696
DD,1.03084676460149,-1.18851148049512,28.5621460703397
DDC,,-84.7258021689535,-97.4627842531706
DDD,2.74655537576201,-1.36294250199898,21.772232263643
DDI,1.01386931624965,24.2191384696596,3.05668573042055
DDL,0.455309278220136,-20.8407230868523,-3.58462126899672
DDOG,1.54622114861931,70.5208084667466,43.1260992038196
DDS,1.14426928298601,-9.53300534550563,2.95881166512293
DD_w,,,
DE,0.89538000861551,15.7699582766213,7.79555059902208
DEA,0.936871219495786,2.11931814858726,-3.33039176982438
DEC,0.328612571558587,-10.7033699999991,-30.2289750042217
DECA,0.061616269081676,-92.7610898979058,
DECK,1.15365157070192,-2.53344158686801,-20.4684959305139
DEFT,4.07060271281802,-50.6250029137774,-87.7955564933454
DEI,1.17097939507359,7.24525263000111,-32.8768828737041
DELL,1.32716316930119,221.244509605759,151.949644860013
DENN,1.39296479869093,43.2003056235226,-7.49099665497624
DEO,0.515242439610996,-5.92237390825631,-26.6088907404231
DERM,1.09052939868132,-32.0227356037149,-29.3298735977397
DESR,,,
DETX,-0.368918069101446,-44.5154704460377,-68.4135865320393
DEVS,0.456177572731597,-92.8121624766969,-98.0056506700885
DFDV,,-57.8354869724088,-86.9661661642204
DFDVW,,-45.0273235460027,-91.7249281791975
DFH,1.86018506999472,-17.1837540057134,-49.032396153774
DFIN,0.686174298149149,-5.06749364341815,-30.5207770776234
DFLI,0.279713334949983,-67.007648328257,-69.5547223195401
DFLIW,0.238968769104756,-60.7003927995028,-30.2993915066476
DFNS,-5.75131220286241,-92.8426624944761,-97.888154198716
DFNSW,-5.82911411149328,-96.196547750446,-98.5709831346874
DFSC,0.906395251255263,-35.990909539101,-75.0116547746172
DFSCW,0.869352042143696,10.4794600802414,-50.749541551156
DFTX,2.24435915941566,125.499124584076,272.844594528597
DG,0.222811090668461,-19.8589414999504,2.40193044018315
DGAC,,,
DGICA,-0.032624595884377,-0.734779780296191,-6.80229025936384
DGICB,0.01629831917663,31.7451987487819,23.3201951170132
DGII,0.980404239899779,44.4336423495129,68.0163068663244
DGLY,1.33566126192423,-90.9176439947677,-97.0459934677747
DGNX,,-87.9357806386985,-97.6116145978861
DGX,0.547464972119806,20.300784412042,20.9060292279704
DGXX,7.04128748677165,18.731438305776,-17.2081063617317
DH,1.34430077637703,-72.203177101978,-85.5513295696952
DHAI,,1778.80109520002,-99.7451445344747
DHC,2.28364906349942,54.0082958143533,135.580602980582
DHCNI,1.10206510054661,-0.264784523024986,-10.4808819533238
DHCNL,1.14571620742959,-3.4621252762656,-9.26020316281722
DHI,1.36744361976047,-4.43516604400198,-11.0681678729653
DHIL,0.685327737317207,23.7443640036537,4.30719178404333
DHR,0.776690499082146,-20.6839113468581,-15.6350108932441
DHT,-0.136705831664577,28.3134179271431,41.5039865167299
DHX,1.20724594283632,113.311395062765,25.3604211407125
DHY_r,,,
DHY_r_w,,,
DIBS,0.810214026857585,-33.5663653837664,28.7089355105453
DIMR,,,
DIN,0.971014995603585,-0.430165225004853,30.8888656137418
DINO,0.679146442568746,67.9448826840458,70.7653437439136
DIOD,1.92449731021996,29.6844394202283,33.1413446668966
DIS,1.38886800134038,-16.0136333494576,-29.3354097141553
DIT,-0.213446752768989,-14.5521899475258,-25.5861979543264
DJCO,0.837957198617222,-5.25283681022387,25.4499265643488
DJP,0.145905233071868,11.9059292950433,3.61656284831924
DJT,4.08395732781668,-34.0818365746584,-54.7729883025982
DJTWW,4.11821760875877,-31.1509494382999,-64.8949912467585
DK,0.553468606675909,109.12568021723,131.334543546431
DKI,,-35.4841238011297,
DKNG,1.65056933140346,-23.1881717638252,-52.1757502954773
DKS,1.2155228609682,-3.52213510217481,-17.1683451866631
DLA,,-8.52212213175327,-17.1746692270584
DLB,0.806824466955651,-19.6089915996146,-40.7272911158411
DLHC,1.45700720900512,-19.0813389691081,-23.1178739059534
DLNG_pa,0.273558204366159,-7.25529024817269,-14.7297285442201
DLNG_pb,0.142256634729158,-5.47804532064395,-16.7561856913261
DLO,0.95182676161156,-3.86327270778442,16.4589761481489
DLPN,1.90553149428207,-40.008522860797,-28.7631686221526
DLR,1.03829421310697,11.2241957497977,-5.43973164587875
DLR_pj,0.525574980207656,-11.1993868657841,-19.3443790115156
DLR_pk,0.530055435860589,-13.7086764544881,-20.3570226353084
DLR_pl,0.617188794391672,-11.9372039597424,-18.0019184804285
DLTH,1.39409729013432,63.5393665862365,60.8082584102698
DLTR,0.644182795381564,-2.26656811081976,-5.54362732070113
DLX,1.2048763425358,4.8355611112634,38.9177689864105
DLXY,,-60.1524332690346,-93.4304068477326
DMAA,,-3.35273905095,-10.2574829932334
DMAAR,,-52.0988748491128,-39.6090858190495
DMAAU,,-2.30362322419437,-12.3219433420715
DMAC,1.00437238732512,-28.7942963919627,12.8717585458976
DMC,0.242068765862763,-31.3781395053438,-30.6434419159957
DMII,,-4.64518537915564,
DMIIR,,-39.7049377275723,
DMIIU,,-8.47200394245865,
DMN,,-99.9980690636226,-99.9986767120059
DMNT,,,
DMRC,2.30796015789992,-0.705056125015258,-55.6961079126966
DMTK,,-6.41158077376294,-99.9981770346288
DMYY,,1.13748152190125,3.81124424469221
DNA,1.80242929508363,-25.5058268123576,-52.5569025047332
DNB,1.15121378406254,-7.8879315662147,-33.9938887363072
DNJF,,,
DNLI,1.00585727483195,6.31803844602463,51.7703563269134
DNMR,1.48263694347753,-98.9085555432321,-99.9205258390442
DNMX,,-5.20852480410778,
DNMXU,,-9.37705885516531,
DNMXW,,-8.32262262388318,
DNN,1.59142148297535,-32.5131465059807,-1.32979306036966
DNOW,0.819037493541635,-12.3310615051643,-24.8465985183858
DNTH,1.22801202250722,89.7286615814688,292.273521097817
DNUT,1.26537654907422,-8.57619670678476,-31.5657267298343
DO,,9.36718662542955,-25.1220573113198
DOC,0.979732308654048,21.0452879516218,13.7214995138837
DOCN,1.62725358830328,75.4223329634475,231.9864011616
DOCS,1.27823003034687,-48.3040355735518,-69.7682926468653
DOCU,0.848538889676054,-5.12766393148224,-40.114592774722
DOGZ,2.18328966535629,-44.2100452564217,-90.7743813108813
DOLE,0.64008444046924,-14.7470038753308,-15.4713238868412
DOMA,1.59483295339493,26.5041540938473,5.94717701841725
DOMH,0.905257895230225,-41.2260663719555,-51.0793319211822
DOMO,1.74671069053098,-41.905492451052,-79.862292294419
DOO,1.02760262537432,-24.532056217197,-0.220870894075975
DORM,0.966363099627244,8.20981285694213,0.765765790444828
DOUG,1.87799745418362,-38.765001341629,-47.068480237049
DOV,1.16324682197718,-7.95451934449002,-5.54444287366754
DOW,0.424692093140761,-2.5469047167915,-3.48129868195843
DOX,0.411211134543223,-37.4303131259862,-45.6395669746161
DOYU,0.91976719170646,-33.9150900704986,-56.1923552892882
DPC,,,
DPCS,,-0.781002575563305,-12.226806161404
DPRO,3.66126982730633,-54.1106730448643,-39.0549054217118
DPSI,1.96344067833183,40.5856000386875,48.7877970708851
DPU,,-23.924613773418,-84.7845042081645
DPZ,0.930624974112355,-20.4504530607738,-36.4453779865969
DQ,0.670299723259096,-59.1039805692134,-55.5683270516423
DRCT,5.29082852520279,-79.6779511167338,-98.1634132084044
DRD,0.478329201398601,-49.226234770522,29.8048037075214
DRDB,,-5.1661293050799,-11.2682970235314
DRDBU,,0.192790543911858,-11.5321975209576
DRDBW,,-8.77313303160348,-18.3608198208515
DRFY,,,
DRH,0.99207464180668,32.7347584554824,40.6112926407978
DRH_pa,0.323467768409314,-8.92208305309317,-14.4823813595304
DRI,0.585340671150074,-1.2508251182072,-12.3473995082942
DRIO,1.08961211527568,-36.3974064655639,-48.4344242110949
DRJT,,,
DRMA,0.652717566286729,-55.0325706865887,-84.887331949883
DRMAW,0.680861669497362,-53.5627497513533,-86.3456143036871
DRRX,0.934361822464885,97.8904539868263,2.57253881884754
DRS,0.341388773966388,9.64872141223072,-11.964743297752
DRTS,1.18490165112721,48.2250864040999,231.152820516962
DRTSW,1.22130839079793,64.6857457400589,150.606071110625
DRUG,-0.040612415430554,-19.2116616804095,66.6023977272194
DRVN,0.939645002195552,-10.825452139682,-24.5679330618929
DSAC,,,
DSACU,,-8.92583884409508,
DSACW,,,
DSC,,,
DSGN,1.64470978002193,5.29447119935895,152.718527680104
DSGR,0.519719736101043,14.1454068890819,0.698279589599959
DSGX,0.200965317092733,-10.7856190799034,-44.273541133458
DSP,1.09362184350836,-16.1697547467705,-33.9340192816717
DSS,0.967886582249655,-58.383792001037,-59.5957967085327
DSWL,0.601972465015074,3.27474259609035,4.04848252637737
DSX,0.490458637815344,-9.80092087203446,15.215908372905
DSX_pb,0.066530968127361,-2.99548950827958,-12.3114289684356
DSX_t,0.46499461259147,21.7697023572553,12.6437844387364
DSY,0.591517275235417,-44.6407902297358,-89.0463117966819
DSYWW,0.067233758088737,-18.4743852111562,-83.5162048156823
DS_pb,2.13124440203106,-38.2344139952994,-32.1351752239264
DS_pc,2.13124440203106,-38.2344139952994,-32.1351752239264
DS_pd,2.13124440203106,-38.2344139952994,-32.1351752239264
DT,0.720804253795519,1.40074757718325,-30.9814971469655
DTB,0.740289756354104,-11.290037693092,-19.6328926494059
DTC,4.67539239115156,-50.4168041922962,-81.4970486875149
DTCK,,-81.837776549081,-95.1418265959656
DTCX,0.286971647122997,-31.6799601745447,-88.9556703355741
DTDT,,,
DTE,0.397573152620163,0.400667247153508,-8.51922707441339
DTG,0.736446245599272,-11.7106339495567,-19.0581908062872
DTI,-0.630909636189417,-45.5629426262559,-13.6039971869166
DTIL,1.27354327000911,63.0872137116724,20.9251705172713
DTM,0.741656477411724,5.62710928477557,19.5982146476364
DTSQ,,-1.36728755541065,-6.12925792039152
DTSQR,,-57.0682384167399,-34.270441243907
DTSQU,,-6.46853624746687,-13.6849133860996
DTSS,0.756011600196926,-32.7003812821942,-66.1517841403185
DTST,1.14642612461452,-31.06713574324,-42.2323111909107
DTSTW,1.12852449805312,-8.26406687168842,-17.8719636928464
DTW,0.575804332207107,-11.5674100433656,-19.9083738101856
DUET,,-10.0515666926712,-21.7994460509372
DUK,0.363889600569574,0.929525955462007,-5.47267752537274
DUKB,0.381963208781689,-13.8075028192495,-21.311790556074
DUKH,,-10.4910038554927,-19.7301797209537
DUKL,,,
DUKR,1.60447978099156,-41.33209842484,-44.8272357065456
DUKRW,1.55979779398565,-5.28842147089199,-0.695376754087928
DUK_pa,0.343254412248988,-8.41874294820152,-14.9253707327984
DUO,3.1842687812437,-60.3886102428663,-76.1518125341992
DUOL,0.844283774314556,-9.50038399250456,-64.4491445816612
DUOT,1.33044436344277,-34.4623986196022,-14.2635651034985
DV,0.972869765524246,-3.22109743131768,-39.4459107843274
DVA,0.873057381412966,112.99957875987,41.7441696989809
DVAX,0.926972752276672,36.0339907318507,2.61691420711905
DVLT,0.333577125531842,-57.5119443446217,-56.5961537943801
DVN,0.441145028498972,1.58384628800103,7.63699849713033
DVS,2.19513401411559,-49.2080872743657,-32.2089246203274
DWSN,-0.105763124538306,78.1621728206915,154.000245842349
DWTX,1.73323181040429,-55.60759607378,-72.3399864309268
DX,0.933200313657088,-17.7227878594564,-12.3569755148375
DXC,0.775400318101974,-30.3934290905787,-34.2959148128724
DXCM,1.41159996817356,-4.5552721761087,-28.089725084693
DXF,3.08556413776111,-68.1687737524766,-92.6571621142796
DXLG,1.29436620556991,-18.0486366241725,-61.9082098848763
DXPE,0.989737219750432,18.3164839008672,23.3484148412962
DXR,0.266973740408548,-21.3473598117916,-8.89645809074375
DXST,,-94.7393569334399,-93.7848150988019
DXYN,1.46234017000157,-29.8956367647879,-41.1916747612374
DXYZ,,48.7829982213998,-20.2105685725581
DX_pc,0.290539459181616,-7.04187676467101,-15.0165838272674
DY,1.54947013779235,0.706084259614248,30.7993094244441
DYAI,1.1055798378579,12.6175729988702,-17.8607722597449
DYCQ,,-9.66822773426658,-4.76441635323684
DYN,1.0514503304276,34.8695908139703,139.286287650183
DYNCU,,-17.7865425699773,-15.1808454538423
DYNCW,,-5.98483013654719,-14.5364442073721
DYNT,-0.280490313146053,-99.9979559714424,-99.9991209853761
DYOR,,-4.9642500494068,
DYORU,,-8.83692129211326,
DYORW,,-8.09515942641146,
DYZH,,,
DZHE,,,
DZSI,,9294.0054760001,-13.9862803852046
E,0.407840972278903,15.1161002828702,25.9611993076144
EA,0.638734660912714,-3.99148976013406,18.2030766230826
EAF,1.80143784324144,-56.5647428924258,-59.7204044730714
EAT,1.23843769902485,18.3970783624044,8.51062604325477
EBAY,1.36076514940829,15.885714611497,27.8664712855896
EBC,0.677965398871634,9.14101083364691,25.6590010501509
EBF,0.258495487884398,6.49134120644337,3.96688693362077
EBMT,0.342844113856005,2.08239237866403,23.4679276078397
EBON,2.99913719415389,-39.1372662165097,-59.5166123893201
EBS,2.35177552473479,-43.8050899921762,-7.262494043635
EBTC,0.77693326447769,-4.86454298880371,46.0237364598766
EC,0.539341813822978,13.6904485359951,58.8794844226618
ECBK,0.447686612737078,10.6882245229269,8.51042511208824
ECC,0.34974361147068,-34.5866229697216,-57.8111461388508
ECCC,0.253636310419276,-4.89500453246496,-9.54757271873983
ECCF,,-7.87815517396075,-11.6734814975337
ECCU,,-9.24994105299772,-17.3080439662563
ECCV,0.197778255799349,-9.21789300259407,-17.3792532162439
ECCW,0.285820203155536,-3.57766176436632,-16.3687100214219
ECCX,0.12454063344553,-7.65358346962299,-21.2468816894548
ECC_pd,0.325173966591987,-13.3672340066422,-19.8301408271574
ECDA,,-99.9451962244063,-99.9939561737881
ECF_pa,0.158586172096934,-9.85484588242751,-15.8684629555989
ECG,,17.3424892862537,39.1387932998823
ECHO,1.04536537246465,-35.8376209718871,148.275409019126
ECL,0.885723451234192,-6.45344260056927,-9.87339798131179
ECO,-0.339187614715173,38.9455562800014,103.194353826855
ECOR,0.94785790464451,-27.3991201156845,-27.1455420787059
ECPG,1.2722944691163,62.8203732420765,115.146471336956
ECVT,1.09787705790288,6.47115682090267,19.7388729552859
ECX,1.00254442334771,-46.0344366272335,-41.5755866767427
ECXWW,0.996509937630774,-34.6447252231268,-44.3236946874942
ED,0.261036427541332,-0.148008238966213,-4.61659415265604
EDAP,-0.049334271951862,37.5064569675376,241.798780895515
EDBL,1.81301053966883,-99.0105787093739,-99.8111893959675
EDBLW,1.67806933681805,-98.3262783329631,-99.3479564026072
EDHL,,-9.32175269694352,-71.2598388787102
EDIT,2.14743975422847,16.6459447730818,-23.8662346652824
EDN,1.46349085112552,-27.0857198969374,-23.4662059587552
EDRY,0.683782152930654,69.4400246967425,94.3790322617419
EDSA,1.12451644961373,238.320342142902,83.4713246719027
EDTK,-0.434315936433501,-14.9979310326982,-17.3558900195986
EDU,0.247763453515574,-14.7540578656343,-7.65933588595518
EDUC,1.05025488281613,-5.39839555859057,-8.20923951555412
EE,1.22926738808792,-1.55018966336787,34.7981592451853
EEFT,0.796770082514056,6.66392384853134,-31.9945039567303
EEIQ,-0.669860461316444,-49.576294136176,-80.2861221160832
EEX,0.596619602880831,-5.66219741351388,-18.1683087583342
EFB,,,
EFC,0.930536424542542,-4.79523246088159,-10.8955733348258
EFC_pa,0.580070462767972,-6.92637039673329,-14.1620309688652
EFC_pb,0.380781009759408,-4.06996094045264,-9.14579180842863
EFC_pc,0.266856239240447,-5.83795219999903,-12.8216183115673
EFC_pd,0.625351766293324,-11.1272510984223,-16.5593982403455
EFC_pe,0.772970714846788,-10.7983017991564,-19.0130468635396
EFOI,2.18253553475319,15.817649735219,16.3912479080208
EFOR,0.460876281899912,-56.8614206365787,-63.157351122992
EFSC,0.802195634198447,9.84368127562678,1.7884954363099
EFSCP,0.68036361239615,-8.96672672166851,-14.3708405595371
EFSH,,33.0817442433347,
EFSI,0.211095331695501,-2.24548147799143,5.93809168078985
EFTR,2.38088524951851,174.43363360474,65.6506615458833
EFTY,,-6.05994523999903,
EFX,1.27613595248449,-15.5474256539183,-33.2380749435192
EFXT,2.05398568568165,19.5751944289447,110.161294972249
EG,0.27052121627074,15.6198673606606,3.49681608697432
EGAN,0.807724042387447,-38.4714901998477,-8.27857985521042
EGBN,0.957543924404982,2.10406411318633,47.3705190020545
EGG,,-41.7556373253696,-42.607307927781
EGHA,,-5.69477495910494,-12.1145673965542
EGHAR,,35.7648693694824,
EGHAU,,-5.96462485611233,-15.0948920921719
EGHT,1.8152830707707,5.54441446564815,-22.6888449579956
EGIO,,-5.10454161900352,-99.9991790310751
EGO,1.39651265503057,-35.8085474580158,24.0251308426496
EGP,1.03405634387207,10.5700118106485,12.1224551971814
EGRX,0.695021384357254,-0.691942110856114,-91.3753180874053
EGY,0.092848204177221,-0.336706609662829,11.9508464058549
EH,1.19951867238161,-62.9053589342574,-76.2157313571753
EHAB,0.949563340787752,52.085058951235,2.4627116722499
EHC,0.726420232354092,15.0745835494395,-6.87532064099361
EHGO,,-42.5638252146733,-85.2491715599627
EHLD,,14.5981686539827,-9.34153952600559
EHTH,1.49155130264344,-57.9741860284206,-70.1585054397649
EICA,0.09167183343855,-5.2781866845914,-12.407081126671
EICC,,1.93373855351673,-14.1250646544315
EIG,0.464738451291966,7.93710131886061,-6.07286780700769
EIIA,,-6.12096847095727,-13.8773897285395
EIKN,,,
EIL,,,
EIX,0.644715949328008,19.6786998131962,31.2996879293004
EJH,1.11829743777274,-95.4314866986018,-97.4356158127266
EKSO,1.01727722246861,130.073523946104,284.118663975124
EL,1.23812483169871,-31.6264201227234,-21.2098709754225
ELA,0.430774357851729,47.4231673746457,209.215707993357
ELAB,,-95.670150887329,-99.57335968108
ELAN,1.67195884719834,-2.62590587021834,50.5535064862538
ELBM,1.74970771477623,-52.4070230550935,-67.081654490231
ELC,0.308102219904938,-10.6249216980839,-16.6972691086055
ELCG,,,
ELDN,1.00212839598291,45.1800846290924,-9.45924251074164
ELE,0.446936474801532,-29.2860746517795,-17.8488396458311
ELEP,,,
ELF,1.55881278467882,-8.90858289731257,-40.1921966134411
ELLA,,,
ELLO,0.972399932067454,-31.2138573387392,-3.94333770392397
ELMD,0.517056378875436,30.5899071100295,80.3410329470061
ELME,0.788858548396893,-32.5990638493266,-91.2118804991269
ELMT,,,
ELOG,,-30.9264303235287,
ELOX,,1093874.6377051,1001568.86205957
ELP,0.74306755253309,-2.50267580999256,45.5692135316935
ELPC,,2.78563430425718,31.6837183035472
ELPW,,-99.4953452872195,-99.9961790059171
ELS,0.655057186729472,-1.40027956668897,-2.81318211588575
ELSE,0.63485490755955,68.3031943327542,36.7017635413871
ELSN,,,
ELTK,0.773685431705645,-7.35567013324041,-29.310563764852
ELTX,,-67.2043595808281,-74.976284727451
ELUT,0.869740213616821,-14.0448498945991,-60.0494652550569
ELV,0.682927554341937,12.211994681578,16.0153579516576
ELVA,0.558289830175698,-29.1091041327211,40.067061127388
ELVN,0.271902107142022,93.0511217086259,123.710574092472
ELVR,,-21.6672153034703,
ELWS,,-45.1648819632545,13.3679060647304
ELWT,,34.4090402880983,
EM,0.686044099703015,-15.7728803314849,-12.148362655367
EMA,0.455197860046998,4.08263117112746,-7.37470285955715
EMAT,0.102085315117881,-37.1751110571302,-61.8118359693415
EMBC,0.780506053795178,-67.5726157126535,-72.7458734848089
EMBJ,1.42747136475632,-18.7593142650086,25.3996178135939
EME,1.15790221984551,-7.43177325807799,-3.88784539385915
EMIS,,-4.84600815065509,
EMISR,,-10.3632410542804,
EMKR,1.7228385782139,179.609227115147,-37.2592720042352
EML,0.83684156786843,27.3931520384235,-10.693539098377
EMN,1.08052297157124,-7.12310894738152,-23.5956869436558
EMPD,-0.379741975303699,-42.9177132041845,-78.8811842897006
EMPG,,-6.05994523999903,368.087201414686
EMR,1.2294753863523,-3.42629028837443,-12.6455527513908
EMTX,,,
EMX,0.371218049211978,69.4190489695345,97.8196770410981
ENB,0.794457017415166,10.8125581752748,-2.46674848581632
ENFN,0.90976482739596,35.0524805370418,9.99380937289522
ENFY,-4.54827039051802,-99.5372411095566,-99.9818593863514
ENGN,-0.275414933334567,-85.1184071667325,-58.4109487576813
ENGNW,-0.277901133355762,-81.0939174896707,-57.53478768696
ENGS,,167.478750427305,-20.4725608807465
ENHA,,-74.1080645089351,
ENIC,1.0116841950623,-8.77376904417684,18.20124362159
ENJ,0.252386113796307,-15.5304875211328,-19.9196067512464
ENLT,1.34400258158175,49.4820319901501,141.718433991627
ENLV,1.63574455815028,-88.309682074311,-89.8057813789872
ENO,0.37599327609244,-12.5867976798999,-17.2566142047318
ENOV,1.10254968831157,26.1651690862251,-7.05984615560904
ENPH,1.64895471360639,-14.5528978491551,-10.6146410183299
ENR,0.731521774761813,-5.54117825559036,-20.6669576368391
ENS,1.20982244305607,-4.13821862086063,68.6195910902179
ENSC,0.846518059476421,-72.1585148839766,-90.5722953609984
ENSG,0.67061216792161,0.030127500125432,6.59461774430665
ENSV,1.42322796582683,-6.05994523999903,43.3561993579924
ENTA,0.990974611237249,-8.73774341112388,35.0726032805194
ENTG,1.3651334555726,-7.81532372359676,10.4715338009155
ENTX,1.31386091064283,97.5771474307117,36.1187990020549
ENV,1.22541631403005,-18.7870036148142,29.9113703730465
ENVA,1.22258512888571,48.3502297871315,104.74915630729
ENVB,1.14166676826384,-71.8285743335285,-92.4339783672171
ENVN,,,
ENVX,2.33377058302218,-48.3459809699164,-77.3257326115048
ENZ,1.27794088172622,33.2044541475843,-40.1689988646484
EOG,0.255106396158126,20.801079719003,-1.26629011911191
EOLS,1.34979213269833,18.0418465873143,-42.3485629306005
EONR,-1.42455884808625,1.24087662589503,29.9823076257602
EONR_t,-1.43987798976451,25.4170054091275,-12.1341589082451
EOSE,2.78102815910798,-78.9088617893935,-53.0960784624821
EP,0.299442814984386,-19.4104849008408,-57.8754219284043
EPAC,0.851590541615582,-12.6538824003902,-17.3724718851913
EPAM,1.37232947846229,-56.7438016056499,-49.0093443001567
EPC,0.390900258983653,38.1011621458777,-7.11963890335114
EPIX,1.55019121629799,-16.3808403157372,-76.4741888745176
EPM,0.291663577224256,-9.53002641846873,-38.0769079696246
EPOW,0.188181178534097,-48.099417259668,-53.5328181391335
EPR,1.00414228355714,17.0520015916944,-2.42676462744899
EPRT,0.880961187240947,-0.083639569382654,-9.38495570610652
EPRX,1.47314059089231,-35.6469169074385,-15.7537500467493
EPR_pc,0.913180871831612,15.4115676593966,-2.12231905902589
EPR_pe,0.650768872713009,0.788850636660077,-9.67882167063684
EPR_pg,0.70353316464333,-5.33871641266697,-13.7398227358785
EPSM,,-44.3775991552626,-91.3666526780689
EPSN,-0.17767167172959,8.01124439704752,-24.8758378364367
EPWK,,-79.907266065222,-99.9723993315122
EP_pc,0.146869433218513,-4.7631267523917,-11.0487975271942
EQ,1.83242857498325,67.6468669563094,347.827265498935
EQBK,0.779864030410702,5.02333315054493,14.281454937771
EQC,0.548640297703438,-91.9565781897684,-92.3932646374067
EQC_pd,0.23273500304022,-11.8557958169695,-24.2919153003633
EQH,1.07420775354453,1.01674950133785,-18.8031802030821
EQH_pa,0.719704610427457,-13.2929722699991,-18.1584304302142
EQH_pc,0.811736189291966,-8.97107923732922,-16.1520934690303
EQIX,0.970262173666521,20.0849917471862,12.1596707247388
EQNR,-0.010988558511102,36.6952812040014,26.2172181617417
EQPT,,-43.7697103355488,
EQR,0.742701296090926,2.91839627688602,-11.543963622241
EQS,0.118247081971057,-14.9093706884049,-27.8408392493327
EQT,0.577477704161336,-10.8078803730629,-14.4005248449175
EQX,1.27055218314464,-48.9274212089121,25.1232964189791
ERAS,0.668890446772201,62.4715613753921,818.828910708639
ERIC,0.974184829683478,-15.6991587797291,15.7296605343469
ERIE,0.290106473361078,-16.4261010074604,-41.0285462493924
ERII,0.912127927420096,-45.5043881226514,-47.3385390113497
ERNA,2.59030518316439,-88.3060828384964,-93.4971826636772
ERNAW,2.51503495080142,-83.1373413171121,-91.7999751171539
ERO,1.57093275636427,-30.2966156610895,43.9647894742589
EROC,,,
EROK,,,
ES,0.698803670435303,0.270999976730479,-0.512821083776804
ESAB,1.15189269066359,-28.7621251403326,-41.7252638817332
ESCA,0.590439980922727,31.2126186219396,34.4978681712486
ESE,1.1103625133356,32.5701201930474,42.3148382871843
ESEA,0.478142382609586,28.6463894565979,26.7421804300766
ESEAV,,,
ESGLW,0.574915620519589,-82.6721060040073,-79.8995222252495
ESGRO,0.292750495428692,-25.2749564409083,-22.728947984655
ESGRP,0.297107347830731,-11.4944938624784,-12.8394307903406
ESHA,,-3.10248336849562,-18.597585314263
ESHAR,,-97.5312270761655,-94.8499077312049
ESI,1.27334464383922,17.0642539685912,32.078282117797
ESLA,0.901249216183548,-34.2858588898498,-30.0203596394844
ESLAW,0.861683678572213,-44.4582045796462,-15.4527201466693
ESLT,0.464403249634967,11.2756143823483,27.4125175983269
ESNT,0.754970614239661,1.68162071853599,3.32687515858294
ESOA,1.39651714388017,55.0216912432034,22.5858409282833
ESP,0.366873893120866,3.16726074322735,5.94397119949084
ESPR,1.09386659789388,-16.8359438499816,122.581217804087
ESQ,0.379665844218558,9.6010259376399,12.8509908315056
ESRT,1.35389609076171,-20.1650585673265,-34.1221037862324
ESS,0.702424898016147,9.90833404010443,-10.5355251414411
ESTA,1.06753118215655,32.9190305226188,86.0795864547953
ESTC,0.981462492461702,-21.4001967044454,-39.8891291010714
ETD,0.998717841309053,-7.99286817744762,-30.75828730049
ETHMU,,-9.0759154191359,-22.4224888451794
ETHMW,,-2.1608889130878,-16.7634049646957
ETHZ,1.40056670396282,-0.047781735358965,-84.2751550394944
ETI_p,0.322958098904589,-6.52553446004753,-11.5105256993884
ETN,1.19153592018402,6.34920587238188,-15.4097684631559
ETNB,1.23969557476682,49.9405060332846,58.2720176502666
ETON,0.844631371135626,191.439026270056,167.025958564628
ETOR,,13.3728401583996,-48.5543138429932
ETR,0.49184034025401,9.24981311496487,11.4566334463985
ETRN,2.02079449794312,5.49994550408719,10.4887671329618
ETS,,79.8662659859734,
ETSS,,,
ETSS_t,,,
ETSY,1.8205090681669,38.5467599368461,18.5275909974719
ETWO,1.28683685959653,21.5030473395523,-35.3951867900151
ET_pi,0.54546839773484,5.71527053771696,-2.27912619691407
EU,1.24307420057586,-66.4481982887245,-70.2187432955869
EUDA,0.604487814302244,-33.235461081285,-74.0655602979632
EUDAW,0.661439188936636,-71.331176597194,-83.0435733183042
EUPX,,,
EURK,,2.66005087449435,-1.03142837523301
EURKR,,-24.5557278873527,
EURKU,,-3.64748057459149,
EVA,0.7361529553228,-99.9847841221884,-99.9933368401601
EVAC,,-4.80555281738774,
EVAC_t,,-7.76208713759989,
EVAX,0.296697784839701,-34.4059468009968,-17.9426184254081
EVBG,0.970340200571154,32.449596905098,4.03300958138193
EVBN,0.789690464254877,0.715377155488417,42.0048278860202
EVC,1.75464153189958,226.9951587665,291.720814745714
EVCM,0.902290593456201,-7.52414625758723,-11.0969306307024
EVE,,-8.67590550619594,-17.8131976447394
EVER,0.592828864561333,10.0290115070762,-7.33045684358349
EVEX,1.13993943251931,-44.8074018796157,-68.5472219319032
EVEX_t,1.12459708056193,-46.3364409876777,-61.5018334323023
EVGN,1.37815158236563,-56.9078320233576,-66.7704809769404
EVGO,2.82332680813542,-49.7959707348192,-60.9464169994104
EVGOW,2.77672468444813,-41.7793398487609,-65.0022153112574
EVGR,-0.007853872158801,-2.55256055241259,-10.6531196813911
EVH,0.801628329669013,3.33406023600109,-66.6641128125042
EVI,0.062640781113658,-44.3727518872151,-43.9073185918746
EVLV,1.79475791900749,-19.3152903901832,-29.7847186817996
EVLVW,1.76544209395465,-21.8722873049204,-8.02825882105764
EVMN,,-46.0803257117341,
EVO,1.9741201326074,-49.6933040083055,-60.4256125715965
EVOK,-0.111192583024653,258.798816476889,115.733445844405
EVOX,,-5.21108932349301,
EVOXU,,-8.47989190695709,
EVOXW,,-8.18531252297038,
EVOY,,,
EVR,1.4984371682917,-12.0063034145406,-3.19405193085924
EVRG,0.51775126343872,4.38325451733925,7.78138124931798
EVRI,1.21948751577115,0.564423976330008,49.1843401523898
EVTC,0.693330344194248,1.51066959834123,-18.1922032881918
EVTL,1.54983384641841,-76.2955002007474,-82.8985977201806
EVTS,,,
EVTV,0.859121066259826,-36.0576097852094,-23.2696994625723
EW,0.85632102748205,-5.97005045075499,-8.29878892386183
EWBC,0.930470747197103,8.77661896415984,8.73651220389709
EWCZ,1.23689590918322,43.8281410725723,23.757124340952
EWTX,0.301857316924246,29.1035834320858,143.383841967531
EXAI,,-12.3038705644403,-31.0020611325386
EXAS,1.4019872217458,99.2296243377891,98.0458935461851
EXC,0.298816642385419,-0.863172190594541,-6.25871746196791
EXE,0.329040572995306,-23.584142185671,-22.4097171068818
EXEL,0.430977161597696,21.3660835502436,9.49842972363348
EXFY,1.6744759561824,12.1017986802678,-31.5713075064516
EXK,2.34358377634387,-45.9549291498857,10.3488445909668
EXLS,0.805019660821014,-29.1679458675517,-37.8020165836166
EXOD,2.98142266467947,-67.3515830356069,-86.0658292222945
EXOZ,,-62.3212177808565,-61.8679731682519
EXP,1.38110501010582,-4.97294355857037,-13.5463224675659
EXPD,1.02886018295321,1.67448028134463,27.812689115536
EXPE,1.21112967730549,4.17083601057469,35.9371560422117
EXPI,2.10080261526027,-58.3179889475492,-69.0719899059501
EXPO,0.685124062442258,-18.225477977768,-21.3547366020298
EXR,1.18456764179171,2.28639913455719,-11.7244402766636
EXTO,,-27.7234144049003,-57.8280948247705
EXTR,1.78918612122984,91.6504926702333,43.8679002369055
EXYN,,,
EXYNW,,,
EYE,1.01249087119769,-22.3927047607719,-23.3676787255438
EYPT,1.78957799621267,-28.9359231543573,2.56471451574811
EZGO,1.66538423748064,-99.667406209136,-99.9431114185133
EZPW,0.67154053934485,32.300011485721,94.1286354040913
EZRA,0.187822230116406,-83.0969367116683,-96.5438110878055
F,1.81248457010168,0.886088959771336,14.0749331061472
FA,1.14512229455181,46.0512541614907,-1.10316819620436
FAAS,-0.028711134751598,163.032153328003,-94.9318515378488
FABC,2.92452961564828,-18.5414909773418,-73.408209548394
FAC,,-57.2833441354231,-60.0115410053664
FACT,,-4.26548383102098,-10.9828915334755
FACTU,,2.39373406429042,-6.42339899728445
FACTW,,-6.93996232957768,-16.2288377546979
FAF,1.22075270919676,14.8817354364541,12.3571954572147
FAMI,1.98682425389305,-91.3494464911189,-92.8670390529388
FANG,0.406366726794496,12.3508177545374,8.74861089086931
FARM,1.13195538589718,-30.9820592040231,-43.0675834121494
FARO,1.61706393381202,35.6508754411289,124.065014018026
FAST,0.711202743100842,2.81038985110458,-11.5970103959047
FAT,0.781586033922313,-99.9638692097077,-99.9964748475568
FATAV,,,
FATBB,0.86753214618268,-99.9720970134376,-99.9907661063216
FATBP,0.212650603097345,-99.9998677273236,-99.9999675419926
FATBV,,,
FATE,2.5382300261739,66.367119880307,53.501407312558
FATN,,145.689373987695,-42.5072123151433
FBGL,,-36.242357695309,-27.2633218805149
FBIC,,,
FBIN,1.30116348507567,-13.3682780200641,-22.1258030281783
FBIO,1.19831349442589,-7.9604665790742,47.2659138859377
FBIOP,0.843878679348485,40.6476797524037,127.590603663408
FBIZ,0.645081413663126,14.0095946442281,21.0537349004949
FBK,0.936650965308674,-1.98488251820784,3.62994092148148
FBLA,,15.0692050077441,12.6902294701805
FBLG,,-91.7456617649413,-95.7360271922665
FBMS,0.667047215054867,8.05324703601931,21.9890229186268
FBNC,0.819767956643589,6.4366675491754,6.9467778056566
FBP,0.795259387518789,25.1821748826401,18.2234560073843
FBRT,1.0972630527573,-29.1794334250965,-35.2809391247898
FBRT_pe,0.572741473834269,-17.3087086527597,-22.2424670368007
FBRX,2.45048829489706,102.659870457475,466.891797805165
FBYD,-0.903074273060548,47.2194888029866,20.5799807684048
FBYDP,,,
FBYDW,-0.958501996462421,18.7492843053069,139.892879629384
FC,0.802982743549891,3.43749773373481,-6.4143505674827
FCAP,0.730229754958189,14.2177069445383,46.9869215491439
FCBC,0.461554677364498,34.3328907136735,11.0717187560345
FCBM,,,
FCCO,0.333911776889646,15.0749236230803,19.0723734169232
FCEL,2.40725774365757,92.582010071076,220.878506191059
FCF,0.73395916298387,13.4180209164532,12.6985400470987
FCFS,0.537490043326387,15.349415066138,48.0814145233733
FCHL,,-99.0992775347321,
FCN,-0.068189921476472,-14.2121287996953,-15.8051037674059
FCNCA,0.614725928061134,3.19780907951848,-7.77830885576848
FCNCN,,,
FCNCO,0.43662174556188,-12.8060892084013,-21.3997162398546
FCNCP,0.45555776839164,-10.3820698252009,-15.8093071978496
FCPT,0.80475982507375,0.390708191300382,-14.4798556699107
FCRS,,-6.05994523999903,
FCRS_t,,-8.83879429163569,
FCRS_u,,-8.32199929657682,
FCRX,0.140709441612671,-11.2601342261621,-20.7918446798799
FCST,,,
FCUV,-0.38338572507032,-93.6470027069358,-98.4408165946115
FCX,1.36608023178553,-7.89780538561381,21.0752609512672
FDAN,,,
FDBC,0.819942618880783,14.0915729170799,6.21573150756281
FDMT,2.72937562187498,8.98816718327558,82.5937797857188
FDP,0.242068765862763,-31.3781395053438,-30.6434419159957
FDS,0.670117774038811,-0.741594041831772,-41.04236589788
FDSB,,10.719520052458,13.4281963716656
FDUS,0.713879614624109,-2.53598635126312,-17.2251192076873
FDX,1.31197209357911,16.7404800612222,37.7611283495513
FDXF,,,
FDXF_w,,,
FDX_w,,,
FE,0.444063086268878,-1.84924834103435,3.12922431476923
FEAM,1.91353885601542,-66.9141945499368,-76.5607382071604
FEBO,,-32.8999608857136,-29.5309285083604
FEDU,0.105811101451629,-24.6460149914801,-52.9667177683004
FEED,1.38392664017374,-69.3308087888302,-96.7873716404498
FEIM,0.717250158821971,11.466810200851,105.112013118023
FELE,1.02567758795109,3.17512671658529,1.04470691657788
FEMY,-2.05254792770733,-76.945288292217,-85.4837555614841
FENC,1.09459904024678,18.9508464094789,-1.2729361465281
FENG,-0.193717982421058,-25.8635243515668,-40.7641364916975
FER,0.767236116799884,-14.4939422047315,-11.9373313421528
FERA,,-4.78309012675631,-11.7027303069356
FERAR,,-30.8474740965968,-10.7231255921918
FERAU,,-8.00109903520609,-17.9891385422692
FERG,1.12203103259901,-13.3602118479333,-11.8783802489299
FET,0.55023741920353,8.98376182619003,118.682481521862
FF,0.840877471391974,32.0316013547575,-5.58970299423642
FFAI,5.73155074232067,-97.1572388657594,-99.013027207394
FFAIW,5.52527779452627,-72.923889008461,-84.5575399863128
FFBC,0.931387937629469,16.3149303899023,15.287726528518
FFIC,0.76108352735738,-15.6999353747998,0.028793847132191
FFIN,0.822897615504375,3.88283065639554,-16.7525270028327
FFIV,1.02612889742736,40.1510723420848,15.0518692298026
FFLY,,,
FFNW,0.340086049906118,3.16048003169085,0.360196492771014
FFWM,0.889928674847334,8.51960684785895,-2.28168512541156
FG,1.2317604924544,-0.297153452700272,-18.8373795391844
FGBI,0.447243542658643,7.93589128562686,-3.02078864483881
FGBIP,0.308050191661924,12.3159590352403,-11.3191883041257
FGEN,1.02531049733162,-22.2737981078284,-16.7897788747298
FGI,2.21137470668574,-41.4078135757534,-0.144721396533165
FGIIU,,,
FGIWW,2.20508307149736,-30.0291358641526,8.20655141581932
FGL,,-93.8463781249626,-99.1397776417534
FGMC,,-23.3965372175018,-29.2058955456066
FGMCR,,111.306571269863,189.151697098391
FGMCU,,-15.1251938732718,-22.3450429723067
FGN,,-13.2597648271035,-24.8976560523327
FGNX,1.01628985216763,-56.9935563258202,-94.625848758595
FGNXP,0.253642926769166,-1.91092615476565,23.3125751456964
FGSN,,-14.2443471606109,-28.4790827764073
FHB,0.716062163380619,-2.52027564800787,-3.85493895823302
FHI,0.631675341963524,8.28778355785296,6.55772509790358
FHN,0.62440456418488,0.672167415783576,-0.618251137789638
FHN_pb,0.197780204819832,-4.24901102408907,-11.1642919805206
FHN_pc,0.134991112669942,-5.74074161986458,-22.9028103473785
FHN_pe,0.364182685612485,-10.8038242528294,-16.6828350856896
FHN_pf,0.595147842478764,-10.4363491373348,-17.6516486034177
FHN_ph,,,
FHP,,,
FHTX,2.87134602146013,-18.3199184883381,-32.1153259040153
FIBK,0.735711583415644,-2.92521199651554,10.4978947766462
FICO,1.26992279597772,-18.7543171706094,-24.0728185187041
FIEE,4.87104486369072,-56.2025774347936,-8.83190018356886
FIG,,-19.5271069905543,
FIGR,,-58.7759077948705,
FIGS,1.03391344422334,-15.1747582455586,33.0122340749756
FIGX,,-4.85320540612549,
FIGXU,,-8.57667556378905,
FIGXW,,-7.3070374441033,
FIHL,,30.7210831636221,47.1123394070037
FINV,0.405341933465465,-10.6025010794575,-52.236173757924
FINW,0.707450921857124,-27.7861693585015,-31.1890243081636
FIP,1.90124275439436,-35.0380638269824,-45.1662537455679
FIRY,4.56704602316794,138.239726504745,7.40799505197807
FIS,0.777083916309224,-27.3040533867233,-52.7728654247494
FISI,0.645197305115082,22.9209406791322,37.0498268692281
FISK,1.01108217880469,-27.7334984063832,-47.5501272331567
FISN,,,
FISV,0.791542708474324,-23.1786035821443,-66.6799789887233
FITB,0.924903851056488,6.80045564768008,16.896143751121
FITBI,0.226611746256518,-7.69457469742957,-14.1213964250719
FITBM,,,
FITBO,0.66085934145701,-15.5616049890176,-21.7899444631598
FITBP,0.339395161424327,-13.1300310843558,-18.2887449788396
FITB_pa,0.339395161424327,-13.1300310843558,-18.2887449788396
FITB_pi,0.226611746256518,-7.69457469742957,-14.1213964250719
FITB_pk,0.66085934145701,-15.5616049890176,-21.7899444631598
FITB_pm,,,
FIVE,0.9775877113359,4.35052333653387,25.587880257503
FIVN,1.39881494365873,38.6855898253254,-19.9762581148112
FIX,1.70631156824825,31.6608265027704,101.864196839595
FIZZ,0.764706096283687,1.25117294527779,-32.8174101583347
FJET,,-63.5338184054005,
FKWL,0.286816776058959,-48.0857592115784,-50.0653542138233
FL,1.85563309717692,14.5502026172438,-25.6770916657857
FLD,0.350925362524261,-79.0727600782176,-90.9565014423696
FLDDW,0.331487393839194,-83.1566276213625,-90.4502860123202
FLEX,1.69557064551258,63.4643533519648,92.9814648041994
FLG,1.0144352563818,0.403819995780852,5.85139086398243
FLGC,1.78169529638063,-88.4394645463992,-95.0859911096452
FLGT,0.889373093938642,-32.378317750685,-6.30136980918788
FLG_pa,0.551782150363548,-4.75469463298206,-4.61533374967148
FLIC,0.866592449033489,-16.2934915703894,7.04936212563943
FLL,1.24392819050104,-11.0649481575401,-58.5194796847229
FLNA,-0.682787624751215,-60.7888894070166,-68.0195208037258
FLNC,2.80615537989202,-58.3149264742893,22.7933418030225
FLNG,0.179069669764453,11.2590146448459,9.9637540793206
FLNT,0.763649818756936,-17.8920895418312,30.1573246153402
FLO,0.402469244198538,-36.3604660475824,-60.1141792192154
FLOC,,-11.6532525512338,-17.4970444511146
FLR,1.25313969038511,0.782828916252409,-24.5257526979547
FLS,1.24545864633375,-11.1080126156331,15.129191237959
FLUT,1.08318876316857,-39.0607758022501,-69.3692856777483
FLUX,1.73853677066758,-63.4022503903969,-73.00602766089
FLWS,1.33736060348618,-8.14750201244349,-49.9096574007956
FLX,,-38.4633185591133,-43.6555697460043
FLXS,0.569764357176414,85.4982622897788,82.5272066376095
FLY,,-38.1627987065343,
FLYD,-3.932870135382,-34.2845044440178,-65.1987049229177
FLYE,,-72.8213802881074,-98.6501496556802
FLYU,4.41542926520387,-19.031869916906,-7.54153151949389
FLYW,1.33945947726456,16.5278881517315,22.1601369486288
FLYX,0.277556019274791,-65.2762833890425,-60.5182926358316
FLYX_t,0.203858488510789,-44.7043179246226,-39.9807222140092
FLYY,,-96.9696756529032,-99.8080050901455
FLZH,-2.73067763601838,-73.4956523838717,-90.8451145758172
FMAC,,,
FMACR,,,
FMAO,0.788798236507057,23.155519068688,14.7293765892159
FMBH,0.770047103872831,16.0020685599072,14.8743047331964
FMC,0.387643432709588,-36.0880473212431,-77.9369263168614
FMFC,,-38.66679155658,-97.2997624021617
FMNB,0.770464635583628,10.5990343016936,-3.42319201145775
FMS,0.745925076595565,3.70278123595111,-17.582672842966
FMST,2.98751816619991,-42.2105527115834,-50.7715932395813
FMSTW,2.99153671587759,-47.6761133672446,-66.5816691358931
FMTO,1.26189322256797,-20.2089866315818,-78.7128331627612
FMX,0.388088570707861,11.5145278298785,19.3669318383075
FN,1.23785046332438,-15.2676118119745,22.1642558904934
FNA,1.41261001064995,163.174107937229,27.8985811294175
FNB,0.86735662864538,3.10230909689149,4.73853954366878
FND,1.57083648093499,-25.7136064738912,-39.0338189480159
FNF,0.964229566219359,-6.80071589004121,-15.3425364535748
FNGD,-3.54181333397248,-39.4376494492303,-62.2882961894849
FNGO,2.64129471766701,2.79742870003115,6.84304157276796
FNGR,-0.360150051956967,-80.0663786240974,-89.2585737705925
FNGS,1.3102951836813,-0.773087282374907,-2.897086136414
FNGU,,-1.04024690425535,3.50122859868898
FNKO,0.924038139928774,40.6885254070769,28.5146163656355
FNLC,0.479075694064667,23.2832843001345,17.2643789904132
FNRN,0.011421376828401,36.4515517471369,60.1802585189175
FNUC,0.417339542955328,-54.5540738034214,-68.1574491719493
FNV,0.900968891983738,-22.6004557017557,3.39409958402621
FNVT,0.010782118949439,24.6203592148427,16.4345724151621
FNWB,0.617246715556572,3.31653410638164,30.0130454177485
FNWD,0.172488283346262,13.7843785548265,37.3619602916381
FOA,1.66111165637482,-3.80822819991491,-13.1660832246986
FOCL,-0.049334271951862,37.5064569675376,241.798780895515
FOFO,,-65.7177617691589,
FOGO,,,
FOLD,0.453676555172794,56.3803948444263,51.8357054541088
FONG,,,
FONR,0.953952126973834,19.7159101720682,3.91589339863256
FOR,1.40812145860546,10.0719331732599,0.704011711815578
FORA,0.922206305006657,-7.82866422062559,-22.6290620570966
FORL,,-12.0561189480842,-17.9400766901344
FORM,1.29140411402594,12.368913116525,116.952272201641
FORR,0.92660871920359,22.90887875325,-17.888754701061
FORTY,1.2060354501069,-28.618439515314,-14.7378624995722
FOSL,1.63299125386579,4.79744802371969,106.432927075509
FOUR,1.38279518203421,-16.17844772147,-55.6506921429543
FOUR_pa,,-18.6613622257988,-52.6288377511938
FOX,0.569732365739007,-25.2677191485539,-14.4667114077063
FOXA,0.539148552847823,-24.6599977664686,-11.9731933303902
FOXF,1.33412360624459,-6.54947132004072,-44.1115756485213
FOXO,2.43962412644043,983.441964898678,-99.9958089357856
FOXX,-0.32449375383062,-44.5409731635408,-69.2649868096661
FOXXW,-0.370426186416686,-34.4771664117556,-56.5504892016544
FPAY,,-6.05994523999903,-99.999933322698
FPH,1.31650240424243,-8.08016147139691,-15.8360377962754
FPI,0.661326787061154,-18.2199158652681,-20.2429836408656
FPI_pb,0.661326787061154,-18.2199158652681,-20.2429836408656
FPS,,,
FQJR,,,
FR,1.04735562836464,8.25270457978173,16.6472943464583
FRAF,-0.023466444144128,24.3015736991824,30.9233567590571
FRBA,0.517831396240268,6.4371851680131,6.68302567607599
FRD,1.54695117660508,87.0251946747557,110.174128283459
FREE,0.560325317290639,17.5021018618883,4.5995364603387
FRES,0.341444188011865,-99.9128685984708,-99.9936297116875
FRGE,2.18012819488164,124.198871804496,166.451250619547
FRGT,1.12166972593045,-63.1415757365274,-94.3654780774076
FRHC,0.657898376500506,14.2067038881905,-24.249336689624
FRLA,,-9.45037827325034,-17.7692856250237
FRME,0.851159407361343,6.80484885255939,-6.74867151874111
FRMEP,0.05258281753668,-4.37024658951297,-10.1744345867663
FRMI,,-38.4834677901141,
FRMM,1.40056670396282,-0.047781735358965,-84.2751550394944
FRNM,,-27.0559199880887,-12.5242908166811
FRO,0.029704473921672,34.7261584168949,73.9109513379441
FROG,1.23445576072605,21.3425449604001,54.1390056309218
FRPH,0.509517523245302,-6.73778094921804,-25.8573465343628
FRPT,1.60666191211164,-20.1248589943436,-24.8500083513946
FRSH,0.856453768521234,-9.38310507188863,-31.3119010504705
FRST,0.715769170645323,11.3363611970382,17.9279789063177
FRSX,0.709157899192109,-62.0444223191915,-88.9050345546862
FRT,0.92723052997217,16.7493073150505,16.4078797920163
FRTT,,-51.4529373161378,-63.7764405123572
FRT_pc,0.489599703849341,-10.4605769997848,-18.2788919555062
FRVO,,,
FRZA,,-54.8745127139755,-72.2508466017248
FSBC,0.517923405432046,16.4632664378135,32.0717884165543
FSBW,0.646798430772238,1.29652643957616,-6.35694388969874
FSEA,0.091186881153509,22.8446869938474,26.4634147849965
FSFG,0.435817985914633,19.7789666209089,18.8266671674058
FSHP,,-2.62099050133354,-8.287563976026
FSHPR,,-61.4995967155669,-45.0012779530367
FSHPU,,-3.82458229265924,-16.3334209784748
FSI,1.70039996440196,-20.5122613569223,-19.4019590276176
FSK,0.892048112485791,-27.397946426694,-56.6976281004763
FSLR,1.76193228332371,-19.0329049401038,-5.07942337530556
FSLY,0.342970917447189,90.0732625494183,146.091522419222
FSM,2.10711444939902,-30.1397152638117,-0.769439649597658
FSP,0.844623493147976,-49.6142550743239,-75.1178275773008
FSS,1.24616324206842,-2.42360946364416,-5.93746592440676
FSTR,1.15608729976595,37.4429352721184,45.7965509565835
FSUN,0.187660220849476,-4.98517150640344,-13.7890514739859
FSV,0.907099282920509,-12.8068439665633,-42.4742397972417
FTAI,1.51724660138721,-29.2218317912858,59.7773649812519
FTAIM,0.229992534494215,-4.63871193920198,-11.2462378481052
FTAIN,0.784910972953643,-9.57528835870098,-19.2024491026777
FTAIO,1.83699435516918,-9.51995856767309,-17.5808324168004
FTCI,1.89987872050356,-77.8771785563016,-58.7500811794054
FTDR,1.47186406636744,17.6309384284031,9.21536911088898
FTEK,1.30965027872124,-6.05994523999903,-53.6357273451846
FTEL,,-99.2128139799339,-99.9794573347481
FTFT,1.92467149279901,-89.5380108697714,-97.9244973784126
FTH,-0.267284247188285,175.299174563262,257.939950339856
FTHA,,,
FTHM,2.20563150596002,-35.8821848463485,-53.4768560574062
FTI,0.712144549081903,22.2199957598215,69.1073645549984
FTII,,-6.05994523999903,-12.2338786273479
FTK,1.43215481905832,26.7173144596136,67.7728446896999
FTLF,0.020681477331611,-41.06646501882,-32.9589091077198
FTNT,1.08330257096653,72.4284593428582,23.0009312340486
FTRA,,,
FTRE,,13.5840615380853,159.167976131916
FTRK,,-49.3196358659567,-42.3573682143972
FTS,0.429124579533303,4.6154336665208,-4.90893922991563
FTV,1.04179674313165,13.2759757209495,7.54231935451115
FTV_w,,,
FTW,,2.02443942968116,-5.59976007617974
FTW_t,,7.5069015957651,-6.01321642859402
FTW_u,,-4.8433645626301,-8.05282728856882
FUBO,2.41072969038923,-70.2060726464413,-81.6845195721092
FUFU,0.45826828702819,-58.2488645511107,-68.9711780699942
FUFUW,0.422106154262048,-39.0773321436217,-56.1668751857961
FUL,0.974403776192531,-9.65111944520621,-16.0587230485139
FULC,3.03740392249298,-68.0569466446797,-59.030597059278
FULT,0.800383331190123,13.7605766180974,14.0074436140253
FULTP,0.43226997270913,-9.11612835485772,-15.6372601345018
FUN,0.397611094151288,0.715353500562022,-48.6930901788179
FUNC,0.509186269742659,16.3152389057155,14.3255241177413
FURY,1.5367436275839,-39.3453699587351,-20.1904627535719
FUSB,0.230974635246114,6.9710768488624,8.17274189360708
FUSE,1.04876913518445,-50.7246952025762,-93.6327506259177
FUSEW,0.99812512074164,-47.9434522422734,-92.1722115898505
FUTU,0.406991343274667,-41.3220364526589,-46.1508747429104
FVAV,,,
FVCB,0.320177114238048,18.2435809914758,22.8393653510159
FVN,,-21.2001425670114,-26.3921053296462
FVNNR,,-34.3634832619968,-35.5217284440343
FVNNU,,-3.19202246996647,-11.479406986937
FVR,,22.7777367956529,48.575535269312
FVRR,1.35147568341783,-34.7654143398196,-60.6590761509282
FWDI,0.814805663441735,-46.8514541669019,-69.6064595000723
FWONA,0.70190402761049,7.25121159154591,-13.2768118926145
FWONK,0.652491335376306,6.7093225021001,-14.9277909986581
FWRD,1.34512139525826,-50.2174969755176,-60.6048101671312
FWRG,1.03080280774025,-23.8165494772294,-35.1028232738049
FXAC,,,
FXHO,0.224444631315055,-66.9089410387137,-99.8511023004988
FXNC,0.420918558820053,10.5091242475847,19.6369053714289
FYBR,0.943691967571869,-3.29958269315771,-4.7179007327517
F_pb,0.556515481624746,-9.85193874781783,-19.9460441256294
F_pc,0.587235368710535,-11.7150115063008,-22.2338063570856
F_pd,0.477205346846245,-11.2823773391918,-20.7966390234975
G,0.564723130973924,-28.1805766458221,-34.3130000911723
GABC,0.566834553427703,13.9520112661733,9.24620300589654
GAB_pg,0.314370770851324,-10.8464146968181,-17.1858245447887
GAB_ph,0.311707205896243,-11.6383332898803,-17.4468420565705
GAB_pk,0.285222098378077,-11.8510733216744,-17.0641407582678
GAB_r,,,
GAB_r_w,,,
GAIA,0.958950058514212,-50.8057651953198,-60.9406297401412
GAIN,0.745850597108416,11.0814153268402,1.85509531363548
GAING,,,
GAINI,,-10.0291910209423,-18.5344751967907
GAINL,,-13.4854791982561,-12.4474761540039
GAINN,0.062694325511178,-4.91933316257024,-20.0403278007095
GAINZ,0.095011794797282,-8.96386943824927,-17.0406055250181
GALE,,,
GALT,0.419195922169656,1.09739226552488,-4.7102910149815
GAM,0.817935186051427,-0.306430203675201,-5.97371381197362
GAMB,0.720313645745962,-62.5404327093385,-84.8534234619931
GAME,1.56987092292885,-24.1497530822965,-72.4679299268713
GAM_pb,0.120799324147925,-6.80936729632133,-13.9170540515106
GAN,1.88345147810174,9.46985323988325,32.6912799380755
GANX,0.200037535058901,-21.1085947889312,-8.14584263358265
GAP,2.02058937314865,-29.1593840783724,-14.7873885580874
GAQ,,-8.27881247885512,-20.4529342997464
GASS,0.321343934711955,6.84324585027067,11.090605799867
GATE,-0.994053496536581,259.127359797756,226.714719447834
GATO,1.95096856714106,9.35829998168978,119.888609430328
GATX,1.17092847137085,-4.99639574130098,4.81635144244112
GAU,1.58683433702155,-45.7756728428091,-5.70923224530555
GAUZ,,-70.3994887451237,-96.3324867319862
GB,0.47747669361865,8.57454153332682,34.6696676787098
GBBK,,12.9123990082569,1.10312043769738
GBCI,0.73305358296656,-4.59544387348414,-8.31992985729768
GBDC,0.418496029447643,-11.1988979073951,-26.1763042246524
GBFH,-0.046495507777711,-14.487210878535,-40.5003134265186
GBH,,,
GBIO,2.00662575923825,20.9552095210268,-39.168014937723
GBLI,0.411620458194334,-9.38983607653698,-24.0910440075731
GBNY,0.202547406779961,-19.7287509606958,-20.7109893732704
GBR,0.968683557692254,-22.086728059764,-38.8744060088103
GBS,,,
GBSG,,,
GBTG,0.930412514339018,27.3259447250661,20.7524946008008
GBX,1.40775941653455,-2.01178339572996,-4.79678042635888
GCBC,0.38234644556549,44.038579659195,17.6042130005931
GCDT,,-92.1903993015443,
GCGR,,,
GCGRU,,,
GCI,1.39752768513069,35.7960925592644,97.419787307363
GCL,0.335351229993856,-63.1169784999668,-89.9755300010981
GCLWW,0.351317833199637,-62.5449233139866,-84.4192694336678
GCMG,0.845774096940903,1.95428986265716,-10.6557828243623
GCO,1.81596669600493,13.9279231092473,31.5722634421999
GCT,1.63557552870972,-1.12348746045389,48.0509769855351
GCTK,0.749770468612515,-91.7354790533724,-96.2329757832936
GCTS,1.83657415629506,78.3551837495474,5.69006070314733
GCTS_t,1.79215775993177,70.7196100377619,44.2480121579276
GD,0.319227536045554,0.748159214131206,8.01575987014185
GDC,1.94770992786627,-99.8631280650103,-99.8290344585434
GDDY,0.858196102308646,-6.90119946173038,-46.6843409855773
GDEL,,,
GDEN,1.24160045237122,32.056023170082,-14.1818282446884
GDEV,2.18770103125827,-48.1210172216221,-31.8925894300547
GDEVW,2.19657318678286,-30.1207115445881,-45.2160376750017
GDHG,,-37.8022468484012,-82.6777925775759
GDLT,,,
GDOT,0.833880793789721,2.60554552561738,8.98329246647378
GDRX,1.59632400151686,25.7909746142502,-46.4345698207262
GDS,0.434293540034016,-39.4687610111273,-27.8822537074196
GDTC,,1.74583595252127,-59.0239241127076
GDV,1.00180059135525,-2.7275171440895,-6.20272878766598
GDV_ph,0.267612485973222,-12.3773113679642,-20.2754154492501
GDV_pk,0.541194466512698,-12.1586176439489,-20.6525751239185
GDXD,-2.07235794674822,-67.3289303495124,-95.2633638468929
GDYN,0.91798756150207,-30.8402954164981,-48.8251706942981
GE,1.37637373228872,14.8205348781011,15.5675263838863
GEBE,,,
GECC,0.85774876276425,-32.7865523689007,-60.1922565805894
GECCG,,-9.50318839724808,
GECCH,,-10.5374267939739,-19.5838542081928
GECCI,,-9.46687346482323,-18.7438793322782
GECCO,-0.005585069976398,-9.4469811983656,-21.1818487212522
GEF,0.763400959947097,7.1250747577795,10.4282098735461
GEFb,0.597317862674035,18.6140060102454,33.3546040539464
GEG,0.568314958327353,-10.4051900636995,-11.3239509685561
GEGGL,0.533670854892164,-10.4334895817503,-15.9027473523871
GEHC,0.831320568151753,-25.0187137616576,-29.0668952340554
GELS,,-46.4678493772985,-72.4121569792873
GEMI,,-55.0319737870159,
GEN,1.19791547411859,2.77138874576859,-22.2720056691986
GENB,,,
GENC,0.485398583017846,5.18492376844719,-21.3021496112503
GENE,1.11269139067013,-53.3592459352453,-74.7796048052796
GENI,1.87868668928643,-27.8903890906407,-39.156961900387
GENK,,-10.0668670070133,-58.6314967566936
GENVR,,-74.3081667940715,-87.0820266613593
GEO,0.788012701101995,76.4030105878088,1.61651579395896
GEOS,0.192962088306968,-63.1681645229158,-62.7945721995533
GERN,0.593129420572605,-1.29486999854971,8.45208125343775
GES,0.98360180800451,17.0397876405827,12.8846335992484
GETR,-5.11728190386346,-8.24774246915283,-99.4111558387205
GETY,2.14264574667591,-70.4883704892428,-80.9086939724552
GEV,,27.9358580330442,25.287377343368
GEVO,1.03672993791935,-32.7064030805762,-12.8160256965679
GFAI,2.70924781384784,-51.4961017014975,-78.8099534158279
GFAIW,2.68206402649926,-51.6334438134972,-67.775797811846
GFCX,,,
GFF,1.43205696503974,6.58626994922666,-2.16959877835327
GFI,0.700248107024365,-45.3636826450121,14.7028573010167
GFL,0.498461146295534,-13.9467302675148,-35.9124776930198
GFR,,8.0905390300769,20.2579210180531
GFS,1.82228251758919,-2.86982737111902,3.64780077476088
GFUZ,,-26.7267572871992,
GGAL,1.37307301555881,-15.1350208595399,-13.4195079691284
GGB,1.4383064999993,2.64972871125935,43.3561993579924
GGG,0.902850867403044,-11.8367495201634,-16.2465840966729
GGN,0.296462361861835,-10.1783322195201,-9.4608091302781
GGN_pb,0.26434576036669,-12.8111873841373,-18.2596937231396
GGR,0.971238305214729,-9.65001102700543,-66.141627576032
GGROW,0.95075862650297,-2.65255211271316,-37.4942289022068
GGRP,1.37061208082781,-22.1515286942584,-55.2428610143942
GGT_pe,0.276067180054476,-10.9600138858449,-22.1673871077104
GGT_pg,0.227131830382093,-12.0258397624439,-23.072700761082
GH,1.61396506713042,17.7386391886843,179.044283060242
GHC,0.702793081161195,-1.2413171051482,14.1344395776482
GHG,0.63801495903219,-32.2204668187335,-56.2251605531845
GHIX,,-15.537659186511,-27.3280959112167
GHLD,1.03691364500558,23.5090234831838,36.2862803237109
GHM,1.05068085068526,32.9330346773929,54.062255373208
GHRS,1.29654894423134,62.0335552800511,60.5436315373619
GHSI,0.767447857013515,-33.7849916853256,-28.1363917873486
GIB,0.182640701106579,-22.2714262731323,-43.7005463299897
GIBO,,-22.0100468454034,-92.4021214340264
GIBOW,,-58.8485788476469,-99.6456474300265
GIC,0.737583909708816,12.9081226576746,14.213909543268
GIFT,-1.36055894091873,-21.0207687758511,-18.6792405141251
GIGGU,,-20.2340743325752,-25.0930684828607
GIGGW,,-74.3150887643791,-77.4097374242562
GIGM,0.503870660826122,-14.2560574002676,-19.325062981985
GIII,1.27926622625228,22.6217523303417,29.9739334573325
GIL,1.11290181207605,-25.945619919168,-22.4162104996433
GILD,0.336365743994956,-10.4913942302381,2.21501210881467
GILT,1.0736083440011,-47.4092097181264,21.1397412375915
GINT,,,
GIPR,0.337086602598537,-91.2861205204623,-95.7257325188562
GIPRW,0.242269009866635,-80.8875709746337,-89.8756888975633
GIS,-0.058919255755779,-20.8936913058815,-35.0367794684644
GITS,,-50.8898514683928,-27.3217407905992
GIVE,,,
GIW,,-4.73950270321187,
GIWWR,,-20.7468116628547,
GIWWU,,-8.49149208197609,
GIX,,,
GIXXR,,,
GKOS,0.786798682755604,19.7636772268825,37.1308068827117
GL,0.474982312434945,22.5070209720458,14.8708865785845
GLAC,,-0.022573210185173,-6.19090635415306
GLAD,0.914772455714503,-11.8542079668179,-41.0296287097996
GLAS,1.01834380026304,0.498691985915678,36.1745455969497
GLBE,1.01906353029366,-4.18804063544736,-3.32465492587278
GLBS,0.299621535830005,55.3729937965998,124.591378994188
GLBZ,0.153475573883025,-4.15145654284326,-19.435105236779
GLDD,1.36294313761172,45.6868817545566,63.4554749992478
GLDG,1.77120881123394,-61.7826979848633,-20.603012053248
GLDI,0.153682252442428,-20.3439018816954,-23.5834768710652
GLE,,-2.86396198704174,-89.7015223249087
GLED,,,
GLED_r,,,
GLGX,,,
GLIBA,,-39.5826513483847,-40.1841210425278
GLIBK,,-40.0020720215961,-40.5816203966636
GLLI,-0.12372395976,-55.4789190577348,-96.5931246715978
GLMD,0.749196932660227,-40.6343322581769,-75.9521851967012
GLND,,,
GLNDW,,,
GLNG,0.041307797540723,13.6996983022588,3.69360749995646
GLOB,1.00936364938683,-52.3031768239532,-67.6319218041214
GLOO,,-50.9127927547908,
GLOP_pa,0.208564887789371,-7.58270953946644,-15.5109937194167
GLOP_pb,0.054170598203544,-5.9246624841081,-15.3643320665188
GLOP_pc,0.07178447057056,-6.35293566420175,-16.0545492156367
GLPG,0.272719687597386,-23.6601460307729,-26.1577856920863
GLPI,0.68720892783158,-5.54492300995517,-13.7417094414179
GLP_pb,0.146281790039514,-7.4761269700493,-16.3177570061364
GLRE,0.312644692231958,22.663232507889,14.6849594863939
GLSA,,,
GLSI,1.47421898943925,-62.3568080881271,0.163162668311556
GLST,0.432387052372589,-86.0585778604585,-97.4567009301717
GLUE,1.57337500403365,-10.3706144194623,241.575203659476
GLU_pa,0.065893155124109,21.8929491032208,20.9795337221637
GLU_pb,0.026676166292024,-6.0971251741622,-14.0855962810359
GLW,1.16984663798852,7.86756242307018,95.6070891294058
GLXG,,-55.1988827078407,-87.023918776053
GLXY,3.66129441892131,-40.7141426559849,-39.151105110344
GL_pd,0.787503593094311,-16.2823489064163,-21.590069622881
GM,1.28683700097292,-1.79686333841065,45.3141044193831
GMAB,0.821549643569298,-20.8063491848829,8.02935767990767
GMCL,,,
GME,1.78257124149716,-14.0143901907633,-17.0555253845141
GMED,0.943047437470031,-17.6849759399643,27.6424590526743
GMEX,,-99.2128139799339,-99.9794573347481
GME_t,1.76539503831178,-12.7988826101933,-26.0863896067816
GMFI,,-11.6356472650907,-15.6267334723115
GMGI,0.637807326396693,53.7748179757609,-37.2260120823698
GMHS,,-20.9229360822249,-53.1225228099365
GMM,,-96.1647614007074,-98.4026023500109
GMRE,1.11500219331279,0.362158045939265,-7.41750929070288
GMRE_pa,0.073226990637996,-5.10137325265209,-14.7441105139693
GMRE_pb,,-4.01054213769422,
GMRS,,,
GMS,1.7504017298936,26.4210076770451,12.5632473694191
GMTL,,,
GMTL_w,,,
GMWX,,,
GNE,0.195180153639215,-5.59848532187974,-38.6595386014009
GNK,0.905647407351936,17.2634213547898,34.8911884508744
GNL,0.987566716330857,-12.3226155573324,8.06851951602507
GNLN,1.89470601144937,-86.1724256566673,-96.1043533213937
GNLX,0.597447639732668,-7.3294054394585,-25.9114863494977
GNL_pa,0.705789411442807,-8.68708236464313,-11.5573855686505
GNL_pb,0.601822849215596,-12.0946382652668,-12.0131192142659
GNL_pd,,-9.74312442824482,-10.990591412987
GNL_pe,,-7.68374900345615,-12.2133912176124
GNPX,-0.864956263414056,-85.4711355985592,-97.6070878308384
GNRC,1.94388194726521,7.80096633063179,8.22258816836476
GNS,9.2619254804929,-73.8776318314436,-86.217644038284
GNSS,0.728401675082523,-22.1771114978423,-18.3352886803347
GNT,0.640025186488217,1.57960881798349,4.37887683275253
GNTA,0.769849485866611,-4.22994417324577,-65.0151451307697
GNTX,0.780004035484968,-5.27218796737848,-25.9086691713528
GNTY,0.46494873198894,7.76695477081439,27.782784429197
GNT_pa,0.317883603922411,-10.8752873868866,-17.9925080244372
GNW,0.864572615689243,14.6889503501954,6.69519350491272
GO,0.652185464283016,-14.3266700588791,-42.44716633258
GOAI,1.87274326124815,-68.8432151712664,-53.7385670179884
GOCO,1.24807689231723,-86.6214296427961,-94.9691644619637
GOEV,2.28494956838673,-85.237991394857,-91.3986280385205
GOGL,1.1435688597867,-18.5330305251853,-42.6169781891389
GOGO,1.1120672780368,-18.3042686168368,-78.5624103593253
GOLD,0.548482733306235,-25.0683434172426,60.6114306765974
GOLF,0.824308708872456,2.37831798145811,8.84120696023265
GOOD,1.05083159524272,6.71260606508881,-16.5634704860224
GOODN,0.150112160850714,-4.81844671894174,-12.6956950070479
GOODO,0.367288129924123,-5.73807525305826,-13.1811947816924
GOOG,1.24251276130996,-6.73294861738411,47.9069545232188
GOOGL,1.24980402204264,-6.29581325972225,49.0478677570536
GOOGM,1.24980402204264,-6.29581325972225,49.0478677570536
GOOGN,1.24980402204264,-6.29581325972225,49.0478677570536
GOOS,1.75843519370927,-29.1793703661921,-46.9658728317859
GORO,-0.672372377924474,-66.4107591937476,-52.0032245582802
GORV,1.60810845956026,-95.0815650176303,-98.6400800812963
GOSS,2.00286030413449,-92.701854079062,-91.0901950035381
GOTU,0.706096599245498,-32.4805856412493,-61.8506643030797
GOVX,3.73621658474337,-75.9625923260237,-96.6212881057258
GOXS,,,
GP,1.71782740628,57.1468301250718,-66.2735678352513
GPAC,,-4.92127790957478,
GPACU,,-8.56063596196861,
GPACW,,,
GPAT,,-4.6617676807804,-11.3034327979756
GPATU,,-8.11563277026836,-18.0224498532808
GPATW,,-7.42860419949092,-17.3288873577677
GPC,0.62620202748391,-12.5773819563802,-16.1581154938369
GPCR,-1.47200802966218,-49.7398142949788,125.462344409007
GPGI,0.856698449618871,-44.0960816979259,-12.2407255434767
GPI,0.788376283992095,-17.0191449979989,-29.1236763102693
GPK,0.651563797092974,-27.2822831924245,-56.6770499994653
GPMT,1.63777454038536,-44.1437512237832,-56.3314961955654
GPMT_pa,0.554183814219514,-16.4724682506671,-18.9706651628825
GPN,0.729178778026237,11.3882482281682,-11.1939568231613
GPOR,0.416690204007819,-25.4659956543698,-21.7222081815993
GPRE,1.17322089328708,31.3724130288544,65.5889853636881
GPRK,0.379281775895289,3.80488151284117,17.4759651376115
GPRO,2.42816243959269,-47.5610593545142,-56.0720003584297
GPUS,2.66597619971069,-51.692603419361,-86.8367757374713
GPUS_pd,0.440150818661831,-7.20507411265142,-13.5673579199741
GRAB,0.893454155437153,-30.8969746434961,-43.7978536607871
GRABW,0.889177321900116,-36.1695734125723,-40.484818183924
GRAF,,-5.20751514737839,-11.615498430269
GRAF_t,,-8.19890250494682,-16.6882248092824
GRAF_u,,-5.14366236623334,-14.8882709771939
GRAL,,-44.4703768798012,44.7871392104814
GRAN,,-56.9311376847836,-76.448624391187
GRBK,1.79130655456382,0.534974302018476,-5.19176384375166
GRBK_pa,0.437975714335388,-6.11002434515762,-19.5038014029198
GRC,1.29279276599694,46.213721938574,70.3534576609224
GRCE,0.384712201572209,-43.7858714867015,-36.1284260286172
GRDI,,37.5169483647693,
GRDN,,32.3571421155719,73.6033897336229
GRDX,1.88224578759775,-16.4045346034515,81.8947744877561
GREE,3.00050753486611,46.1289740711126,10.4763371199208
GREEL,1.53499815785375,11.6824629819619,125.35876141858
GRFS,0.651452037806253,-18.9718040630502,-31.6910456668295
GRI,-1.20298240318853,-74.7491958069922,-97.9472693750141
GRMN,0.895699529777194,16.3471430169641,-7.69427999537626
GRN,0.1733528590787,-16.1225534775671,-13.732980914817
GRND,0.200473128605001,32.9415949715274,-20.0096501061286
GRNQ,1.02050689933629,-42.0784118319165,-52.610617926012
GRNT,0.168812021919635,-10.5706368046755,-26.4122774027266
GRO,,-31.1558443455589,2.10985427955248
GROM,1.50999636625329,-6.05994523999903,-90.4429200428005
GROV,1.0433627587559,-30.9447279578801,-35.4897102889034
GROW,0.672977816294478,-14.0792182073162,4.89478001804322
GROY,0.945801376666597,-49.7304252420656,-14.9711703044579
GROY_t,0.913605257151821,-32.1557651272017,8.87810816667811
GRPN,0.214714904678401,67.2823535333351,-26.6913703010084
GRP_u,1.48603388112522,4.90354929977439,0.637034646992674
GRRR,0.3645018602512,-25.8032787827789,-42.1777360927659
GRRRW,0.31118495709133,23.5494479315828,-29.023339454131
GRSD,0.720313645745962,-62.5404327093385,-84.8534234619931
GRTS,,-99.99940346251,-99.9999019891338
GRTX,2.59011877171314,277.835703921797,205.170746200814
GRVT,,,
GRVY,1.02637317074838,-11.7532818921203,-16.2160154577012
GRWG,2.50204016275681,-2.06249610127558,16.0001539759168
GS,1.29246495475636,4.40994728057844,22.8237642876428
GSAT,1.57831608119766,17.040068225575,174.134048320703
GSBC,0.513661166822996,24.9800399104806,16.9977792739479
GSBD,0.635365602672175,-11.162120738146,-33.3898607545337
GSHD,1.34342471760495,1.68220460181294,-30.2772180931658
GSHR,,-4.51248309763467,-11.1050326345612
GSHRU,,-7.4452599596688,-17.0814986261967
GSHRW,,-8.2252672242903,-17.0891191115724
GSIT,2.11681567257277,-31.3850861646739,3.29158469025654
GSIW,,-24.6007455215782,-18.6536915270927
GSK,0.361879879511572,-0.678733441739132,23.3590622299242
GSL,0.866254221490619,10.1017846111839,28.8727895259478
GSL_pb,0.167410457170393,-4.89452350801406,-12.4253508799077
GSM,1.01347261393005,-35.5839624502851,-36.6214697575191
GSRF,,-4.84358994928189,
GSRFR,,-11.397281626826,
GSRFU,,-9.55375746341744,
GSRT,,20.7899635703483,
GSRV,,,
GSUN,1.96600785850038,-85.1070644892681,-93.4736671887607
GS_pa,0.306896336910036,-11.9174923524005,-24.6696335397422
GS_pc,0.238372997834314,-12.5367552306364,-23.7759735541579
GS_pd,0.254400120896678,-12.3630801269772,-23.5569357400705
GT,1.10460291658394,-27.6022195776328,-41.0557750125796
GTAC,,-11.9915335008628,
GTBP,0.90769465938675,-59.7635713517821,-87.0283119038068
GTE,0.151785049928424,5.86895060254078,17.1914004986232
GTEC,0.147127102852,-58.6507192298062,-73.7384701152977
GTEN,,-4.14466257013495,-12.8250536980231
GTENU,,-9.38048689370189,-18.3569847501582
GTENW,,-8.939496028696,
GTERA,,-4.20890967822561,-10.7973949886641
GTERR,,-33.6251460559311,
GTERU,,-8.41416269115838,
GTERW,,-7.49095205234912,
GTES,1.26481730005701,9.23839114257157,-10.0363233482622
GTHX,1.68168844816164,92.7257843562582,314.32460109239
GTI,-0.930635926189939,-99.9731599843543,-99.9979950181908
GTIM,0.619475830240639,11.1623981326678,-16.9119171067962
GTLB,0.941028343400172,-17.0221354457816,-41.3922640119526
GTLS,1.52206973560699,-7.21995996744051,4.95531520600858
GTLS_pb,,16.1841108940484,-12.3144098732763
GTM,0.837085071701932,-64.6647500444033,-75.3602619793425
GTN,0.951918823340361,-9.30672132617416,-25.9964096127325
GTNa,0.533816337723716,-55.616727751072,-50.1502709432474
GTSG,,,
GTX,0.839349371105261,53.254440480874,96.6027876909611
GTY,0.747055030070622,11.8349174833832,9.42093649110045
GUAC,,,
GURE,-0.100585622553678,-34.7126852539427,-58.9245859923357
GUT,0.533523605436522,-3.51275553080653,-9.99612265258907
GUTS,,-67.9806209577468,-68.4499929981466
GUT_pc,0.156201721553545,-11.4875928483546,-19.0649544909006
GV,0.813597973540945,-87.0832424704999,-89.2049895517002
GVA,1.34978986111172,-4.54122932705883,10.6972663533931
GVH,,-24.2494671334476,-87.0668995123558
GVP,1.39042434842303,61.1856810571563,10.5261895169656
GVSE,,,
GWAV,0.180269791371737,-52.3589722288567,-91.5147243651145
GWH,1.43119923637387,-58.2939508364327,-67.0734215168464
GWH_t,1.43665280280887,-63.0246082696893,-41.0127590399434
GWRE,0.898413252065344,-6.58154140155869,-39.6567628775213
GWRS,0.905521704524863,-19.248307358204,-36.4468362490087
GWW,1.03209156064191,24.2603186616035,14.773021327525
GXAI,0.936842769639015,-40.6694390989468,-43.1090358453321
GXO,1.59695581193368,-13.5530918731345,-12.2913477048288
GYRE,1.8492907432677,-30.4448791084789,-34.0304506411492
GYRO,0.522865221409079,-41.3655755766291,-45.9534328759712
H,1.32533514784235,13.0861949530217,9.93617622080565
HA,2.40256752347987,20.8580566865127,86.1137245548706
HACQ,,,
HACQW,,,
HAE,0.516420742754027,14.2450584925664,-4.90795048211604
HAFC,0.717306175154173,5.03065855457592,15.9236153385341
HAFN,0.726097235295078,11.5539836208575,3.6170592928642
HAIA,0.004848645183683,-6.05994523999903,-6.5793580599584
HAIN,0.731151853644242,-63.5835506469434,-75.7499956404196
HAL,0.750989672210265,-14.3681287170219,17.6098276519292
HALO,0.839213795361385,11.6324105589331,24.3272966093297
HAND,,,
HAO,,-99.9189547840633,-99.9216286696122
HAPN,1.92029653438574,-14.4563172656406,25.8656360386389
HAS,0.449938199747257,0.905171987718734,8.60500324625679
HASI,1.42149865030014,5.90798494757525,20.4005696016422
HAVA,,-4.650844418599,
HAVAR,,3.46643032591629,
HAWK,,,
HAYW,1.09792682416411,-13.4491324741698,-13.1818768617529
HBAN,0.957543484989877,-6.76058821870242,-10.5746785254831
HBANL,0.293682755750481,-9.14649516446756,-15.1059856109593
HBANM,0.233447642139176,-13.5296280083603,-19.21352670692
HBANP,0.805182293326209,-15.1813568070974,-20.2919826250063
HBANZ,,,
HBB,0.221962733810614,17.7461043889812,22.4950463331376
HBCP,0.504467225049737,14.9762037746337,11.9742240803519
HBER,,,
HBI,1.71613380805194,12.8178608878381,-35.1634326420213
HBIO,1.49691867175712,-5.94873597510472,-3.77905893431801
HBM,2.23584827716276,-20.0532578060671,74.0247812158762
HBNB,,-34.8425434414951,71.1345632474304
HBNC,0.811308986059266,10.7914882733269,11.6130409287227
HBT,0.493618150959128,26.1371102904432,21.0687466434801
HCA,1.09734358821598,-22.337514826655,5.62658543992278
HCAC,,-4.87860652319822,
HCACR,,,
HCACU,,-6.84926561884105,
HCAI,,-56.2334999437075,-83.0935546045893
HCAT,1.53638407090367,-9.44517243855764,-54.995266509618
HCC,0.657013350070823,-19.6658981809907,29.2578247968202
HCHL,,131.057525993543,-19.9496287486275
HCI,1.02614765403074,10.6844141756515,11.5912542722853
HCIC,,,
HCICR,,,
HCKT,0.938720256752809,-48.3915603527438,-60.8287369095912
HCM,0.22190379254688,-30.9626894152224,-46.4208198172576
HCMA,,-4.95913208050428,
HCMAU,,-7.88011954307719,
HCMAW,,-7.67058127166498,
HCP,,-1.83357442665887,13.1743596257047
HCSG,0.813636018717927,19.6929345788639,54.1755351585956
HCTI,1.08970876863185,-90.6655517398926,-99.8379212151171
HCVI,-0.01631017990028,-72.4761622996176,-76.2602133863165
HCWB,2.36571952475918,-68.2568573131239,-91.0704632448094
HCWC,,-49.9465707637322,-65.3956807062059
HCXY,0.175716795345436,-10.1299228871909,-18.9450131921733
HD,0.951346813389292,-14.9239387338902,-21.4560188858029
HDB,0.646542152576491,-31.716815929691,-47.047870081006
HDL,,-24.5886145983007,-44.8435971971595
HDLB,1.16816200286074,-1.13069189473284,-12.3292808885535
HDRNW,,-74.3150887643791,-77.4097374242562
HDSN,0.76791494983896,-19.9625536208014,-38.5331191615847
HE,0.510871087329012,-19.6019531339732,6.04872072245126
HEES,1.83397337593693,65.2323616389679,77.6277887136318
HEI,1.03284399053957,0.843494511976472,-3.49213924178423
HEIa,1.07533417774319,-5.37700625379661,-11.262641812929
HELE,1.30510422636325,53.637787971997,5.68551153691861
HELP,0.511284268703737,2.02486642816411,-22.5520171765498
HEPS,2.07999812228001,-4.44585495202651,2.24924098786927
HERE,-0.474613597128734,-63.0528654918825,-82.1516784905281
HES,0.661312206153078,-6.26395862732105,-15.6109189189214
HESM,0.494129004305215,5.43861283842895,-14.7538792712067
HESP,,,
HFBL,0.369300459605005,10.8097413510735,43.814939195938
HFFG,0.567759768381415,-31.4019135008365,-54.8356054196559
HFRO,0.783665684455094,7.54507024685214,11.8631778365955
HFRO_pa,0.301104797435257,-4.718777481166,-13.8808714150884
HFRO_pb,,-4.77389595268104,-13.2943383338479
HFWA,0.493200257250991,8.03648467781568,9.44870495045704
HG,,37.7757951497065,60.8673451752671
HGAS,-0.012078032123032,3.62907061762219,-64.6178596658468
HGBL,0.440806500350402,-16.9515457918832,-51.642056253433
HGIA,,,
HGRN,,,
HGTY,0.787071585761488,-5.90518402952127,-3.24451151564175
HGV,1.51433133985618,11.1848852792291,-12.2899541283002
HHH,1.13727800163935,-21.8950225905516,-16.1472408111935
HHH_w,,,
HHS,-0.030030404265394,-32.4613985385614,-46.0882669081054
HHZK,,,
HI,1.39118945458042,47.9506434633879,-11.5999253867679
HIBB,1.88170211073227,18.3847000409776,69.1053379912341
HIFI,,,
HIFS,0.834008845704492,-9.06209140574883,0.512654583569905
HIG,0.456037528433946,3.39101107880699,1.74932091021085
HIG_pg,0.258314917985438,-8.31123195538032,-15.2926438325915
HIHO,0.492178430123713,-1.54359645346053,-43.5211118192006
HII,0.24198403510125,-33.3649745203901,-1.72762957645186
HIMS,2.40368978644655,-7.19937986646804,-57.02245638879
HIMX,2.36614138095238,33.4996270492066,9.15724162979339
HIND,1.48749054999239,-42.6562242415945,-82.1700727048497
HIPO,1.47426052142864,-7.88461448104795,-0.86166030699566
HIT,,-19.5873131254392,-43.8812926903469
HITI,1.03226968946693,-20.5690690365871,-28.5171812698053
HIVE,3.67373009795253,-10.098838136682,1.29062882884679
HIW,1.05403187897207,20.2489894264244,-2.67401520882211
HKD,1.96618299576698,6.78078166964138,-24.0772754238118
HKIT,1.39748415255533,-99.957752364562,-99.9484190466199
HKPD,,-57.9538035232033,-73.4266557287624
HL,1.31487032428923,-51.719258327163,109.280872975798
HLF,0.876132254246924,-30.4599594633759,10.6268763045676
HLI,0.939868593193967,-23.9328707712923,-35.1184039804807
HLIO,1.27465558736198,10.4530665128605,74.7139569813391
HLIT,1.33943073772448,1.36361030688885,4.08224714875685
HLLY,1.29935539573596,-35.6037462456013,4.33838161968665
HLLY_t,1.33782477829703,-45.461971966761,-3.92354562121509
HLMN,1.38433723117489,-19.2965039548677,-13.242951944089
HLN,0.084852202946587,-7.41224929124665,-8.93186593361348
HLNE,1.14512604997304,-42.9321817174587,-50.5716511752697
HLP,-0.365939189791402,38.0519748482219,66.8144865256639
HLT,1.04900155840604,2.26927729434823,2.49992096462466
HLVX,0.765653938684686,2.69027811295721,-1.42601930493642
HLX,1.1431787185118,12.1140784259881,25.6488416132932
HLXC,,-3.67707555828194,
HL_pb,0.226874014013909,-34.780453059175,9.41555982605917
HMC,0.444081523989304,-4.96141469653091,-21.6457451884475
HMH,,,
HMN,0.100482452578648,14.9616054755257,8.57706852072038
HMR,,1.40998682525406,-37.0357085172739
HMY,1.10805185228359,-39.6155194361418,-3.69192028711078
HNGE,,74.9749782349028,42.8499757451635
HNI,0.894382244311578,-12.6369376862918,-27.5414510981379
HNNA,0.566660007446653,-11.3093795500252,-31.8324178706241
HNNAZ,0.105061201498598,-8.92447717490459,-18.5755630064894
HNRG,0.262333563955483,-26.4882592370855,-25.2877263036765
HNST,2.10680853443312,43.5404036732815,-32.1131386511325
HNUC,,,
HNVR,0.07843072562999,5.78586811683393,6.05728363512392
HODO,,-75.1367578070655,-92.285644522048
HOFT,1.16110607640712,-0.584256961028506,7.4594995723718
HOFV,2.75317985633129,-61.7309483209071,-76.8677851255457
HOG,1.27781572031409,18.9656477155946,-7.67033238292967
HOLI,0.447882226108946,-5.52824377210978,28.7981270685625
HOLO,2.86257234343492,-44.6607677413813,-72.8906175533135
HOLOW,2.86031103741998,-48.0982727355338,-68.3042484496034
HOLX,0.762426252378315,13.882729259875,-5.08930541822061
HOMB,0.671141954096015,3.32749559206256,-6.37234116619085
HON,0.839946629467673,0.221956823123626,-4.40585344050565
HONA,,,
HONAV,,,
HONE,0.697649197606475,-8.49443654550786,-18.2752126188806
HONIV,,,
HOOD,2.34605848864316,-17.1999289287563,-25.2727111410656
HOOK,0.87554297547501,18.6279782190752,-42.863242713161
HOPE,0.809432425813689,9.08170832329061,17.1180058785836
HOS,,,
HOTH,0.977863941215276,-27.4615359333418,-48.7922901316191
HOUR,1.37563006908866,-4.47668589011139,-14.9263210367324
HOUS,1.89674618606242,292.312511080202,384.991118029175
HOV,1.82015132046847,13.1923766622712,-3.6702789022816
HOVNP,0.250994140406161,-8.45937796398941,-10.5811099942846
HOVR,,-27.8968877938589,-8.77332768127755
HOVRW,,12.1376226401621,-4.838360556387
HOWL,0.251012967828904,-37.0979633328339,-71.3733598348685
HP,0.613107006647784,-6.6520044086545,62.737957511193
HPAI,-0.018245119014357,-87.4433460137465,-91.5121584514348
HPAIW,-0.072981094173238,-84.8001981184813,-88.1531496566567
HPCO,2.7099780944426,87.8801095200019,-42.657520256803
HPE,1.44102533265701,98.2744026161317,87.8048600210022
HPE_pc,,82.4988520621451,68.375173145433
HPK,0.365628802007618,39.3914207466527,-46.605009804342
HPOT,,,
HPP,1.91476720474451,47.605141722006,-28.3557506632371
HPP_pc,0.796946205986801,-13.0857649383614,-15.4591180498415
HPQ,1.16945032761101,37.20000770059,-5.86738383355655
HQ,,,
HQBB,,,
HQI,1.09709382820155,16.6021434419958,15.5913945990661
HQWWW,,,
HQY,0.201637204644498,14.5566266430077,-9.06402491852664
HR,0.928290747168862,22.7281360574206,20.1226084275592
HRB,0.345012987229541,7.44886894666439,-30.4648936951087
HRGH,,,
HRI,1.86644791469972,-11.1599762831098,-14.9274499886758
HRL,0.323663917426202,-4.71794445771331,-22.9943722117628
HRMY,0.953245673787077,-10.8217686102645,-13.962227331621
HROW,0.281894472053453,-14.0594938770768,-2.98165647579585
HRT,,-7.20066112982597,1.89587991528362
HRTG,0.885879183490407,10.5459935738752,24.6823510808068
HRTX,1.64167203616296,-67.3960909943682,-77.5300718490166
HRZN,0.969035319031245,-38.5299994366283,-53.7425327676027
HSAI,1.41365306075738,-42.2633602364122,-37.5516830193951
HSBC,0.570695676374978,10.0868310386722,38.3316179288816
HSCS,1.79547159128682,-36.4357713300592,-45.0872863476165
HSCSW,1.90482276480226,-25.9274419257645,-60.6438242827296
HSDT,1.00460009486732,-47.7767458735521,-83.1169354066197
HSFZ,,,
HSHP,0.68713606807303,31.9978699493399,67.3059834842233
HSIC,0.793503669758994,4.74309995420426,4.63008669009535
HSII,1.0579455942169,17.0929425493334,13.3028602187183
HSLV,1.29420358152715,-22.3620735471809,60.7198956962552
HSPTR,,164.360869533039,149.680655304162
HSPTU,,10.266214709472,0.55386053394213
HST,1.10572333119085,32.6070190635253,38.6952628246807
HSTM,0.435296116056427,24.9502342012922,-7.37231015726582
HSY,0.08823318874985,-10.0993234752566,-14.5315559159225
HTB,0.802118483301876,13.1010727836079,7.31175305358021
HTBK,0.711410782695637,31.2934137881063,15.1359280132119
HTCO,-0.832645478620035,-72.2271027384587,-51.7283894689622
HTCR,1.67673743305201,-63.0170093123132,-75.5461987805502
HTFC,0.157019313660626,-9.32132181444513,-18.2030117185226
HTFL,,-22.9757769526298,
HTGC,0.730922085887723,-18.4178347966623,-26.9040917559248
HTH,0.882854168602922,3.08030815864495,13.9123811665006
HTHT,0.125067138751634,-20.337792470492,13.057910597975
HTLD,1.32459595834775,21.5855307009887,37.0683469904428
HTLF,0.9793023537627,14.687131477693,51.7207967764884
HTLFP,0.201248784599264,-12.3631803923391,-19.2302236975968
HTLM,,-27.1782521240303,-57.6652050622392
HTO,0.319357482448432,15.2061179295679,15.6630700136167
HTOO,1.82288510472486,-33.1455790660258,-61.4088946945659
HTT,1.27222026619313,-25.8849567964927,-37.7936492071569
HTZ,2.23785058674455,-68.7161893110563,-78.1876127700986
HTZWW,2.1265598850334,-11.4195487430329,-32.2979087593388
HUBB,0.900297127255273,-6.15308199028778,-5.08682067739279
HUBC,-0.934649925226888,-99.9681911839895,-99.9983143831504
HUBCW,-0.996135275148053,-99.9711714122562,-99.9947990612696
HUBCZ,-0.996135275148053,-99.9711714122562,-99.9947990612696
HUBG,1.21043611172335,-5.68442219340951,15.2323048854026
HUBS,1.1666928058328,-30.0430769079077,-63.3861453171288
HUDA,,-10.2861557162787,-5.51695013153411
HUDI,1.98271831892025,-44.2425092298514,-46.8548017658747
HUHU,,-28.8793917404041,-21.6660767793827
HUIZ,0.882285970361636,-44.5306343321899,-58.3371045615834
HUM,0.724666391967382,75.6140945787523,44.4125473024669
HUMA,2.54489941486371,-42.4776771484149,-78.0369016352018
HUMAW,2.48253553054934,-16.7418568471142,-65.6724011051933
HUN,0.691848077110663,-5.5642193573605,-9.47174814022911
HURA,-0.007275536531253,216.802274602283,-34.0974018778725
HURC,0.71478403645236,14.9631529983993,-7.67742285147472
HURN,0.073216183842361,-32.9125951972856,-22.0293886799035
HUT,4.66662411883389,53.6399925360042,327.910851049701
HUYA,0.788218628905154,-42.9145727035461,-38.8283223190478
HVII,,-4.32538640575216,-11.3644265916366
HVIIR,,-9.10328661126832,-33.0481390436253
HVIIU,,-8.01492709586284,-17.0617934976651
HVMC,,-5.41016225252866,
HVMCU,,-9.73056218288686,
HVMCW,,-8.3837253906237,
HVT,1.18930120755612,-4.78556465216956,2.84676579455423
HVTa,0.817217770965259,5.40074144072111,13.9133538807843
HWBK,0.466924358052071,12.1629260332731,14.9805392788846
HWC,0.960346366793292,7.1730102792775,9.04425090068153
HWCPZ,0.495860299627422,-16.1502693142593,-25.546337017482
HWEP,,,
HWH,-0.265362261909572,-24.4634062602332,-17.8688441178169
HWKN,0.77416113652262,-12.5533283534539,-23.520782223761
HWM,1.19155820467094,24.6722649447904,30.7507273136849
HWM_p,0.244567437214425,24.36362157655,47.5455393807927
HXHX,,-17.6533796776016,-74.8409870126723
HXL,1.04785448300985,26.7160012902158,53.0168079097161
HXSZ,,,
HY,1.61180566686087,1.00100469498383,-32.0715207182901
HYAC,,-5.69254992864282,-28.4031127951002
HYAC_u,,12.4608672582285,-13.4177177987258
HYFM,2.34531703844128,-61.4294892446823,-86.4104452252301
HYFT,0.844977507705641,-41.6627970440177,-42.089772932613
HYHL,,,
HYLN,3.54484870259515,53.247831267467,86.8028021082061
HYLT,,,
HYMC,2.79137555571948,-65.5410409886742,398.730846873108
HYNE,,7.41532685666548,
HYPD,2.55248172198429,-37.7164568440542,-78.0891366875994
HYPR,1.44616404980405,-34.3423556196512,-28.4053075642666
HYRD,,,
HYT_r_w,,,
HYZN,2.85240333157375,-86.9273048854937,-98.4928137372414
HZO,1.57831086886751,20.9358905255746,37.5289216734088
IAC,1.03931335546103,0.685941045287519,-10.254896911583
IACO,,,
IACOW,,,
IACQ,,,
IACVV,,,
IAG,2.22141467372316,-35.7601673121987,62.436726992041
IAMR,,,
IART,1.19087825617186,66.7794682890943,29.7428320296457
IAS,1.57343851197758,12.5494553719531,-13.2903702302513
IAUX,2.02416222080342,-32.2328164991594,71.0808100248769
IAUX_t,2.03057733457942,-5.13006198198045,70.4820605622709
IBAC,,-3.78612331652488,-11.3573987923932
IBACR,,30.1413693943166,87.3588301009408
IBCP,0.69148500397984,3.96857234027583,3.00868806144752
IBEX,0.671894426740422,-11.4187759137425,2.77522060568662
IBG,,-81.3710675721032,-95.5621906981352
IBIO,1.31754567296458,-42.7295280191222,68.3930567106559
IBKR,1.33424607074282,13.143751698883,19.58261584617
IBL,,,
IBM,0.704651029724963,-27.2576755576185,-25.6395201612906
IBN,0.420406347341246,-4.44954430125616,-23.085840557219
IBO,,-12.905943193617,-46.0846947020962
IBOC,0.699717254523433,6.06487578134995,-4.16601061851246
IBP,1.70235849367466,-22.9274838650988,0.263722592493032
IBRX,0.143097645930554,10.0440641474297,126.232311590613
IBTA,,17.2206638416137,-38.7927449763055
IBTX,1.40650278276118,23.428241092342,-3.29874899132965
ICAD,1.42441648701927,92.0395865134463,150.673980726856
ICCC,0.544362046339373,68.5373049485093,45.8211475822475
ICCH,0.150978877182447,4.22870625563674,46.0105572306417
ICCM,1.62733391244742,-86.1326585830475,-92.2337126949748
ICCT,,-90.5211246769052,-99.9690428367205
ICD,5.15149187457213,-98.1606275425194,-98.9528716200663
ICE,0.908697709984031,-17.2061105554747,-28.1360289973655
ICFI,0.504215241144109,-16.4865680844046,-15.2603312149059
ICG,1.03244561612775,-63.5658194616074,-76.3697601671682
ICHR,1.85262023046891,106.365088037292,172.824140930022
ICL,0.85475778223176,-5.50730684482988,-45.1722742755689
ICLR,1.19334100229594,-9.92309693066673,-18.2583948994478
ICMB,0.652781699448851,-74.5860392780951,-77.0166503862329
ICON,,-55.6394185855551,-93.3785664900308
ICR_pa,0.203757829040152,-3.25465478955939,-1.62701428413334
ICU,-1.02897496905215,30.8314932689892,-61.0161797793286
ICUCW,-1.00485453204539,-12.2103015416468,-77.598849154457
ICUI,0.739861845589783,4.32714261297755,11.8347009344527
IDA,0.474147168086287,4.07908273350137,5.95076890315069
IDAC,,,
IDAI,0.373659984117307,-49.5815402300754,-34.1700052045609
IDCC,1.4367136435241,-26.700446071454,0.76435029386237
IDEX,-4.56851272450817,-92.5644622898838,-98.2184845618058
IDN,0.811555386589934,-44.3091532041688,-39.4410175245928
IDR,1.24344797518345,-33.1022392344149,35.756593608894
IDT,0.583671255091123,31.8579594108533,1.78889971151175
IDXX,1.52622935254867,-22.9901132954143,-13.5247063205462
IDYA,-0.09773544893551,-2.2201387414613,24.3107954145085
IE,1.24638185048242,-55.8501191914695,-32.672019473936
IEAGU,,,
IESC,1.82760237887962,7.04128218024807,32.8358617681438
IEX,0.971633326929088,8.30707365580814,4.77136101211191
IFBD,1.45774667984329,25.3286788264436,-5.47007052235352
IFED,0.960515249569585,-11.7524732452239,-16.7175756122617
IFF,0.93971495239542,1.69033383048869,-9.39004015057106
IFRX,2.51260152739342,64.2274672022361,65.7693991891941
IFS,0.831465684711761,10.668060450259,39.7512184836301
IGAC,,-5.01827124568451,
IGACR,,,
IGACU,,-7.93011545074634,
IGC,0.44909504781763,-16.4475474490376,-41.0958398195875
IGIC,0.11340058979619,16.2397232640093,11.9542253731686
IGMS,0.671803709397294,-12.3648531887034,-87.7173396798727
IGT,1.01517791909304,-30.8331664319824,-36.9794510589987
IGTA,0.465296116669765,-99.9910144295447,-99.9857507392205
IH,0.186178743539753,-22.7834224303291,-54.9186760865566
IHG,1.13193140569634,11.6936990068511,18.6878099738274
IHRT,2.23132819064873,-1.62619634277185,54.2165174911736
IHS,0.733161727220658,-2.14577629166565,11.3992443990679
IHT,0.284926006826414,37.7256735040692,-31.3224096858836
III,1.11725256226572,-32.199786564521,-21.4616201537071
IIIN,0.492400229852929,-5.24635986007943,-20.2754510992614
IIIV,0.828370644122358,-13.5525911170832,-36.1737751406117
IINNW,4.20714228262342,45.4532559244591,-12.6231869546673
IIPR,1.41650658785505,16.6929679412071,-2.01521540214106
IIPR_pa,0.04440112439166,1.21283319303329,-13.468125447766
IKT,0.938993492538494,28.403270115741,12.2551933955805
ILAC,,,
ILAG,2.13468304483759,-16.3346387293741,-36.8740512698282
ILLR,-1.49133317154956,9.25636803608809,-85.9574794037487
ILLRW,-1.54475782532928,-79.3084892682129,-80.1052276245156
ILLU,,,
ILLUW,,,
ILMN,1.45032554531542,19.196211240614,51.0641391632984
ILMNV,,,
ILPT,2.49069570594929,59.2055235164811,43.092676932702
IMA,0.759705503934248,-26.3816713717543,-69.7349404409761
IMAQ,0.20711278828397,-3.13042170278486,-19.0459109507808
IMAX,0.373592887490608,27.8395738014517,50.8190137405887
IMCC,2.08426188840498,-92.4847956191999,-96.6577526092537
IMCR,0.738386160456803,-10.1874112693971,-15.0760240338304
IMDX,1.79979762195395,-37.1460591518716,42.1230277506118
IMG,1.79105010940939,-99.403996691805,-99.8992420309081
IMKTA,0.602901525577202,16.9797470831458,20.6901801893816
IMMP,2.2494596410977,-88.2056431247752,-81.5213859027548
IMMR,0.998232891778722,6.60456584616407,-10.2363634537693
IMMX,0.126709031040228,33.4771148441764,166.895512334145
IMNM,2.07283425662594,-15.1249777615867,84.2471005032795
IMNN,1.97172639373814,-60.5142077519776,-79.0095454233666
IMO,0.822244480934228,17.386808049421,16.6107055904835
IMOS,1.36305565122621,8.64828327787624,144.123558700883
IMPP,1.24116283481556,26.967970266399,27.6596028460097
IMPPP,0.099331285262929,-5.40679822884967,-12.3498558453633
IMRN,1.09923532483858,8.02810329993811,-43.6017826477838
IMRX,0.432708288393664,-23.8420970970547,-6.72681044329088
IMSR,,-54.8979708339622,-61.0019244099434
IMSRW,,-16.0531305123885,-48.813070570153
IMSV,,,
IMTE,1.27204734000374,-55.5218561778438,-64.1768786270972
IMTX,1.33755201163105,-17.8612233905297,12.6431545480117
IMUX,1.42107998773286,101.407960542979,6.2428721908677
IMVT,0.773992497280541,36.2008248290733,99.6380485092806
IMXI,0.759539721986284,-19.8353925465366,19.3530710201101
INAB,0.243614372801878,-49.6263474475357,-59.3722430755647
INAC,,-4.57619314112441,
INACR,,-9.53153998377694,
INACU,,-7.86135989080038,
INAI,,,
INBK,0.8462735889669,13.9075820946379,0.293703250714472
INBKZ,0.324541497167597,-8.40608127511813,-17.8087898540235
INBS,4.21956451858467,-83.0992723151872,-91.0388320871906
INBX,,1.85254542491331,178.940707322218
INCR,1.07791768475179,-4.0112569083115,-56.846241068275
INCY,0.744720073766395,17.9629971486124,59.2896606264306
IND,,-15.5912276203809,
INDB,0.790410692395317,1.72214100598973,12.4824929044858
INDI,2.79763596468528,-34.0158477506339,-35.4897102889034
INDO,-0.640070625280918,-45.434819256425,-16.1366233755744
INDP,1.1843932652674,-34.4692359940316,-85.608923120542
INDV,1.14733123894973,10.840611531734,106.302069456434
INEO,,14.0649735121909,-50.4142529896328
INFA,1.12489050426718,13.9740675136765,-12.0164977871564
INFN,1.67177453613359,0.137692285203062,13.2065333426559
INFU,1.40988556955877,9.89213953056716,44.6196777252154
INFY,0.850755581545603,-36.4296067788486,-38.0961866408669
ING,0.863064723274625,4.10672735307467,22.8029424616213
INGM,,34.3213241385273,23.1634547055666
INGN,1.55432320234334,2.39306478084995,-18.6733313804143
INGR,0.594481333899212,-17.5264294008061,-32.8585716549959
INHD,,34.4091580605956,-94.7967497126405
INHI,,,
INIO,,,
INKT,0.486158745901674,-22.8271101192198,-51.5454513768069
INLF,,-99.6113209700318,-99.8616891037747
INLX,0.25807059943203,-36.5904630369993,-65.5040561234723
INM,0.934388654683913,46.6167209805623,-45.589806152762
INMB,0.978422164462226,-10.7569479779991,-49.4558554840893
INMD,1.87639307066548,-4.70474445001869,-8.48471510035174
INN,1.24032925101553,40.3984260683239,6.8938616951987
INNV,0.379736449161843,92.6097303325714,170.885874306862
INN_pb,1.24032925101553,40.3984260683239,6.8938616951987
INN_pe,0.615465672363481,-9.73539326940763,-16.8153788552933
INN_pf,0.496005041344139,-10.9038098299278,-20.4002948028275
INO,1.48965912565662,-36.7593095406529,-40.1391005383518
INOD,2.94600676287069,-7.80580474022752,0.120317513197676
INR,,-23.3355704936379,-25.0460458702656
INRX,,,
INSE,1.22444011765872,-25.3568865112408,-35.1673890697902
INSG,1.72436171316359,-41.2767027073138,-20.9415676855923
INSM,0.803759211436364,-39.8550301146157,-11.974362422716
INSP,0.687367035196814,-40.3097610236306,-65.8063718474648
INST,0.576616016101166,4.87660871764561,-29.3604477380083
INSW,-0.088313653989989,53.0511597134219,96.4109332994597
INTA,0.411103006129053,-21.8868022919557,-36.0539402280675
INTC,2.25533786405652,84.5442004504458,258.945067831569
INTE,0.316280677550743,-6.05994523999903,-13.9862803852046
INTG,0.069138079310314,-9.89359710976682,131.101917663916
INTJ,,-49.0555856878456,-87.6748633478799
INTR,0.956060625539,-47.3822739370335,-26.4806280356718
INTS,,-55.8898607680078,-53.6849202074178
INTT,1.52662976312929,29.7655144301205,48.1993142011678
INTU,0.953372651029313,-46.0903965175418,-66.2947002087879
INTZ,-1.56559750411042,-38.1428622470163,-64.0684622899484
INUV,1.23454472063508,-72.9992656977243,-84.6803022578472
INV,0.450318296592093,-22.3288932710607,-47.1782966680924
INVA,0.346483125501474,3.89617618233371,1.18442420704901
INVE,1.22519410969869,-23.993955694181,-38.7582316342656
INVH,0.833103435930717,5.45008014710604,-17.2097285578282
INVX,0.840640927524624,-7.75223445951609,25.7085850844871
INVZ,1.5291520721208,-59.8026032346015,-78.6486385508687
INZY,2.26031828068134,37.0331528967458,-19.8764115060982
IOBT,-0.002360853305915,-99.9144184135196,-99.9892482850481
IONM,,-6.68101993709756,-99.1058860219844
IONQ,3.30708285579938,-30.0354131618195,-31.172772306347
IONQ_t,3.22093864997099,2.18013033142761,17.167173644258
IONR,0.718340690890739,-51.3359716325241,-10.8870679706391
IONS,0.423649852311632,-36.7557215944965,15.5345808768081
IOR,-0.039399919033939,11.1420444541365,-1.72978678708987
IOSP,0.906050085171555,1.46423618614464,-11.2163120053962
IOT,1.32252380404706,15.1979088783531,-18.6708400011389
IOTR,,-32.1049367255917,-49.1585572044329
IOVA,0.688266135892525,48.1604890510082,37.0388075218775
IP,0.901749109527454,-1.85267738463405,-31.6694613006066
IPAR,1.11888618982335,23.9876645426375,-12.2122345253743
IPCX,,-17.4326093497236,-24.6219316820291
IPCXR,,6.22553513460742,-11.6480925532694
IPCXU,,-7.90894203305155,-18.8410346859006
IPDN,1.6434378314917,-68.6419150539235,-87.7447932012253
IPEX,,-3.77763098441106,-10.7938161982973
IPEXR,,-32.1001550986174,107.493115973382
IPEXU,,-13.5134899883061,-16.2213317816996
IPFX,,,
IPFXW,,,
IPG,1.0144109821543,-12.7113278697615,-29.0979652626975
IPGP,0.979521693703566,-12.9113604663436,-9.2215460113665
IPHA,0.338732393859896,-11.3166301581844,-34.3013525581345
IPI,1.23856582153774,-2.4660055346429,-13.7172582311634
IPM,0.470737068215197,-5.00443900674058,-22.1947357622836
IPO-AMAE,,,
IPO-BANO,,,
IPO-BLAK,,,
IPO-BLUT,,,
IPO-CANI,,,
IPO-CARI,,,
IPO-CARO,,,
IPO-CHIO,,,
IPO-CONU,,,
IPO-EIRB,,,
IPO-FORS,,,
IPO-GLOL,,,
IPO-GRAV,,,
IPO-GRER,,,
IPO-HOTE,,,
IPO-INNU,,,
IPO-ISHA,,,
IPO-JAJI,,,
IPO-JATT,,,
IPO-JUNE,,,
IPO-LATA,,,
IPO-LINX,,,
IPO-LOHA,,,
IPO-LOND,,,
IPO-LOTU,,,
IPO-LUCK,,,
IPO-LYCH,,,
IPO-MERA,,,
IPO-NAPL,,,
IPO-PAFM,,,
IPO-POKE,,,
IPO-PTTO,,,
IPO-PYMT,,,
IPO-RANM,,,
IPO-REDI,,,
IPO-REVE,,,
IPO-SEAO,,,
IPO-SIXE,,,
IPO-SIXT,,,
IPO-STAN,,,
IPO-STTE,,,
IPO-STUE,,,
IPO-SURA,,,
IPO-ULTE,,,
IPO-ULTR,,,
IPO-VALK,,,
IPO-VALY,,,
IPO-WHIT,,,
IPO-WORL,,,
IPO-YBZN,,,
IPO-YUKI,,,
IPO-ZERO,,,
IPOD,,-4.32538640575216,-10.3060913867606
IPODU,,-3.36051837907946,-8.89671117722851
IPODW,,-4.32538640575216,-10.3060913867606
IPSC,1.58095015100888,-27.329391600754,175.512695641142
IPST,,-92.7714957863246,-98.9489971360741
IPVV,,,
IPVVU,,,
IPW,3.02363073571233,-98.4587959765937,-99.6605232085569
IPWR,1.82458283547653,-20.9810725061289,-42.2479311157802
IPX,1.68105914466017,-62.9614460709946,-52.7446289118022
IQ,0.175090070610156,-44.6108167688674,-44.2916323738372
IQMX,,-3.35533713750378,-9.24536670564889
IQST,1.64861265575314,-68.0476004217684,-90.3712043016984
IQV,1.15547384200943,-5.31946190095157,5.66430543698628
IR,1.16048580032808,-5.80949650237529,-15.2887766517157
IRAA,0.738008051128155,-85.0178097816314,-98.8886346128979
IRAB,,,
IRAB_t,,,
IRAB_u,,,
IRBT,1.29827593289533,-98.9777623779665,-99.4194718268014
IRD,0.605336685669574,13.1927868309552,144.422319905377
IRDM,0.901435285497361,101.350758881813,53.033023465008
IREN,4.31996413155424,-46.8680437071706,76.0220450259354
IRHO,,,
IRHOR,,,
IRHOU,,,
IRIX,0.67421335882482,-45.9015802293877,-50.466216763009
IRM,1.2206297623266,28.7425303459673,10.3257607712223
IRMD,0.886458028127154,-10.7738842859486,43.5651250432909
IRON,1.00276403207914,-14.6259424417571,7.95097796308812
IROQ,0.197732307351592,2.96190077061651,-7.70871394401533
IRS,1.32106834060194,-20.9792310452566,-6.74256234401633
IRS_t,0.760192790820775,5.21137860756464,1.10619918448307
IRT,0.954356269794459,-6.84138360401565,-16.4881337771416
IRTC,1.30233327452782,-29.5749602249533,-26.3698470484389
IRWD,0.222373526585687,-30.5501540684818,309.127718783606
ISBA,0.03077041352214,-24.6443942755851,13.4926901055948
ISOU,0.844516699745975,-24.7235510875259,2.13524733934072
ISPC,1.6649976837558,-86.8327867475229,-96.3053197710917
ISPO,-0.030278791238664,35.1586298632595,-29.1465042964112
ISPR,,-51.9795247233222,-54.2784214672184
ISRG,1.46601037323627,-35.2668143147791,-36.9981501029801
ISRL,-0.29213354411386,-8.78284537797008,-8.16064997304711
ISSC,0.583556906513165,-15.418634905939,7.64355766293146
ISTR,0.464246174419106,1.4821953572197,18.7564594223516
IT,0.918241664321348,-36.8981976991442,-61.9701589787224
ITCI,0.415287248113646,82.8241368342652,81.5710121657947
ITG,,,
ITGR,0.625883007954025,9.91610556951739,-20.1585243671799
ITHA,,-5.20508124319419,
ITHAU,,-7.60349084035424,
ITHAW,,,
ITI,0.874191370669127,39.9064152595885,22.4651348287215
ITIC,0.624506689809195,7.76730720681851,20.5551471922001
ITOC,,-51.3390516343195,-99.2804407822922
ITOS,1.31400197221183,28.8619574616648,-47.8898250586957
ITP,-0.229113983255012,-27.5861192231203,-28.571215450322
ITRG,1.66215064238445,-55.3803817315078,7.32282508664408
ITRI,1.27814661247514,1.55014808500307,-32.4637690889552
ITRM,3.85511260573438,-91.4973965034744,-96.5815060153094
ITRN,0.814893188877254,13.6961343877676,16.2353302350063
ITT,1.26433166082974,2.17059191458566,5.3478800156838
ITUB,0.579500361938666,-11.0886269868328,19.1289754581171
ITW,0.995145179990944,7.18368148348172,-2.35833436597428
IVA,0.68481672173615,-36.55285966719,31.2840983594246
IVAC,0.415484109324961,22.2310131345268,-1.31783442128166
IVCA,,-6.05994523999903,-14.0578988028688
IVCB,0.536366679035516,-6.05994523999903,-58.6968933422351
IVDA,-0.88100233925925,-72.640949658476,-90.8955289237924
IVF,2.33930829064491,-89.2650892525569,-99.0107412693599
IVP,,-98.8816660147619,-99.9886972773174
IVR,1.55412825689207,-21.7860519681145,-15.6706221531183
IVR_pb,1.57177952649085,-7.97203014661489,-15.4556897617622
IVR_pc,0.83647822072945,-5.9092795547384,-10.5113404424161
IVT,-6.05488435430625,17.6128179511726,13.2388223876072
IVVD,0.722875902021921,-72.5445150299958,-39.0517856831982
IVZ,1.58629522647124,1.79145108935304,16.76124392359
IWDL,1.67459364599627,19.0301842443478,25.9710491870962
IWFL,2.33440306404913,-4.15754649253831,7.31033649980812
IWML,2.22813984833705,19.1432511930018,43.975080964376
IX,0.911372091044289,20.4990231214672,48.8625964194252
IXAQ,-0.028160960234804,-6.05994523999903,-13.1945222967002
IXHL,2.80940621690093,-70.4722775735794,-92.8683302504259
IZEA,1.25836406407939,-15.8199509293498,-24.8740929946723
IZM,0.666649172150191,-82.7316075808822,-91.5672823907063
J,0.671082232078809,-3.42245302475882,-15.589132362951
JACK,1.39447775263566,-30.3317446112154,-38.0025999565078
JACS,,-3.95145308444983,-10.8638075047062
JACS_r,,-38.4374739560798,-51.2343367988825
JACS_u,,-9.55116874092675,-18.0767398113188
JAGU,,,
JAGX,-0.015285487467399,-96.3289588584985,-98.9466459530602
JAKK,1.39704289616074,31.8726229973024,29.6290522547823
JAMF,0.526807336049384,58.5353418623703,-25.8581498095162
JAN,,,
JANX,2.49907767403196,-4.33802977596643,-49.5027086410203
JATT,,,
JAZZ,0.320398487925231,43.7895672859068,88.2738644807944
JBDI,,-18.2471723281216,-51.1079909558005
JBGS,1.04121958440722,-19.8861372758924,-35.9576605769632
JBHT,1.29824117240785,28.5471116052419,60.9214154556204
JBI,1.46394994988994,-26.7840211812474,-48.7354412506713
JBIO,1.36926585332302,15.3033693938952,118.641325988577
JBL,1.31685569857416,17.4638417927286,15.9208877499101
JBLU,1.73088241511405,19.1628601606778,18.3675040570579
JBS,,-16.1163485380248,-11.0489150531477
JBSS,0.323562896610733,8.82768574523876,13.8590861206496
JBTM,0.933039357746609,-11.7173062011081,-9.78339353874184
JCAP,,-14.3229975911675,4.36534655388596
JCB,,,
JCI,1.32297491559353,12.6702366769232,8.19588044802284
JCSE,-0.341353059148778,9.04726503201456,47.4364980470486
JCTC,0.345093884235141,13.907989105122,-36.6878486119834
JCY,,,
JD,0.359912286353335,1.23235053628579,-17.6888577196163
JDZG,,-87.3053980054053,-93.4838091200913
JEF,1.51776047497336,-13.6077561639908,-14.4199378728313
JELD,2.13197389648119,-61.4778192710787,-80.6214149484453
JEM,,-87.890090825817,-99.4713740148674
JENA,,-5.33102143972746,-11.8656265485479
JENA_r,,-26.7112785191426,
JENA_u,,-7.4931654929663,-15.6914612484946
JETD,,-52.520852490928,-79.0305711961808
JETU,,9.92490867019831,51.3624941427318
JEWL,,-6.05994523999903,-56.9931401926023
JF,1.03860680166418,-16.298749384997,-19.787682857597
JFB,,-75.9083301303101,-25.8131668322389
JFBRW,1.68235278046335,-96.3615759763098,-99.7117419818839
JFIN,0.936244083746332,-71.1864537921006,-86.8272695135383
JFU,1.13727426797866,-68.5292948877719,3.63098748770536
JFY,,,
JG,0.600603670446121,-36.4739577471534,-58.1642190042591
JHG,1.33903232607656,0.340332451350367,10.6675804340796
JHKC,,,
JHX,1.76669426734956,5.60401640871346,-14.3367066503019
JHY,,,
JIE,,,
JILL,0.81308311405894,10.8087321058641,-3.90654761784571
JJSF,0.383787621634583,-20.7078531523694,-40.5440630757255
JKHY,0.540861219849783,-17.3615175409759,-22.7897144545715
JKS,0.493653386007009,-49.6581113579751,-44.4796872525337
JL,,57.0065521971926,-20.0341200456199
JLCN,,,
JLHL,,33.6839240815398,8.11066244577261
JLJT,,,
JLL,1.24291665983017,-9.47685872802534,12.3489946144979
JMG,,3.45154339500144,
JMIA,2.471086922461,-55.731952130433,3.70202485816065
JMSB,0.412775636989682,10.8661907527939,5.03384300967771
JNJ,0.223566689180992,11.6406647929739,38.0245423706798
JNPR,0.771669277266116,1.23026868680398,-3.97187919005867
JOB,0.650367993264132,-21.9334724986141,-20.1110963330073
JOBY,2.73566272734961,-49.2988717071116,-63.5594556177411
JOBY_t,2.69824511441014,-39.9019614897974,-16.6457762068218
JOE,1.28631232590699,-9.60266137005162,5.83427239559613
JOUT,0.800368954446079,-1.71220416643901,23.2458523768622
JOYY,0.480792888516149,2.52365343383465,27.605206954305
JPM,0.972233945837536,11.7702406389929,3.03594661245328
JPM_pc,0.228579582917134,-7.34982437558161,-14.9671682612679
JPM_pd,0.247336248965416,-11.1778795301215,-17.3674855686181
JPM_pj,0.533658257919341,-13.1574373465054,-18.0395062599097
JPM_pk,0.598722245215832,-14.253213173954,-18.5062521235471
JPM_pl,0.547009455409567,-13.9462708247892,-18.4693664356436
JPM_pm,0.680396230703161,-15.1557283199356,-18.9257761554634
JRSH,1.00046306996444,37.7179443568946,14.600632310301
JRVR,-0.202779270005452,-31.543683499361,-28.7675672620131
JRWP,,,
JSKJ,,,
JSM,0.874042223230128,-14.2268625919305,-19.5487709253947
JSPR,2.98263159929194,-63.7414300834874,-82.4365533818821
JSPRW,3.06342875646146,-76.0537233147015,-93.5473005428457
JTAI,-0.606049403518869,-63.4374185775827,-97.7125249356816
JUNS,,-87.5073051191998,-94.0280347837069
JVA,1.41250263756438,-16.3884329361248,-34.5756942527283
JVSA,,-66.7449245176507,-68.4717249810651
JW,,,
JWEL,0.85898545360951,-17.9678395053513,-21.9963342352416
JWSM,0.076613432191971,-1.48179824138605,
JXG,1.29909811418161,55.2247571510492,-62.8077748207676
JXN,1.2983921639083,0.147332051634752,20.1923924692311
JXN_pa,0.265600139257212,-8.21700734700249,-14.8864239625687
JYD,,-73.4573806495288,-92.0241823629917
JYNT,1.09451783550468,-16.6800953156415,-34.7716695715567
JZ,2.09533801538804,-90.017621384423,-95.8459283140582
JZXN,1.59190188898096,-26.5057218642345,-97.3271437596337
J_w,,,
K,0.243339574311649,-10.5914455283483,-9.39302002884451
KA,-1.35807836342357,-18.7373344867303,-47.6340828281893
KACL,-0.24603055114198,-84.6805449160614,-99.8602688999361
KAI,1.19479311109653,-7.48105502632898,-21.2170133985755
KALA,-2.22609033135334,-97.9118106345942,-99.8567811911988
KALU,1.61069319822273,23.8380560920393,69.5597468117582
KALV,-0.102918104286649,49.1049358585579,63.372779068669
KAPA,,-59.3115780254812,-69.6677059292913
KARD,,,
KARO,0.841566224552444,19.4514095914446,14.185087309305
KAVL,0.422938762653257,9.55262724124058,-96.4951102440428
KAZR,,-49.3515969818067,110.506642207388
KB,1.01014868101143,8.85684759634073,26.979947808883
KBDC,,-9.84890433323968,-24.9216109624176
KBH,1.3396141348153,-5.66825633898443,-12.8249518896164
KBON,,-5.02969538719741,
KBONU,,-7.71548857649392,
KBONW,,,
KBR,0.435959770061138,-18.5780290145067,-30.9971447105674
KBSX,0.356606231468798,-31.0601211035477,-56.5152861947423
KC,1.9873658904084,-34.5462471658436,-42.9771340783225
KCAC_t,,,
KCA_u,,,
KCG,,,
KCGI,,-6.53143282543264,-16.2143826773553
KCHV,,-4.49427766066569,-10.9035607713932
KCHVR,,-9.42749411443818,
KCHVU,,-8.50931154954733,-16.9540269851864
KD,1.70168490615572,-47.3730704554757,-70.9074447211168
KDK,,-59.3585657827785,-69.0169686575978
KDKRW,,-38.2401713420644,-57.281177493576
KDP,0.414861468602276,5.82301203120079,-18.9170031656705
KE,1.23252297290968,-21.9487280868725,12.4058466190172
KELYA,0.792912094094084,50.2110776607936,3.35725980498112
KELYB,0.805891487601322,58.2848960472836,51.5370888502304
KEN,1.155723067157,-16.279729122019,20.4620892486396
KEP,0.956688039679942,-49.0702264831667,-29.3935334050621
KEQU,0.725613287691422,-13.9729792190099,-46.6819924619707
KEX,0.827484960240442,6.29577836062369,3.49693532065802
KEY,1.03212244976873,-0.938329952524619,5.55805178323325
KEYS,1.22917164050429,31.6118194431618,57.5558632343765
KEYY,,,
KEY_pi,0.526963197578197,-5.1977659664635,-12.5688517259575
KEY_pj,0.689549294835916,-8.48502817537948,-15.1694127045277
KEY_pk,0.768699722767805,-9.36202918379357,-14.5918366299302
KEY_pl,0.647680427755362,-5.53743400970902,-12.0045576616624
KFDE,,,
KFFB,0.131673902373803,11.8596420946643,41.8141277488984
KFII,,-3.88374876096887,-10.4367358262482
KFIIR,,-50.2067804056528,-41.0987283688463
KFIIU,,-16.0123869686731,-16.62698792241
KFRC,0.846757756508892,61.0833715307082,7.24669495351495
KFS,0.24436608582174,-34.8400818668458,-44.8033926796254
KFY,1.18151940648812,16.0215815760968,-2.06300732201906
KG,0.710924897307151,-22.2534213462468,-69.8848016336595
KGC,1.39924564661416,-40.196083450443,18.136924797065
KGEI,1.45538684433762,18.4379294631109,-37.9683822694561
KGS,,28.6609911412423,53.6231130035427
KHC,0.057129789862154,8.2094301665834,-16.8787771510118
KHIW,,,
KIDS,0.977204939448682,5.0603543651871,-23.7823940528119
KIDZ,-0.693446112557665,-99.393332979692,-99.9440910822504
KIDZW,-0.739126519645279,-99.0701118287164,-99.9460736262307
KIM,0.962752414924468,17.7166684289601,4.7331787792219
KIM_pl,0.573131081263536,-10.996873461669,-17.5349699370578
KIM_pm,0.586455634991558,-11.2064219242192,-17.3138184432952
KIM_pn,0.522746125786327,1.9127063639802,-10.9528532143235
KINS,0.43548140105367,25.3568873499286,8.94711411685822
KITT,-0.20380376369307,-92.4899761369257,-98.9450827224908
KITTW,-0.245499110518795,-83.0636977254983,-98.4117764840647
KKR,1.76749851844937,-16.8630515373991,-41.9640587863628
KKRT,,-12.6081788299814,-21.2699478737116
KKR_pd,,-15.7134114683826,-36.2401655607104
KLAC,1.46555902006195,10.8917266165213,77.7762844879269
KLAR,,-32.0595893096398,
KLC,,12.7280657120012,-53.7993449068037
KLG,,0.999205452520746,13.3501609584243
KLIC,1.695752787064,46.9206945188663,122.004755168134
KLK,,,
KLRA,,,
KLRS,0.205583861455051,-67.3506989699893,-1.78262443985752
KLTR,1.13842450335805,-13.2861032984606,-34.4657374363463
KLXE,0.872208815885249,-35.5157251223722,-11.1337845816527
KMB,0.271622163177658,5.56121614475864,-23.3226269018034
KMDA,0.881427445806467,-25.2292236070342,-20.9300962916073
KMI,0.542257580245283,0.352995301237935,-0.077409885200885
KMPB,0.510166306644054,-7.80394119612926,-17.7133503743743
KMPR,1.01527942662267,-24.39806108331,-55.6076746705145
KMRK,,-35.9771601317191,-47.4087542926679
KMT,1.34723913496744,-3.14981615507717,21.1609396947336
KMTS,,-13.325224030409,24.3810515156981
KMX,1.13762465783022,19.3610363458968,-15.9560602237113
KN,1.61033545866267,39.2235809505421,48.2127001615789
KNDI,0.619019288554928,-43.4570337063613,-57.5307259401947
KNF,,8.19746794051721,-17.1331237857459
KNRX,,-62.920851112912,
KNSA,0.030315351290046,67.1728931481738,152.697111176011
KNSL,0.873784967398994,-10.0466944023639,-32.5766067014414
KNTK,0.559159101639396,17.5798100505942,0.716396675551123
KNW,1.45827213409991,-54.7564461721611,-89.2178077459248
KNX,1.19554725624331,20.0516255366424,35.8254010392538
KO,0.331682062825461,12.7408379832126,11.5058162784255
KOD,2.20926809743846,54.294529404013,320.569510106809
KODK,1.56976064220213,3.55891675005426,2.89375694179714
KOEI,,,
KOF,0.522773049303442,-5.93016988345086,12.3261077794464
KOKO,,,
KOP,1.23271664698973,61.9433636315951,26.8102415466294
KOPN,3.52349024931548,20.5848702919285,57.3204301762839
KORE,1.47646038678776,81.5699035343219,175.574747657964
KOS,0.733855325939976,59.289658071306,-15.7857305863509
KOSS,1.66830409131513,-20.397037879908,-42.5545714601366
KOYN,,-4.55990444542817,
KOYNU,,-7.85660046320941,
KOYNW,,-7.64253523524732,
KPET,,,
KPET_t,,,
KPLT,1.49927941876147,-4.77894449327173,-55.8040104283424
KPLTW,1.48955018449503,-10.061770924128,-47.5073047951283
KPNT,,,
KPRX,-0.372608404336777,15.5148041785658,-24.554518972688
KPTI,0.8654803147378,-5.52695202150256,39.5508631736613
KR,0.419444083106011,-10.4763831710762,-26.5557982689016
KRAQ,,,
KRAQW,,,
KRC,1.13447597987515,3.76350048633249,-9.16988800032801
KREF,0.857510153976176,-16.0267559279503,-31.3201999154193
KREF_pa,0.488285427248334,-5.03663309664389,-18.7161590605599
KRG,0.844452760689243,18.3099520320844,11.5359334136629
KRKR,0.50513726917628,-45.2508695528716,-52.1763718941737
KRMD,0.447682478865107,-33.6796444388021,1.148098432648
KRMN,,-58.9395596187538,-15.2690461380599
KRNL,0.108780641442827,-8.51470929629976,-15.3016836476624
KRNT,1.72042119266001,11.0134599174644,-37.4891968744792
KRNY,0.609193337025625,18.3448470540482,33.0180119042911
KRO,0.983931800051391,6.49980567113664,-12.717225505642
KRON,1.63541859394759,-8.70178888983797,-22.3983242487425
KROS,0.991697206928041,-48.3073032003711,-40.3061229137843
KRRO,3.04861043688806,-8.15916434078117,-42.1432379272676
KRSP,,-5.42765640988364,
KRSP_t,,-8.94204374577872,
KRSP_u,,-8.91302374954921,
KRT,0.776264534167331,61.9281010089678,27.1294976434282
KRUS,1.33436850546047,-34.3650272419207,-54.2175810433557
KRYS,0.524349004995482,23.3623671229996,104.8837688529
KSCP,1.33187739195959,-62.8153949908329,-79.9477218075937
KSPI,0.186171767470164,3.99392013533697,-13.2001953989118
KSS,1.42440895359629,0.804701819472653,27.9814425133628
KT,0.528306237970022,-14.5627478731647,-19.3514076066863
KTA,,,
KTB,0.890352986069241,40.4952653221075,22.1672282141756
KTCC,1.18691584660538,36.1450068985521,13.175946861573
KTH,-0.020956398809588,-8.21752087444412,-14.6406996679378
KTN,0.087507963730547,-7.15737578626073,-16.2306905670181
KTOS,1.08187398599483,-61.2972703411278,-29.5197553560706
KTTA,0.298804064978912,-50.0731963599853,-48.0593480586984
KTTAW,0.285908021062764,-59.4983381289999,-47.1306697354947
KTWO,,,
KTWOR,,,
KTWOU,,,
KUKE,-0.294974042169197,-67.4822887369227,-99.7561815821943
KULR,2.33984950801884,-40.8785227505467,-63.3027469434346
KURA,0.383211724025405,3.25642382710849,29.2635560312745
KUST,1.33566126192423,-90.9176439947677,-97.0459934677747
KVAC,,-0.65561044839153,-6.42545733812505
KVACU,,-4.66468153556603,-13.9987461474232
KVACW,,-6.31856287284508,-13.4361330830298
KVHI,0.455586346700349,22.3019269629468,43.4643927159984
KVUE,,6.01806180057254,-24.0263433634969
KVYO,,-30.1916744918797,-52.0425276409833
KW,0.889280496589126,-0.870097895498556,31.7062007635203
KWM,0.432387052372589,-86.0585778604585,-97.4567009301717
KWMWW,0.259847233942952,-59.5967865049624,-95.7890529548778
KWR,1.39456148032543,-3.72801123058332,10.9596438257716
KWY,0.24436608582174,-34.8400818668458,-44.8033926796254
KXIN,1.32426463175066,-97.4515132092238,-98.7786479287924
KYIV,,1.17769202109717,10.7641061706198
KYIVW,,-16.18191331379,4.06602629583741
KYMR,1.94879029128688,38.2214305380693,106.588608015988
KYNB,1.02531049733162,-22.2737981078284,-16.7897788747298
KYTX,,-24.1798480439216,48.7858567932605
KZIA,2.16883637244799,66.7271741125052,27.3645393129235
KZR,0.404611844797517,8.54940415616796,31.8985363835585
L,0.514658984162857,9.64264455859352,13.6066163938781
LAB,1.39952694736242,-49.5579989744779,-51.8626035367057
LABT,,,
LAC,,-58.5646573749677,-15.8098928152002
LAD,1.2076653886486,2.88125751461303,0.366613069259003
LADR,0.994606970855581,-16.8537755894426,-23.249296343721
LAES,,-53.8193848448735,-37.4931354352108
LAFA,,-4.93153617381283,
LAFAR,,-46.7452196851901,
LAFAU,,-8.83692129211326,
LAKE,1.42798422235058,10.6450919401548,-37.3862136046978
LAMA,,,
LAMR,1.21115073518092,18.8891026185516,12.1879598054612
LAND,1.06125956051684,-18.5468645843754,-23.2214376491089
LANDM,0.060276318096132,-6.47972572530955,-10.2494269295725
LANDO,0.275499192715292,3.10493815122059,-6.63837468946823
LANDP,,1.45525914080102,-9.20055463220091
LANV,-0.164268831262999,-17.8024520849992,-50.9605037490307
LANV_t,-0.183221174783425,-28.6273235251781,-41.3349634154953
LAR,1.76225426541869,-37.6326973723544,63.5718532335601
LARK,0.369897299973278,11.4885305194674,10.7146677862053
LASE,2.42194907494917,-53.9161995516976,-69.3649765755523
LASR,2.32448819974392,32.3629486100848,181.523704840566
LATA,,-5.59397274614982,
LATAU,,-5.11949065595583,
LATAW,,-8.10342276399225,
LAUR,0.398108386235805,3.51793355381935,40.8481660026084
LAW,1.88688225375236,-38.873627428191,-12.3201550657896
LAWR,,-6.05994523999903,15.1969459126725
LAZ,1.41139785372303,-23.8795387239409,-32.3035771999144
LAZR,1.56994355767907,-99.123929664707,-99.7080450462672
LB,,24.9093035819793,17.6006787953701
LBDAV,,,
LBDKV,,,
LBGJ,,-99.9604018316313,-99.981568488654
LBRDA,0.644413794253599,-27.1964575609992,-58.0651212679202
LBRDK,0.646660168123174,-27.4480827076778,-58.133111746804
LBRDP,0.162347788443884,-15.8453676108325,-25.1297582300363
LBRT,0.632764410678503,-25.034311575653,16.5729584365911
LBRX,,45.6842216295798,
LBTYA,1.01030278636849,-10.8572553716611,-12.6182689400388
LBTYB,0.426863527589054,8.05720584638332,7.84328849580014
LBTYK,0.969334900070686,-13.519635645687,-16.8228143007264
LBYAV,,,
LBYKV,,,
LBZZ,,,
LC,1.92029653438574,-14.4563172656406,25.8656360386389
LCCC,,-3.95202206001851,-10.2167548243968
LCCCR,,-23.7692047065402,
LCCCU,,-6.65146039473028,-15.6243260117181
LCFY,1.68635295220211,-31.7090381056054,-69.6208771810576
LCFYW,1.62800798377067,-13.8475086197511,-2.95819039360027
LCID,0.809692696172242,-32.5339606723629,-75.6448607542335
LCII,1.16952575251272,-31.6816906720074,-5.98825306136406
LCLN,,,
LCNB,0.553366750753519,15.864923507632,15.6033207891357
LCTX,1.54544772799263,-38.3338290839257,-21.3378803522811
LCUT,0.973051606980692,118.692447481282,58.7525945533117
LDI,3.07920458209812,-60.3449768840979,-47.5774371578466
LDOS,0.518329023659102,-40.5891270029724,-36.5102347763817
LDTC,-2.40420962347574,-99.9637995935414,-99.9909459242511
LDWY,2.60962301135932,-25.4133361512029,-42.1515572002454
LE,2.28384285554827,-37.9456035136286,-14.7277779680907
LEA,1.24141205414329,15.8703114461336,29.320657622892
LECO,1.20550230786236,-2.22580661833446,1.28736094758353
LEDS,1.62489355646398,-5.04983712430009,-12.8270658351399
LEE,0.360327110777784,33.1935776418585,29.1018778339274
LEG,0.745634486881679,-15.2171270485369,-9.87440500849726
LEGH,0.77695000957527,19.6855984543018,1.63538461079833
LEGN,0.389149985694003,-2.10078584398367,-60.5468267534159
LEGO,,,
LEGO_t,,,
LEGO_u,,,
LEGT_t,,31.4108667012154,17.2934928161039
LEGT_u,,49.0979465723028,31.2582974879023
LEN,1.39645519045306,-25.194459891759,-35.086081244732
LENZ,0.701573166429293,-71.5127631774726,-83.9492011635989
LENb,1.33090420535936,-20.7317507747278,-33.7136328122937
LESL,1.79156817978972,-42.9843598277451,-92.9880119879243
LEU,1.37896050826548,-48.4891874655478,-39.0466686188386
LEV,,387.090261982665,-84.1712889219868
LEVI,1.31327286252265,12.5512373736294,6.04887658075992
LEXX,0.349135343428233,-34.7769333129239,-48.0938436156972
LFAC,,-4.91897291497877,
LFACU,,-8.92529942772348,
LFACW,,,
LFCR,1.09103083825524,-52.4340437835751,-48.4856440506205
LFKG,,,
LFLY,1.07946039684912,-6.05994523999903,-65.6130996677749
LFMD,2.01532366709135,3.06566007954392,-69.6142885629425
LFMDP,0.33436184542491,-3.13066722475751,-16.7338496737437
LFS,,-28.5169953678107,
LFST,1.12621722288156,48.7163683806213,131.845133925732
LFT,0.611806210262553,-45.5838418088759,-69.4767530123712
LFTO,,,
LFT_pa,0.010793248801406,-18.9620931186811,-28.8231457733045
LFUS,1.50679826680664,24.351549679773,42.1835762321565
LFVN,0.727032650585464,1.51841211879096,-57.877515832206
LFWD,0.385678526753572,-17.5462519356537,-38.4234456588594
LGCB,,-85.2192221531467,-92.9625138496986
LGCL,,-38.6780198094438,-94.980159575461
LGCY,,15.3465372282006,-6.0465524207619
LGFa,1.04873958876784,10.6043559043298,-27.2493922693901
LGFb,1.13260316841332,73.3659207806046,14.7803230947496
LGHL,2.87860364449392,-92.4847956191999,-99.7362216623109
LGIH,1.81554349509142,15.0362856454739,-7.16747434789171
LGL,0.409474717748666,-9.10410947666338,-19.8973681448667
LGL_r_w,,,
LGMK,1.26425378098481,-14.0913502217053,-74.5745529999746
LGN,,11.3774658057601,
LGND,1.18197724834607,42.3733153833602,88.883374203021
LGO,2.30413879774691,-56.0126061869978,-67.3629315507377
LGPS,,14.4335790909801,-3.30783212463862
LGTY,0.693087333620397,53.6678310396056,30.5941812946235
LGVN,-0.290678417286939,-2.52604844316036,-68.4633843875753
LH,0.857975282157479,8.87718872541718,3.20792391384288
LHAI,,-50.8786293906193,-92.6327379286458
LHI,,,
LHSW,,-80.6177899064456,-94.9207415572298
LHX,0.502350324111658,-20.4789906452757,-2.58141081962532
LI,0.533748748969661,-25.9135448728589,-61.0742981804917
LICN,-1.17153704984756,-64.5452051389674,-76.4318379509811
LICY,,-96.8686648413333,760.137196147955
LIDR,2.83743220947192,-46.8170060353434,-77.2753876573257
LIDRW,2.79436894506304,-39.1104635692616,48.3970731836752
LIEN,0.261185046117461,-16.4582294471136,-21.1191254264315
LIF,,-13.6890532696246,-35.9950423031823
LIFE,,,
LII,1.17796936732008,2.47338250894973,-28.4848797720021
LILA,0.657279829583849,53.1830810850446,56.7712653451536
LILAK,0.635679599156998,49.2851212523766,52.3679898362382
LILAP,,,
LILAV,,,
LILKV,,,
LILM,3.41940486776611,-95.5266640590476,-99.641609501605
LILPV,,,
LILW,,,
LIME,,,
LIMN,0.738008051128155,-85.0178097816314,-98.8886346128979
LIMNW,0.737672098540701,-86.8504533507299,-99.2452182968668
LIN,0.720685278919143,5.99800717881223,-5.94169941237509
LINC,0.837354824928581,51.8492968180493,61.002983845051
LIND,2.23830035980629,73.0964825627279,114.421460297068
LINE,,10.6047453253286,-14.7664048189201
LINK,0.998710724602501,12.6000819861701,-16.2889019030081
LION,0.172463976898155,30.0632942079428,73.9972190680977
LIPO,1.6645759918506,-81.3827891475634,-95.9295967707615
LIQT,1.07390408739682,-65.3745570655412,-75.853131213312
LITB,0.036778294477817,8.75367877984727,99.1548431081033
LITE,1.52826434966519,65.225111691813,423.233407002646
LITM,0.417339542955328,-54.5540738034214,-68.1574491719493
LITS,0.205952115596682,-30.9682930930296,-85.9775952896888
LIVE,0.987797123597502,-57.3951340076145,-50.970129432925
LIVN,0.859154677656846,20.3235933101651,62.4681602203994
LIXT,1.33003704001519,21.6825855516972,-6.37818724974355
LKCO,1.94985146076137,-98.0429155258333,-99.784965700963
LKFN,0.706350316021424,-0.300208460312201,-19.2115314145905
LKFT,0.272719687597386,-23.6601460307729,-26.1577856920863
LKQ,0.815506827343961,-25.0736380052365,-27.4523851073685
LKSP,,-4.46296430907902,
LKSPR,,-48.3344984694541,
LKSPU,,-9.02438506533557,
LL,1.80405375844665,-99.99932947107,-99.99979327848
LLAP,1.95484782379231,-83.6491985717845,-77.0949526197879
LLY,0.503971069535241,10.3104994115908,29.9247713615674
LLYVA,,12.5922487653602,
LLYVK,,13.2686485285884,
LMAT,0.52078587082188,12.6223790220098,6.69581079900055
LMB,1.44586561897759,-18.9416192173257,-54.0317418543459
LMFA,2.45739386447494,-82.5558969844053,-96.6616457337624
LMND,1.81560853147272,-33.5086404428073,37.405147255014
LMNR,0.287174876518865,-9.9296349957377,-23.3034864729367
LMRI,,-25.4864496950679,
LMT,0.095420423618233,-8.21364277244112,18.670516327139
LNAI,0.404054319153558,-68.649326182598,-92.3616106907254
LNC,1.13054531696022,-1.55486798701147,5.04612520962899
LNC_pd,0.152897669008751,-8.04901772191585,-16.6742091231669
LND,0.022748630874436,-18.1379522805706,-16.0506096559596
LNG,-0.009182926555311,15.1499684507707,-5.06416398608579
LNKB,0.686796039569211,17.9898719002397,-4.37114996617617
LNKS,,-99.08408446609,-99.3692506928906
LNN,0.698169307047895,-13.2060832525557,-28.1721810527448
LNSR,0.889083687779344,-59.7292233200316,-64.899054161773
LNT,0.540577137735436,3.16768329722388,-0.564744314965415
LNTH,-0.030165177446938,42.0344291163953,21.9230518058639
LNW,1.18794262635235,-31.9701545184635,-28.5323980314535
LNZA,1.34222175454662,-56.8501223394854,-90.4057557940926
LNZAW,1.34467201687077,-58.9491014031336,-84.1600165932156
LOAN,0.149898311679471,-13.9054882749002,-33.3313734584206
LOAR,,-4.94477217614375,-15.1359745842724
LOB,1.87063076728963,4.0492167819159,8.51583909074134
LOBO,,16.8860681358045,44.2749462710049
LOB_pa,,-6.16890846343935,
LOCL,2.73065015768783,-57.6022761702651,-75.9632893131257
LOCO,0.786897856387674,45.091126243903,31.7261752974003
LODE,1.43811390392619,-26.152679174777,-29.4438184029359
LOGC,2.01439678339361,13.5209101639398,5.69956441610102
LOGI,0.964545560112484,10.236438261542,-6.27428188461765
LOHA,,,
LOKV,,-47.8363905430645,-51.8642673709967
LOKVU,,-7.07091170396788,-21.606006556529
LOKVW,,-16.5199946469844,-27.8347655399522
LOMA,0.676965537969418,-13.052247050614,-17.3111804711546
LONA,2.06245753739478,22.15712344724,45.231498477501
LOOP,1.49888294755986,-38.3602265686387,-62.3741175327898
LOPE,0.563291197421647,-18.8162373562976,-22.5984561514087
LOT,0.520752754658416,-35.1959265651745,-64.888252713208
LOTWW,0.488582802048404,-23.0955161690434,-57.1265313986995
LOVE,2.01377476597594,13.2217847498023,-24.331113433744
LOW,0.851704348628805,-25.160701062924,-18.3806505990132
LPA,5.34698158735941,-5.74576445484852,-59.0410858977164
LPAA,,-4.70694279666718,-10.9320504180765
LPAAU,,-8.19295517399054,-17.700635975945
LPAAW,,-7.41513122039996,-16.679627512357
LPBB,,-4.09914713305404,-11.1796906856815
LPBBW,,-8.61519776834933,-17.6068167127221
LPCN,0.467201888157793,-80.6327825446626,-45.8253053607846
LPCV,,,
LPCVU,,,
LPCVW,,,
LPG,0.720281358181306,60.2492172841424,43.1635211539669
LPL,1.69255179629721,-36.8705595305498,-34.1983816001695
LPLA,0.471819522880604,-11.8885775925919,-23.5115894553658
LPRO,2.19630653251093,55.7427223652648,3.80966160406346
LPSN,1.3325078437916,-44.7061702994931,-89.7445180459282
LPTH,1.41958817574413,-13.4081450790036,194.376987592551
LPTV,0.122215482651612,-6.05994523999903,-99.9843611418882
LPX,1.60454006019298,-18.2921123522546,-26.3989466072816
LQDA,0.578772517958395,92.0159047501656,276.776545759664
LQDT,1.0996414001771,15.4581985534637,39.7323251734781
LRCX,1.87307037379102,6.21143237374764,135.146612708832
LRE,,-17.4850870351343,-38.2221903319149
LRFC,0.837331703128643,-26.5223780162856,-21.9584169978163
LRHC,,-97.3342084755422,-99.889966491663
LRMR,0.798097552994354,-1.96446601340499,-9.49655326245424
LRN,0.093073443821998,24.3541688580546,-35.7810665265022
LRTX,,,
LSAC,,,
LSAK,0.340466408063656,-7.87423814308917,-13.9862803852046
LSB,1.07827884806576,-92.4857708534841,-94.1608295141173
LSBK,0.287190816076844,3.69769915765268,21.5272289520355
LSCC,1.81597394582899,32.7500350104251,92.1981607472983
LSDI,,-69.0620927374717,-58.5167120717485
LSE,,-6.62358556855903,-21.4346035648209
LSEA,1.90713907686892,29.0361338675686,9.7694067767736
LSF,2.69930610139408,22.4678628006148,-48.2212027814617
LSH,,-75.6851824929531,-66.8331951429479
LSPD,1.81877842209391,-11.6938164470094,-39.052332133168
LSTA,0.91180328776487,-76.155259623282,-62.0623898276948
LSTR,0.901757792873494,14.774333782459,14.4001713836879
LTBR,2.17681383772181,-56.5245206441706,-54.6692204831965
LTC,0.551915169328192,9.30969149712335,4.86364128823578
LTGR,,,
LTH,1.4872374618858,46.3463536599128,35.1517226591982
LTM,3.65234294999402,-24.336275484459,11.2690771140648
LTRN,2.36193992922575,-26.2102288894252,-44.2305059854194
LTRX,1.70957482957293,-27.329391600754,37.6736112753333
LTRY,2.52038656708836,-59.5013986145774,-94.9940015184189
LTRYW,2.42472999206508,8.85936377609082,-91.6029178872942
LU,0.708372962651826,-46.2201916987355,-54.0065527059774
LUCD,1.08401840671447,-29.5911589569304,-27.8431695268175
LUCK,0.616765656403318,-23.9791464369934,-42.1061502592723
LUCY,2.69569447307725,-46.4541687867995,-69.6494446502079
LUCYW,2.67853493999855,-44.3544604403431,-70.959963194075
LUD,,-54.0836095978272,-36.4112858562048
LULU,0.855017174878161,-39.3590461466639,-52.2176889789363
LUMA,,,
LUMN,1.81434180498801,-37.4070033407529,19.1107213457682
LUMO,0.676850630988761,56.5107385128201,20.1408820418122
LUNA,1.87929409101187,-6.05994523999903,7.51714951849431
LUNG,0.312237611410442,-32.8999608857136,-65.2048059810698
LUNR,1.85761399560488,-42.7285126968353,-17.0701705662495
LUV,1.13837879758135,5.23376719728217,22.4875570529267
LUXE,1.05482194435011,-4.93760288922241,-8.93297435783531
LUXHP,,-6.05994523999903,-96.4160950160502
LVLU,0.204358303475085,-13.4983030107175,296.430686728559
LVO,1.71159396085964,0.454913143804192,-43.485143675777
LVRO,1.71423557477483,-93.3224790210856,-98.5212418591544
LVS,0.836905420969038,-24.8946538165692,-20.9342356369998
LVTX,0.456620703177419,19.4641887614551,5.91798031874422
LVWR,1.58593106648445,-27.5956099675882,-60.1599160929095
LVWR_t,1.69470718247388,-77.5061430990629,-81.0181448844915
LW,0.429612103734875,13.8958000220034,-20.6675216926692
LWAC,,-4.19234971793141,
LWACU,,-8.57929379290971,
LWACW,,-7.84052987437095,
LWAY,0.429295938350986,31.268641460728,3.02227141094806
LWLG,2.52600116203799,50.7227619547648,88.3798574073087
LX,0.871948740933973,-53.8260747789826,-80.3590718989837
LXEH,-0.2523714618121,-39.303934213344,-89.2130335237183
LXEO,,-45.3054588333681,-11.3614485659737
LXFR,1.1210026314569,5.79114489154666,20.5040196739739
LXP,1.03794360057943,15.5498753213273,32.0034007203103
LXP_pc,0.323488641530035,-2.25135824668448,-10.1391110782418
LXRX,1.08045966490905,28.5495486189487,84.6533063290104
LXTM,,,
LXU,0.297117806241406,12.7872716288667,13.7889832404065
LYB,0.319271687347155,8.45112012943201,-20.360706807039
LYEL,-0.045955482638789,-51.7293785074204,-18.6221254336349
LYFT,1.80003222928207,-17.2534865426445,-6.15028474233125
LYG,0.89698178598397,-3.65533632976012,23.081536877362
LYRA,0.741581645608036,-72.2890693923301,-94.4863000246926
LYT,2.44078084624263,-9.60485296679151,-56.1330029964543
LYTS,0.556659259474084,1.70474763311757,10.4311118996597
LYV,1.12196028172029,15.7420824553227,1.62856981139305
LZ,1.25309202071296,-14.5230132363955,-24.703049351295
LZB,1.27138795827371,4.01405527045686,-7.05477184481811
LZM,1.29007266499645,-47.9741710617356,-41.2454463444973
LZMH,,-95.5873082610652,-99.1384037666049
LZM_t,1.24842273894408,1.76204145426844,-19.8643041298419
M,1.48569766799958,15.9270057514242,57.6709218886374
MA,0.709446063064548,1.58291696199255,-14.8232900801961
MAA,0.715103167035395,-5.42545069660408,-21.8821497920934
MAAS,0.016077983861741,169.5259960396,250.198715574524
MAA_pi,0.247497111731896,-9.98343753564647,-14.1168163057721
MAC,2.06247731467477,40.5389871155545,31.5766709168048
MACI,,-4.03689162625368,-10.712684966944
MACIU,,-6.86582905093029,-13.4416440724881
MACIW,,-7.93096745385887,-17.2252252018561
MAG,1.0029992384606,36.9835518081155,65.5843288497082
MAGH,,-6.05994523999903,
MAGN,1.73722911400039,-4.00286374890412,-10.1349198054376
MAIA,0.267489809777497,-60.5133329144403,-37.9901091149149
MAIN,0.710265039085429,-19.5547394841602,-26.9642522012205
MAIR,,,
MAKO,1.69983125493875,-7.95804717879586,48.9791237725653
MAMA,0.565124838582343,12.9306318678179,73.7808332874236
MAMK,,-6.05994523999903,343.721569441405
MAMO,,-70.7329616629176,-66.4775427356786
MAN,0.612220729227961,72.899635671231,5.47056367108605
MANE,,,
MANH,0.927446375060479,-6.92335468691826,-34.6867420977101
MANU,0.593267041974505,24.4200385524588,15.4251808255918
MAPS,0.884716955459659,-60.2394888355529,-69.7385506322119
MAQC,-0.036338579979235,3.59744356710388,
MAR,1.09660077577102,14.7567759246873,19.6126826450065
MARA,5.4123004380759,1.61956494000106,-42.9582675281834
MAS,1.28011510046514,14.1349987935638,3.99377270760677
MASI,1.0851287168147,20.2172854365925,-14.8752920133651
MASK,,-74.9493187306664,-95.827995961991
MASS,0.676646750948635,-3.30913836562126,-17.5066236163694
MAT,0.713091490012886,-28.3027955761535,-24.7988770751732
MATH,-0.63771260596205,-55.8316935514381,-74.6286575475855
MATV,0.851851040217176,-34.2945260471616,-0.447083779171931
MATW,1.07014742312194,4.27743669973177,3.26657556749264
MATX,1.27149261764964,20.0555318509703,61.873484560461
MAX,1.08915833424519,20.8426637257848,13.5051859797157
MAXN,1.05398034877971,-99.3241722679137,-99.6445714065504
MAYS,0.151543461817031,-8.29102154054905,-11.586318742886
MAZE,,-42.2353611224344,46.58083758316
MB,,-43.0748070809116,-77.8964603800244
MBAI,0.829753666478619,-57.1143228269561,20.8219472849969
MBAV,,-4.91540849034576,-12.6107081994552
MBAVU,,-2.36623608951524,-34.3108494819847
MBAVW,,-9.04773861975299,-29.7200736219188
MBBC,0.325680366014925,11.2839792917603,27.3728266018059
MBC,1.42285234196412,-29.5058823681191,-33.5750213248754
MBCN,0.383942179157783,2.95893710808777,8.70835765545834
MBGL,,,
MBGL_w,,,
MBI,1.62514874179307,-20.478651319441,-3.76333829983951
MBIN,1.16047382688827,29.6944506905944,19.6488621110546
MBINL,,-3.56339248679751,-9.03939625625516
MBINM,0.301714066367809,-7.07549560873006,-13.3039026016679
MBINN,0.745449871399739,-6.29293148692364,-13.9430593458905
MBINO,0.601712282898786,-4.65770614659992,-16.0348883078106
MBIO,2.05234582979754,-41.8492641417014,-71.4162828606411
MBLY,1.19199121265684,-21.437037537023,-52.2334877237994
MBNKO,,-5.09072245279267,-13.2083600300933
MBNKP,0.480708754289053,-5.43314088655739,-9.47366794632124
MBOT,1.06726731970127,-19.8886842655829,-50.1713624300495
MBRX,1.78023559134532,-54.4847964769022,-86.3078287511247
MBUU,1.1204586493326,-17.5089799916807,-30.7314527380566
MBVI,,-5.96748455618012,
MBVIU,,-9.20112064720531,
MBVIW,,-8.4729968262135,
MBWM,0.805207452028512,11.4314491480704,8.697270723934
MBX,,56.4191762929209,255.050446739836
MC,1.82815366337452,-12.2040011447273,-17.2323088050109
MCAA,,-11.2587973994611,-22.1785246775614
MCAG,0.000289761839561,1.43079956592456,0.210891948054037
MCAH,,,
MCB,0.993975520781695,-3.41611077500906,8.7098164159537
MCBC,0.525386355264573,26.2948724567922,26.6040127802436
MCBS,0.689837323077195,23.1780798592323,3.81366024286569
MCD,0.411704678590275,-18.3538224602061,-21.517726992743
MCFT,1.0565922860193,10.3157344088858,6.18245386929919
MCGA,,-5.41272045326674,-18.0631016240472
MCGAU,,-8.93743997631343,
MCGAW,,-8.57227735281554,
MCHB,1.41150273777044,0.202725077334365,3.37308943083154
MCHP,1.75743781586973,-5.37251801650248,-7.66909524973539
MCHPP,,-6.98441209229275,-12.8131236390635
MCHX,1.88457220082718,-3.36051837907946,-22.2401221664223
MCK,0.287203156731633,0.169841891463296,8.32701421158826
MCO,1.31936046394735,-12.3368579513318,-17.935284655204
MCRB,0.222495195817317,-70.7958378984453,-68.8167783873853
MCRI,1.32627554660341,28.7520853218051,1.21346077144928
MCRP,,-62.3665224050149,-43.3779031681497
MCS,0.520017994439638,53.8322367507829,26.1130021865372
MCTA,,-6.05994523999903,
MCW,1.29172398722552,26.7679174441975,-24.1379654962974
MCY,0.91342516717728,20.7296725357083,34.7162819653354
MD,0.65863763882692,22.9045236655444,82.3463700752491
MDA,0.18264887776472,0.136967791644893,-18.6843339758753
MDAI,1.18267122542561,-22.8702708286308,-51.2067626912433
MDAIW,1.16202197039105,9.84686019601448,-29.0377442396074
MDAT,,,
MDB,1.56255473894353,-29.1566685048156,9.31460082135658
MDBH,,-14.2164170604782,-39.0370541618929
MDCX,,-78.2618055100824,-90.1295731589579
MDCXW,,-83.1558088463163,-89.8875414203998
MDGL,-1.02497702827391,1.15090530324051,57.5475663871763
MDIA,0.009056627817847,38.0634138139408,-35.8205322874219
MDLN,,-17.825272763385,
MDLZ,0.393794601926076,-0.552785133770584,-22.7631905499796
MDRR,0.566995192096194,-12.4156255125403,-7.7841525951434
MDRRP,0.531581160971373,-1.39453496156623,-12.7156439807681
MDT,0.557733754286345,-18.9441656813101,-18.746635205682
MDU,0.739546282420607,-5.51058819461892,5.17317374700108
MDU_w,,,
MDV,-0.074868777598447,8.00955936434382,4.21234947126834
MDV_pa,0.008707721398549,-5.06536106995359,-10.3638836623748
MDWD,0.14605948737031,-23.8267553748633,-36.9031319233161
MDXG,1.42431822599828,-22.7210115559237,-44.7688044888795
MDXH,0.581086153319521,-89.4367634962451,-85.5329225789764
MEC,1.27434669674441,41.9822240693276,43.4937937904896
MED,0.673261971754089,-20.077178541884,-42.3222994329948
MEDP,1.14426720111363,-10.9390567599539,8.401398274936
MEDS,,-83.0091863763595,-93.8307161403672
MEG,1.65738869627131,-17.1450335277855,-24.2990555345505
MEGL,2.3748798322026,-11.9311986624991,-41.1872002633877
MEHA,,-98.1894117639265,
MEI,1.5047360156918,71.7595322216808,89.0004729221247
MELI,1.3284259390583,-23.7624266703281,-31.9478388618421
MELT,,,
MENS,,-25.4097239613281,-85.8029841243535
MEOH,0.888430370659382,9.39199324984694,23.644338022219
MERC,0.520006147233113,-70.784214019618,-86.5633154977896
MERQ,,,
MER_pk,0.122350974583331,-9.92950343532533,-18.7815792875186
MESH,,,
MESHU,,-8.92421736171528,
MESHW,,,
MESO,2.08017704948182,-29.1896822492429,-21.9775110838798
MET,0.758895149390938,19.4186456976463,7.97679017829522
META,1.23656021725578,-17.1657460286013,-28.8750451393953
METC,1.39295937397702,-60.1082084533968,-61.0662132662834
METCB,,-52.4377477247459,-55.0164917554033
METCI,,-9.17889532872724,
MET_pa,0.179344092293023,-9.17398020441894,-23.3324230937731
MET_pe,0.340742005175701,-14.6209847132011,-20.6523436553512
MET_pf,0.559567907029878,-15.2824765163879,-21.3047650371141
MEVO,,,
MEVOU,,,
MEVOW,,,
MFA,1.49887225976915,-13.6614881326664,-15.8163595259449
MFAN,,-9.30449838733884,-18.726204301216
MFAO,,-9.50818572620269,-19.232802517709
MFA_pb,0.933486898719439,-5.80592837609538,-18.7090852346974
MFA_pc,0.589920182731069,-5.69505076747422,-17.8864953440971
MFC,0.789732739231667,14.9239326529918,11.7058835847263
MFG,0.486217837975914,9.19990236502417,46.1074799517317
MFI,,-48.1580814821803,-73.059853856498
MFIC,0.665683815217863,-17.823309113143,-34.3737305805008
MFICL,,-8.87268230021288,-19.0885560965722
MFIN,0.768285865318788,-7.55105722031652,-15.6861562669199
MFP,,,
MFPVV,,,
MG,0.899893486063159,2.89946211789431,60.260429161223
MGA,1.85438959845122,23.9169522465912,27.8309232881222
MGEE,0.703195084255115,-2.65236236384633,-16.875708731529
MGIC,0.426773401659172,-37.2335425066484,-23.2618383578908
MGIH,,6.33492309638999,-16.9859891218447
MGLD,0.175792925602522,7.01418609257842,14.1820761344894
MGM,1.30858044221596,29.6305415146967,3.05585700735347
MGN,,-96.4545205138968,
MGNI,2.24787733864138,22.9647228419946,-28.1395132989198
MGNX,1.21058921655264,96.5593537097847,98.2951021059656
MGOL,,-23.054366505022,-39.266533921514
MGPI,0.45229761020712,-29.4129146763205,-48.0362707784042
MGR,0.612816779007819,-14.2094881383217,-19.7592951017231
MGRB,0.699447797296461,-12.4432341142073,-18.6947111440374
MGRC,0.429439556372336,-1.42620456441389,-18.2580112524106
MGRD,0.685434189244491,-13.6936566595255,-19.0370961537935
MGRE,,-14.5796760928687,-18.8824338522912
MGRM,,86.2964980006911,119.386132442112
MGRT,,1447.81036913934,3747.60494013728
MGRX,2.01669617931511,14.9948710844574,-72.0329660199846
MGTX,1.23928066262834,38.6231519679415,23.5336775026588
MGX,,-31.52562273518,-58.6176537837366
MGY,0.723872978672118,-11.0041586484201,-17.713776002199
MGYR,0.229424788819144,0.22031684788868,-3.91761555970792
MH,,-30.3536933649689,-43.0379589040739
MHH,0.842150891155272,5.11057703088933,-16.3428206486236
MHK,1.18390813721931,-8.35231103034468,-16.0362740360239
MHN,0.703938084426566,-2.33092224274405,-14.3226696268235
MHO,1.6014032783247,11.1356137728347,6.09799985564277
MHUA,0.92548310620793,-26.1779318776695,-80.7271251655147
MI,1.64662932074427,-97.3014187817991,-97.2382849829563
MIAX,,4.78103645369494,
MICC,,1.50699391730373,
MIDD,1.32376473230778,6.86192908214844,-3.20377720533367
MIDDV,,,
MIGI,5.10075195983255,0.549909359318734,-56.0296463883632
MIMI,,-52.0341912094352,-98.3171228771018
MIND,0.373987411099197,-47.9144250835638,-55.3083353754053
MINDP,0.426863717192387,46.5954272794035,-13.3230716277149
MINE,0.32136074040779,-48.1256487224293,-21.7245316170991
MINM,4.87104486369072,-56.2025774347936,-8.83190018356886
MIR,1.04494951970375,-37.8299755845323,-35.2389976532549
MIRA,,-41.1262253825009,-58.0033013183109
MIRM,0.51820798098212,6.20421422096213,87.4795057752669
MIST,0.99800963866025,-49.9921101526363,-40.6227871046251
MITK,0.986283096582288,47.4568867046601,54.6956286319687
MITN,,-9.34223417030342,-18.4793478017123
MITP,,-9.78751162130199,-18.5217057133496
MITQ,0.725225082834445,-35.3399623080513,-40.795751433972
MITT,1.69970668238055,-23.8380743043217,-19.6465380630814
MITT_pa,0.833656680417011,-10.7895660525685,-15.6811357999747
MITT_pb,0.835815349571199,-14.3805878228158,-18.3880889961969
MITT_pc,0.697196306769388,-7.48160094293143,-14.616729597912
MKC,0.62504154015344,-23.6598167200308,-38.1051951996871
MKCv,0.511787133329524,-24.4549386618614,-39.3730151102221
MKDW,-1.24978747425042,218.336921471576,49.1008922284402
MKDWW,,40.5687059673988,-15.576283925246
MKFG,0.916258345221789,10.7267669464147,-36.5518816221652
MKL,0.65190890972864,-4.80001059710591,-12.8131580953258
MKLY,,-4.65505907708775,
MKLYR,,20.7108353802357,
MKLYU,,-7.70222579734754,
MKSI,2.00342633059919,16.7336107298601,139.817984396534
MKTW,0.204098085150526,19.4307278536251,-12.5431341672032
MKTX,0.849277500494822,-31.907686878144,-49.448767376194
MKZR,,-74.2164530552338,-82.2268623573464
ML,2.84077750303289,97.6075243479997,9.57642615239147
MLAA,,,
MLAAU,,,
MLAAW,,,
MLAB,0.910878776513349,16.4174986054928,12.5548414840256
MLACR,,-28.6336067354837,-5.1415729728632
MLACU,,-7.14104585483762,-12.9302260657987
MLAN,,,
MLCI,,-61.982180808762,
MLCIL,,,
MLCO,0.584660978048932,-15.6334540053495,-45.6146436516316
MLEC,0.257306452070414,2.01412523638371,-87.5643846168858
MLECW,0.25796148836777,45.743036265538,-94.0721639561989
MLGO,-0.886183886454397,-27.3459876107109,-69.5337339614833
MLI,1.11234279775649,-7.07320923912127,30.1411359014165
MLKN,1.330891841838,13.4007822166764,0.342253233275946
MLM,1.0971080809728,-15.5487227388991,-12.8227621595338
MLNK,0.922400003567599,-2.00247126797516,-17.5497469246096
MLP,0.677569904613757,-4.90291230747114,-11.5258164152938
MLPB,0.501216092213451,1.87268027967447,-12.8216344106342
MLPR,0.732834845601851,6.4199164278653,-10.5362898428399
MLR,1.11640011719872,18.9443458788358,3.17622320109263
MLSS,1.00179201467546,34.9172463152986,-24.08477127594
MLTX,1.05911435570766,8.16113381905343,-70.4549900129829
MLYS,0.66524307066081,-22.9085116996947,70.4463046778484
MMA,,-50.8966229401255,-64.6221831497407
MMAT,,-6.05994523999903,-99.139862803852
MMC,0.574382077944547,0.760905928812283,-19.8575809726692
MMED,,,
MMI,1.23231928916451,12.9059824823799,-13.5777288354193
MMM,0.985653902148016,8.46049473334372,3.22777741077191
MMS,0.567764297790156,-38.9602967883767,-25.6955722553675
MMSI,0.485703098081959,-10.7455474859166,-20.2697832270621
MMTX,,-4.82550375403652,
MMTXU,,,
MMTXW,,-7.35932092402459,
MMYT,0.982674171018888,-19.6039550468814,-54.5031802116305
MNDO,0.374295276801331,-19.9199533193434,-37.444567552876
MNDR,,-77.8418232416382,-95.4825011241089
MNDY,1.21776290616758,-34.6963651895874,-73.6290401983646
MNKD,1.12506037468452,-34.2923767242211,-15.0723121985227
MNMD,2.24435915941566,125.499124584076,272.844594528597
MNOV,0.628627996518209,-31.9126578578739,-21.1046571809118
MNPR,1.47608609270945,45.7948580704013,116.203609971844
MNRO,1.01949347736107,-19.3325540752862,-9.23705660279254
MNSB,0.521076060923003,6.9303097850375,-2.75268134153728
MNSBP,0.349563184765227,-5.22660604454742,-12.1965212255332
MNSO,0.089099472301415,-37.389979486009,-43.6927455582893
MNST,0.523330917088013,12.7834535344859,39.6276524688608
MNTK,0.549416626212004,19.5600696945467,-31.9369696961184
MNTN,,-9.28616934286774,-70.6324585886627
MNTS,2.32909573858876,-45.7900066162033,-81.3429984028814
MNTSW,2.24255675189642,-9.73190872529519,-67.0138989980907
MNTX,0.747168486899181,29.984384129331,-43.7744432728568
MNY,1.21923219753539,-25.912584893243,-58.7662455607204
MNYWW,1.19390455248456,-20.2612077824789,12.3595646432016
MO,0.489002310905854,10.4777569497528,9.59718156639977
MOB,2.26963208162829,-52.2183954730449,25.03846277336
MOBBW,2.21731511116761,-22.6328603822327,53.1182342494267
MOBI,,,
MOBX,-0.738039157416542,-17.4338532154252,-83.9441056719049
MOBXW,-0.7478477029159,-59.428176328666,-77.1137281808148
MOD,1.71732319249824,33.0508358976569,69.6143920297066
MODD,0.150370765730709,-84.3633711667092,-90.4156141000657
MODG,0.93581710724695,14.2937332913345,60.1786105071446
MODN,0.66249524434864,-5.80371278653887,-30.3353088765879
MODV,-0.105751959233446,-99.5680189178189,-99.8857330572311
MOFG,1.04250712726924,63.1815969828676,35.7188653880755
MOGO,2.79278557076451,-52.1506348462168,-69.9887540791147
MOGU,0.515600947725347,2.12446340762118,-18.4120422445788
MOGa,0.973095659920337,35.3907283455222,90.1549040289548
MOGb,0.720284343077564,36.3340869301668,94.9859884500814
MOH,0.7540450560128,2.21567765923634,4.95151097891542
MOLN,1.07878909944204,-10.0453520631921,-16.3811293805708
MOMO,0.459446510682469,-17.2208647276106,-37.5967381962245
MOND,1.01574679518178,-6.05994523999903,-99.139862803852
MOR,1.18303280116817,3.98482072646173,110.271962902046
MORF,1.45804682038475,36.3062840308874,-11.6402660989865
MORN,0.967626879433707,-10.2664923235341,-40.9081849815116
MOS,0.812866044256841,-23.7645406518698,-45.5214970167542
MOV,0.989432194756865,57.9504676808677,94.6949453505632
MOVE,1.22944235748071,-30.8060056750735,76.2790304906546
MP,1.90460517934763,-41.8875249439107,-44.6163415114841
MPAA,1.15878763145807,2.83120036180091,0.801792671492008
MPB,0.455060247704728,14.4251579759118,21.8970289358107
MPC,0.50520048018735,67.3575514249858,50.5978197260191
MPJS,,,
MPLT,,-39.6134687156338,
MPT,1.44569245564794,-11.207345500821,-2.47740240857699
MPTI,0.622846053556125,27.99459963939,65.6911210820145
MPTI_r,,,
MPTI_r_w,,,
MPU,0.779374641499991,-72.813068196787,-94.5228829864335
MPW,1.44569245564794,-11.207345500821,-2.47740240857699
MPWR,1.70490112078208,9.93444906194383,49.3066802293195
MPX,1.09672981014245,-14.36898563307,-26.2252790891041
MQ,1.2908805636211,-1.9921022221006,-32.6573694350367
MQT,0.719508834220132,1.42670403392913,-11.5911311883795
MRAI,4.7363764516017,-39.3054494731635,-60.4824898513206
MRAM,1.97421363450529,-6.4616846046177,85.1481761199834
MRBK,0.634469489066352,4.14424193098362,18.758575484466
MRC,1.48826525038259,-0.454640451220178,-6.94452321057424
MRCC,0.870263102209807,-31.3817874906941,-45.1036585762235
MRCY,0.964842428215056,-7.60329926713287,62.017502943866
MRDB,,41.7660149884883,-34.8534275034187
MRDN,0.637807326396693,53.7748179757609,-37.2260120823698
MREO,0.318115591950714,-38.4084489452335,-84.8791790631717
MRK,0.204524824708145,14.7440513200827,34.8837558841581
MRKR,1.50763201108631,-38.4170752128883,-34.5185876480912
MRLN,,-68.6278991608252,-70.385992086202
MRM,1.05180633966159,-48.2429111827954,-34.8631198096355
MRMR,,,
MRNA,0.917928467956436,15.3426788972905,41.5510357742159
MRNO,0.536209409588486,-86.6618936954734,-97.9081550053379
MRNOW,0.471543485504498,-64.0297273863658,-97.598354991097
MRO,2.15723464532139,-1.89266646761549,-13.3563425879431
MRP,,-9.90452312685582,-20.1580440328896
MRP_w,,-9.90452312685582,-20.1580440328896
MRSH,0.574382077944547,0.760905928812283,-19.8575809726692
MRSN,0.37367355486284,218.875593255623,-26.4097937065916
MRT,0.306887897071347,-22.4176662181086,-46.7228453132237
MRTN,0.958585787983302,15.0501794251697,1.98674136144355
MRVI,0.624120674940431,69.5865199088439,122.661930776414
MRVL,2.26445550243075,97.6332009402794,97.69218365424
MRX,,54.2270704555184,47.5572259488042
MS,1.21429991354993,8.81329675966827,27.6570061454715
MSA,0.938064089288157,-6.30496092111556,-13.2721131760607
MSAI,-0.244565259777726,-63.8863224912216,-86.2569942741452
MSAIW,-0.266926568479986,-70.2166589409845,-83.3719853821065
MSAV,,,
MSB,0.320612517117917,-36.988071060222,-38.8287521994157
MSBI,0.635820218598795,39.0949139086423,62.1375256420412
MSBIP,0.160307809737095,-6.35781303154878,-9.10735091125608
MSC,0.146873128242798,-48.6666367431689,-67.1320631005639
MSCI,1.22250265885472,-6.44103424598718,-9.8473398440342
MSDL,,-12.4297351473662,-31.4942922065878
MSEX,0.736446056935096,3.29478465248303,-3.40151752888075
MSFC,,,
MSFT,1.11605066111883,-23.1109897626901,-33.9834212478443
MSGE,,19.4011662592537,67.1129880963016
MSGM,1.72016990359033,-3.38866406198951,3.40707565878455
MSGS,0.621246806999216,31.7570249776584,69.2846276830668
MSGY,,-94.7807745933661,-97.0671008154876
MSH,,,
MSI,0.873633572471874,1.85861286292364,-11.9178061641729
MSIF,,-19.0292811583574,-38.6754036079699
MSLE,1.1985189697381,-23.0818608824703,58.0503685138409
MSM,0.807908423004437,40.2301714673157,22.2413659855829
MSN,0.388962928541628,-6.13233675407043,-23.9387657873257
MSPR,-2.16669599432458,-99.8124949006786,-99.9987588207848
MSS,,-89.1371136677526,-97.0129558984924
MSTR,3.53902575909872,-44.0940978727461,-79.5168913369026
MSW,,-9.64544351328153,-62.0978923149464
MS_pa,0.408243320325463,-12.3349194282899,-24.2696629897538
MS_pe,0.086513271325698,-6.61188445715534,-14.3907151077648
MS_pf,0.170879106221077,-6.2460388508548,-13.9521208460406
MS_pi,0.279002576742701,-8.10212034347732,-14.7441105139693
MS_pk,0.4102610841682,-13.242484638148,-17.0501827840692
MS_pl,0.781932258719274,-14.8945723180899,-16.8490668171644
MS_po,0.776084006355154,-13.8622753695672,-17.4268291697964
MS_pp,0.263571020248288,-8.1180998043809,-15.9036765596447
MS_pq,,-9.63045283254943,-15.5216436379328
MT,1.51265905004074,13.9745030709945,74.9387527976952
MTA,2.14585695097755,-16.9191185882148,38.7864110747783
MTAL,,,
MTAL_t,,,
MTB,0.569665774663152,9.10937161673568,11.9130863347591
MTB_ph,0.32983322212045,-5.53388093334303,-12.324135718678
MTB_pj,,-8.72789896262985,-16.4915343545675
MTB_pk,,-11.1609311702884,
MTB_pl,0.569665774663152,9.10937161673568,11.9130863347591
MTC,-0.176279767158823,9.20946295420608,200.408850883946
MTCH,1.29113101916312,16.3292985804804,-1.09429430710873
MTD,1.22247156392866,-8.48559955395799,-5.29985167776364
MTDR,0.766212585470425,-0.034256448286951,-24.5108896549122
MTEK,0.696241765640146,-42.6528735476738,-71.8646711540389
MTEKW,0.665494522726709,-11.5887436179914,-66.4214398575819
MTEM,,-96.3422867097379,-99.9934848246714
MTEN,,-68.1612566081876,-99.9698354663851
MTEX,0.743091084070466,-43.2547967647376,-51.591059021673
MTG,0.650244043549846,8.4442006251729,2.98745285123121
MTH,1.36369082350292,-1.10436092248854,-10.4782602730195
MTLS,1.3492426290156,5.67230614050764,4.31795749892332
MTN,0.693409625317089,10.5326127468236,-14.864303231934
MTNB,1.7957496568165,-61.7716166046107,-72.9010539278118
MTNE,,,
MTR,0.446675871755207,-45.4694048324743,-55.2883637678045
MTRN,1.08641345869319,46.3103794056165,92.0472423682134
MTRS,,,
MTRX,1.00817836396637,-22.1330818560165,-36.4270392847057
MTSI,1.71852933413396,6.80967083866353,53.583603235388
MTSR,,141.756320047138,
MTTR,1.05323344984876,12.6585658684316,117.196860785485
MTUL,2.09316787325866,49.1330035832306,46.9784653457376
MTUS,1.35109790378763,0.971209571467413,8.98857269317719
MTVA,0.945919905598003,-48.3329698819995,-83.1460041451151
MTW,1.71274063179206,5.19851933810798,-4.55209782533668
MTX,1.14039489514909,5.32927200376636,5.66437357378919
MTZ,1.81635495715699,18.0684287751506,43.5967221824562
MU,2.20788634188987,87.8915589221519,534.398538027219
MUE,0.749441286919678,-2.40331180758815,-14.9459332363016
MUFG,0.416635466049412,16.0923100973456,36.6351084249194
MUR,0.495590345064009,8.20382289866193,16.1644926902361
MUSA,0.273065178070323,32.5176223741811,23.0818631617229
MUX,1.23741418179709,-42.3664161715546,36.1619399068164
MUZE,,,
MUZEW,,,
MVBF,0.791089376445809,-1.42583401152823,9.74672536969188
MVF,0.5948876696165,0.411525792443879,-14.1342369542129
MVIS,1.27270669128833,-74.5381679722181,-82.7063472676919
MVRK,,,
MVRL,1.71704578980576,-16.291065753975,-24.4691800401929
MVST,3.57734099623874,-74.6493697838889,-80.1341886619402
MVSTW,3.47540827728205,-61.5080244323228,-78.3153574890216
MVT,0.85490482564512,0.602474858652213,-10.6825364572979
MWA,1.02536463294375,-9.65156574492854,-10.6767344601463
MWC,,,
MWG,,-48.7298996908445,-59.4614168292108
MWH,,,
MWYN,,-48.6332468616797,-65.4464557514662
MX,1.65232848148689,0.140718440529097,-34.1648544180594
MXC,0.316069180334892,-25.9481550315308,-8.21706748421217
MXCT,1.48428687980637,-7.81583411401774,-60.0378736302942
MXL,4.0035429515869,193.88677428633,202.846393912547
MYD,0.786101842356972,0.801099788552295,-11.3800337866318
MYE,0.911846516751953,52.4078348432977,91.0337886866094
MYFW,0.71989825345688,18.0992793693314,17.964879489104
MYGN,1.64625695873425,-15.5808967359451,4.47328501157802
MYNA,,-6.66062751578643,-89.1078755565368
MYND,2.1278857214926,-22.7390978198359,-53.7819613269833
MYNZ,2.33518514062619,-16.0699510750811,-52.165839601976
MYO,1.50564730148044,-4.56090181297774,-59.3350979048863
MYPS,0.93430318254469,-13.6474112013837,-57.8744283034096
MYPSW,0.954383804659813,-26.7106200341474,-70.0214398548225
MYRG,1.36030703236174,26.470900339132,49.0367908215679
MYSE,1.90273905850501,16.4664964626543,-19.6102543600181
MYSEW,1.92954019270139,0.108745687935841,-33.7864492904919
MYSZ,-0.077318067497647,-54.1169636013485,-73.0404759416313
MYX,,,
MYXXR,,,
MYXXW,,,
MZTI,0.335942534403671,-38.2530742423974,-47.7257086517329
MZYX,,,
MZYX_t,,,
NA,2.88358187544879,-55.6743977539942,-78.4965700963011
NAAS,0.70675520720192,2.11926539105904,13.0132230198649
NABL,0.500170200189352,-38.0395383497866,-55.1861292763251
NAGE,2.0889076920802,-50.4707083076277,-70.7961674372882
NAII,0.353843797860491,-44.1116129908855,-43.852155251453
NAK,0.507536185055126,-44.2365712732354,37.3198879990601
NAKA,,-72.8371898979526,-99.0821954375381
NALU,,,
NAMI,,-82.4638968444348,-90.3661193482644
NAMM,-0.01631017990028,-72.4761622996176,-76.2602133863165
NAMMW,-0.056403769653423,53.0832866867534,-91.000298584287
NAMS,0.117941364429888,-19.4470508064717,2.7610535790767
NAMSW,0.093226300487925,-20.1287232584165,22.7776334092887
NAPA,0.026603388636232,37.7818192572278,-6.99383161239377
NARI,1.02778102056267,53.1803169568591,11.4427997515151
NAT,-0.544912063656481,46.4090121747332,96.2955958351939
NATH,0.285487939923943,-7.74904719280679,-8.01716399265208
NATL,,21.8192057593179,46.6596248214592
NATR,0.88104391617414,-18.9889091175709,21.1082515146543
NAUT,0.88132784386051,-49.449297886995,31.9228828447783
NAVI,1.19586557232078,-31.7296113662784,-46.4708359438506
NAVN,,72.7369464707624,
NB,0.222607699842675,-48.7715262946138,15.5450966825419
NBBK,,3.06131662151463,8.04448158697739
NBHC,0.780996923266941,-0.033336634577108,-6.17285396164968
NBIS,,62.8761407195725,176.69512950587
NBIX,0.379603183454131,28.2773934705429,17.6119090357718
NBN,0.587227165440407,7.95764562840531,11.3792236584787
NBP,1.46546496991581,-58.6946995402006,-19.5058773658331
NBR,1.01278718977078,5.64415316750631,84.3603783412618
NBRG,,,
NBRGR,,,
NBST,0.3430947861169,3.23574048315995,-23.5212885642119
NBTB,0.47845656589604,16.0512330107428,11.2557492196197
NBTX,0.777164512182933,57.7275414438729,389.539491630158
NBY,0.160874614490351,-90.8834546013501,-53.500385057873
NC,0.459441661850964,-7.97511521966133,-0.591043681345482
NCDL,,-11.5199484227711,-35.284915718392
NCEL,0.93347418950042,17.5940253830228,-85.1817948386392
NCEW,,107.656963153686,119.983937633748
NCG,,,
NCI,,28.8443870332124,-36.3413312751885
NCL,,-25.3176564657992,-90.7493361615581
NCLH,1.89238336222727,-4.43873624126458,-23.5673731061156
NCMI,1.3921652545443,-0.267394946486899,-31.6035482581145
NCNA,2.26386104837038,-58.9211285964742,-89.9129365179013
NCNC,,-6.05994523999903,-99.9426575202568
NCNO,0.64856301572939,-26.7243820645757,-47.5588290490822
NCPL,1.6500030890714,-53.8839731178177,-90.7894657183023
NCPLW,1.60245464354266,-43.0970229456426,-84.8409987999611
NCRA,1.21777442035316,-92.5195301087648,-97.4846703670929
NCSM,0.176550588392569,4.44006088071642,26.2286586871556
NCT,,-40.3907652522903,-97.0641771984779
NCTY,2.1474500135897,-36.8263387203487,-58.3891743853032
NCV,1.19144579033302,5.41944599901456,2.3916634961443
NCV_pa,0.249216596122533,-9.5441068954169,-19.7752892542313
NCZ_pa,0.252605541381084,-8.77628417281834,-16.0282727597806
NDAQ,0.956907902347599,-8.48235883482545,-13.2449386773621
NDLS,1.39438405641818,128.270749926479,69.0535606258879
NDRA,-0.033601910916969,-1.41820135774016,-39.5872142548051
NDSN,0.965635765898974,4.03599814517819,18.6619210566954
NE,0.936720068927854,4.49631517003515,16.2668209965511
NECB,0.35346435126863,11.4701211342215,7.88670025029403
NEE,0.658504049337639,-3.76399209440177,7.64374666679193
NEE_ps,,-8.11981051927566,-13.997920876614
NEE_pt,,-8.0027758197303,-14.2194358149017
NEE_pu,,-12.2038388135506,-20.4530103545146
NEE_pv,,,
NEGG,3.54670835057293,-75.3645749483924,-69.0104101285486
NEM,0.487879586061381,-32.3039857351552,23.656544441503
NEN,0.148092432606911,-17.6978959251514,-33.5215997553445
NEO,1.74635543676233,0.946009124620128,78.4185515229503
NEOG,1.78938259785072,-15.7747216346918,45.8424507859724
NEON,1.11217612708347,-62.61867251001,-97.3827838088683
NEOV,-0.502584743998562,-60.4980104461084,-65.4915017114294
NEOVW,-0.444237422475327,-55.385692687276,-53.2833142443076
NEPH,1.51228383901282,-25.7809951106087,-16.3755503745044
NERV,-0.104100138128816,-7.57162428211398,75.3041523577736
NESR,0.354359791988043,20.3091929382469,213.055631931342
NET,1.65144634391868,20.4640372037692,13.9171724099467
NETD,,-8.04819992126313,-5.26474310848765
NEU,0.581823760844782,12.9551503897034,-3.09842077527945
NEUC,,,
NEUE,0.600612679642416,-13.5410448883278,8.62498290737865
NEUP,0.758921695226111,-11.6267632998509,-62.2885763253889
NEUT,,,
NEWP,2.55956403333193,7.33695018744056,119.026173646212
NEWT,1.35088458386154,1.01820080263455,6.9713771859131
NEWTG,,-9.23725456701467,-17.5788370406224
NEWTI,,-7.78830683015247,-18.6662282589067
NEWTP,,-1.40257965590614,
NEXA,0.928704668807047,-16.5035744524874,115.690881450421
NEXM,1.33256322363262,-53.2353676997998,-71.1917803452593
NEXN,1.5870406703555,50.4767186507826,-18.2830602024741
NEXR,1.68235278046335,-96.3615759763098,-99.7117419818839
NEXRW,1.58193912651168,-96.3445015749182,-99.287672991098
NEXT,1.57126815809534,11.3497946383023,-53.6326392945703
NE_t,0.907813274855966,40.6820119837693,19.5184520895177
NE_ta,0.907813274855966,40.6820119837693,19.5184520895177
NFBK,0.692110340366259,20.5644385479796,13.7120056788808
NFE,1.3260075576206,-77.6976848411508,-92.8771574723005
NFG,0.381278977410123,-8.0704453899666,-18.5875492563298
NFGC,1.63733093951616,-58.9454015358459,-32.7551221261629
NFLX,1.51841660495712,-20.5384369703614,-46.9901825054057
NFYS,,-7.0483204109678,-16.2876241454819
NG,0.849013609665335,-53.4300580320949,-4.28301182445325
NGD,2.06841725281069,20.39935854169,106.11693015863
NGEN,0.721526232757526,-67.3340198350753,-46.1159188405367
NGG,0.724156284834406,-9.90401105570302,-1.09400784908474
NGL_pb,0.299790060422426,-2.51794317527768,-2.03202008750988
NGL_pc,0.166317642447014,-4.54938915945821,-3.55084818064086
NGNE,1.70184627743816,57.055290343595,31.7977751662133
NGS,0.433018107074026,-5.07780847082129,25.6988399438122
NGVC,1.32377738152129,12.9588079380585,-26.1466042850375
NGVT,1.16367963595939,4.62910704354773,40.3233021048207
NHC,0.619992181972178,55.078629668836,107.359311532225
NHI,0.53245319026067,-6.87805249462986,-3.42362346610388
NHIC,,-3.63046106517141,-9.59696397699124
NHICU,,11.2936780101464,-0.556294648701483
NHICW,,-3.78670625943086,-13.2166561701754
NHP,,,
NHPAP,0.53701034589085,11.8966950189875,21.3417190178254
NHPBP,0.392099383896489,11.5115224537425,20.0785590661996
NHS_r,,,
NHS_r_w,,,
NHTC,0.872132769915312,-55.0076579833679,-66.4950945575139
NI,0.5490360012197,-3.22417877506546,-4.69087962237473
NIC,0.643357623966428,13.4118377064893,11.4997431389278
NICE,0.728996252746714,-16.2582546306989,-48.8017179894559
NICM,,,
NINE,,,
NIO,0.92012581047323,-5.25011718172316,-16.6575139136144
NIOBW,0.160626115147803,-16.3937852815716,38.953454438949
NIPG,,-56.391130542605,-79.2747894642445
NIQ,,-37.515711160204,-47.3109675658059
NISN,1.693583543236,-44.2944254717564,-87.4249527429521
NITO,1.88730392036495,-85.654474396256,-97.9626790332608
NIU,-0.161527349185436,-22.448241397507,-38.5616288465747
NIVF,0.005707707110087,-95.1464305040666,-99.82910816458
NIVFW,-0.074678720395523,-94.1831710013379,-99.8641933789796
NIXX,0.389807007701609,-28.2334581654928,-68.0436396441663
NIXXW,0.445200809191605,-24.7898166568985,-60.9855884106315
NJR,0.511574554220064,14.9009333455999,13.309446658047
NKE,1.10526553536265,-35.8992018161667,-53.2699314813611
NKGN,0.639326079630744,-13.2861032984606,-72.8377727532225
NKLR,,-12.2778021740241,
NKSH,0.538251249335136,4.05066259547404,19.5034037654413
NKTR,1.14576447039824,74.8129812086581,157.38650896994
NKTX,0.945731972336699,-17.894912768818,-13.2043374796155
NL,0.212043653152467,-9.26244710681724,-20.1936650049227
NLOP,,16.2754906564042,-2.53532385507157
NLY,1.23256590457467,-10.5332811809515,-3.50491803369177
NLY_pf,0.240598057652976,-6.39344816291915,-14.2863282443259
NLY_pg,0.436832810536726,-5.75981726951978,-14.9528788363283
NLY_pi,0.340319767836886,-6.42498262267519,-14.6844976685098
NLY_pj,,-6.97007874926195,
NMAD,1.33003704001519,21.6825855516972,-6.37818724974355
NMAX,,5.89847757244806,-50.9284649012226
NMFC,0.607896353658507,-23.8352996383937,-42.3585784192793
NMFCZ,,-9.16247015171051,-19.9480286442875
NMG,0.913714209663978,-57.8379166447466,-46.1391026516842
NMHI,0.683298478749727,-98.49695912384,-99.7441971163872
NMIH,0.532776062157613,7.96719159785675,-0.018434883092844
NMP,,-4.1997461358406,
NMPAR,,-25.3563609791604,
NMPAU,,-8.58791107127783,
NMR,0.706542005118544,-1.01272738556915,23.7412942362551
NMRA,,-25.9064356822527,-36.6214697575191
NMRK,1.65915177745577,-11.4459146194287,2.80385159864296
NMTC,0.625552203263672,-70.9610744392859,-71.9008388582339
NMTL,,,
NM_pg,0.594460856307928,11.0200647163648,1.65257772657643
NM_ph,0.594460856307928,11.0200647163648,1.65257772657643
NN,1.11562134203803,-11.8287692587569,-24.7799396086477
NNAG,,-5.63179148983035,
NNAVW,1.06128104207926,1.65500024009164,5.02092661256162
NNBR,2.57939944840328,109.511043181844,36.8950748798857
NNDM,1.00997234278106,-28.220163285948,-10.9996928985797
NNE,,-56.9932360477305,-63.5327260556068
NNI,0.781204941043568,-1.61261109877986,-5.86814701470399
NNN,0.767873611696625,9.66727284407987,0.652612708257183
NNNN,,-55.672173137424,-82.8243310232112
NNOX,1.27195724421079,-74.2369399820697,-85.3140777560419
NNVC,1.65433728943435,40.0402668181496,-18.5399478942231
NOA,1.14733763941118,-11.7129767337698,-29.9012685857583
NOAH,0.806270653088188,-24.304086813897,-36.1803139937249
NOC,-0.112392151480951,-23.9859786143623,-16.9208696724738
NODK,0.346484183822502,11.2915864492063,2.52206488739899
NOEM,,-0.347374342431395,-6.22115291997996
NOEMR,,-31.9776832057884,-39.7199031465715
NOEMU,,-8.73676760566857,-12.3570268251725
NOEMW,,-9.11732471372216,-17.1302455405846
NOG,0.716484585445991,-22.4398382672318,-42.5610165884368
NOK,1.207643431079,20.8767563410387,80.3057549671651
NOMA,,-43.9623997667176,
NOMD,0.66297824922963,-8.53600099645272,-39.8101468367189
NOTE,0.779162472944881,-92.4397558669177,-98.9329562001416
NOTV,3.90830207879461,-98.1820684831671,-99.4704537377651
NOV,0.92160506016954,-1.14560351020112,20.9402292936907
NOVA,2.80664454157389,-99.9591502372344,-99.9978078456638
NOVS,,,
NOVT,1.69009172751286,-4.20657722414071,-2.260587564412
NOVTU,,7.71162446586229,
NOW,0.933060813305399,-21.1559267257109,-51.7380793112418
NP,,19.2201013435044,
NPAB,,-9.68573045418796,-20.9423450247638
NPAC,,-5.78844219155973,-11.95645809341
NPACU,,-9.46687346482323,-20.2160606989399
NPACW,,-8.7183018932775,-19.9503915484823
NPB,,-9.20877389117224,-1.4544801764264
NPCE,1.91235180183879,-9.82932674761035,50.6716301261463
NPK,0.436572810848499,-7.10673597365625,9.68460988819413
NPKI,1.2712293889642,-12.2955044304176,21.9077252809915
NPO,1.54880209400975,23.6644765192408,27.484184657313
NPT,,-53.1148364465032,
NPWR,1.07963853261824,-43.318869912742,-57.2917989412648
NPWR_t,1.0564203147969,-37.8482901167239,-43.9703812746173
NRC,0.344264391561452,3.12633038518042,37.893541169324
NRDS,1.21991801679651,-26.8931174166686,-24.6101158362543
NRDY,1.73416473357694,-18.7418526325992,-55.1795979115674
NREF,1.15298115496959,10.8259736941334,1.96643716272982
NREF_pa,0.257093571348084,-6.3488436066033,-12.6409927972368
NRG,1.22345490211856,-23.2056307024755,-30.7940578146631
NRGD,,-68.7516287850979,-76.870487655969
NRGU,,70.7530255026352,39.3774012665874
NRGV,1.23780284195774,-50.4155181209208,95.4857263972624
NRIM,0.895416817741898,9.82068820447448,8.03539494753909
NRIX,1.78701427067022,16.8805936349316,74.1183008128508
NRSN,1.60499167734562,-42.359893864701,-76.3441085414087
NRSNW,1.56672415092709,-25.5498171198958,-77.0842362503656
NRUC,0.460010335129559,-10.9776473744632,-20.4496000993422
NRXP,2.17222068250354,48.4588365403587,3.9210127769201
NRXPW,2.01366006429905,33.565597809707,-6.42849984592089
NRXS,,34.2294436723865,107.258150953732
NSA,1.05620730672376,18.9586056907342,15.8680808206481
NSAL,,,
NSA_pa,0.45966939443849,-2.00788457327102,-14.7951098988356
NSA_pb,,11.2483923116482,-0.495124113396672
NSC,1.2530193580396,10.1520855274898,1.75577387849062
NSIT,1.07153174142445,39.8677980678612,-26.2688906660727
NSLR,1.4268316525082,-2.61260378091642,5.13936640414299
NSP,0.52259847485125,11.3724482363213,-26.3659821337358
NSPR,0.800530538939851,-61.0291106162299,-75.8703315260953
NSRX,,-48.2475698322176,
NSSC,1.44136723391427,-9.06270686564354,3.25527088788688
NSTS,0.221433907580883,2.51719019460974,-1.86616534857429
NSYS,-0.033985837922482,51.2360911441316,44.7413640316494
NTAP,1.4357582534,64.134125110251,40.4169346587807
NTB,0.499424072157756,9.79220992336436,15.8777140121969
NTBL,-7.71651608279732,-90.6059945239999,
NTCL,,-84.8752349057015,-97.4430466987238
NTCT,0.692564853407513,33.3505283771258,56.672075792163
NTES,0.738082680132412,-9.27297153279143,-16.9408007814361
NTGR,1.19011204320692,6.71866515014816,-16.6826352320633
NTHI,,-64.0908224411387,-44.5124063852798
NTIC,0.176759847763903,-16.9904016665195,-11.9070683334474
NTIP,0.165758007456001,16.8872437090089,-1.26594156893198
NTLA,1.83000070376317,-31.017721083182,-28.5515326769548
NTMJ,,,
NTNX,0.592482164955106,34.5092200188666,-31.6221036180174
NTR,1.07310471616889,-5.0083162538644,-8.22626733367839
NTRA,1.51909540285861,-1.41649075656385,57.2056547916211
NTRB,1.97866105404644,-44.1463054696574,-68.5042699551771
NTRBW,1.93383352806381,-33.2595436901035,-64.9262636545121
NTRP,1.06287195744273,-52.7418129428216,-64.3781565231655
NTRS,1.25722416862708,13.2968678573871,19.8677864812136
NTRSO,0.710013801425933,-12.8678807636227,-20.9360173316369
NTSK,,-28.5912527903038,
NTST,0.803531445347993,13.744194339648,2.50630137689365
NTV,,,
NTWK,0.930395258638967,23.7259257814647,-16.3109755099288
NTWO,,-3.91274398834186,-10.5723767025263
NTWOU,,-12.2677163239643,-17.7493169311468
NTWOW,,-7.55358933055436,-17.0261704957376
NTZ,0.482637108311748,-58.0300077927092,-56.6803630303667
NU,0.93209125001683,-25.6582208152661,0.133338933005334
NUAI,1.28717948945471,-45.6754551749731,707.757046382534
NUAIW,1.26450359416604,46.5774429617148,634.353516440358
NUCL,,,
NUCLW,,,
NUE,1.88507462582823,43.7513385490924,58.0885981461525
NUKK,-5.82911411149328,-96.196547750446,-98.5709831346874
NUKKW,-5.75131220286241,-92.8426624944761,-97.888154198716
NURO,1.06487297621718,16.1459646619531,-7.62851173378035
NUS,0.95730931615602,-53.9079170570089,-49.2044962904751
NUTR,,-6.05994523999903,
NUTX,0.253347765090082,-8.97934880122914,38.7297038332572
NUVB,1.50842564547931,12.0247711843862,125.659523224699
NUVL,1.13903253036742,5.14490915548846,23.2190430212775
NUVO,,2818101.64280003,25704.1158844386
NUWE,0.316956479580254,-98.6474874622395,-99.5798899687295
NVAC,0.574746630517014,-99.5009059670478,-99.9754077612648
NVAWW,1.36180631478215,-27.7672901241531,104.208327401356
NVAX,2.47055326104136,-29.4971279448873,-12.9229239613953
NVCR,0.947300673290329,17.4070722709284,20.5226603880854
NVCT,-0.252995201507624,112.787644039225,124.314726679638
NVDA,2.22487330050522,-1.82935397693725,-4.12694256684102
NVEC,1.31443589874131,48.0717732571467,58.7788482552049
NVEE,1.19206130923093,17.0029372848402,-23.0014381185863
NVEI,3.08934895766118,-2.11988537541315,42.7550491504321
NVGS,0.453431244686585,11.1453800068055,15.4450478430393
NVMI,1.78666373780398,-20.7789992432063,28.5811305890258
NVNI,-0.065225276098594,-47.2192475832984,-86.3748068042251
NVNIW,-0.050308378968198,-72.1198464321863,-77.7527681327315
NVNO,1.09856891882656,-4.59213188437402,-95.0564095938443
NVO,0.75987072706502,-23.8800255911965,-36.4745050497105
NVOS,5.63640384953972,12.1220008425818,1491.25381287372
NVR,0.905059346324505,-18.9412924983963,-29.0496724531122
NVRI,,,
NVRI_w,,,
NVRO,0.709264782004008,13.9480547419577,-57.8870749927511
NVS,0.45789740514143,-1.35121696632404,18.3447502188419
NVST,0.855480455651414,5.04454070218274,11.8095410228971
NVT,1.38554552054812,17.6741141943278,54.1981125002815
NVTS,3.89068411731989,-1.63808073769773,0.583800624311026
NVVE,1.59735544481599,-96.9115598435068,-99.7909469412549
NVX,2.57081107673378,-67.9024290771359,-76.7762957040052
NWAX,,-6.52134040090275,
NWAX_t,,,
NWAX_u,,-8.67810469539768,
NWBI,0.658484333681921,17.0569647871486,7.85632033716464
NWE,0.357409681037588,0.69582678826321,19.3231969094908
NWFL,0.529222712307607,11.763063053041,19.0555753204791
NWG,0.885501105360804,-8.83194685586791,9.89954391070267
NWGL,,-82.2632229941236,-80.1333360229516
NWL,0.886747594524342,13.3313504673406,-26.6722584807416
NWLI,0.743666129018885,-11.6275843298042,-3.52466713103627
NWN,0.413229342531405,3.99504569593285,10.2674647506217
NWPX,1.10322296286178,77.1725711599959,155.63164080433
NWS,0.873098076184162,-3.10528074203533,-18.8583505057342
NWSA,0.881066138899805,-0.666763859781328,-17.4713442715378
NWTG,,-34.9112078097536,-52.886667271032
NX,0.915961923531609,-1.28935358822156,-15.7619916159229
NXB,,-38.923462746798,
NXDR,1.35051634685377,5.91280683725599,5.22955059256889
NXDT,0.874245317139723,1.75251367513289,-0.581544860820837
NXDT_pa,0.199276456756429,-9.74320637986956,-19.2179111347061
NXE,1.64473663408309,-30.9930376264702,1.11819984135537
NXGL,0.775632612121557,-73.8156961289212,-83.3857710007211
NXGLW,0.74975092546877,-70.6871401279397,-83.4047177735359
NXL,4.02979340019777,-46.81230035651,-74.5079692929248
NXPI,1.81652970334229,6.1012422169447,-2.45579663623881
NXPL,1.83923985340792,-19.4567082456112,-31.8952953196634
NXPLW,1.87086249975204,14.9853256270221,-1.99162936252071
NXRT,1.19593392311889,-16.4321694680454,-29.8809695597048
NXST,0.885700072212513,-13.0801050002608,-12.9485090893194
NXT,1.95895031462463,-15.4264543351327,25.3846226153607
NXTC,1.05262572497642,-54.2126711511506,-15.8493934454528
NXTS,1.88730392036495,-85.654474396256,-97.9626790332608
NXTT,5.48732714529964,-90.5447292708956,-99.8755488994323
NXXT,0.046649779616444,-72.1807223973106,-84.0206810330526
NYAX,0.976115433199738,15.3748562873131,7.90105660753613
NYC,0.20604851912899,-21.8496806009812,-44.8886640140838
NYT,0.940693051770197,-3.01547216620607,24.2604043166857
NYXH,0.831842536974174,-70.8050422199404,-83.9838347152843
O,0.708795180971074,1.35718646380276,-0.568382161792025
OABI,0.466568712256573,-5.58065924632556,-17.744161339249
OABIW,0.462380034168082,-10.7917484872892,-7.28786854940476
OACC,,-5.26608562230888,-11.76816154127
OACCU,,-9.25419376997133,-17.773185242937
OACCW,,-9.039830415129,-19.2250137945162
OAKU,,1.23064039830099,-22.9378174039509
OAKUR,,-36.299962125072,-44.5571801056572
OAKUU,,1.4196994901426,
OAK_pa,0.566248931249762,-9.01940418452794,-15.6665483962843
OAK_pb,0.592726530932143,-8.36994658655644,-16.4535582566178
OB,1.63000739241937,12.4781143467861,-76.6986244521792
OBA,,-4.76037926505829,
OBAI,,,
OBAWU,,-8.05229336271109,
OBAWW,,-7.56947260929558,
OBDC,0.664988288601383,-15.630040468198,-35.1217528983542
OBDE,,-5.37564282696935,
OBE,0.32499625533292,26.675821999761,22.8393781112191
OBIO,0.506607722757363,-12.8344684198068,-2.34913008437929
OBK,0.704869128068071,26.4983030073086,24.6408782134608
OBT,0.418113233444892,22.3991062020388,26.5788576314628
OC,1.31969642392201,10.9284715600935,-14.2439141232539
OCC,0.579271746698312,146.299644533899,136.407929565011
OCCI,0.806833267772079,-53.707890540948,-65.964769887523
OCCIM,,-6.50764983548382,-13.46874897958
OCCIN,0.051112740373618,-5.10254557876789,-12.5391886723582
OCCIO,0.108196377486694,-3.43289499943916,-21.3584612298871
OCEA,-0.608707498676828,-82.3862397324998,-96.0301360177787
OCFC,0.963137744080022,2.59175462618089,-0.878956809631948
OCFCP,0.203713813849125,2.05240035338197,-7.930703583981
OCFT,0.488636577791759,-2.09352703468754,230.550255960865
OCG,0.398206196390845,-67.7816382518686,-99.9523743818618
OCGN,2.22342804946214,-26.7385736462886,3.55049740033624
OCP,,,
OCS,0.238057921963977,-62.4952219078436,-46.8781189753316
OCSAW,0.213805281788226,-47.7517994542453,-52.2004658729415
OCSL,0.550993258999419,-10.4622194503565,-27.1584590418105
OCTV,,,
OCTVV,,,
OCUL,0.928741871981241,-26.83931219152,-39.8331183158095
ODC,0.772657661163329,65.6867309654946,52.8433372768225
ODD,,-54.0310619132369,-78.6442628049777
ODFL,1.17207235442212,21.8571175825099,18.4468383303062
ODTX,,,
ODV,1.86255988276317,-41.7100728843205,-21.393939902526
ODVWZ,1.87012543207163,-31.3284368075559,-0.830420511012231
ODYS,-0.67594270333775,-18.9207860702373,-18.6609390599217
OEC,0.987669500781987,3.72852080808816,-45.6674902789104
OESX,0.780290495590689,-43.3612886213094,47.8002415380902
OFAL,,-75.335062916879,-94.6266141826849
OFG,0.698771566971759,31.4417177816056,4.3777471664211
OFIX,0.654189091653418,-13.6005197781236,-7.49752609847437
OFLX,0.448339971051792,-16.0358802587602,-22.6642224234925
OFRM,,,
OFS,0.915909450536628,-37.8635254229348,-65.6351805794316
OFSSH,0.020645098717968,-9.00653553328845,-17.1657215558715
OFSSO,,-9.89677543575938,
OGC,1.4927408377008,-38.1055375962394,35.597112957337
OGCP,1.31611213715565,-22.4194519258917,-44.6898782995426
OGE,0.516028999796764,5.59153442015612,-4.08332103575175
OGEN,1.23745434484849,-42.2818553396953,-69.0225951822077
OGG,1.86255988276317,-41.7100728843205,-21.393939902526
OGI,1.83910158622108,-45.6155441286841,-50.6518424487526
OGN,1.53840383834648,41.1188378172459,16.640470330194
OGS,0.645476456263081,-4.25659990992577,-3.83337250049887
OHAC,,,
OHACR,,,
OHI,0.559353844236984,12.3451697037159,16.1545104839968
OI,0.642314281864956,-44.0435965729383,-45.8830347423579
OII,1.14260599079402,45.5661358712447,80.0959164185878
OIM,,,
OIMAU,,,
OIMAW,,,
OIO,0.574915620519589,-82.6721060040073,-79.8995222252495
OIOWW,0.524435364484492,-81.4407090602888,-77.8345793209448
OIS,1.11719644790588,-12.2934529481714,18.12158070388
OKE,0.712185076762762,7.30482200524936,-6.63710668874422
OKLO,1.2031970602312,-56.3955978960849,-54.9083043396874
OKTA,0.771786846093377,39.9035081878388,19.7457966959453
OKUR,0.305292358990776,30.1976197550891,49.0149967010711
OKYO,0.041737921302397,-27.6705681660087,-48.3268617281715
OLB,2.04944968133468,-43.6214365864186,-82.9944849882595
OLED,1.53726655547965,-34.2882768939095,-53.0600902771966
OLIF,,,
OLK,0.517743073800749,-11.1431562317898,10.6018914502531
OLLI,0.473961636206516,-41.6302200288535,-57.4252458602523
OLMA,2.04146891640386,-58.1768798348195,106.931557334146
OLN,1.18840833932418,-12.2212955740612,-11.7564479996074
OLOX,1.40199635365595,-67.3194457384222,-98.8991570249101
OLP,0.899383684430325,11.3873333614567,-5.43013912641465
OLPX,1.8387718669289,41.910139461743,12.326292111226
OM,1.93649808805082,-21.937137593802,-77.4953017415834
OMAB,0.58731640815704,-15.3976898281043,-9.06449152725414
OMC,0.635945073877365,3.79996823538746,-0.62839467790885
OMCC,0.82719835276197,18.1367355315164,-41.0962151152803
OMCL,0.959739078983677,-19.0528551357478,27.6858837729981
OMDA,,17.8143228205537,-5.42194339449564
OMER,2.53220937364853,-16.3659180984364,133.791507772263
OMEX,-0.139768666592989,-72.9902269903724,-66.1578768673483
OMF,1.1781253722321,-10.283427830866,-9.55408162147544
OMGA,0.58253722792961,-97.3560281759138,-99.8355875530829
OMH,-0.208266188283602,-90.7295998592104,-90.0753400444467
OMI,1.56856776017787,45.3834180809539,-64.4797218871556
OMIC,1.82355104607566,195.752176558692,8.78607097591746
OMQS,1.51860238784869,-36.278227754805,15.4199672666361
OMSE,,-17.5790217221979,-52.6582312464985
ON,2.02946391074279,26.5783365990177,23.7418649555504
ONB,0.835725093286837,5.80306062812255,7.12871331365676
ONBPO,0.416073151736545,-7.2185101117375,-14.396357713523
ONBPP,0.392083651360427,-7.1568389760527,-14.3826884692457
ONC,0.47743883443663,-7.65281266066778,-3.48682970389697
ONCH,,-5.13715491819155,
ONCHU,,-10.5074841146528,
ONCHW,,-9.51107909301425,
ONCO,2.68830527532465,-98.9739521124174,-99.6150944007966
ONCT,1.20126381550365,-94.3393930885017,-94.7115469939734
ONCY,1.13706581255587,-35.8535195039683,-37.4940666909363
ONDS,2.712895052375,-39.7741573887759,238.033918086146
ONEG,,-79.4131369355743,-84.3473266425372
ONEU,,,
ONEW,1.48786355146499,-9.59308889247694,-26.2012464843471
ONFO,2.46539481593169,-84.61580843588,-92.0367943453399
ONFOW,2.28256580765496,-62.2178923442227,-74.4642980459132
ONIT,1.44920354748973,-26.8932791569087,-9.41084393111897
ONL,1.58926350499939,1.73590992680603,-13.9862803852046
ONMD,1.14903634575538,-26.54295927557,22.4572835479718
ONMDW,1.18073214869673,-67.8254257398744,4.02768115218097
ONON,2.10485655295085,-21.8060484433999,-36.0341543433837
ONT,1.65738869627131,-17.1450335277855,-24.2990555345505
ONTF,0.607238098764227,45.0776076257809,33.8976609847726
ONTO,1.61263880933926,9.00489228579409,104.299476017507
ONYX,,-11.2823103312647,-23.3329201143223
OOMA,1.18184409608435,69.6437856758908,60.2982956457552
OPAD,2.48424743950691,-67.2414168016407,-78.4701855197322
OPAL,0.762869786719933,-9.70417150224044,-23.2757621036025
OPBK,0.569804471445125,10.8485786726262,0.723312244572072
OPCH,0.646052906944279,-40.2272167844658,-35.0490958367282
OPEN,3.60858948157476,-36.2953845517377,44.8265193514077
OPENL,3.55901207336161,-36.1021766653656,585.816286784388
OPENW,3.55901207336161,-36.1021766653656,585.816286784388
OPENZ,3.55901207336161,-36.1021766653656,585.816286784388
OPFI,1.7585898406082,-7.96735751938991,-23.9897074832623
OPFI_t,1.77326854307951,-27.4743749106887,-42.6659462392983
OPGN,,-15.4539507159991,39295.5967701353
OPHC,0.213514343881373,37.6876062490659,32.4010312847834
OPI,,,
OPK,1.47435816052185,20.1558839953501,5.12787952919442
OPLN,1.27418869853539,25.8148010962297,40.1370536858178
OPRA,1.30349620552698,29.6427056297701,-3.07598556680866
OPRT,1.22581692356723,-6.71004942518935,-20.3679434533991
OPRX,1.0639585084061,-49.3984751760063,-60.4835520030578
OPTH,1.5777876315687,-34.558535607943,6.68399874684262
OPTN,-0.892672694452448,76.5501195127561,-49.7665311316309
OPTT,2.65633665495198,-79.7642735091605,-77.5758997572106
OPTU,1.2269102829037,-56.1997290689566,-75.0494553789143
OPTX,-0.748391964035598,11.4010314811907,161.317871972569
OPTXW,-0.825282576240282,615.463180534939,625.429081344729
OPXS,0.512458776960806,-28.6030466162292,-21.5107550545567
OPY,1.07255570453843,38.9473039527388,31.0350738703984
OR,1.30095272020912,-38.5231524241391,-16.1054109196152
ORA,0.898648143300706,-26.7014485561229,-4.17727151862306
ORAN,0.08213089363959,-1.73739590379781,11.0679140336361
ORBS,2.62385326684757,-60.7553925079548,-71.7667054407259
ORC,1.54678313512226,-26.0854898475202,-22.9044832374889
ORCL,1.72980065623876,-35.5686165293899,-58.3456226838204
ORCL_pd,1.72980065623876,-35.5686165293899,-58.3456226838204
ORGN,1.21094561996497,-85.9985138724261,-95.5239565578961
ORGNW,1.17274143132207,-90.8501522556011,-93.514910497176
ORGO,1.32712220894791,-40.4340003652124,-56.6504560507107
ORGS,3.35606191567132,150.506812693336,-65.5945121540818
ORI,0.584169594985788,7.80046077239387,12.4126864162592
ORIC,1.00306294997171,-7.61139123108079,-8.36999994524026
ORIE,,,
ORIO,2.79278557076451,-52.1506348462168,-69.9887540791147
ORIQ,,-4.86267003227351,
ORIQU,,-10.1646239583506,
ORIQW,,-8.03975028791405,
ORIS,,-89.7035909157745,-95.7040120220482
ORKA,-0.304635248615792,143.463551663097,455.313414643701
ORKT,,16.7537344767598,-73.1173522894126
ORLA,1.15317956539283,-53.3857243550738,-27.7117562856251
ORLY,0.511694379698008,-14.8825800788185,-19.430074825019
ORMP,1.21848234257301,12.566100100346,74.0923084386646
ORN,1.40032574390276,-6.91535964592619,8.03612001984277
ORRF,0.673231529586377,13.6606929888753,9.41045442546722
OS,,34.00417776008,-9.34402226932477
OSBC,0.69851526670327,19.5342170054099,22.3500286906453
OSCR,2.34965636909499,98.233717705916,84.105712058935
OSG,0.840873897516705,-8.73495517453842,-42.1924016493843
OSIS,1.20331803810247,-25.1654197846459,-15.3029540062995
OSK,1.23596325048122,-4.74194859432044,1.29028757726879
OSPN,1.51555552494282,20.6684230860578,-12.1949202742187
OSRH,0.477928984306587,-38.0158540413057,-58.3742825902325
OSRHW,,-38.9195759377014,-80.392491128132
OSS,1.49356497760216,5.02337235299823,85.7833098297512
OST,0.678603699239528,-6.05994523999903,-43.654780774076
OSTX,,-2.82063300689555,-28.3219003210038
OSUR,0.999346229456707,38.3293114048366,3.21646353775451
OSW,0.906506087560693,33.2459191045947,6.33796009443948
OTAI,,,
OTEX,0.902396863834038,-16.128061134786,-35.1844571483845
OTF,,-29.0519784446157,-43.1957434271039
OTGA,,-5.03378774013805,
OTGAU,,-8.04115493671022,
OTGAW,,-8.01834344026041,
OTIS,0.875365633474245,-23.6341531652825,-27.969625701421
OTLK,0.864587634820473,70.8000995636382,-61.3152226210074
OTLY,1.76344088525111,21.6166720889509,-12.1315371051012
OTRK,,-99.0605994524,-99.9998364447241
OTSA,,,
OTTR,0.431845476450279,0.604757123108946,3.45744786979445
OUST,3.27808699650306,30.5000924584856,12.4845828051567
OUT,1.48116942797508,22.7836208694097,55.9869130702711
OVBC,0.036579156204182,-3.88646613571262,5.44022063080116
OVID,0.218420248130614,22.4853752671836,284.819674485151
OVLY,0.210053194848936,0.368301119938841,7.16616861691055
OVV,0.541083186909645,29.917097008512,18.5670360106071
OWL,1.17085777349551,-36.5759162287949,-57.4056239565299
OWLS,,-21.78978306975,
OWLT,1.84935256983596,-65.0848250820126,-47.4981191961638
OXBR,1.89735116810879,32.5144733812574,-33.5555393451845
OXBRW,2.02632736317852,-35.2339940940658,-51.1780903592041
OXLC,0.633474484160235,-41.3712211733232,-59.3178353173265
OXLCG,,-9.21398763651268,-17.2431535228171
OXLCI,,-9.7159819104782,-19.5532465303968
OXLCL,0.244068568854484,-7.34648237909763,-16.6485012251716
OXLCM,,,
OXLCN,0.183853050931894,-5.25780346186927,-12.1071022964656
OXLCO,0.165841488370453,-4.78779892077769,-11.6265809495999
OXLCP,0.076772308362752,-7.83766791646557,-19.4263250173573
OXLCZ,0.083914509862118,-8.40649164105799,-17.447855611966
OXM,1.02076240272422,3.6823602778302,-18.9205231350207
OXSQ,0.360776134602542,-30.0446400723397,-48.3179367121401
OXSQG,0.069976238033572,-8.83246535427984,-17.7774046490684
OXSQH,,-10.0036311320278,
OXY,0.153963976961514,13.7191280181111,1.83797802032752
OXY_t,0.134613243694627,24.8435997210416,-4.90249538403161
OYSE,,-5.41589001637514,-11.4893856216119
OYSER,,-41.3837269537021,
OYSEU,,-3.21409916132367,-12.6023885832971
OZK,0.883261605941566,4.10830256380568,-13.0065483078954
OZKAP,0.683492358849319,-7.57691980849187,-17.9277443350705
O_p,0.538541142191006,-7.46889945746435,-9.69228239585241
P,1.46390495140482,-7.49211283145615,5.69261607211986
PAAC,,,
PAACW,,,
PAAS,1.53429781552689,-35.2949766912183,19.5326668924354
PAC,0.951730743599216,-27.9372133097019,-15.9040545886092
PACB,2.31508113748254,-49.1919548185209,-27.09812788746
PACH,,-4.6675531239911,
PACHU,,-8.31075298844079,
PACHW,,-8.34752224653469,
PACK,3.12537197937008,15.4941782230987,41.0888308987589
PACS,,28.3136989973719,243.469751114864
PAG,0.813799630017696,28.8513182527919,11.1534710863504
PAGS,1.28060054645738,-22.9065587008947,4.17724746681227
PAHC,0.452871835468573,-13.5475761229445,8.17147242012828
PAII,,-5.03986567202273,
PAII_t,,-8.84127436734424,
PAII_u,,-8.58016311678037,
PAL,,-34.1199615968824,-26.2739546158896
PALI,1.52615281786501,4.83917713547068,40.1191238886184
PALO,,,
PALOW,,,
PAM,0.966789647129637,-10.6290345334923,-2.13504010052292
PAMT,1.01271335943546,54.5871782353273,11.106443833247
PANL,0.764637511012972,-12.7699491514277,28.4244447317936
PANW,0.918178149420799,63.3072341604376,34.1729904993631
PAPA,,,
PAPL,,8.97046352160114,-72.96045670646
PAR,1.32216629300577,-42.6868751642114,-78.3036433094022
PARAA,1.28852487462489,-27.7235997976576,-39.5463512000858
PARK,,-11.1522042744854,
PARR,0.767237724713595,111.793584121108,112.256632896542
PASG,1.42919581973855,-65.9280912497457,-44.2435888454446
PASW,,-48.790200237026,-95.0014668601213
PATH,0.956623642334968,-20.25562203869,-14.1271709988242
PATK,1.08457828077327,-36.4623103801363,-24.3960224069992
PAVM,0.538407711698519,-41.5725439758607,-72.9810351183745
PAVS,-0.147440708779411,-99.7720427392354,-99.9957626455374
PAX,0.750907990165096,-34.6247894773661,-30.3608834628571
PAY,1.25829632043244,8.93727817616961,3.03538202277602
PAYC,0.739746348435258,6.84285572675543,-41.1684201653497
PAYO,0.95536426839552,4.94865492718859,-8.4824263027102
PAYP,,,
PAYS,0.729801802076723,96.4984631677084,1.48061098149215
PAYX,0.779434552983883,6.4098943140968,-30.0940048501932
PB,0.65361608643471,-5.22234530043798,-6.44322570736165
PBA,0.712194951879351,16.6000886796761,6.68059066322781
PBF,0.097255804686271,73.4365417784522,109.037326553885
PBFS,0.396899758027055,23.3819086570858,25.605123781087
PBH,0.3311455311041,-23.9658899501213,-41.6955494301806
PBHC,0.130932232670787,5.5506233258438,-7.85272756366072
PBI,1.61496350530258,64.6952975782514,26.6411742965981
PBI_pb,0.722530580673769,-10.2022118074405,-11.7755844832069
PBK,-0.174333442924042,-76.3000013986131,-74.4469464079419
PBLS,,,
PBM,1.65772884914892,-24.7407832567636,-95.2471544658754
PBMWW,1.67495102174245,-69.9879726936983,-90.6670649886532
PBR,0.368973685881503,13.0157649476177,23.8460488796298
PBRa,0.47252463401909,7.75279657339156,20.6143520252847
PBYI,1.21345781252376,13.9577224409753,105.248306985006
PC,,-6.05994523999903,13.2393507533722
PCAI,,,
PCAP,,-5.13986634910775,-15.3007211816102
PCAPU,,-8.85040275884441,-28.2734142227891
PCAPW,,-8.66648236578925,
PCAR,0.960945640527236,7.47003533134456,19.6255899322377
PCB,0.475941663850503,19.8736419534917,13.0385717626747
PCG,0.27652218100761,10.1024504701923,9.39370062597018
PCG_pa,0.682116046008962,-7.19622866098767,-14.18118257212
PCG_pb,0.359033540991571,-3.98842272423092,-8.46063121490421
PCG_pc,0.416078754312938,-8.17704291016677,-13.2888718477873
PCG_pd,0.297249541421591,-8.84902201033012,-9.08738794005735
PCG_pe,0.324516372966401,-7.49830933083326,-8.33395023908944
PCG_pg,0.226215758959371,-9.53860762282769,-8.83462385694365
PCG_ph,0.291959960407245,-13.0005666968503,-8.9127477906743
PCG_pi,0.352505879078854,-9.08330332422893,-7.79942467771131
PCG_px,,3.09589536578625,-2.81595933776444
PCH,1.09551375351991,-10.5741120799405,-19.2224515194094
PCLA,,12.6125656446733,-69.258293026237
PCOR,0.704478453919685,-27.347074038346,-45.1864552976695
PCRX,0.263084232026653,26.8782301317696,4.58176067449731
PCSA,0.899991165010849,-10.1827062639489,-54.6709555377752
PCSC,,-27.0559199880887,-12.5242908166811
PCT,2.58187093811868,-48.8879948968954,-64.2863627171408
PCTTU,1.07763333048242,-3.03902148082567,-38.2686545484239
PCTTW,2.50280113032117,-5.42521603021712,-44.5812880455906
PCTY,0.455655748389186,-8.34665263742129,-35.9584310309254
PCVX,1.23764079489082,-5.62783827238172,30.9269331187018
PCYO,1.21415156965525,-14.7008447917628,-8.72705887029597
PD,0.924348918012576,-11.7117625728706,-47.3082917867771
PDC,,-45.1648819632545,13.3679060647304
PDCC,,-36.9447926216865,-52.7508805423746
PDD,0.00389876799159,-24.6880357919775,-36.8599185664259
PDEX,0.029879530229252,28.3672734702512,-9.42031844677429
PDFS,1.69269090989806,23.7455551476645,58.158835365927
PDLB,0.536038039517119,15.7445413128334,22.731275411362
PDM,1.33333511740895,8.6181883162511,10.7700110701917
PDPA,,-6.16221871681523,-13.0000035761031
PDS,1.25463086916456,-4.32729906332068,15.8312070267164
PDSB,1.62515988853332,-27.8525335662181,-49.6601061305273
PDYN,3.6562803759475,-27.2396815125759,-55.7668753508435
PDYNW,3.62918124364682,20.3747807160368,-46.1224834058241
PEB,1.39874932398259,56.4590593896147,57.4750235291671
PEBK,0.300662793883092,13.5991715509,27.4737632917054
PEBO,0.586869190031448,24.0878483739393,21.9731154913637
PEB_pe,0.590214339535462,-5.44811121601105,-8.03535779344117
PEB_pf,0.646201129923612,-5.16840625876025,-7.8782579006351
PEB_pg,0.734115734435327,-3.99326403527901,-6.03311443471839
PEB_ph,0.647542583611581,-5.22538617494628,-6.97206634518848
PECE,,,
PECER,,,
PECEW,,,
PECO,0.517567508658128,13.0887615744337,7.14650903812089
PED,0.235629329698186,-16.7383457413346,-27.7277337072367
PEG,0.52693984677084,-7.77707879505003,-21.891152937795
PEGA,0.876768842632043,-44.296188412393,-57.6316073356979
PELI,,-17.5371295044069,
PELIR,,209.555840978799,
PELIU,,-3.67932449376276,
PEN,0.701002972527271,-16.3609401150453,19.5791377657314
PENG,2.89097217765435,128.812491680104,65.1312455149623
PENN,1.43018053256886,44.1234610146157,-3.81065201698209
PEP,0.353143180084284,-9.79784767432625,-13.2025147688799
PEPG,1.87719299952267,-69.301732105214,10.0735013252277
PERF,0.270098787025713,8.0029372091029,-32.5933299345276
PERI,1.18086795183761,-0.247079973081865,-26.1971566519479
PESI,0.447935064731439,1.96754802390189,16.0801536407296
PET,1.16034933930376,-97.8976258227791,-99.3980162741473
PETQ,1.74245393372404,64.5658620435094,18.5793662335274
PETS,0.762931823217346,-41.7223734359253,-51.2992742462707
PETZ,1.27330003511488,-3.67163876304986,8.04173230966727
PEV,1.35104256155836,-85.7211116764799,-91.0817971477156
PEW,,-24.5497337959357,-67.5201924439653
PEW_t,,-31.7476117709882,-87.3864895273973
PFAB,,,
PFAI,,36.0217987475127,48.7804879823489
PFBC,0.551018143242915,16.9441941017505,-3.57148764565993
PFC,0.97953754981423,8.04067980328949,27.5196129107463
PFE,0.287747319194556,-10.4910798984896,-10.6603693840566
PFFL,1.02185018316806,-14.6133945711265,-22.6563612082217
PFG,0.881620329185008,16.2053653645073,22.0712186945144
PFGC,0.910834307491574,11.3917122695567,-0.078783035723318
PFH,0.601553437660152,-14.8656378912329,-21.3584107394094
PFIE,0.449142394437895,51.5664608314077,15.1776103628413
PFIS,0.726038667836156,33.5396865392662,22.514195086975
PFLA,,,
PFLT,0.754786614827907,-29.840988514327,-41.9774623850858
PFS,0.777402220729565,9.00293439986672,7.82943999427417
PFSA,0.574746630517014,-99.5009059670478,-99.9754077612648
PFSI,1.43368374781586,-46.1350013854404,-21.0857962639121
PFTA,,-7.24817931301026,-16.9444615530933
PFX,0.273678997336281,-6.09119305098215,-25.4967409251259
PFXNZ,-0.003516684805609,-8.31397455365515,-17.5683121788011
PG,0.372009236867084,-5.71797658980084,-18.4919955683868
PGAC,,-3.26249884464838,-9.86636615145581
PGACR,,-32.0590036774651,-39.7235540518379
PGACU,,8.89744974119011,-2.4625441865196
PGC,0.708851514880122,52.3731955522517,55.2998373067741
PGEN,1.030437250583,9.82843611475799,201.048018651784
PGNY,1.00912719226872,19.1586014192837,14.0423282478926
PGR,0.252600351459119,-0.895228657653713,-21.642811429473
PGRE,0.949857343931229,-9.24289515387138,22.1071843915631
PGRU,0.358739903862009,16.8211109395275,58.7539556111524
PGY,5.35913905448265,-24.8750934249583,-54.0467068896188
PGYWW,5.36799220323661,-36.6552171575926,-32.8444624218014
PH,1.11049322337469,0.533318212221312,15.3304949388111
PHAR,-0.030510907484633,-42.9617986679125,10.6136434246269
PHAT,0.48360150163161,-23.0259284257476,13.968178489604
PHG,0.743413151626134,-18.6934824147011,-14.3550063851121
PHGE,1.38082209073507,-97.5210638787073,-98.0825433113707
PHH,,-93.9776808137643,-99.2564703246126
PHI,0.614284537184673,-18.1297693489713,-25.0376947085341
PHIN,,9.46980903561203,28.5813264436589
PHIO,0.815312658110474,-7.88402397320293,-65.6625071893504
PHLT,0.718976985575302,148.340290483821,74.0531162197583
PHM,1.19172555010987,2.18293815716928,-0.784551291784896
PHOE,,20.2432700928012,89.581259559141
PHR,0.843654477077832,-32.8381175316912,-65.5691487277302
PHUN,2.63687118273322,3.62459648783613,-43.0125820508786
PHVS,-2.30255973427878,16.2417485252016,44.6965798219897
PHX,0.064263674680633,14.0643201120009,27.4578787026899
PHXE_p,,6.27024136211631,
PHYT,-0.02058917263286,,
PI,1.95254979480789,-22.7588510740903,-9.2808600621879
PICS,,,
PICW,,,
PII,1.25658532661727,1.61934905210743,24.4487103319161
PIII,1.62185939448153,280.095913875081,29.2663329068069
PIIIW,1.60859253208929,123.969787086522,40.2509300028521
PIK,,-43.6359671439994,29.0205794221931
PINE,0.573461754117579,7.47289897150336,25.7550155686229
PINE_pa,,-5.23862786771784,
PINS,0.883473450709466,-2.24776873329245,-45.6050308978085
PIPR,1.41853653557462,-16.2027434042574,-13.7684856263332
PITA,1.07290097992151,253.437829790103,231.493037054993
PIXY,1.32433795921754,-79.6496758145829,-93.709742138674
PJT,0.830640039985042,-7.71670814293429,-18.3642524168803
PK,1.33635661225424,31.3949753042739,17.1792287846406
PKBK,0.479619545520857,16.3765542271809,35.9096412246745
PKCD,,,
PKE,0.426269839705622,35.7921868554326,65.7561080181925
PKG,0.805761329044245,6.38305816752816,6.6809401275874
PKOH,1.17766149445797,65.2180208380071,94.4247761500717
PKST,,50.9630263795097,43.8208346386185
PKX,1.57328924597824,-24.0048853892866,-23.4370228741737
PL,2.13434140133443,-31.661705799814,176.163546310397
PLAB,1.38801584078084,-23.123172480235,18.7168525933374
PLAG,1.15669250380711,-79.8042903169694,-69.7804376474093
PLAO,,-14.4302892123652,-12.0037631380996
PLAY,1.86573754038653,-49.4019093335194,-72.1940713504131
PLBC,0.585042648880348,17.5904891541972,27.0796522574887
PLBL,,-36.968651130218,-40.2067345623204
PLBY,1.88339387249314,-31.984055307299,-43.5823989623385
PLCE,1.97555936428213,-45.1652238493948,-60.3135227512617
PLD,1.3177402661275,7.38508823847199,18.1323602476541
PLG,1.97168088477581,-64.9596794871968,-39.225169835105
PLGO,,30.7210831636221,47.1123394070037
PLL,0.323076177540344,-5.88150793041382,-24.6632181863839
PLMJ,-0.466556765437695,-11.8204202960368,-24.1951718186701
PLMK,,-5.4728868117036,-11.5227806486643
PLMKU,,-20.1135104052941,-20.5563014032703
PLMKW,,-7.55725814001604,-16.62698792241
PLMR,0.383066964293526,10.3508512303417,-5.50438109082868
PLNT,1.02725587535909,-43.299453352671,-56.7418189764303
PLOW,1.22237487288815,11.8948065145523,34.2885477169401
PLPC,0.946372173002446,15.806521180631,79.740724678238
PLRX,1.25174626890088,-20.8536546510228,-42.1165534667729
PLRZ,,-27.9942126209931,11.32350377731
PLSE,1.58672284542125,132.685317202321,100.585577563234
PLSM,-0.066546514039067,-45.6325807143156,-70.4058533683019
PLTK,1.07956828458062,4.72868849994506,-27.0075471072738
PLTR,1.57966661415078,-29.9673206728852,-32.7003117303288
PLTS,,-6.05994523999903,
PLUG,2.22266566099438,-23.6006193653104,-4.75316924011352
PLUN,,,
PLUR,0.672622037346459,-52.1759721221813,-73.1406972206587
PLUS,0.995390676431664,2.30329378779359,17.4240076121194
PLUT,,-11.3877910736386,-14.2135407146216
PLX,0.024950229154886,3.24543754283124,33.6079778016489
PLXS,0.911423764131462,35.3958209577606,72.496479561091
PLYA,0.618926755889392,5.74529363131975,44.5993372694421
PLYM,1.2517061529343,32.0486945633109,16.5368800885753
PLYX,,,
PM,0.38988334898668,5.12064379086199,9.12953194709769
PMA,,-9.64544351328153,-62.0978923149464
PMAX,,-94.2219410762698,-95.9353272743008
PMCB,0.576054249199285,-41.5906499015696,-50.2469661051673
PMD,0.72780760600912,29.950409084668,-4.17263452311378
PMEC,,-59.7399765314282,-75.4246515386299
PMI,,-95.4883620367204,
PMN,-0.224535727163679,27.9558719620276,-44.4986464256491
PMNT,,-66.1511683806231,-68.4939786405773
PMT,1.11587729032122,-32.0271148484546,-31.034044633182
PMTR,,-5.51483853926402,-12.8974991242578
PMTRU,,-5.796611578262,-16.944969498517
PMTRW,,-7.99712533252729,
PMTS,1.04505180820509,47.5702716200164,-13.2483171091958
PMTU,,-9.57371822469952,-18.5899136246601
PMTV,,-10.2113356912436,-18.5554767539958
PMT_pa,0.773601370959328,-13.4171630489027,-20.4278521567215
PMT_pb,0.808880780180582,-12.8117647138171,-19.3958507089332
PMT_pc,0.805719252734339,-14.6347896061592,-19.2431778959086
PMVP,1.34523098491624,-14.5999502181809,-37.3409989561093
PN,,-26.2834882626735,-90.4335960623545
PNBK,-0.65435604344503,-34.1821272382159,-40.1170306479272
PNC,0.898031507967382,5.65631550119021,11.5690666344411
PNFP,1.02662005361356,3.74806677324346,-1.43773555299706
PNFPP,0.254241772419975,-6.14043334962316,-11.2790022986262
PNFP_pa,,-10.2715434397255,
PNFP_pb,,-8.61399514595065,
PNFP_pc,,-11.2849482857836,
PNIG,,,
PNNT,0.609019943192011,-45.8161458892827,-60.2289504380289
PNR,1.03885580780849,-41.706529216308,-44.4248494418435
PNRG,-0.27522561483812,-3.56704800321528,-11.8739879286933
PNST,-2.26147375324621,93840.054760001,-98.7712325769315
PNTG,1.24834199800451,42.8650416581702,55.6544572874119
PNW,0.425908422459471,4.41859400454729,2.15159642605034
POAS,,-94.3661563889166,
POCH,,,
POCI,0.344600848131527,-19.4799530628563,-18.7444861511294
PODC,,36.7709609532581,74.6751467166645
PODD,1.09130616456634,-40.6132612183105,-50.7143476104636
POET,0.84721547256506,-6.47499702833482,-0.945017956385486
POGO,,,
POLA,1.20502522297898,-11.427948369142,-34.2950752942535
POLE,,-4.1509554693563,-10.8907770401423
POLEU,,-7.5896550069779,-17.313242512263
POLEW,,-7.31132283303331,-16.8170428225299
POM,,-85.9298839019349,
PONO,,,
PONOR,,,
PONY,,-54.6165955971442,-55.9172417390027
POOL,1.06001003438829,-31.741961269448,-48.5865485841138
POR,0.532663091213918,-4.73763281177539,7.4383823759899
POST,0.397922774084643,-9.61515898231878,-23.944745157331
POWI,1.58965850844741,21.1073876696877,-2.97232848331001
POWL,1.20463831230711,28.0770318942531,113.961159993591
POWW,1.0281879593192,23.7533655520971,63.1294682349569
POWWP,0.172795286195041,-5.03923161961466,-9.15791893326271
PPBI,1.13066374126151,-3.30164309210199,-16.1027184369897
PPBT,0.667491529911604,-79.8152642689458,-94.7627201834547
PPC,0.277985722114433,-35.281880462315,-43.7163102977204
PPCB,3.31876536147183,-84.7015523203767,-99.2706870765992
PPG,1.04906849020123,1.37654984573554,-10.1825675936053
PPHC,0.303737433910035,-33.7883402082716,-28.2852692521046
PPIH,0.582494439289339,-20.697116563069,-9.87180967373393
PPL,0.588496988979124,-7.05767457977028,-12.4929030074064
PPLI,1.03931335546103,0.685941045287519,-10.254896911583
PPSI,1.861872670666,-41.789282306837,-24.8675340714136
PPTA,0.653378093161544,-52.1033429128334,-13.5650379872309
PPYA,,-6.05994523999903,-13.9862803852046
PR,0.471696142295209,21.1396915303803,18.4264262386542
PRA,0.027361525594456,-2.1420926172358,-9.40683667709638
PRAA,1.10799906577871,7.19029651299288,-0.850638859366792
PRAG,,,
PRAX,2.80846632213236,-11.7127637853665,357.209674739491
PRCH,3.15880400045823,49.6170102924101,-17.1986830232571
PRCT,0.899734005525159,-44.8201367751521,-71.2465923891004
PRDO,0.698253978842152,-2.52791790463088,-0.504031273339811
PRE,0.258168871158015,-11.075925354193,93.9025333538475
PRENW,0.241454647129583,11.9924261300649,135.001636847678
PRE_pj,0.603331452563426,-14.1082005003757,-22.2539818087058
PRFT,1.63446013638576,29.0413519248506,-1.28278930388531
PRFX,1.05774864597417,-72.5741177099042,-87.5628810827255
PRG,1.7912912840442,28.7178622668949,18.9416711728521
PRGO,0.511544965543851,-30.886959712285,-68.5054634897834
PRGS,0.791243600431376,-8.96879475129047,-29.8368587421844
PRH,0.308349853354798,-15.8759742510918,-26.1062950656268
PRHI,1.05670198370663,-0.823011307676946,-33.7556674667084
PRHIZ,,-3.08345211986952,-18.3136634548375
PRI,0.863001030662584,17.9531512063035,4.4649502582895
PRIF_pd,0.129206275338596,-7.29190765413974,-15.192885670382
PRIF_pf,0.047979285726952,3.20391774916866,-6.41440116306028
PRIF_pg,0.157858019615751,-2.67612559044784,-13.1441360610371
PRIF_pi,0.154000017104159,0.009902608876988,-1.75067935392216
PRIF_pj,0.198151748704254,0.112691595092107,-17.0223637637068
PRIF_pk,0.172700095057816,-4.06029576338633,-21.2314194232973
PRIF_pl,0.165867846173426,-5.22397207057022,-13.9333162721413
PRIM,1.45448471757072,-51.2184393802549,-26.449740136476
PRK,0.670588726130761,20.6876048024668,8.64174351375149
PRKS,1.15295330817266,18.9569750033651,-20.265892906411
PRLB,1.40321783149478,34.0364195965868,62.4800031472221
PRLD,0.957671253664742,105.604648153964,368.376550889157
PRM,1.89714806533448,22.6878904478726,81.6538990775867
PRMB,0.735235305026965,16.142273584581,-28.5293695823408
PRME,2.30689459185543,-32.1787922410274,-35.0165296797756
PRMW,0.735235305026965,16.142273584581,-28.5293695823408
PRO,0.616734251774743,3.47697796155435,-16.7395669207875
PROC,,-66.3157803646282,-98.0373233069715
PROF,0.537720483417072,-9.01652749841391,0.934561688629554
PROK,1.72611814379448,-34.5395093527595,-56.9931401926023
PROP,1.24983313025129,-66.1815802863997,-84.5583813124256
PROV,0.319321597384609,2.62848937157154,-0.339600709651089
PRPH,0.086967142799529,-74.6901737520181,-98.8647738807597
PRPL,1.45662482268545,-57.6179228146939,-71.7530944785012
PRPO,1.30315410648733,-13.0766921873787,35.4118766435704
PRQR,0.073710986848758,-1.58660929904659,-32.4177917312322
PRS,0.309809912570121,-16.1381321645427,-23.6600543400351
PRSO,1.04834800304242,-34.8448895556929,-36.6712174264693
PRSU,1.36516634526897,45.7988543974943,47.3507008824709
PRTA,-0.293601291450837,-17.3559230477278,7.17284423619344
PRTC,1.19339990308381,-21.7585510702723,-31.6549136428171
PRTH,1.56096180499482,8.78100458763136,-17.5751699379777
PRTS,0.671183774920567,-7.43777981526793,-47.6099162174209
PRU,0.818766148787111,8.37824414826773,2.7439062348106
PRVA,0.846532322186395,2.0355012988112,8.41221614392746
PRZO,,-66.8749473572473,-78.7689468750813
PS,,,
PSA,0.968846137134639,11.7910331168078,-0.608574002232765
PSA_pf,0.596170074133094,-11.8952804062673,-17.9390410759754
PSA_pg,0.64050550724775,-11.7088026995256,-16.2642307820652
PSA_ph,0.487379278511233,-15.1521990608106,-20.0768229159215
PSA_pi,0.643029700931782,-11.2578355939226,-16.216926640775
PSA_pj,0.658083387150926,-11.8024732736543,-17.6067511446576
PSA_pk,0.65447474757714,-11.6656428897225,-15.718456622684
PSA_pl,0.669003977596174,-13.1803362176259,-17.2621021333197
PSA_pm,0.662509656346643,-12.3374296799045,-17.2884524362296
PSA_pn,0.732199620716339,-11.5849885658535,-17.1181193308668
PSA_po,0.719979510148874,-12.299071683959,-16.8868727457554
PSA_pp,0.728978926618019,-11.6365580378693,-16.9578598945097
PSA_pq,0.692781714298067,-11.9056238187172,-17.332477385525
PSA_pr,0.7791411024012,-12.2651598663477,-17.2903338464782
PSA_ps,0.63591448960859,-11.9066033459476,-17.3614355386975
PSBD,,-21.2502519671481,-38.650605488361
PSEC,0.770481862961587,-27.0082501342153,-43.5851191938253
PSEC_pa,0.530785847401959,-12.4748332386565,-21.0478400343098
PSFE,1.71601003552658,20.4941327390353,-41.2922231200603
PSHG,-0.155473556689835,-19.0326194687611,-14.3082163679107
PSIG,0.06859504434557,-73.5097949847391,-65.3264477162579
PSIX,2.03157421086461,-64.5868459964326,-73.054314201069
PSKY,1.47838131186474,-34.3639617391162,-46.769116772132
PSMT,0.769711405672878,26.5809160406943,52.0357054142722
PSN,0.632461958870725,-18.3993614793046,-29.0972620902889
PSNL,2.28366108499549,8.14029559581506,66.1533315485805
PSNY,1.34193079809904,-23.8235518825514,-63.2271620729407
PSNYW,,-22.0182382552706,-57.8991087387309
PSO,0.361359902026754,26.3156942956374,6.01266926374791
PSQH,0.492930903031358,-75.8626248186109,-90.2675607775308
PSQH_t,0.416147847866014,-66.3272913863738,-81.9072790469734
PSTG,1.46390495140482,-7.49211283145615,5.69261607211986
PSTL,0.788730309110734,23.8586022670837,42.3343731990465
PSTV,1.43107167154947,-40.8845847870119,-77.6842100568135
PSTX,1.63024815706482,203.475712284575,137.116583008711
PSUS,,,
PSX,0.664821913290963,38.1155651192501,38.6633579975381
PT,1.03860680166418,-16.298749384997,-19.787682857597
PTAC,,,
PTACU,,,
PTC,0.977546395429838,-27.2411080456313,-46.2372088819482
PTCT,0.559308652259907,-6.18438563576006,46.2466017537083
PTEN,0.651900059012831,15.7836427619904,26.4015719339221
PTGX,1.76995582848333,54.7274565883309,109.209338643594
PTHL,,-51.3390516343195,-99.2804407822922
PTHS,,0.780966609435074,7.88622374448371
PTIX,1.1233156104647,-75.9022140384049,-96.3286826993685
PTLE,,-6.05994523999903,-50.0152721903792
PTLO,1.55935485440466,-25.3583266083524,-60.6121127399958
PTN,0.610122858853628,-55.5203686463127,-38.8346882739232
PTNM,,-6.05994523999903,404.905393671031
PTON,2.50731555913417,4.82237796899596,-11.6943787653746
PTOR,,,
PTORW,,,
PTPI,1.8784391712748,-50.557865915789,-88.5771952702795
PTRN,,37.8422870733306,
PTVE,1.18450469599243,58.0256571895234,17.8996736463928
PUBM,1.52920171541354,60.4244971851655,-11.262172083865
PUK,0.727482097161893,-16.7525422572344,-0.285891512428749
PULM,1.91065368502863,-39.4377021386847,-72.5435970068675
PUMP,0.796659311479908,-6.84642011705949,48.6071719762917
PURR,,33.0277557061163,
PUSA,,-1.22479536264606,30.8506585629335
PVBC,0.249618203147656,6.08240790655896,9.31636724029115
PVH,1.72468552330868,30.9376132094177,-2.81668388251632
PVLA,-0.160560135972343,59.7998978434981,208.1565013739
PW,1.33892858449162,-12.1589117109756,-34.1750819540656
PWCM,2.45739386447494,-82.5558969844053,-96.6616457337624
PWP,1.65126433912769,-32.0818877956604,-32.9757827349444
PWR,1.25111465771704,15.3224082846708,22.8355835640696
PWRL,,,
PWRU,,,
PWSC,,-0.685376010023298,-25.0941408899618
PW_pa,0.990346368038987,-4.89758235770431,103.716704350831
PX,0.565292217094145,-24.4711683698078,-38.966934271722
PXDT,,-78.4124915720701,-94.4243717495024
PXED,,-7.75117372176664,
PXLW,1.75099438821351,-16.3704390551211,-58.9440030608578
PXMD,,-90.5363704586344,286.256920159634
PXS,-0.518222060156478,23.3473762500882,28.1717598207314
PYCR,0.492564525515947,82.0630216241875,19.5428464277613
PYPD,1.43811717142624,-26.6093322187492,-11.3869646825596
PYPL,1.27459736906881,-1.3045578525805,-35.8690855543995
PYRO,,,
PYXS,1.31145035904331,66.6863166778066,104.326468635963
PZG,1.23838324690033,-41.4887658923423,42.0529611820107
PZZA,1.11538147577569,-19.731485734288,-38.0765139791301
Q,,20.8043600126347,
QADR,,,
QADRW,,,
QBTS,2.17890081604626,-40.9893139781044,-29.5716284069625
QCLS,2.17217022504266,-46.3199687085709,-80.4576829035185
QCOM,1.65125740534661,-0.019889445184551,-13.008912444223
QCRH,0.744862153823764,10.0888330377045,20.1771775137456
QDEL,0.681815536081205,-42.5960149248821,-45.0422113461617
QETA,,-4.09945714065987,-9.19055141387602
QETAR,,-55.3709939615326,-63.726489611313
QETAU,,-2.92428076128745,-12.0482102153059
QFIN,0.64190607139088,-19.9748158513242,-66.5420377183316
QGEN,0.626646447176589,-26.7468551225961,-28.7846357180642
QH,1.15568875497065,-86.0304638120012,-98.9521632096122
QHI,,,
QHT,,,
QIPT,0.469110539665044,23.4947430903588,10.5708800388044
QIWI,,,
QLEP,,,
QLYS,0.60838738386495,-4.11757568669074,-14.9573019831866
QMCO,2.97105140174482,51.8114351995431,17.1781107795764
QMLS,,,
QMMM,,-6.05994523999903,4307.74168326463
QMSK,,,
QNC,-2.99307797805877,-47.3785255042064,59.2567072462777
QNCX,1.3779313220219,-97.2513310261311,-95.3719840307261
QNRX,1.5035493907841,-58.2046366533894,-55.7282325512082
QNST,0.650008761921682,5.30270554672401,-17.6541326931027
QNT,,,
QNTM,0.417278019386034,-45.109710686061,-90.6250645978816
QOMO,,-6.79220255739,-18.6455941461992
QQCY,,,
QQJ,,,
QRED,,,
QRED_r,,,
QRHC,0.168132173389949,-45.5390630809477,-44.6466732622489
QRVO,1.44151227457823,4.09297699284734,-6.39683453684023
QS,2.69026557658708,-52.1507307281571,-59.4999152633431
QSEA,,-3.40988532945424,-9.89444833217166
QSEAR,,-39.6445823098821,-38.2154493379506
QSEAU,,-6.31789515055621,-16.3212129388125
QSI,3.24269143606227,-41.9099141053197,-63.4513770173109
QSIAW,3.18737862423242,-37.7106976203352,-53.7333025980576
QSR,0.514290443120908,4.19691703527811,-6.73646361245857
QTEX,4.26762047656799,3.73216166983534,-43.9691224986903
QTEXW,4.16861025124171,84.6165717580075,117.448164766604
QTI,0.015321997706782,-61.7013622901535,-60.0111654422442
QTRX,1.06948863587466,-50.7731544876271,-53.7460891439698
QTTB,0.234026069633554,269.874250696645,505.953154775084
QTWO,1.28650300205102,-14.5684856619211,-43.8517603307936
QUAD,1.11575701088528,28.6703355914671,23.0230241429302
QUBT,3.7502613005305,-35.8782296421567,-58.8838442460544
QUCY,2.33518514062619,-16.0699510750811,-52.165839601976
QUIK,1.27050865309626,38.7057126239726,63.372807999
QULL,2.01416846112867,6.1164260691696,12.5496839952431
QUMS,,-4.38410680027652,
QUMSR,,-38.1322597709498,
QUMSU,,-8.04395595542949,
QURE,0.956839738875232,41.3148300164807,110.498194998558
QVCC,1.26893863143559,17.5396185185515,7.56128592529506
QVCGA,2.02148485009687,-99.6823283172367,-99.2241030447119
QVCGB,2.58517245111578,-99.473935693344,-99.6236899766853
QVCGP,1.99924712147668,-92.3531276179191,-95.2684620539767
QXL,2.22181317998923,128.422659469055,-26.4104843295639
QXO,2.26868170989853,-43.3497342221746,-43.7238060371517
QXO_pb,,-38.593419898871,-40.0016677273581
QZAM,,,
R,1.01372328143998,28.4785827798057,22.4671531658278
RAAQ,,-3.35533713750378,-9.24536670564889
RAAQU,,5.33181068034989,-6.09942203729114
RAAQW,,-7.07743610758983,-16.9922129392742
RAC,,-5.42765640988364,-12.4816672141002
RACC,,,
RACD,,,
RACE,0.8063513413534,7.77919756077561,-38.0432846839111
RAC_t,,-8.76777596262109,-17.1403239540184
RAC_u,,-10.3090420837551,-17.1117147368146
RADX,,-36.8004916147148,-40.0456099722086
RAIL,1.4821350147764,-33.3353854323787,-31.0435123764845
RAIN,,-57.241078523034,-69.723170695592
RAINW,,-66.0500775493087,-45.5208636692104
RAL,,19.3454484141498,20.6329061429864
RAMP,1.28669785178502,40.891421024634,-3.16081373520645
RAND,0.171423038105249,-15.7259375115181,-52.8598861125933
RANG,,-3.72581328664106,-10.4797599127528
RANGR,,-42.2599837431206,44.0288400625468
RANGU,,-10.7837189416985,-16.6026927270498
RANI,0.784996630057845,-44.2281979240081,27.9198411334215
RAPP,,43.9636485657283,115.599502690371
RAPT,0.445925250629374,360.034604330874,492.739399296804
RARE,0.356077718085261,-0.870730192330404,-19.0642363059621
RAVE,0.430577579009478,-12.8303996371162,-7.71444666329239
RAY,,-42.9141333898912,-94.0579843056462
RAYA,1.19890618386897,-84.8437115650214,-99.2412208494791
RBA,0.122848053249235,-4.44298218055575,-15.341040887677
RBB,1.02838745521952,16.5365648961058,20.8103856673171
RBBN,1.36742658503511,-30.4775768021654,-53.9613250103575
RBC,1.40617896102911,7.31404717568827,28.561090125978
RBCAA,0.555207841096606,33.4951583033959,20.7311121622457
RBCP,,-7.30859458162723,-19.4606645195026
RBKB,0.152621275773628,33.6792124962542,17.4845568341145
RBLX,1.44222411071967,-35.5415482309392,-64.8009331933501
RBNE,,-96.2079243950091,-98.9839990166306
RBOT,1.92298114715545,-95.9508597086207,-99.1169022626818
RBRK,,7.80624658853308,-29.449199099103
RC,1.50554849089095,-41.0332989601726,-71.4599786175164
RCAT,1.33847133931844,-55.3380084261642,-29.193125841964
RCB,0.042064798819798,-1.26264150518526,-24.0103373061017
RCC,0.002403502613843,-3.80791110918781,-8.57671569469632
RCD,,-7.06590348812445,-21.224023107387
RCEL,1.84581774534428,-5.23771281321563,-31.6339228578953
RCFA,3.41689811440123,-94.6489522570849,-98.7643181568559
RCHR,,,
RCI,0.800984220545891,-8.74229960497646,-19.3122046485012
RCKT,0.471352504625319,-19.1858159050951,-13.1565660480843
RCKTW,0.479213593373816,-26.0954069100598,-21.9111929132432
RCKY,2.35880269225145,18.0258318110803,56.3985633676685
RCL,1.7763599700502,4.25930091575577,-21.1948165461036
RCM,0.812121017470594,4.80159372502325,2.39918461348556
RCMT,0.291557244496726,35.5554990186814,-2.90021716866824
RCON,1.5211793479229,-71.4983264412191,-87.2720087723271
RCT,,-86.2847520050399,-94.5304864704877
RCUS,0.806184137102496,10.5297295023065,136.210265541139
RC_pc,0.364834930997011,-13.2121994092264,-31.9975811538133
RC_pe,0.705291724396248,-12.9876778919165,-31.0009249187702
RDAC,,-26.1378066848179,-49.4575723076662
RDACR,,-74.1333924185209,-69.8800315522509
RDAG,,-5.14345690087707,-14.1521699119448
RDAGU,,-9.20696975228203,-20.6268063913474
RDAGW,,-7.86451724296169,
RDCM,0.730013324501506,-2.40381920088858,-22.248828433896
RDDT,,-14.6069109965636,1.24200612179484
RDFN,2.4103582079786,34.9275958428654,68.9714031041973
RDGT,-0.157203721036794,-99.6703857727719,-99.4843621976581
RDHL,4.9727080719633,-48.4389173121799,-61.4785182093247
RDI,0.76363669445058,22.4575713835727,-6.28355922567064
RDIB,0.158268329687106,-28.8834092485908,-26.8330377163956
RDN,0.711931874346144,11.619544642216,0.828619978299039
RDNT,1.35217545474247,-18.0842722492792,-5.96943880257014
RDNW,1.17751349952373,10.6178181050736,124.533806223362
RDUS,0.997664632033357,147.763577430786,84.1999422987897
RDVT,1.82435281550943,27.5305084128212,27.6568067351341
RDW,3.076925750274,-43.3051923032952,-52.350512146167
RDWR,0.849689068715395,4.57967422176904,-13.2792340838678
RDY,0.296975507278642,-19.6267802819248,-31.3645625114591
RDZN,1.21562501530873,-31.5812317932941,-15.9865994460138
RDZNW,1.18764184222695,-19.5852817246371,1.91854869714532
REA,,,
REAL,2.68773697230542,-30.3477406285388,81.6183495583203
REAX,0.774307416030569,-56.4482764994066,-64.091359772464
REBN,1.97995847756964,-40.1314676918129,-62.6159451850889
RECT,,-40.3204357995288,-80.8464294466023
REE,2.4089216934385,-90.9867125328522,-91.0541487375401
REED,0.280681996916356,-68.2193025268703,-88.0549774257169
REFI,0.310616155783684,-23.2505949369709,-35.1361411873478
REFR,0.54581108480766,-67.9356172463715,-78.0237461405239
REG,0.820163475999361,6.6955566547521,-0.563522598372557
REGCO,,-8.9148226805758,-16.7848675439861
REGCP,,-7.00740178776486,-14.0793688263461
REGN,0.21590864266624,-15.3254492472513,7.0386796301908
REI,0.806250956802416,-3.49794374654447,17.4426089472195
REKR,1.8676677453406,-52.9330503412789,-55.4914252517866
RELI,0.187822230116406,-83.0969367116683,-96.5438110878055
RELL,1.26778202367015,43.9800185700669,46.6924890885057
RELX,0.700779765495315,-7.5292891622097,-37.2633175071533
RELY,0.337471017371253,58.3541530022271,16.6008180484124
RENT,1.17067160441427,-53.8792220719328,-44.3903973918997
RENX,,-46.2682206064262,-91.3008851753218
REPL,0.969375920146171,-33.2564019965465,45.1651103909008
REPX,0.924509336200518,12.6187933836725,1.20344177295588
RERE,0.273834267874087,-29.9895977434072,13.5485993695318
RES,0.677698028394559,-25.6548032880974,-10.3372134924557
RETO,1.23245388929744,-48.2125339143584,-95.27839581689
REVB,-0.160295535585842,-53.3936984534393,-91.7031933468219
REVBW,-0.106474919889831,-77.8620013739682,-91.9816921027489
REVG,1.19331485856364,18.7605150164171,62.0523718106446
REX,0.644062085708057,19.1797765858351,34.3618177607384
REXR,1.18901994912797,-7.70425365665051,-9.86711686469083
REXR_pb,0.268788204652618,-5.47542934371457,-14.0621971721549
REXR_pc,0.358228670329499,-6.53962979899312,-15.4102959794959
REYN,0.538322786126273,4.41829514882106,2.06961394289058
REZI,1.61531477246174,1.83090822105989,26.8572564942556
REZI_w,,,
RF,1.01208419864328,5.40026954952386,2.26802328344689
RFAI,,-3.45049927444345,-9.67338810556014
RFAIR,,-28.3279414929851,16.8513324159739
RFAIU,,-6.96365337629299,-14.6265908630691
RFAM,,,
RFAMR,,,
RFAMU,,,
RFIL,1.32990677028557,-2.51340541940969,14.3130448182482
RFL,0.348200955451047,64.3950958300017,-11.0202900536599
RF_pb,0.480972591163749,-8.089368223185,-14.4438780205267
RF_pc,0.65768440598449,-7.27109824254538,-14.2313337174404
RF_pe,0.719724393435711,-12.490525143707,-20.9711172764985
RF_pf,,-7.05265814744327,-14.4431701018285
RGA,0.454095055738739,15.9331411777968,7.24752788969152
RGC,1.88549803054319,-82.5016497061714,-62.7897169492515
RGCO,0.496174789090161,2.69945092220849,-3.62772907128234
RGEN,1.0236635909742,-16.5602422610857,4.48168833108542
RGF,,799.140524131438,476.291921419129
RGLD,0.443465504756033,-37.2645588066531,11.0541120228939
RGNT,,-74.8551432371727,
RGNX,0.947282906318449,-32.7498489413863,-6.060101444592
RGP,0.531823896142419,-14.2851113249761,-34.3710347447804
RGR,0.189259439153586,-5.11955480773347,-5.45395613442495
RGS,1.37482153265345,2.87416109150989,17.0355514202766
RGTI,2.02006999848741,-38.861067005145,-19.7868202436204
RGTIW,1.94469608269051,-22.0115303970764,36.3324887634958
RH,1.85949975145721,-20.4457893820267,-29.9494994675856
RHE,0.85818718971908,-28.1871480071106,-72.7847913655545
RHE_pa,-1.54008183644796,-19.7093549059821,-42.657520256803
RHI,0.749002193552692,33.6826220710789,-13.9862803852046
RHLD,,-37.065978715065,170.989022909477
RHP,1.20077797614433,35.7588527822798,18.2351736623474
RIBB,,-2.91963777428744,-8.5850239932336
RIBBR,,-9.46687346482323,7.15275045335966
RIBBU,,8.93346618402471,-1.66658844631308
RICK,0.763254035040193,0.696147587184881,-39.1156888639135
RIG,1.32683313803128,-5.49175942491837,40.2642029012514
RIGL,1.15140790330572,-2.90759440912651,65.6592398784205
RIKU,,,
RILY,1.22608650787948,-32.4837253489619,-5.47633756150035
RILYG,0.159423514589541,13.1946563567901,66.8061083544377
RILYK,0.138619724493805,10.2127708342382,3.03275206476299
RILYL,0.213869399571249,5.83063311483407,66.0325436200749
RILYN,0.06782622034546,7.93834741855364,62.0044904859513
RILYP,0.482697964896125,11.4600093007508,71.5642884316651
RILYT,0.358309973747138,37.7259265375562,136.008519891952
RILYZ,0.2383974548464,61.6373249295159,143.221678676535
RIME,-0.239081790164294,-56.899606144142,-85.5370753311801
RIO,0.608995309818123,-7.34402520496729,26.7454134989525
RIOT,3.86187966619978,13.6915534531294,25.9084358799624
RITM,1.1250997354771,-23.8197565876609,-31.2171563505561
RITM_pa,0.467227981004269,-6.5329287041007,-14.2537151916244
RITM_pb,0.53502277933041,-6.95504825593122,-14.6061839503971
RITM_pc,0.529414552927046,-7.03419391321803,-14.8443581946099
RITM_pd,0.488536259701318,-5.04579830736407,-11.2478844137948
RITM_pe,,-9.51065455904557,
RITM_pf,,-7.45304424846398,
RITR,,-93.1141027821553,-98.5139506107741
RIV,0.663445865423322,-10.4745195649579,-21.8124992925585
RIVN,1.60152322510984,2.67580313977842,4.17771991080813
RIV_pa,0.288474993785512,-10.156334695914,-16.8802138434132
RJET,2.2660988881193,-1.73902278936865,-8.9440968215786
RJF,0.914941785190032,-1.52467813053502,-8.97198159509344
RJF_pb,0.108401119477642,-9.6077391178457,-14.4125569160582
RKAM,,,
RKDA,0.559127136521762,-73.4608813906724,-87.5998527786451
RKLB,2.63256670734891,-31.0134471423395,21.8225791662443
RKT,2.19041471586482,-37.5519750097568,-20.0484175389069
RKTO,0.977863941215276,-27.4615359333418,-48.7922901316191
RL,1.36944759150751,-0.895460829788519,7.60552368354994
RLAY,1.69641852821311,102.136894301226,325.186738312056
RLGT,0.831857853023047,25.205817666445,22.25937131633
RLI,0.362248731542507,11.0011984808268,-9.76887245085033
RLJ,1.10032624485012,56.945548476722,37.4229479192683
RLJ_pa,0.328758515733031,-7.57213300802417,-11.552382663117
RLMD,0.483194839418631,19.8308503401964,602.454331020269
RLX,1.18728863895433,-20.1108081314522,-23.5860258779273
RLYB,-0.890290858454422,196.360253211962,244.836122785641
RM,0.98354710042062,8.31214545574983,15.3895457214237
RMAX,1.82200667006219,16.1921804073764,1.45207954565618
RMBI,0.308468751741781,2.77600050475355,-6.55672454769063
RMBS,1.89970533452012,-28.7594866027994,17.4922773380807
RMCF,0.6871376574603,-65.7645020349756,-57.0762216263211
RMCO,-0.046486358646753,-50.923693365291,49.5611691809503
RMCOW,-0.065733703260966,-0.488381577037089,90.7598001690774
RMD,0.751937910217073,-23.1713743927601,-34.2836312588385
RMIX,,,
RMNI,1.22004018665871,27.2484398272589,-13.0977089015806
RMPL_p,0.217208452048399,-12.2569986078438,-26.9971336815588
RMR,1.02626285315869,22.8635419398578,3.45381393381217
RMSG,1.08493429754508,-68.6173710868138,-86.4707586855895
RMSGW,1.02484940951051,-70.1981889317831,-78.5724736312949
RMTI,1.58672568877867,-42.9007841067472,-41.6275825138427
RNA,,,
RNAC,0.646571089990685,-2.88629474135036,-51.9704412369938
RNAM,0.934104791268427,46.8194030697699,113.379402559247
RNAZ,1.25006368910684,-59.7514761096825,-69.0375379356388
RNG,1.07072806915681,97.7082187610667,79.5000387709056
RNGR,0.132243458992516,-11.8819241018196,-3.56640848742457
RNGT,,-4.83627719202309,
RNGTU,,-9.37811549763186,
RNGTW,,-8.74260845254182,
RNLX,2.66185664599521,-56.7787541479808,-62.536246567778
RNR,0.164484086309068,14.4302777177839,17.1907127182832
RNR_pf,0.513926713126038,-12.4552158262971,-17.3617033617778
RNR_pg,0.667188209743551,-12.1411448391359,-17.3374642663005
RNST,0.987447168177005,10.7745567817422,0.724176998222314
RNTX,1.39631975416928,-52.6178485087943,-52.308137592307
RNW,1.12349895851955,1.97770650417217,-31.5263330125354
RNWWW,1.12089902979895,10.0701403539432,-28.2126531047038
RNXT,0.998362447843004,-5.20319020826506,-37.5678017547969
ROAD,0.897902399005244,-9.76543371125988,-10.1799164468956
ROC,,,
ROCK,1.20343916791105,-13.347438631369,-38.9516841190858
ROG,0.537600818116612,14.7813791910695,54.9677264352429
ROIC,1.5020296321086,4.13066486474312,9.60568985977177
ROIV,1.1214101426779,41.0977120762731,156.44971557398
ROK,1.54060467545728,5.44785134310817,13.8305318959166
ROKU,2.00376542984385,29.2686295707759,32.1754873439958
ROL,0.744474096904015,-42.2806499261673,-41.4007125013418
ROMA,,133.075450726955,106.391020269363
ROOT,2.8664717445164,-17.4242038330127,-55.5226344589149
ROP,0.721080243163502,-0.552316173045242,-39.8520951079265
ROST,0.854466375499,26.7837201419519,53.330663505909
ROTK,,,
RPAY,1.82402575688141,11.9743919202304,-32.9930573787361
RPC,0.565292217094145,-24.4711683698078,-38.966934271722
RPD,0.954510217279249,-28.3520693457453,-63.5058787859521
RPGL,,-99.3195863676273,
RPID,1.43732388092339,-54.4667028692701,-57.3040331550654
RPM,1.02931363701221,-2.13738539914895,-20.9004982611018
RPRX,0.41752463380193,38.2814208138748,39.1862591823875
RPT,1.21193757731736,-31.5992036262877,-33.8521207456754
RPTX,0.985472930703626,55.1510130611613,90.0075407925444
RPT_pc,,-7.10042053006234,-14.7909942356431
RQI_r_w,,,
RR,,-75.4494230754262,-37.127027286647
RRAC,0.23647179820182,-3.4269231753143,-6.51955379419535
RRBI,0.407539619429898,24.4562356867139,44.1807625424673
RRC,0.424332457989442,0.535566296996848,-7.45542990826567
RREV,,,
RREVW,,,
RRGB,2.40945207574022,82.5398480090975,-1.24837076286081
RRR,1.36890012272288,4.43229143716066,5.54619396939184
RRX,1.10344440341909,23.3149318354809,9.15367470095953
RS,0.944062190511707,18.9444210149167,18.7539635054922
RSF,0.177968847592661,-9.52913833864385,-20.4466000371199
RSG,0.397138422939745,-6.30215911110544,-22.8153262907372
RSHL,,,
RSI,1.58036272091634,68.6963300517513,72.8723677130368
RSKD,1.36557813269267,12.560689222451,-14.3048497171112
RSSS,0.747653207578242,-30.179689029729,-31.1890243081636
RSVR,0.730881207924213,41.1007588411381,19.3440359655287
RSVRW,0.73504033746558,23.5752970486838,10.0760189177693
RTAC,,-8.75887174376179,-23.8018781434441
RTACU,,-11.1174318337417,-28.8028400148681
RTACW,,-10.9201908879564,-25.6719783953711
RTB,2.14000579382749,148.128583458906,45.1336616680915
RTC,0.415844215523726,-96.3108120942257,-99.5125889221828
RTO,0.953770290151408,-19.0627091723998,3.07340537623304
RTX,0.2760168768565,2.01419499921014,20.4643995220221
RUBI,,-99.8761230047121,
RUIH,,,
RUM,1.14352815999051,-5.43263268734461,-42.8785540443594
RUMBW,1.11283098295069,0.15565944535274,-34.7014105379199
RUN,2.36780935622991,-56.3396367114474,-25.7119174986116
RUSHA,0.870150535670527,18.0541313166976,23.8283357084599
RUSHB,0.665684803695546,23.62639233748,21.2510919752363
RVGO,,,
RVII,,,
RVLV,1.58300676544359,-13.268696861293,7.38706827663851
RVMD,1.39683629432828,73.0296380301922,324.435922930121
RVMDW,1.40892305963873,82.7704609705774,216.230636798159
RVNC,0.97936798804741,8.18514708538527,-44.2951782989044
RVP,1.22187695736925,-12.5947921484634,-20.334770540602
RVPH,0.555753317656644,-93.4483867388411,-96.2917554553825
RVSB,0.479093458594212,-1.0866482232931,-14.4641343830645
RVSN,-0.34288975347228,-62.8447399714144,-67.755629387366
RVSNW,-0.3947468948453,-62.3956452370682,-63.9795249128291
RVTY,1.06992571482713,-8.60085938148758,0.919506252586722
RVYL,2.14000579382749,148.128583458906,45.1336616680915
RWAY,0.604085439631661,-43.0791325713276,-56.1996556943108
RWAYI,,,
RWAYL,-0.010497446535374,-8.80349505366985,-19.0302777102064
RWAYZ,,-7.13500060769841,-16.5543867827309
RWT,1.43235146814244,-25.8952608565533,-33.1640481528961
RWTN,,-9.79515635717481,-18.9260604394194
RWTQ,,-13.7420488845399,
RWTS,,,
RWT_pa,0.361139996826691,-7.45304424846398,-15.768237923041
RXO,1.97674459727231,46.3732167767668,14.8202011839015
RXRX,1.03374095825935,-37.7136593439124,-58.4244302971274
RXST,1.1021160860424,-38.3582070175699,-33.8776361283974
RXT,3.08112102349125,382.555761946344,148.266872524523
RY,0.931285137233277,20.9384745812568,28.0861249868106
RYAAY,1.15617788567058,-17.4018253808756,-17.9783046926855
RYAM,1.75839619799552,-1.4473197966936,81.1250441888481
RYAN,0.568640352543083,-7.20949077914029,-39.5341292669711
RYCE,,18688.0109520002,
RYDE,,75.9668274154759,64.4192206349904
RYET,,-12.4941955660265,-54.776291748922
RYI,1.63565464718633,4.55379839321486,17.9931794715784
RYM,9.4666624550384,-10.6676155935927,-34.182010765964
RYN,0.892652241700134,-10.0894363237252,-18.1229012615902
RYOJ,,51.7025479781246,
RYTM,1.9130699209683,-3.82560867743291,8.46081077477241
RYZ,1.63565464718633,4.55379839321486,17.9931794715784
RZB,0.338998640929421,-6.27901196373083,-16.5453583038935
RZC,0.140718356509122,-9.92464501089764,-19.2698055907352
RZLT,0.586034556332581,32.0528769769156,-33.6696707672737
RZLV,-0.108170087900253,-28.6179189159203,-31.9548998937748
RZLVW,-0.123242981233423,-20.1357604302481,4.17731661135652
S,0.792646994861454,14.0212180210733,-19.5157337890128
SA,1.82966691837917,-24.9593643450907,34.4770543699118
SAAQ,,,
SAAQW,,,
SABR,0.979158428909706,40.1645261498427,-48.9887088719825
SABS,0.542017297757867,-24.2772923079431,17.2914358383574
SABSW,0.542250834498166,-16.9545756594619,72.924054147077
SAC,,-4.16789982690735,
SACH,1.19642038654711,-28.2156185324521,-41.9407392600131
SACH_pa,0.45027291172552,2.04835203829092,8.25402717874566
SAC_t,,,
SAC_u,,-8.21195883958316,
SAFE,1.73918931038647,12.1220008425818,-0.546636695392788
SAFT,0.159466840415223,27.2333882203615,26.5818244809652
SAFX,-0.306754015646993,22.7215549988653,-80.5599049887948
SAGE,0.260645436641817,13.0986209503859,-30.9477027091921
SAGT,,-63.0673696168819,-70.4875198858053
SAGU,,,
SAGU_r,,,
SAGU_t,,,
SAH,0.840959270171153,60.4598520610948,17.9253052183465
SAIA,2.12827565534942,10.0413801458651,9.10115058896137
SAIC,0.268609000338265,10.1462995011429,-7.64386994027748
SAIH,1.65197606936435,117.923637462572,72.4003890570276
SAIHW,1.73036320774378,22.2734270739188,37.5703433713616
SAIL,,-19.0401931123531,-33.8226964640921
SAJ,0.014415506607301,-7.63755910139453,-19.2094596323397
SAM,0.799440938158445,-20.4136838745115,-23.2858424818858
SAMG,0.668149284984819,-37.3135385221113,-45.6127836793729
SAN,0.736322346897952,0.634633375081495,37.4253485959818
SANA,2.16680483538242,-37.814329947605,-42.0112423088777
SAND,0.742955401750074,14.1041840359533,57.5342067939633
SANG,1.12450537061368,-15.7986837911433,-43.6414997067974
SANM,1.61918371307951,13.1230088851663,50.8093514991019
SANW,-1.12403183152136,-71.4763833728724,-98.2899653362297
SAP,1.10564833138308,-28.0531776893675,-45.4243284107129
SAR,0.604477374165664,-22.665915637369,-32.9735485116655
SARO,,-14.4555539987431,-7.9753890180124
SASR,0.8337266461637,-8.51062296681738,12.8967200807197
SAT,0.047360515279555,-9.21092359174318,-18.7970883216494
SATA,,-7.50458020328111,
SATL,1.33275996507505,-39.7075648540358,-14.4708647210626
SATLW,1.25484672344008,182.169237018267,44.2000828609585
SATS,1.04536537246465,-35.8376209718871,148.275409019126
SATX,0.712046797487969,83.5885992207514,291.13735032311
SAV,,,
SAVE,0.857875912426359,-81.475951490494,-90.6568268626746
SAY,0.050420297925808,-9.21638655346109,-19.6800841393358
SAZ,,-8.64449514321617,-18.5968325965899
SB,0.837185388601909,29.950409084668,52.2565131569957
SBAC,0.987100752083925,-12.0245528177795,-33.6433077300279
SBC,0.564837355971223,-28.2029581477136,-39.9773826166319
SBCF,0.867267816575352,-6.03202013454125,-0.911959430405118
SBCWW,0.60415530059029,-33.9770613804443,-45.9106872920302
SBDS,4.67539239115156,-50.4168041922962,-81.4970486875149
SBET,,-39.4420467813407,-73.5279161615635
SBEV,-1.05798766429296,-90.4840084726568,-96.3894717218837
SBFG,0.17614110382512,13.1531338330871,15.8161464919502
SBFM,1.35170318991716,-89.5051345072811,-91.9079197993975
SBFMW,1.30713649522745,-85.9608050155595,-89.3239366495763
SBGI,1.04251356966831,-10.3761099181612,-17.8272177969613
SBH,1.02331268705631,-4.45413233811868,28.4394056410122
SBLK,0.734586977372052,19.5057488995923,27.7657373588473
SBLX,2.92452961564828,-18.5414909773418,-73.408209548394
SBMT,,,
SBOW,2.59489012193093,22.141986699289,-11.3389098322029
SBRA,0.603642294711198,12.9716703920919,6.48862061320059
SBS,0.696040611438732,-4.1727394899239,27.9150209151899
SBSI,0.582966056891696,-4.95647628145807,-7.96897538436565
SBSW,0.741571588139008,-60.7568465160116,-21.8226713262488
SBUX,0.957605491643666,1.18282120514104,-5.32705783831098
SBXC,,-6.8630130027761,-19.3949278757145
SBXD,,-4.11391774026267,-12.204451918608
SBXD_t,,-7.2378381524041,-19.2322035676221
SBXD_u,,-7.33768422363845,-21.6250507117465
SBXE,,-3.59532220895965,
SBXE_t,,,
SBXE_u,,-8.74764306533821,
SB_pc,0.13838622020909,-4.78556465216956,-13.1969200636418
SB_pd,0.120162571419227,-5.1047471861234,-12.9755433744549
SCA,0.630553690195817,-37.1694389976691,-47.9133928095914
SCAG,,-88.8079231633593,-94.732091469375
SCAGW,,-87.2789501285625,
SCCD,0.20200088719183,-6.84518500890873,-9.22195321834774
SCCE,0.240731268760919,-3.73442658814173,1.70514566859974
SCCF,0.2055208499827,-4.07098924350255,2.79687660805947
SCCG,0.041788789986841,-1.51704452923105,4.65820167615785
SCCO,1.12191257440052,-12.1127688027685,64.4738965366207
SCDL,1.34090383824439,24.3890282334334,18.1396992217351
SCE_pg,0.487240415926686,-14.873084705756,-9.84998560718109
SCE_ph,0.656292557687517,-12.4862968616853,-20.5026333239086
SCE_pj,0.401425869167113,-0.689613296575287,-8.59089834338123
SCE_pk,0.45251476701346,3.89243494086453,-12.1410015476116
SCE_pl,0.624692221370116,-15.762199416395,-9.82083610197231
SCHL,1.01853442111456,12.0935220234608,33.2851803184264
SCHW,0.746379524072796,-4.0221017844456,-6.90558811582195
SCHW_pd,0.265966035625952,-11.1056985762392,-17.1275475518735
SCHW_pj,0.719918414999911,-14.3227353968996,-22.2035827783107
SCI,0.81018641060093,-0.560216074926734,-3.99992260486844
SCII,,-4.45170663887111,
SCIIR,,,
SCIIU,,-8.0284126658532,
SCIT,,,
SCKT,1.28317737355494,-63.77917888598,-65.9104779620863
SCL,0.944596252667918,-2.9308411715772,-11.1686687759608
SCLX,1.6528270760068,8.99956805564961,-39.2953479451289
SCLXW,1.69771292148864,-45.7511895776997,58.353127459473
SCM,0.653600898644364,-47.1496446172483,-56.5152861947423
SCNI,2.07433194150468,-77.2475463700548,-88.9231112300946
SCNX,3.19830701727798,-29.5449589299993,-83.952664250971
SCOP,,-2.03872051959507,22.540757449972
SCOR,1.07964756445574,-16.895014993171,18.8694107108975
SCPH,0.354179501551267,95.7023049113771,18.1774340948616
SCPQ,,,
SCPQU,,,
SCPQW,,,
SCPX,-5.25307832951,-81.2119890479998,-96.8722283776438
SCS,0.679781256387844,51.1186386152686,-6.63004707628563
SCSC,1.27162945108589,30.8034752274557,19.7667328553206
SCTX,,,
SCVL,1.41174415444133,-20.7505708248077,-39.0720146006853
SCWO,-0.397874022271786,-35.3797449399372,-23.7918444212912
SCWX,0.924764643340664,-3.88240369719104,-7.98258240701301
SCYX,1.118611447224,-46.718375190812,-46.7257367250704
SCZM,2.76680661164282,-63.381126882601,31.9250673822536
SD,0.545944435197649,-19.8027049639809,8.16961361569146
SDAWW,-0.160815500163269,-65.3258125370273,-76.3365170964351
SDEV,0.160874614490351,-90.8834546013501,-53.500385057873
SDGR,1.63479395082508,-3.47154319352052,-41.2617341263858
SDHC,,-20.954120588852,-34.9774749630496
SDHI,,-4.04367089393071,-10.8794018439477
SDHIR,,-12.9489167930993,-8.72736834015432
SDHIU,,-8.15859128945943,-17.9661771083614
SDIG,2.89341742955601,-39.1852126298071,-33.6798367798504
SDM,,-8.24774246915283,-87.4098361090367
SDOT,-1.4422812278572,-79.7500977059133,-93.228264154103
SDPI,0.059657178485051,24.5249723125614,-39.3434669496826
SDRL,1.63448772845924,-0.581118820448012,13.6778163520065
SDST,0.571689467815366,-72.2449838209088,-75.7234399697712
SDSTW,0.532134769286117,-51.9939617219812,-61.9395711605403
SE,1.52930342069436,-20.6191386848265,-42.5237425418366
SEAH,,,
SEAL_pa,0.128195167490179,-6.27549688374364,-14.4061872374541
SEAL_pb,0.157861043301411,-6.88382020866013,-13.8846893777855
SEAT,1.12164366947802,12.811940760894,-79.9384185753931
SEATW,1.15551662372072,-3.88333262124404,-84.3050542791188
SEB,0.237313802676941,-15.1972087137605,25.1044389869488
SECZ,,-44.7135837322688,-45.6270415292186
SED,,,
SEDA,,-7.00748601469827,-19.6549415548243
SEDG,1.50306534460614,8.13496105237688,27.3676919794846
SEE,1.28012479946087,21.1932653708304,29.394575326961
SEED,1.52214414001302,-26.9355129644437,-18.5570577560391
SEEL,5.59391313836009,9294.0054760001,-13.9862803852046
SEER,1.54109415006689,5.25220795099588,-16.3321091019717
SEG,,24.17038817149,0.362025939918409
SEGG,2.52038656708836,-59.5013986145774,-94.9940015184189
SEI,1.27133260654569,-17.5453805065743,24.7871534797907
SEIC,0.949810588080434,14.4727935721467,-0.039943199211245
SELD,,,
SELF,0.033282414103993,-4.55990444542817,-17.0814710531612
SELX,0.406132522853573,-41.4551241809888,-74.9896321917907
SEM,1.00456793953239,1.553301244025,-10.0110082472317
SEMR,1.2899672560542,47.8184127926366,-10.5307514475557
SEM_w,,,
SENEA,-0.066534346674744,37.3577948945915,43.4656958674903
SENEB,-0.081632521858324,29.8442621301369,35.4265630772578
SENS,1.02711109321602,-37.2454872283531,-60.9028547205475
SEPA,,-18.2010009414427,-18.4552121361204
SEPN,,25.3887489271997,111.271587513709
SEQC,,,
SER,1.13645329023627,-29.0306885572255,-68.8454243914914
SERA,0.949895902699111,-36.433896279066,-44.3924041980781
SERV,,-65.4253518111194,-64.3819839480583
SES,1.04094909823015,-77.3006667679925,-66.3787548917461
SES_t,0.941173516665917,-51.9620144915389,-12.8596781816287
SEV,,7.26719055640248,
SEVN,0.470036061341538,-12.0747333794636,-35.1874127738561
SEZL,,117.388696886388,-7.82105370792043
SF,0.975472970842636,-5.59899169686536,-2.24423612795418
SFB,0.712971561477129,-15.4853415654644,-23.8710227840521
SFBC,0.001441565011166,-5.31218496785893,-20.6137431626878
SFBS,0.854659719748677,4.86901320426727,-4.22918228400918
SFD,,7.055318923298,-1.72968796117383
SFDX,,,
SFHG,,-32.2096112585415,-46.7758047115207
SFIX,2.2581442522724,-29.7115193107794,-31.1237387524788
SFL,0.451477928134426,36.3029741912454,10.6411897059882
SFM,0.690867214550942,3.05710338108725,-58.0871743455975
SFNC,0.921025139613725,9.13965788049591,2.05164914377953
SFST,0.677854228213329,7.77150765471748,20.7593201242096
SFTO,,,
SFWL,-1.80449056638652,-24.6522477445825,-32.4108948837713
SF_pb,0.408106072503074,-13.704881878914,-20.0662522498678
SF_pc,0.392810741990142,-14.3403755987833,-19.9144519853681
SF_pd,0.696985274657951,-13.1987404203791,-20.6141345705884
SG,2.21379693131103,-7.65707136420305,-60.1277509657362
SGA,-0.111229083693173,-25.774719064071,-41.8879701068752
SGBX,1.40199635365595,-67.3194457384222,-98.8991570249101
SGC,1.42269372246292,25.3179699581869,3.15269062237749
SGE,,-3.44829413544449,-41.6362261345678
SGHC,1.06001011808578,47.3837386527442,23.0445191335816
SGHT,2.37395480526222,-17.2953006265772,28.7776028131118
SGI,1.18964227430019,-25.3408515410486,-17.068879590442
SGLY,1.6218860434641,-48.1341118804649,-73.9033204434022
SGMA,1.4990225157591,65.6244149834274,-46.6474377544495
SGML,0.627139304649903,-34.3042653152241,24.6214044495281
SGMO,1.38511965984821,-83.342304665968,-90.3631662105577
SGMT,,12.1419044507729,-38.8739255523399
SGN,,-70.6967083291519,-45.2279562859746
SGP,,,
SGRP,0.236470191871003,-37.6900616516156,-59.0023150519201
SGRY,1.91613829226958,-4.34078083916242,-40.2810271123657
SHAK,1.61657841704535,-32.0085723679333,-60.659523233065
SHAZ,8.15196298660019,2123.90719110781,415.8529477698
SHBI,0.802192511879874,23.8346784430649,29.8440585167141
SHC,1.77047978769291,-10.2058464726793,24.2964735849282
SHCO,0.68516812945047,25.8571457586267,4.27622126919081
SHCR,0.512386365974368,69.7087893892519,-14.1149507793273
SHEL,0.037455254261237,7.32448933481886,2.67805886712877
SHEN,0.684082039517885,0.202725077334365,-32.3320637714832
SHFS,0.809613131967723,-85.4355339100094,-94.9409836536123
SHFSW,0.770174019723746,-84.0840528165319,-90.9225745884456
SHG,0.928469487633669,7.96765266374164,24.4222496126993
SHIM,,7.97707443678273,66.2100862121651
SHIP,1.01464225195064,46.7071603491949,94.6817569309525
SHLS,1.93994015944341,-16.1705258463523,25.9960832779336
SHLT,,-21.9851511374169,-61.1317478962484
SHMD,-0.22819147660975,-56.5011986619395,29.667299118545
SHMDW,-0.287959725515382,18.7288248416831,80.4647111352129
SHO,0.981873659621731,25.0411124376058,12.8331422118363
SHOE,1.41174415444133,-20.7505708248077,-39.0720146006853
SHOO,1.15388986695986,-5.91046117923067,40.3876453501718
SHOP,2.55789324367383,-10.9926521153969,-11.6535210389818
SHOT,,,
SHO_ph,0.533308031543857,-0.496812483388465,-8.82450400994965
SHO_pi,0.500513870937229,4.75680380394299,-4.13193511051829
SHPH,1.27981683113793,-87.0890269566304,-93.924600563917
SHPW,,-7.82211296601835,-99.1685835909511
SHW,1.08835500471873,-3.83684928390676,-9.35244988120663
SHYF,1.9669026744318,1.36192913949709,-0.651421149402198
SI,,59.6388456853556,
SIBN,0.656828803287653,-1.09540916930021,-12.3735231424272
SID,1.49950920686731,-49.8378348368927,-34.2950752942535
SIDU,-0.824131938704742,-53.9382328179553,30.4908994156085
SIEB,0.928580509990502,-45.933781433093,-64.3466447192558
SIF,0.653796423738118,296.751578344537,356.626619070577
SIFY,1.34672851438834,-9.87864665300719,117.491833883126
SIG,1.14434391302503,1.69923772825193,0.521934331082918
SIGA,0.975734900783625,-47.9933832576199,-54.9572775798762
SIGI,0.294351455862506,9.99678949819018,3.52792466704948
SIGIP,0.628654425632277,-13.6073919897976,-19.3486185042503
SII,1.32515074845201,-23.5164040137091,20.7523443820689
SILA,,19.8727431811121,6.12497319247369
SILC,1.57406091437447,125.195515887468,104.428431565576
SILK,1.53623772131151,37.1602865682724,31.5247635241866
SILO,0.821675619582481,-24.5094334721434,-61.5735166922608
SILV,1.24808936357673,7.97426008167088,71.729723107093
SIM,0.251018604387272,-8.53120735701989,-12.3250712080948
SIMA,,-3.13815277338259,-9.69384908005161
SIMAU,,18.3303888321048,6.86092187546838
SIMAW,,-6.81169189188995,-16.2949535858212
SIMO,1.732993745582,78.9419040344065,151.288531430374
SIND,,,
SING,1.01583664609498,-6.05994523999903,-78.4965700963011
SINT,0.636369849725515,-57.2750771353931,-51.7333084175968
SION,,0.758284540968779,101.709755570213
SIRI,0.93124203047397,47.4007397125721,16.2010506352546
SISI,-1.55290785878161,-99.9096730242692,-99.9977629721817
SITC,0.97360796813531,-30.8217389164408,-37.0283580568624
SITC_pa,0.827639624774113,0.140981852153677,-13.2991110646677
SITC_w,,,
SITE,1.35244394055214,-32.6778122591959,-32.0622933699016
SITM,2.96338769027353,28.837022153252,116.889185165465
SIX,2.34222679202573,16.6282655156603,5.04766340720613
SJ,0.871838420740609,-41.2075847760538,-8.51719994726957
SJHK,,,
SJM,0.231146550466158,9.81837850518308,-2.63911627042841
SKBL,,-49.3515969818067,110.506642207388
SKE,2.22429403116913,-24.0002970235331,41.0210721682141
SKHY,,,
SKHYV,,,
SKIL,2.21512361788216,-25.3512064853564,-59.0356064443248
SKIN,1.06351320007604,-56.8246564109627,-65.8584178847181
SKK,,35.5014123204862,-31.7624491055956
SKLZ,4.56704602316794,138.239726504745,7.40799505197807
SKM,0.646459985917326,5.28001031272172,20.9149864484293
SKT,1.07353020625568,21.7923554785604,16.8399268702915
SKWD,0.310226648243136,31.1233541757897,5.82283771502763
SKX,1.2174701112139,-5.45893688941093,-18.8857879992441
SKY,1.0096899444263,-8.98160413238389,10.4303467728628
SKYA,2.00887282206393,-42.8190971026081,-80.0299821789861
SKYAW,2.06977998537486,-47.3929129592892,-80.7411354163091
SKYE,2.96096953857968,-46.0151965682948,-85.8583325692145
SKYH,1.29875761744227,7.2591602684007,-8.65875729218024
SKYH_t,1.31587409650536,-5.23729469454801,-22.9551061927778
SKYQ,,7.87234072878711,-33.2902893097423
SKYT,3.40222443774399,-12.6699192779717,156.64189259228
SKYW,1.44131202543236,8.81549112983819,-16.7455700631128
SKYX,2.10688538696638,-59.0791428128784,-7.55534807755631
SLAB,1.36200251288448,45.2457255470088,37.1887569658198
SLAI,3.16952620997586,-86.4066070631523,-95.714618951576
SLAM,0.009548772544053,48.7384200366682,42.1096237114012
SLB,0.734112808074989,-7.32088557234803,19.4157140652077
SLBT,,-75.5132558682462,-76.9231483960305
SLCA,1.99417634825705,26.7910733238719,0.372830087722931
SLDB,2.41793588340652,13.9577224409753,-2.34624710400003
SLDE,,27.3158436899317,-5.9430965888287
SLDP,1.93666379219836,-61.8085711862038,-55.1879139784646
SLDPW,1.89685140197156,-46.4231605385779,14.0293106001139
SLE,1.48939122494133,-57.8104439042322,-96.054156096879
SLF,0.829587261209787,28.8321844038816,7.08103792543406
SLG,1.58236547546594,10.966820419017,-21.999524349318
SLGB,,-73.43506113155,
SLGL,1.12138765625826,32.2644126934454,494.93419553714
SLGN,0.661724576319912,5.74588579197297,-25.554016969419
SLG_pi,0.445438300854845,-9.93202635017829,-18.3365749886148
SLI,2.12204265013091,-65.0694694096479,-38.9289136992037
SLM,0.970439053883236,-12.8095070226815,-33.9223666637177
SLMBP,0.193846259256376,-5.49460953740594,-15.1906997087407
SLMT,2.28162122406702,-78.4652038210992,-94.8990350848714
SLN,1.37524887495173,112.330260758906,67.8139293160283
SLND,0.319748117607231,-70.136697463731,-87.6000221420438
SLND_t,0.270611073347608,-76.4858555134311,-79.9513145085459
SLNG,-0.326507516014087,-21.195645831803,-14.0365304300471
SLNH,5.14314343517877,-15.1060245872584,109.915458951891
SLNHP,3.32376161202751,-2.24275768285329,111.509146593759
SLNO,-2.23426849687725,1.11789806067706,-43.1204497993685
SLP,1.31702708806125,-12.0122021588749,15.588818221349
SLQT,1.6579396108384,-53.6665400963337,-66.7605744354577
SLRC,0.651843046373453,-19.096778868711,-31.3055453569029
SLRX,0.657346991738521,-61.7806826555484,-97.3950476975384
SLS,2.50925113929007,115.421625574639,387.572152198475
SLSN,1.22963606058313,-45.1835693281866,-81.6631641767334
SLSR,2.18590306585715,-30.1359684469355,21.8003232211806
SLTA,,,
SLVM,0.757316095707776,-27.4861774839501,-30.9762068575703
SLVO,0.363584916153696,-26.7425401057366,-19.4229021427376
SLXN,-0.279457163275046,-88.9878883176075,-98.3944105671905
SLXNW,-0.270587206194453,-90.5998171298724,-98.2761782530894
SM,0.737172232107546,44.4669410598562,-11.3245206335645
SMA,,4.97437757993162,-15.8178778438161
SMAR,0.714698282032902,7.04468397804139,-2.09937219721323
SMBA,,,
SMBC,0.85353859444738,21.1312071598704,20.3154477847547
SMBK,0.675938655714889,26.467840514668,29.3737935072723
SMC,0.709712687860893,0.4337619837403,0.489609804369628
SMCI,1.94690580604462,-14.3399180153196,-59.249120349027
SMCIP,,,
SMFG,0.454764573375906,12.596065635055,41.7315573047402
SMFL,,-86.5799921771427,-96.2602730602263
SMG,1.78722849655249,8.60379571336503,-9.08613499361558
SMHB,2.04730426998197,-11.0443446089968,-29.4526427508252
SMHI,1.11461442197569,10.5911722950085,24.6416991508945
SMID,1.74333198419951,-24.2059850269267,-32.3352576485435
SMIP,,,
SMJF,,-0.742583649810302,
SMLR,1.32156233749183,-55.2721692928349,-70.1360097261949
SMMT,-1.21545460819277,-25.8523467145904,-60.6749660777529
SMP,0.803520378076318,-5.02323533043291,6.94673157533634
SMPL,0.154323768824699,-49.0039702731423,-71.4628632147981
SMR,2.28469656841641,-59.7819140558746,-86.133893405891
SMRT,1.52437559699221,-45.3836890930227,-25.2054612045257
SMSI,0.705883875678805,-21.4427661343987,-44.5713899273077
SMTC,2.37401077308871,31.5326216478565,76.7600995776723
SMTI,1.14423155007787,20.3155316733858,-8.45363601525567
SMTK,2.87867382321397,-74.2166639467737,-81.1584683664853
SMWB,1.12254510896671,19.9696258835536,-30.040877372129
SMX,-2.9829180169319,-99.5987346122952,-99.9954397053006
SMXT,,-64.7417992812628,-72.934349561211
SMXWW,-2.95267778597057,-99.9479915146528,-99.9975641663261
SN,,22.4345919181226,14.5607277995909
SNA,0.718965284702024,7.09043652171173,10.4535962137625
SNAL,1.19703472389805,28.562947571275,-31.5953883378398
SNAP,1.01887206013069,-39.9337719564069,-57.6588810564939
SNAX,,-68.686648413333,-98.5664380064201
SNBR,2.62676667612795,-99.7722113124151,-99.76107300107
SNCR,1.41764684351343,32.2637632027082,-22.1406902174337
SNCY,1.39731047626585,17.0826156042106,0.128799750292119
SND,0.327313733470229,-13.0336579514897,97.6616827255663
SNDA,0.795746366796778,29.2238313162965,49.5000364733349
SNDK,,113.878848477322,2150.64784124558
SNDL,0.940636740977169,-28.3707082454993,-30.0421747132997
SNDR,1.17979177152435,15.0169604472702,20.8534514820699
SNDX,0.404569405036079,-13.4658247330446,76.4314854794602
SNES,0.290838692176844,-34.437670115416,-78.9289973886973
SNEX,0.667511634279942,44.4891004209915,51.9925838845441
SNFCA,0.692627088340247,7.05999188640376,-0.520283417216139
SNGX,1.93817239366992,-74.6502061184953,-75.7011242088203
SNN,0.572587063674048,-10.2497598889193,-10.179387086025
SNOA,1.27849645286389,-68.4095391072563,-70.1049876948577
SNOW,1.33405480563485,19.3778294003002,6.34595159398226
SNPS,1.24038697711389,-28.2751704436372,-44.2927528769202
SNRE,,-6.10732328479445,13.2602060272919
SNSC,,,
SNSE,-0.267284247188285,175.299174563262,257.939950339856
SNT,1.06150728634261,-62.8509783449087,-66.5181494116904
SNTG,2.39054966936981,-26.0732612540862,-19.5427222207856
SNTI,2.14197303770222,-66.1815802863997,-82.4476816016011
SNV,1.22320686260233,-17.1259793852974,-16.0593647245549
SNV_pd,0.352980335201019,-8.81274278648007,-12.3127358703622
SNV_pe,0.229056053317871,-9.37955978281444,-14.4114416893986
SNWV,1.49555434840689,-77.6232678549211,-84.6979788321651
SNX,1.44473360264068,46.5637993787606,43.5090868335143
SNY,0.305564302081692,-9.91724376141412,-20.8353922542889
SNYR,,-92.1486375801078,-96.0577045176552
SO,0.326238016276,2.33586784863682,-11.7242016509024
SOAR,0.995697167418376,-77.1091702199746,-92.3074616252941
SOBO,,26.8779502475111,13.7963616838629
SOBR,0.819555556726735,-56.4361959796179,-87.8197355090936
SOC,-0.13205886551708,-60.5965727754403,-88.066461152639
SOCA,,-4.38907470078952,
SOCAU,,-9.64181670450472,
SOCAW,,-7.62476022018688,
SOFI,2.17990701159496,-38.2342295097244,-31.5000158728984
SOGP,2.45248483423145,-11.0745580836475,128.419577608859
SOHO,0.231145779607418,159.747396892162,111.173359131603
SOHOB,0.520796195461225,-94.8299364468904,-94.5595370262621
SOHON,0.683456997522528,-53.6670506732424,-58.296378368584
SOHOO,0.477685022228343,-83.5051723976015,-82.3671874789669
SOHU,0.360001782364778,-25.9866235224235,-23.6585058840571
SOJC,0.666310157026955,-13.0334556370748,-20.8501581015917
SOJD,0.604953296418404,-12.9745326096388,-19.8844605155716
SOJE,0.575467307630185,-14.0162768082994,-19.8685179595368
SOJF,,-11.2344081492273,-20.9395104954419
SOL,0.953770427769505,-1.25880586063092,-2.85564360680173
SOLS,,-13.6673422338734,
SOLV,,4.30117921233455,0.471766561026476
SOMN,,-8.81901833729692,
SON,0.343755991592891,18.2009082955674,9.20316268075498
SOND,1.7291121088283,-99.8956221613778,-99.9999612550812
SONM,1.88210359193097,-53.0686948189938,-80.0304031921103
SONN,1.5906441521259,-5.61932479935229,-57.2535417893093
SONO,1.92062030029742,7.0687191294448,26.3138539797696
SONY,0.920240044984968,-5.60271488497248,-17.1061812140822
SOPA,1.65256366347229,-99.9513373590207,-99.9202292116476
SOPH,0.960419302035555,-0.334075235579912,42.5882197185746
SORA,,-32.3631605727993,-75.9961712702896
SORN,,,
SORNU,,,
SORNW,,,
SOS,2.60594121600027,-44.2622341757328,-87.5800248520819
SOTK,-0.010962842759818,10.8622817144584,32.3885865155436
SOUL,,-4.49734158939237,-11.428885352059
SOUL_r,,-44.2408795032065,-51.7678905256712
SOUL_u,,-7.44917781529893,-16.5969377627946
SOUN,2.82339059553644,-41.0275712573032,-52.2486111747043
SOUNW,2.79195224231714,-42.7139622374174,-41.9085382201163
SOWG,1.12277388791175,-71.5047152204007,-84.7247343877366
SPAI,,-40.162553354554,-15.9814439845168
SPB,0.619634900459868,30.3155555841693,34.2092732976117
SPCB,1.1861010648747,1.69568363595565,-3.49904612201023
SPCE,2.77789648676301,-25.7426233801897,-45.3637342242753
SPCX,,,
SPEC,-6.17458357250203,-6.05994523999903,-42.657520256803
SPEG,,-4.20342241865512,
SPEGR,,-17.5632649431313,
SPEGU,,-6.82998628418702,
SPE_pc,0.116720458405751,-8.0654112568011,-14.190488861375
SPFI,0.457198937419305,5.47043515123098,0.113967648108493
SPG,1.32173888057143,20.4790364200923,23.1815551356612
SPGH,,,
SPGI,1.0569997872294,-19.9759131026236,-27.2447185955163
SPGI_w,,,
SPG_pj,0.159720605997734,-3.4881618619976,-14.0096557959161
SPHL,,-55.9655993312495,-49.2374132064135
SPHR,1.67171201037679,37.7371561439051,177.672802868874
SPI,-4.60460135461672,-99.7651498631,-99.9843611418882
SPIR,2.57460266939033,-19.0221059422888,-7.30085383694558
SPKL,,-3.99442072900517,-8.38868726636819
SPKLU,,13.3292375332429,3.61939098984665
SPKLW,,5.76977917555823,-3.05541843295701
SPLP_pa,0.12097513580463,-9.70810698052054,-8.25254370444089
SPMA,,-6.91462137112245,-14.1066339639616
SPMC,,-32.8428544694461,-52.3354428962541
SPME,,-6.39557862342103,-13.4691638344142
SPNT,0.590411462399697,25.0158240129299,15.99287355537
SPNT_pb,0.19281547449657,-5.76552568178921,-13.484258981848
SPOK,0.451927964674389,-23.996493585705,-46.1981960594416
SPOT,1.56499513250693,-6.08564703336701,-37.2290530312637
SPPL,,-0.830615525025658,-20.5815014518784
SPPP,0.403482848225095,-22.2282022413239,-8.49267828543224
SPR,1.08700310665955,-9.07254124191383,7.80135224933443
SPRB,3.30022476386005,-53.6098495012341,341.749473577221
SPRC,2.46989759753821,-36.7874241726565,-93.0410879546621
SPRO,1.57306768411815,-52.6336010809278,-55.3102630697041
SPRU,1.19665786001223,-66.2201857883558,41.1162587430238
SPRY,0.987654331216245,-49.4648851528268,-73.4224637484528
SPSC,0.517818839209324,-30.0454006220236,-57.9808164537807
SPT,0.949842876029245,-13.7062287669759,-61.3316490712585
SPTN,0.439419596002064,18.5574649024145,5.80189379537595
SPTX,,,
SPWH,0.420794486205614,-25.7365783316209,-70.7453337356655
SPWR,0.733964595469854,-85.6617811155788,-85.4128779600639
SPWRW,0.631397310262546,-59.1253711446836,-68.5965689792197
SPXC,1.28721876831908,-11.025248579502,-2.61122579032028
SPYU,,14.0543163307704,39.4232501732284
SQFT,1.82705085038718,-27.0060385310803,-69.9800371602383
SQFTP,0.050035386221068,-58.5098091476662,-65.2367427830671
SQFTW,1.82352309592768,-25.5428492047144,-52.66862101068
SQM,1.01784095191772,-25.5449631172068,46.9904786772648
SQNS,0.831722066871063,-52.580928381185,-84.9618397494662
SQRX,,,
SQSP,0.622377783748814,14.9677014413188,16.4279606172506
SR,0.53738492065531,-8.52009531157154,-6.26491677621962
SRAD,1.60038049516264,-24.8276667633254,-54.4741669753118
SRBK,,9.06835250702303,16.2459711678938
SRCE,0.552266143040422,27.5906439201332,25.8608634182588
SRDX,1.17249791646861,29.9629695461547,-2.30284520282885
SRE,0.574033495782195,-2.33944025868799,-3.00831218632953
SREA,0.531061875962908,-15.1834748268742,-18.2737042896355
SRFM,,-67.5843622700355,-87.0474447664217
SRG,2.22049389302336,-36.16536338267,-40.492018755927
SRG_pa,0.47123653714729,-15.9023936308485,-17.1974592508236
SRI,1.84379599463759,1.65360764352009,-26.9526754019344
SRJN,,,
SRL,0.537640223494395,-47.9144250835638,-27.7484755235718
SRPT,0.234906505656242,-34.6190778102474,-4.24302354572197
SRRK,0.702679866562595,5.42897257334047,14.4917049712173
SRTA,2.25098928633082,-5.1280002523006,0.300076251846226
SRTAW,2.15202831537159,6.45775620093758,47.0150800695357
SRTS,1.10408428453172,-45.2016347233328,-52.4661023181394
SRXH,0.895153292495011,-84.2021360493297,-95.2499558358931
SRZN,0.551535103041982,-20.8668231722093,79.2337444175114
SRZNW,0.521417647115061,-7.88780730432597,91.538583420347
SR_pa,0.331072132185894,-2.36231025382143,-8.87567272431434
SSAC,,,
SSACR,,,
SSACU,,,
SSACW,,,
SSB,0.702636489391675,-0.880829086250601,-6.04506085728871
SSBI,0.179266437258923,-9.95702174750999,-3.99994175196136
SSBK,0.293413155832215,3.61296371410511,19.7461663123123
SSD,1.30744217376469,3.82048970410229,2.73357222589989
SSEA,,-4.29450405262016,
SSEAR,,-26.7112785191426,
SSEAU,,-8.4924464668908,
SSII,,-20.0899534184407,-53.0508447102575
SSKN,0.108986546312201,-99.6181298586992,-99.7771665294954
SSL,0.054126421786427,40.9743366234214,79.7277150808202
SSM,9.66243248253631,-41.4799658872125,-39.9770704524466
SSMR,,,
SSNC,1.05723263264885,-14.4001606526602,-21.3375351257036
SSP,0.638945540909892,-15.6456651134685,-21.3880544766855
SSRM,-0.086112723797551,-14.505129246002,79.0015246037635
SSSS,1.4268316525082,-2.61260378091642,5.13936640414299
SSSSL,0.031150796125272,-9.28872306121599,-18.371409339162
SST,1.54681733392346,-58.8731339208608,-78.8433996108769
SSTI,1.14954834432043,11.079535503121,-40.5328599731585
SSTK,1.14232053672858,-71.8978725630412,-74.0352325443475
SSY,1.12330473159232,35.818795674673,19.7540997742421
SSYS,1.94660320136459,-33.3193361301779,-38.5616288465747
ST,1.26132186209074,24.5692042830546,22.0595541329909
STA,,,
STAA,1.27781711906687,11.8005063477743,1.25043566084493
STAF,,-99.0605994524,
STAG,0.954828823759495,3.02286641064473,0.761756694892712
STAI,0.863832845029343,-99.950267029833,-99.9942143237927
STAK,,487.796342641149,1.2742182561301
STBA,0.827151282998246,19.036839752877,21.8071146137337
STBX,0.836958379563405,-99.9263584908281,-99.9462414252408
STC,0.991596621327215,-3.14739940928546,-9.43866818318009
STCN,0.257150965620685,-9.51244566240825,1.92789600003089
STDN,,,
STE,0.90025093131834,-17.7475492704656,-12.5396186991922
STEC,-1.05966284033292,11.1815553555518,23.1825486070311
STEL,0.711022703234893,17.7394107347198,16.2732691383613
STEM,1.52037264210281,-71.0744949814671,-75.7560483581777
STEP,1.25651697687403,-42.7717083819432,-36.5698561399815
STER,,-3.45322331848604,14.5994193521733
STEX,1.99438891687277,-81.2171364482606,-86.2641547976198
STFS,,-33.7602177974352,-95.6874336712471
STG,1.43454816580719,-37.373296826666,-71.9365375634677
STGW,1.25330131762725,21.1492291969592,25.325291650808
STHO,1.19812063621377,11.2136668443336,6.80699661546593
STI,0.015450575284475,-34.2956416992908,30.9462597120767
STIM,1.01094331997414,-21.5768292851778,-64.4146779469762
STKE,1.54248409652846,-42.4833810538151,-91.2010711687724
STKH,1.27637200269345,-54.3611069991898,-89.0660525913396
STKL,1.39548604796735,5.12232890519877,4.64369684728581
STKS,1.36703471893168,-26.189956974285,-54.1260162054424
STLA,1.40804818923552,-44.6505847853889,-51.099814764718
STLD,1.51750551525353,38.9125523675642,71.5584836455901
STM,1.97211109201699,60.4915921921542,61.650362528218
STN,0.726211486521112,-31.4719189619457,-47.8604594613559
STNE,1.72255325234761,-23.5060551602851,-11.9061544317068
STNG,-0.23920639599053,23.8286488494746,51.7471578035729
STOK,1.21147229126343,-6.44194478493973,97.3413910600186
STR,1.47012502825313,-12.6138945862013,-30.3320357278534
STRA,0.489792457012662,-8.91373532384465,-11.2717789677034
STRC,,-16.424045674392,-15.6405742699583
STRD,,-26.814570019028,-39.3464414123337
STRF,,-9.5336430474346,-26.5743973947405
STRK,,-30.8078323076691,-48.342144931345
STRL,1.91035867197022,35.7910115938453,75.5875503149789
STRM,2.02511591881579,39.473787592326,-29.3226214175772
STRO,1.57024599284987,34.1274067060664,139.005335650948
STRR,0.506944219803395,-1.20729133914129,-0.102467639322013
STRRP,0.163457853846417,-2.22664755092874,-4.13847067266989
STRS,1.08876288503863,-29.4187923176969,-4.47256777891693
STRT,1.17560044716304,5.5946752795089,17.8366681364722
STRW,0.253690445505123,3.90339390121321,21.9223598423314
STRZ,,129.403042470002,43.3004187356741
STSSW,2.00887282206393,-42.8190971026081,-80.0299821789861
STT,1.41588399057971,34.3883074559895,39.6489532243059
STTK,1.09829418331998,59.3709386724395,614.511044790384
STT_pg,0.432548879480992,-15.2423560325193,-18.0895208279495
STUB,,-41.9081775778126,
STVN,0.759612297807998,11.5434356755462,-33.2623623319935
STWD,1.02508065814208,-14.2912753394515,-27.6268399604802
STX,2.11153140095172,88.8352779270194,327.210239719106
STXS,1.37864474424935,-52.4730157735963,-57.4912891479003
STZ,0.391616105743875,-23.0885827633158,-34.2089729806182
SU,0.583638446869865,18.3656773446992,25.9829296747764
SUCH,,,
SUGP,,-91.903957284069,-94.7011301126194
SUI,0.78489521381784,-8.24133032770371,-9.08481714650794
SUIG,1.35628474189914,-49.2498698176809,-86.9357613069919
SUJA,,,
SUKE,,,
SUM,1.12199393888712,23.1817984866052,15.4881810994441
SUMA,,,
SUMAR,,,
SUNB,,,
SUNE,2.3468228562401,88.7580539570113,10.077081649887
SUNH,,,
SUNS,,-18.6666192554104,-34.5903272891289
SUP,0.30939336580669,-83.3483016635476,-96.8785376740449
SUPN,0.555696129769186,-9.30908548351849,22.8804201500804
SUPV,1.60169935279525,-25.9259568203927,-17.2548017305668
SUPX,,-62.741075327257,-50.1786729695991
SURG,0.327557167372969,-82.3789006657217,-92.6895950161018
SUUN,-0.174333442924042,-76.3000013986131,-74.4469464079419
SUWA,,,
SUZ,0.584860959125034,-19.6301260903756,-22.6336489881893
SVA,,,
SVAC,,-26.7267572871992,
SVACU,,-6.26229135504802,
SVACW,,-9.11391780581669,
SVAQ,,,
SVAQU,,,
SVAQW,,,
SVC,1.63505840563064,-20.9964139468392,-51.2878530666377
SVCC,,-3.93726131032592,-10.89634839538
SVCCU,,-5.85243305182188,-14.6893320858577
SVCCW,,-8.07137247776849,-17.002753610647
SVCO,,52.5765036274746,40.6137329354917
SVII,0.172483827045067,-45.876908922752,-46.5195775042125
SVIV,,,
SVIVU,,,
SVIVW,,,
SVM,1.9527014288963,-28.7819335506332,60.7056972353607
SVMH,-2.42948720838642,-65.0130149869643,-85.0670625668758
SVRA,0.298075926137184,-14.4101723297769,72.3507990777668
SVRE,2.15002751290838,-34.6424812813172,-89.4969641694859
SVREW,1.61797103357968,-12.4527327527335,-32.7421156904336
SVRN,1.46582084421803,-73.1538283873942,-93.710499140843
SVT,1.50884200549401,301.759940869108,257.571283202736
SVV,,-7.68115423873346,-15.4706974063611
SW,0.917961842949067,11.0836774163885,-9.96297225568497
SWAG,1.98426415012484,-4.65084441859903,9.1299067612717
SWAGW,1.97631533678347,6.34049783496955,21.2994647691663
SWBI,0.892313749160441,21.2875992855597,56.2724509833165
SWI,0.898583756780923,55.6587128796119,63.7664765352452
SWIM,1.64709010805505,-20.3732967788749,-27.9446471647985
SWK,1.16403053615656,9.15635033116815,9.58517855427543
SWKH,0.246638673244873,12.2499588509328,-8.87697500043034
SWKHL,,-9.82585097341827,-19.8383719038733
SWKS,1.50255903236895,1.18305981476876,-21.9942879320672
SWMR,,,
SWN,1.11966304661605,-14.9803823605587,-17.9723450788146
SWP,,-7.49357657507448,-8.87820198596655
SWSS,,,
SWTX,0.69563376370105,23.4192524030729,7.732174519066
SWVL,1.1248300885409,-32.6189136014653,-71.642691403617
SWVLW,1.11590445193781,-37.6055479284592,-72.0705747120872
SWX,0.55848072889902,3.77541942483293,2.51268474353081
SXC,0.944929349527,6.72892360109021,-5.20937022042952
SXI,1.07050332312638,12.5456131819466,52.7387260556168
SXT,0.768338475984581,23.7402201697507,-5.12061407584284
SXTC,1.94915261370305,-99.645996260767,-99.9788273920948
SXTP,,-70.765543124481,-74.8006680816029
SXTPW,,-60.1824422396198,-86.427421625397
SY,1.96076436055073,-39.4333857468415,-66.6824327183796
SYBT,0.680437327426942,17.8320040763478,-5.63457578351107
SYBX,0.539188212043888,12.7280657120012,-61.771680171202
SYF,1.30951611402028,-0.758122971352404,-8.96969868679806
SYF_pa,0.822098625756493,-9.0059661783501,-15.5734120644115
SYF_pb,,-6.20513852401757,-14.2517548284601
SYK,0.757293941344009,-8.17152331044267,-25.5974563415905
SYM,1.95249555223668,-32.5746411503909,-31.3899606539103
SYNA,1.9926665438388,22.6464186439155,40.6539984320409
SYNO,,,
SYNX,,-10.4496674250458,-49.5781643637406
SYPR,0.925385628790495,-46.0403852122613,-18.2234094302684
SYRA,,774.229634610259,544.886346960878
SYRE,3.02392963257215,181.48225041396,406.356384728796
SYRS,1.35145351844159,-53.0299726199995,-99.139862803852
SYT,,-9.94295759785354,-43.3771743392966
SYTN,,,
SYY,0.642656583644963,-4.62711313689128,-8.79441305313539
SZTD,,,
SZZL,,-5.05475010151651,-11.3849730493084
SZZLR,,-9.46687346482323,-19.6800841393358
SZZLU,,-7.79196654742462,-17.38974238913
T,0.188315959460654,0.72007610354885,-23.1486113876502
TAC,0.460276825116619,-11.126981298578,-17.6165888671818
TACH,,-4.87429406341651,-11.1759311304637
TACHU,,-6.50997980277134,-15.3491082841039
TACHW,,-7.96388210632909,-16.9681902572479
TACO,,-3.48119863874409,-14.7992645025467
TACOU,,-3.66008400775651,-17.8034505911895
TACOW,,-7.14321967418692,-19.4474975103957
TACT,1.20928892852238,25.6800187661049,9.69541904120666
TAIT,0.489327863441295,-9.37547658446966,-36.4983793246311
TAK,-0.052720872578469,-2.67121470164299,5.30820179253781
TAL,0.141378901604415,-7.91228434794272,-12.3918797289303
TALK,1.09823303459568,20.8463420492852,75.0513590597985
TALKW,1.06785884978089,32.6119036571603,48.6347197421544
TALO,0.360628086469498,9.47660260607102,28.7850544506302
TANH,0.566180380060014,-59.9909306777156,-82.8012942798397
TAOP,0.349995413227971,-51.0169714465709,-84.7781781045332
TAOX,1.45568903465854,-34.5324979198344,-55.4100655984649
TAP,0.412637536614946,-17.5940625702096,-26.7539418905258
TAPa,0.092770831869979,-22.5616820427862,-34.0530079623693
TARA,1.49275350649566,-49.0888836651439,1.16240456187882
TARO,0.594263100097884,-11.6352430276437,-10.036139477539
TARS,0.53793346613033,-18.7415080249148,21.4493118872381
TASK,1.8443871260611,-18.1610320311232,-52.0072850165839
TATT,1.00324435231436,-26.1962104728044,11.0406824429901
TAVI,,-2.82991470383854,-9.23428009078878
TAVIR,,-58.7304407964918,-54.4998530692021
TAVIU,,-8.26889258439556,-18.3083967716964
TAYD,0.936853985254719,-27.7374227039275,5.49780389085424
TBB,0.269291139803292,-15.8550536293278,-24.1891437700349
TBBB,,8.73397869697328,38.2524184384408
TBBK,1.18489986773298,-5.41388399128379,-7.63726518891893
TBCH,2.27502506459718,-6.13209581969182,-24.1329835804414
TBH,,-75.1367578070655,-92.285644522048
TBHC,1.71847548570585,-40.8122426647262,-38.189209116916
TBI,1.58500546638,44.9414417754107,-6.74809921144897
TBIO,2.44056684215485,-97.9738419561568,-95.6993140192602
TBLA,1.50291789547369,14.3469355877196,30.3198803227188
TBLAW,1.49581641844435,15.5156855031116,13.7113415555471
TBLT,,-6.76140088778064,-98.4490553895594
TBMC,,-36.2147121663674,-42.5785855392041
TBMCR,,171.918351046858,146.931679933798
TBN,,5.32175832205415,39.8430651560041
TBNK,0.653113022829676,-17.5353502888798,-1.83910551371668
TBPH,0.187691659853894,-19.9471480879709,31.353682124222
TBRG,1.29539863772432,6.06075936605417,-4.90488076524371
TC,0.728641042256973,-79.0334663624188,-86.3009037293038
TCBC,0.176548959809042,21.5460594785813,10.1748685812276
TCBG,,,
TCBI,0.682572059518738,-5.02076405449456,-1.82222174865335
TCBIO,0.764993722950235,-7.81709734342352,-13.1371814748907
TCBK,0.611367717798889,11.0966566892633,14.5927901733739
TCBP,,-97.3832007082596,-98.8644361891315
TCBS,-0.023124894378565,-4.87477129331763,-6.19280184527913
TCBX,0.635869224651995,2.89795207714032,1.14490466556629
TCGL,,336.563524360587,
TCI,0.499838146979003,-21.9001694013669,-12.963525098465
TCMD,0.808714963450801,-10.4810333547775,126.808040124945
TCOA,,-16.8845498542134,-19.1410128415401
TCOM,-0.022742336476588,-31.83177640654,-38.6254860512381
TCON,1.41353019239006,-97.78479001073,-99.3959113848448
TCPA,,-12.2913880857893,
TCPC,1.00122139467307,-41.5563781454956,-61.5759375726731
TCRT,-0.987592436616873,-39.4962359172875,-45.5246442439629
TCRX,1.06583768957585,-35.0807121569279,-64.3985994749456
TCS,1.15436224525135,-99.0654109703903,-99.530552727181
TCX,0.943276120017338,-64.4741483873049,-60.8715143235299
TD,0.867103350605217,20.6525301153762,28.0062634554117
TDAC,,-3.29437857564953,-9.9141332730065
TDACU,,3.02045433313218,-7.80670527297677
TDACW,,-7.04110548110556,-16.0007117753483
TDAY,1.39752768513069,35.7960925592644,97.419787307363
TDC,0.615495167014497,-7.29850579971505,11.538892739044
TDCX,,36.7804222599842,-33.757868463307
TDG,0.91101202475814,-13.9066036348334,-25.1494382684589
TDI,,6.69967284369673,9.36216696805769
TDIC,,-91.8235097547429,-99.5797675207141
TDOC,2.08514739833198,48.7781577924888,-1.81848590311153
TDS,0.33317780275139,-26.7439939944947,-24.9752060825283
TDS_pu,1.12189845988544,-14.1787463527412,-16.8286877862682
TDS_pv,1.21940548979099,-12.7198744953722,-12.6532782052036
TDTH,,-74.8693179434969,-94.2855252945573
TDUP,2.02147359950333,3.80992918131438,-34.2904269090603
TDW,0.529326754317925,10.6335964999128,21.3747348956938
TDWD,,-5.06712130947061,
TDWDR,,-14.4964916056664,
TDWDU,,-8.20067589090467,
TDY,0.920513004955048,-0.928483854534223,0.33132221729415
TE,2.27092346902115,-57.2531549063592,154.969240286715
TEAD,1.63000739241937,12.4781143467861,-76.6986244521792
TEAM,1.03603523000247,-29.8361969602204,-57.3937193465753
TECH,1.2753761067107,-0.772977479799664,5.87547007067988
TECK,1.58004756925587,-0.03012453946557,36.8949026417249
TECTP,0.028343522868188,-12.2665472731458,-13.6596674301037
TECX,1.24178215692539,37.4282588045179,12.74285658768
TEF,0.30333170478394,-0.854199132391931,-31.2218539721388
TEL,1.15046834095088,-12.7722751775691,-11.952422010822
TELA,1.35151507769742,-35.766091127881,-69.664319203224
TELL,2.56817539805271,55.4961139774933,-28.9503969178953
TELO,,-16.0232843812113,-51.6684813593054
TEM,,-39.6792643436006,-40.4840552987948
TEN,-0.276192593260754,39.2598318391552,70.4635534184128
TENB,0.951937646357229,29.5340447393948,-18.6293611484881
TENX,0.901679979742301,0.627312895458676,120.978336571344
TEN_pe,0.067982632881631,-7.57567595470073,-14.7986502342298
TEN_pf,0.05417719873526,-7.89376583015742,-12.9397256218306
TEO,1.31216690441862,-4.51534045321277,27.2057019996663
TER,1.80525376438746,26.0646127010727,202.614649928507
TERN,-0.389876396971656,183.378376887204,1148.93467141849
TEVA,0.877308803757345,-8.54345114512047,64.9942156390413
TEX,1.50294394535297,6.64767255290337,14.3905821688436
TE_t,2.17768541601878,43.6214856615028,359.046936342736
TFC,0.866361361374315,-2.18346430079678,1.08376585469086
TFC_pi,0.483934647942201,-15.3368184781438,-24.7327886954308
TFC_po,0.547095648836298,-14.129426527923,-17.4978681874041
TFC_pr,0.623661239044128,-12.810411486572,-16.5174250506951
TFFP,1.10050062250406,-96.8954224664478,-98.4088685812512
TFII,1.4873379468022,31.4012019230119,29.1036631927513
TFIN,1.38172730040924,10.581848211681,6.04506570550913
TFIN_p,0.327189530998029,-5.19498260942434,-13.9476051515648
TFPM,0.287456884848496,-28.5445893461239,-3.75202282106375
TFSL,0.731402069386256,21.9109699413496,24.8651640598131
TFX,0.803688592098902,20.6157228166105,-0.112139388148602
TG,0.780984944979145,-18.5852858746658,-28.0195953501046
TGAA,,-6.05994523999903,-13.9862803852046
TGAN,0.441746388197803,25.6564927804013,6.49292832555177
TGB,1.99548767808126,-19.4503995787598,58.3745640716283
TGE,,-46.8497058594731,-86.9538273600134
TGEN,2.18274892543695,-31.4790188809405,-66.3754690030434
TGE_t,,-12.8878405595172,-87.3801768860495
TGHL,,48.1904363839015,
TGI,2.38364925465777,30.9426252603207,33.9566978495399
TGL,0.534346202113946,-46.2472971860644,-87.7178607577071
TGLS,1.42460031053535,-10.8730282144415,-47.1700332959074
TGNA,0.140141027605377,-4.4333571469562,-8.86268373400465
TGS,0.629985850853291,-17.220584581635,-8.73022994145357
TGT,0.953480273466198,30.1263774869562,16.5383667053791
TGTX,1.6140004507513,67.3535975545861,31.1356708881308
TH,1.51750752808188,100.062537370723,61.5352955408738
THAR,1.48163648076947,-46.6190218076875,20.1835534343717
THC,1.19925063305075,30.433394563146,44.3252183901976
THCH,0.513369769703166,-26.9849811344068,-52.0195577658964
THFF,0.407707781726298,18.4029933102788,23.2225947367928
THG,0.286126231986518,23.833587829065,16.763416010516
THH,,-77.2316075654204,
THM,1.89318196686394,-36.6195950864354,35.549641902242
THMO,,-9.46687346482323,-19.6800841393358
THO,1.31004975931317,-34.8931939734865,-28.3550358157073
THR,0.813004542702787,57.3905118266772,79.9508202230091
THRD,,41.8325902639874,-62.9403093909979
THRM,1.3252741477475,7.68176257970146,4.57836814188364
THRY,0.889878960588309,-13.5418965040699,-70.6947523671131
THS,0.149199301510552,24.3655346776564,-36.3276179716673
THTX,0.741130500040214,67.5092035964451,114.866950687029
TIC,,-35.2877263118547,-44.6453928879005
TIGO,0.884648936481022,48.5274729252189,108.393974514478
TIGR,0.472713299267459,-48.8181313452889,-59.6021669128162
TII,-0.037741102471045,-60.9747619183894,4.50054752573021
TIL,1.94147137045335,-4.35432972061354,-78.880430582962
TILE,1.9016611643175,3.6922424377454,41.4402215145443
TIMB,0.418472577855653,-21.9859973268813,-4.20869379984232
TIPT,0.923090672339573,-1.81714021899146,-28.8800898283528
TIRX,-0.287363230655483,-99.1220555629907,-99.9517680076927
TISI,1.03827527501299,17.4583805261572,-13.2977771978934
TITN,1.40009203637773,13.1197225926683,-17.1094478295102
TIVC,1.87963401273041,-78.878165812556,-93.7645469760357
TIWD,,,
TIXT,1.09539130214488,43.3540834769618,-8.58947777105042
TJGC,,53.2863115766365,-42.2077753176407
TJH,,,
TJX,0.614493421095512,2.05770424571421,10.3039007421573
TK,0.130887426489882,17.2642967060683,36.449302734358
TKC,0.951295604861565,-21.7403792667063,-16.27387931113
TKDG,,,
TKLF,0.197139961161391,-45.4715774094247,-56.2557683673086
TKNO,0.655636132480483,51.3148350406345,-14.8229897199788
TKO,0.638377551415373,-12.2521884198716,-6.26852131001031
TKR,1.20840670100391,39.9945943340008,47.3257393622497
TLF,0.475116527337636,3.08523068064928,-24.2261737847971
TLGY,0.308478893924243,-87.0927892240324,-90.230968672782
TLIH,,42.1835522163742,-50.0425365873663
TLIS,1.1505622061668,43.2685084047258,33.7840942608716
TLK,0.333963946094622,-42.3048489971654,-28.4544840891962
TLN,,-14.8030517802055,-21.830773809393
TLNC,,-4.66617588154206,
TLNCU,,-8.14714858821716,
TLNCW,,-8.03834286860743,
TLPH,0.670192904298314,22.1220711880013,158.957469891695
TLRY,1.92006103215754,-55.0381923179568,-50.4594411822745
TLS,0.986787047619242,-21.2888430061923,38.8291614835295
TLSA,0.251910128295114,-46.5536347271336,-57.3371950710615
TLSI,0.434176383920868,-22.0765446147885,-18.1451855094364
TLSIW,0.449446432843736,-49.2428832363429,-39.3591923810593
TLX,,14.5034877995706,-37.2149138341859
TLYS,0.137652259765995,138.558296956318,68.5344963010713
TM,0.578839016816408,-21.9122246930743,-14.3906615865136
TMC,2.0662064683789,-58.1062364486455,-58.5517780648167
TMCI,1.37538136055631,48.3069368455133,-40.0147798860296
TMCR,,,
TMCWW,2.01157160851496,-31.7053885584931,-25.4274842009218
TMDE,,-0.729532083677864,-36.0943646471741
TMDX,1.87941612509101,-48.2512327414219,-37.6474090705744
TME,0.796359490523879,-47.2383881229965,-62.0902495031087
TMHC,1.44196900035543,6.80821651749259,-3.30055139333786
TMO,0.836497997571704,-13.2118623451906,2.23352054430106
TMP,0.715572315836755,25.2987820372823,26.7116122653578
TMQ,1.61973730668001,-58.3497159440579,26.8633954805709
TMS,,-47.8363905430645,-51.8642673709967
TMTS,,,
TMTSW,,,
TMUS,0.306499622011968,-7.12923959197478,-34.1364359522124
TNC,1.11270298314022,9.69830305616424,-8.28807942426308
TNDM,1.5374765252536,-17.2022147624011,-9.28719356539386
TNET,0.908876257539881,5.32252737315733,-16.2520554284535
TNGX,1.17717573648601,111.266030325234,243.668010155067
TNK,-0.231216514489413,18.0320200578692,49.749161525576
TNL,1.18726917612442,6.55866535457024,7.1926338964369
TNMG,0.819653038478662,-91.6590668273597,-96.3345676574409
TNON,1.42189340053729,-81.1026408361099,-84.9988916525022
TNONW,1.26368267693068,-50.3466952375708,-45.0725399696909
TNXP,1.7007624565199,-49.14138647525,-81.9243895777787
TNYA,2.82344965459665,1.78858613361528,-16.6111380936699
TOI,0.419080539127996,51.9618532882369,12.935785701124
TOIIW,0.401188703079271,20.2393086795317,67.8817913481095
TOL,1.34326927964734,1.76018513108933,8.09606118959616
TOMZ,1.94257179707963,-28.2202971408717,-50.7469590961609
TONX,0.657779078538418,18.1476842558474,-74.5147998314323
TONY,,,
TOON,2.08431003578536,-22.657684856527,-32.7732472755912
TOP,-1.07202863220725,112.304523757602,60.6537242392047
TOPP,,-37.8022468484012,-77.7285904568833
TOPS,2.0307179191624,-86.7302962647587,-89.8749564339155
TORO,2.45771517632398,26.8315328192056,43.075108771016
TOROV,,,
TOST,1.70990113526106,-6.46485926913694,-43.1497303833541
TOUR,0.37065678764569,-26.5304646354619,-46.9750716727614
TOVX,1.11383771404318,-2.18778200720874,-61.9094845398795
TOWN,0.699443915652043,2.12132130647762,-5.05477237850707
TOYO,1.63200262157894,-36.9648618059704,2.11372354269306
TP,,,
TPB,0.914169388624922,-37.7946794196104,-10.9175157480237
TPC,2.05768281401903,-1.93294678180467,48.0454489611785
TPCS,0.425284694166226,-11.5057455159411,-8.13088632692036
TPET,,-70.1069325745854,-80.3491732880044
TPG,1.41261537431928,-31.3031952490367,-35.4491447377217
TPH,1.14926976511957,34.1861435010598,15.0473233121497
TPHS,-0.186386353463371,-23.5301356039889,-47.4360602354028
TPIC,2.42263330514416,-53.4994385934596,-99.4461977417
TPL,0.61481914086427,5.97374311888639,2.89737403736494
TPR,1.4459469426735,11.1459484340924,17.546371036702
TPST,-1.67528352435947,-72.1694599673603,-90.7279765118209
TPVG,1.34021420111963,-32.4342823808195,-44.0481367413028
TR,0.393816231837066,0.966237336882103,-11.6768873546461
TRAD,,,
TRAD_r,,,
TRAK,0.826802738031254,-26.1477556918231,-58.6472501851945
TRAW,1.5872520113631,-82.9109049319573,-72.7623221219814
TRAX,,,
TRAXV,,,
TRC,0.58898856637886,-0.051479252889497,-20.0409806912433
TRDA,-0.229509785122505,-50.2117709771995,-19.5088306012428
TREE,2.02867684249642,-34.6531685585334,-26.8348028172902
TREX,1.48590033906918,-1.33044117071717,-43.8980006305631
TRGP,0.720993822057692,26.0224329776161,34.5056761726705
TRGS,,,
TRGSR,,,
TRI,0.22307511512777,-16.5133500708677,-59.5338162297459
TRIB,1.00386497362336,-58.4247384820301,-46.9760938203504
TRIN,0.66319584701182,-2.51742259914576,-1.3442435074043
TRINI,,-10.1462294696291,-19.4238950910978
TRINZ,,-9.25052989008112,-19.4561212872343
TRIP,0.857003545025551,7.39088955335485,-29.167962832383
TRLV,1.69912200519555,-0.821209613332308,44.1638399177557
TRMB,1.35342555285627,-21.6651850180138,-40.972364510265
TRMD,0.471753071773124,43.4840043837553,67.9711287674602
TRMK,0.64342833766284,6.79573070309298,5.17285402311067
TRML,2.06756144850701,138.197704006457,47.7162074820989
TRN,1.33247048268071,27.4518134252757,24.5073120051431
TRNO,1.03513662208141,11.4726808150296,12.632604856188
TRNR,,-93.6095200843537,-99.3140151792268
TRNS,0.683544627479908,35.1173214103155,-10.4920705205484
TRON,,-1.016183910603,-87.5595080796657
TROO,3.5166914766717,-51.3673167835393,88.9287583528986
TROW,1.47901612840162,8.54264422369118,-1.26274148369518
TROX,0.795578097383454,-10.9813040409852,-7.84244326986202
TRP,0.971547546103326,12.7834270551999,13.7257832776786
TRS,0.597994224500409,9.73769975158985,9.89427582296927
TRSG,,16.8330092813457,-27.7072491169872
TRST,0.62990231678066,28.3181173530226,43.1827346396681
TRT,1.9753781910591,51.690088423936,217.613922476377
TRTL,,-2.53266349635877,-13.3104652868428
TRTN_pa,0.134448257692819,-5.38562882833293,-13.9023855562962
TRTN_pb,0.134400774695184,-5.35418761230428,-13.0650703774301
TRTN_pc,0.544846757157744,-7.63134695218662,-12.8043639753119
TRTN_pd,0.614788785858952,-10.9736622795969,-14.4980411673992
TRTN_pe,0.538739275445895,-10.9856674888354,-16.2253888240933
TRTN_pf,,-9.94608911233001,-16.2621432956344
TRTN_pg,,-10.7093164009377,
TRTX,1.45812319500261,-11.9376435070902,-12.2392872747487
TRTX_pc,0.331055978216426,-3.35812950575121,-8.84016040825097
TRU,1.50691926882022,-4.03295637098523,-26.6888760809616
TRUE,2.23254447765847,12.9382863486661,-35.4127837097797
TRUG,-1.10126452215701,-84.9644508797262,-98.3475196724251
TRUP,1.38321825349434,-24.5758376454652,-55.7881505709074
TRV,0.445277990058399,32.6656541819874,34.033069339724
TRVG,0.854722589414319,83.8541071731448,16.0973358347485
TRVI,1.03947114900304,57.9667161703301,107.491211060298
TRVN,-0.939881811116033,-6.05994523999903,-98.9508216618415
TRX,0.325030070739219,-51.1758925918416,93.4268104061725
TS,0.816586784532163,16.6701930099655,25.8428440538317
TSAT,2.07578971134177,22.3536135764942,25.6078755843381
TSBK,0.297366013805326,11.5381248793918,15.2469711244078
TSBX,,-21.7825002041165,-87.1139075695478
TSCO,0.459447839638828,-46.9701395523124,-53.433288262236
TSE,1.36253821284676,-99.62423978096,-99.9392129190001
TSEM,0.922533048371526,43.7859426612321,264.0518128567
TSHA,1.21738635463324,7.75476869529523,75.8932243808177
TSI_r,,,
TSI_r_w,,,
TSLA,1.8457658131233,-32.975329692702,-18.7811113413412
TSLX,0.629322718617358,-25.4216359157244,-36.6101474452029
TSM,1.4047583625689,8.92481788406922,39.0073834895176
TSN,0.382124287158852,-12.5893148255991,-1.54687809105359
TSQ,1.20143095282413,-9.92897550194305,-31.7983858095219
TSRI,0.755221486306696,29.0742882125253,62.7303107512078
TSSI,2.11395894190046,-19.8516984319105,-70.8449461026886
TT,1.19406243463523,12.5532601041123,-14.4431611492312
TTAM,,-6.85291137472047,9.19032706143341
TTAN,,-19.7125938439111,-42.8349683713114
TTC,0.688198470143967,-0.452363047233295,10.0629247097779
TTD,1.02211364368911,-44.8149600648767,-81.6129387529303
TTE,0.262494353902271,19.8370840907495,29.8503819392936
TTEC,1.00687189707829,-32.703761940935,-59.2391464107836
TTEK,0.882260816904988,-15.6728841412367,-23.2609226759373
TTGT,,-21.8040884958651,-54.6066910651552
TTI,1.28510344561451,-42.9424499612075,65.6221622369997
TTMI,2.17590183243606,7.92035251944303,103.456609030079
TTNP,1.35591335750218,-2.61364696328524,-24.6607947097825
TTOO,7.78797388235656,-81.2119890479998,-98.2797256077041
TTRX,,46.721789381746,
TTSH,1.08372452367485,-26.4136237713326,-63.3783573447168
TTWO,0.96453571108758,-5.25645014796578,-5.79956987609177
TU,0.738795506863143,-25.9178278309133,-48.2292842471217
TULP,2.60962301135932,-25.4133361512029,-42.1515572002454
TUP,1.43550903974233,102.057374000372,-98.8556690039859
TURB,,43.4750863821573,-47.1748905295075
TURO,,,
TUSK,1.16232259347067,11.5270056511427,-18.0821717954329
TUYA,0.471758752316289,-27.7051191478334,-40.5714812694062
TV,1.56610978013032,-21.1017062740777,3.96440892570926
TVA,,-7.72960009541531,-10.9325388604189
TVACU,,-12.6796049797203,-16.2840601648928
TVACW,,-9.89798359118122,-16.81435869733
TVAI,,-4.39892266074557,-10.8897864790719
TVAIR,,-26.7112785191426,
TVAIU,,-8.06053363515058,-17.0635419642105
TVCN,,,
TVE,0.117308094126867,-12.3740714350759,-18.1836558975643
TVGN,0.229407189063702,-69.0191795806251,-91.0959871732091
TVGNW,0.138863458698971,-56.8553068855798,-88.4263428326759
TVIV,,,
TVRD,0.352224941230848,-46.818159254199,-91.5611790968998
TVTX,1.12552105927946,74.8980506703847,212.274484653455
TW,0.608928805169483,-5.68002397857197,-34.9154532348714
TWAV,2.53246017272539,-38.8884590002144,-74.2384651648756
TWFG,,2.80513526471162,-23.6662809849404
TWG,,-42.5042131509385,-72.6352886581939
TWI,1.43790007691325,-11.5353084317248,-25.6292707632829
TWIN,0.640431710884611,22.7915534787117,125.371548786613
TWKS,,23.4963009398946,-12.7927908145706
TWLO,1.37372253641344,36.3867825290324,27.1009515074383
TWLV,,-5.20594474218085,
TWLVR,,,
TWLVU,,-8.28640140368251,
TWNP,,-99.8657999217714,-99.9902257136801
TWO,1.05044229133784,-16.4209806914697,0.75179161074781
TWOU,0.851645041717784,-97.7634263303861,-99.7621500608154
TWO_pa,0.441330603255395,-5.45534311764987,-7.27462343219518
TWO_pb,0.4322764811937,-5.03473041440483,-5.73167714434557
TWO_pc,0.435185879581577,-5.89078547752603,-9.6649185499927
TWST,2.14523988916982,95.2674142957297,108.500270240628
TX,1.16272402684069,6.82487093847044,33.6395838928459
TXG,2.00817292171252,104.434763018411,176.430704089899
TXMD,0.606143767193442,-20.0344988406603,51.4429593217766
TXN,1.32256065038188,32.3702943210775,25.927721498924
TXNM,0.171040464899115,-7.97805975669834,-12.1706873590347
TXRH,0.793383758420378,4.00651175255728,-6.09932027552079
TXT,0.908011887882304,-10.316806471297,-1.50465610301684
TY,0.848500947985575,-1.0392879000605,-8.41077473634558
TYAM,,,
TYGO,1.36127172232555,-56.580032828953,12.0998476946924
TYG_r,,,
TYG_r_w,,,
TYL,0.787486320905082,-26.5184032892662,-48.4730736556229
TYRA,0.772096135769848,-7.61564041436847,139.073236877127
TY_p,0.291634553974354,-11.7688574832188,-17.5240689447285
TZOO,1.34353592553059,17.7361282339747,-39.7665256721553
T_pa,0.565007768781343,-17.9773765022,-22.5535537462422
T_pc,0.59580295182671,-16.8676351558902,-23.0121356382896
Tw,0.608928805169483,-5.68002397857197,-34.9154532348714
U,2.02887225210459,-27.512437745192,-18.2497254303094
UA,1.57179970872661,5.43674423143425,-11.5758664136985
UAA,1.64971737154205,5.96082006104373,-14.2265421718381
UAC,,,
UAC_t,,,
UAC_u,,,
UAL,1.28724852859732,11.7547152791745,15.1781680917801
UAMY,0.413716731159361,-50.6127461857109,34.1711015548156
UAVS,2.75311581410414,-46.1384686027699,-74.8256916859626
UBCP,0.363860805732229,5.17662303108721,-5.20105508206771
UBER,1.13168576996011,-18.2013851092754,-32.8409434265935
UBFO,0.288845042802554,15.4702989009881,1.28128661666813
UBS,1.08227118731016,2.07684466836449,14.3053712039313
UBSI,0.72550929076414,10.7303989232631,14.4980239371088
UBX,1.2621205737484,-95.5278726268901,-96.68608616318
UBXG,,-90.4957572598742,-94.4643180281407
UCAR,,-94.4105667417799,-96.4471357798781
UCB,0.834038332411662,-1.44718747906982,-2.16864788473376
UCB_pi,0.145429256790809,-14.2200148272408,-12.2750088130653
UCFI,,-6.05994523999903,-57.3030995425655
UCFIW,,-9.46687346482323,-57.9712501051985
UCIB,0.193775868089761,10.5214496913535,-0.754408794333294
UCL,4.15841019157887,-45.8072884533037,-73.0270565667889
UCTT,1.90932831416208,59.2726808991484,169.553710883407
UDMY,1.57670159597173,-18.8691900907403,-47.7823622131895
UDR,0.684465983452752,-1.24899903935208,-15.9264394742601
UDUD,,,
UE,0.994273330906723,13.4925231216287,2.05316323148887
UEC,1.23139990827792,-53.8128064096662,-9.68081054909135
UEIC,1.19251158820566,7.4935949990061,-38.0808904181441
UEOP,,,
UFCS,0.510485952428167,42.3808471455803,69.8384673232263
UFG,,-46.9617481149382,-77.4463651302179
UFI,0.66163465514525,57.6159166205171,19.6472894641706
UFPI,1.22537301707085,-17.2443675955117,-24.9246319924951
UFPT,1.07611462995368,-3.63657710504234,-9.28663416023595
UG,0.948274117008725,3.85831091867377,-25.2098974167911
UGI,0.938646786710951,-13.1812453631615,-10.8988557888238
UGP,0.699367998292833,24.5297784738668,77.9496953342161
UGRO,-2.86824941285585,-62.8328302266171,-67.9448672888192
UHAL,1.08960076285007,21.2220467112588,1.1593135822803
UHALb,1.12020642524899,16.867305043191,0.66964495515478
UHG,1.0911864357488,-18.2459632285956,-52.0659563689037
UHGWW,1.0967735170298,-30.3619712993852,-53.649169580844
UHP,,,
UHS,1.04599455964932,-22.9435654253486,-7.73023249841045
UHT,0.844592647732334,8.81068842846424,-4.99412796822056
UI,1.31523079583249,-8.11512021426113,0.09413743726534
UIS,1.89138605710831,15.4890278949116,-31.0684443273952
UK,0.854566675716825,-73.8085349182153,-83.8724275722259
UL,0.3835199209109,-7.01936853461716,-9.32154000835861
ULBI,0.807579792168268,-20.7681048759079,-46.7628710005423
ULCC,2.61138168331039,17.9932542650819,18.5543082301274
ULH,0.686299847345879,-12.2440867759239,-52.4979828665511
ULS,,18.9397075044454,12.6051380020626
ULTA,0.864927940569225,-27.6634173756553,-16.9264531723146
ULY,0.057877796115952,89.4348017173755,-43.2575386152668
UMAC,,14.8732897986016,68.8072211553424
UMBF,0.779884618898769,8.32523694013245,13.6691633789651
UMBFO,,-10.040985412309,-14.8629836678342
UMBFP,,,
UMC,1.58321047431995,30.6730248905142,107.388635071229
UMH,0.932617632314436,-6.11977966978248,-18.0100084595297
UMH_pd,0.21841994626287,-7.14789242207476,-13.4990057442868
UNB,0.280543319444404,-10.7951349921292,-27.4103869146813
UNCY,1.77589238137946,-35.5466846507771,-9.78603505369651
UNF,0.617595676682818,34.6738536108978,48.5466824381956
UNFI,0.833223958654617,22.0956227466816,53.6326655659273
UNH,0.625059905661999,42.4851647702187,30.7309755906286
UNIT,1.40889077137615,33.7778344803844,-5.29152368259532
UNM,0.248031243659836,8.8867521097665,-5.55461581257537
UNMA,0.305995126089849,-12.5590122440186,-25.14197245193
UNP,0.952601231910899,18.9449543069546,10.4813284792205
UNTY,0.629566797033124,6.01036389933571,0.80480007278052
UOKA,1.25868485284787,-99.7174735195188,-99.8762392523528
UONE,0.838103425721888,-62.4239780959996,-75.5982817179765
UONEK,0.35881512555449,-46.4118341357667,-35.5219493142463
UP,2.11941955150214,-64.6054635033093,-83.4288253469398
UPB,,-81.5010353703383,-61.6117290422112
UPBD,1.77615800633265,5.03188929406635,-26.1615822471796
UPC,1.54983825808268,-26.9100549550236,-35.4391139832477
UPLD,1.41963522186429,-68.099523071083,-83.6339654118152
UPS,1.03765265105721,-7.52337706321919,-10.6415846529891
UPST,2.30580788071408,-42.1811432870968,-70.9246454473437
UPWK,0.966586484782088,-56.7346508358869,-34.3861127977338
UPX,,,
UPXI,-0.269647140284579,-58.2014200790097,-87.1125702413886
URBN,1.22023555503897,0.947300913862148,-16.7751966671048
URG,0.823112305142992,-39.1120829201149,-31.7254349337197
URGN,1.56864885208287,75.7560383793519,86.0444898334835
URI,1.80008343466703,12.9682342359344,4.35520386325317
UROY,1.75529744150663,-42.3380290615089,-30.3386083890874
USAP,0.894909670718716,21.6662362134221,84.6196607647352
USAR,,-49.8748702115517,-0.053479521981481
USAS,2.15194912396847,-60.375405800816,29.0232644448227
USAU,0.914445607361575,-44.907663759202,-2.06358657721309
USB,0.970263632765233,7.0680652430013,20.2400510909367
USBC,1.45827213409991,-54.7564461721611,-89.2178077459248
USB_pa,0.307242703305493,-7.86788152751818,-20.8418962599437
USB_ph,0.294088955195099,-7.24718131911435,-21.4821206047997
USB_pp,0.515483584271374,-15.0558996365076,-19.1395252608046
USB_pq,0.813478783529845,-13.5338239633865,-18.6295489885049
USB_pr,0.808645502424571,-14.1329186959366,-19.2426743616643
USB_ps,0.738236267123542,-13.1393400669152,-20.3406129905802
USCB,0.486949460567938,11.986433700738,5.25179628714838
USDE,0.308478893924243,-87.0927892240324,-90.230968672782
USEA,0.884540191285315,27.4538040257311,37.512379766329
USEE,,,
USEG,0.757131818490959,-2.42674392500065,-32.9600465879559
USFD,0.810399653819973,13.9249116349623,5.06575333228956
USGO,,-52.2975586337351,-22.3803903717087
USGOW,,1.89976632898328,-8.00403721066507
USIO,1.34308626560168,33.7102969211692,-5.77148693884769
USLM,0.71294079859188,-15.4286700300577,-9.89038897497619
USML,1.27043335972344,-6.75309712600224,-16.5083906591547
USNA,0.716139457494762,-1.39264351298906,-36.4198841015316
USOI,0.152563881331303,-3.38805206122271,-29.8379390267304
USPE,,,
USPH,1.11350991552272,-10.6194830056597,-9.79578057123536
UTC,,,
UTHR,0.588490492073696,3.17091923734074,51.0678339098924
UTI,1.25487404787365,32.601304733431,8.00052784002896
UTL,0.289854678432242,5.1940733202491,-4.97418782098664
UTMD,0.356347264339646,6.03652725315627,5.65230299231234
UTSI,-0.045264641928616,-12.3033458025099,-18.1284312748896
UTZ,0.688082822082322,26.2095392195433,-14.0473263182172
UUU,0.067989378409929,-39.5141075984075,-5.18441863802519
UUUU,1.53715019812239,-54.9246167987628,-11.2864639423548
UVE,0.718625071320553,42.066662841561,65.8984405704942
UVSP,0.645949843363378,26.1977624261703,30.2510011938622
UVV,0.56897878890335,-7.84414982780768,-12.8884360172022
UWMC,1.84382271860636,-70.1828495130372,-62.4447139710048
UXIN,0.859704131235913,-61.8368527537496,-69.1730278072287
UYSC,,-1.58660929904659,-8.10427180896978
UYSCR,,-52.8823876768597,-44.9054962249241
UYSCU,,-6.6892511741946,-15.7620394632059
UZD,0.732236428631383,-15.9143364821652,-35.7303783611728
UZE,0.750244036461926,-14.90490331232,-34.896567000229
UZF,0.741245671213781,-15.7244585765077,-35.8209284749717
UZX,,-85.2192221531467,-92.9625138496986
V,0.738961258250687,5.87678987415838,-11.2955538481789
VABK,0.455075650360369,6.84838117540094,4.2329274361304
VAC,1.22898669005506,74.4916953410594,6.60255220987878
VACHU,,29.0249606221488,15.9709614478426
VACHW,,-82.551472005178,-83.624311073337
VACI,,-5.5935100127895,
VACI_t,,-6.81756905562028,
VACI_u,,-4.83830958112245,
VAL,0.94413864255031,19.9995964561618,24.1197977232106
VALE,0.514215194525768,-16.0025057802911,28.4961055221029
VALN,1.76611194647106,-50.5887030056544,-42.8082232259047
VALU,1.03371910161032,-6.94856737962066,-17.2814792998622
VAL_t,0.916736032162173,49.5135407047764,41.5878380274165
VANI,2.33823375185753,-10.8250204814484,-29.5762670653862
VAPA,,,
VATE,2.3983346212836,32.641311439711,13.6140473010371
VAXX,,-99.3893762893928,-61.624672384631
VBFC,0.4726328153276,8.01698356975,76.7065022596616
VBIO,1.87963401273041,-78.878165812556,-93.7645469760357
VBIV,2.03860369959222,-99.9387756612444,-99.9338423580744
VBIX,2.22181317998923,128.422659469055,-26.4104843295639
VBNK,1.07229169768667,19.9069712078024,32.4681854869696
VBTX,1.11314282587843,7.64084247043288,-4.25456181091306
VC,1.28704712558887,7.28409757008335,-19.9734878760108
VCEL,1.06137733868413,19.9546188583829,-3.07114974168648
VCIC,,5.22395213673768,-6.84247146714111
VCIG,,-98.9754780674393,-99.9830508112596
VCNX,0.601080198150207,-4.23389665935107,22.2845652354923
VCRE,,,
VCTR,1.08720887950406,37.0629872456767,23.3309320636292
VCXB,,-12.1903498456172,-15.1621016737314
VCYT,1.9313594392352,31.3508554621622,91.3134890712777
VDNT,,,
VECA,,,
VECA_r,,,
VECO,1.40510605760665,33.0186516254447,80.731679484998
VEEA,0.355273321593651,-77.2996884380666,-91.6058900134959
VEEAW,0.283209593383227,-55.128893021878,-86.4649013074406
VEEE,0.776216391169937,-74.1422324375309,-85.0698459662109
VEEV,0.90978463253796,-13.2476292389398,-40.8525226887561
VEG,,,
VEL,0.70095019239056,-17.062353638689,-11.4476810215734
VELO,2.59042895953513,-36.6575630761136,16.4949086318033
VENU,,-74.8472495986028,-86.0780045662189
VEON,1.64148364216762,-10.4088610997995,-18.8678851997529
VERA,0.92875289432015,-33.0463609710538,37.325210233109
VERI,2.318414960654,-74.7551274029972,-58.5859868521355
VERO,-0.017158842548652,-86.4144905283214,-89.9028404274957
VERU,-1.12228334177138,-21.8334618974619,-63.4646486207631
VERV,2.22436688831238,34.3780619892344,25.7523686261028
VERX,0.811268157124744,-35.656165285959,-66.4064410707996
VERY,0.130868921825192,-10.7746574675814,50.8643844677319
VET,0.490822104680702,2.69287614765386,-5.02059910612976
VEV,0.331455415184834,-68.3005184456355,-94.4302580452278
VFC,1.56617597603072,-15.4632150212023,25.3794235599055
VFF,1.30697042128019,-43.3596728652935,19.951105585259
VFS,0.926101183420676,-16.4664782523345,-27.0112150697307
VFSWW,0.91797674702954,-17.9378092809801,-32.1548394637442
VG,,28.3109389931775,-30.9962447124548
VGAS,-0.33430960934786,-54.0555190693445,-67.8882113438097
VGASW,-0.368211123182799,-52.4701085690322,-64.7551413984548
VGNT,,,
VGNT_w,,,
VGR,1.08279539727241,32.3411106488901,4.60745372224936
VGZ,1.30315661513545,-46.8621912468681,54.0544231906784
VHAI,,-99.0605994524,-99.713287601284
VHC,2.29034706527426,-42.3136177666503,-36.1405850946693
VHCP,,,
VHCPU,,,
VHCPW,,,
VHI,0.966970938777693,-11.3907995585596,-33.6145527548323
VHUB,,,
VIA,,-24.9427346717726,
VIASP,0.332095140181173,-9.0364237207701,-17.6139988767576
VIAV,1.24252746763528,59.289658071306,196.278857554398
VICI,0.678057227289414,-10.6745444211921,-28.2557155567573
VICR,2.41436635918281,10.030564368184,259.472608492375
VIDA,,,
VII,,,
VIK,,42.1200191694718,52.9750637722136
VINC,1.42348756730782,-6.42833761160687,-76.3299189792437
VINO,0.902709964069043,-32.3631605727993,
VINP,0.28365166173978,-28.6375009048833,-13.8986900393646
VIOT,0.448975372233652,-45.1891310166686,-77.8863271999901
VIP,3.00050753486611,46.1289740711126,10.4763371199208
VIPS,0.631332923965998,-20.8280469247438,-18.3309631534711
VIR,1.66094750326105,8.11046614122348,38.9090179910474
VIRC,0.220545107802795,-10.9418693456369,-38.9383735753457
VIRI,1.73323181040429,-55.60759607378,-72.3399864309268
VIRT,0.596396631231928,46.4256910937635,16.2770721152085
VIRX,1.01237468738282,-94.3353320935144,-98.4085182833186
VISL,1.14285988053891,34.2000782285728,0.9726273738903
VISN,2.50736828428636,24.6169333371005,156.273799110874
VIST,0.628582434150157,5.0879784325816,26.7435717175154
VITL,1.04935822838846,-53.3003037128341,-67.2441552748285
VITT,,,
VIV,0.566697706301847,-10.4134786815504,7.24366807258685
VIVK,0.619228813108662,-92.1446678347241,-99.953409116602
VIVO,-0.673526579769114,61.9944055416906,-27.2912348354234
VIVS,1.50496337076849,-80.0690517150865,-85.1363622077419
VKTX,0.690683993834571,1.29968962336411,-12.2763690916574
VLD,2.59042895953513,-36.6575630761136,16.4949086318033
VLGEA,0.440780574572675,17.5127242576297,6.49666847447108
VLN,1.39269131956783,-21.8868022919557,-51.6172827166776
VLN_t,1.33791820477682,39.0541485997813,-7.92595011094591
VLO,0.542285969948134,53.5006482240943,77.6012471051472
VLOS,,-4.91540849034576,-12.6107081994552
VLRS,1.72660096383838,-22.4186409072776,23.1878226671211
VLTO,,-8.01235886816533,-17.8489721584005
VLY,1.05364044407811,10.7560124875846,30.9179408842843
VLYPN,,-7.84587783999905,-13.314298200714
VLYPO,0.341012719774642,-7.2215494272986,-14.9820479975116
VLYPP,0.285784563532793,-6.80975225915795,-14.469338357445
VMAR,0.188431402000362,-98.2364627756711,-99.9732082673024
VMC,1.05127702220031,-9.28385645066635,-8.15565135944875
VMCA,-0.012515988983558,-3.84088882834546,-9.82432621029511
VMD,1.09944552998341,50.3040876160016,64.5719964379392
VMEO,2.18389763301275,55.8173133968772,3.0765143994572
VMET,,-27.116843473044,23.8571538815052
VMI,1.36187301470189,1.07029752325558,15.5414990560985
VNCE,1.36030835542471,118.229973365541,224.701791545853
VNDA,0.648409091551468,-39.5597652666328,-5.56791633779904
VNET,0.33225415402289,-44.0833007380947,-30.3845794484569
VNME,,-4.66341320689694,
VNMEU,,-8.03551968561095,
VNMEW,,-8.29812406566008,
VNO,1.53364654847026,17.2713802955949,-11.5123367291036
VNOM,0.388094600185302,-2.00397265234636,-5.06650636371752
VNO_pl,0.874101125159383,-9.40758973528414,-15.0964462388186
VNO_pm,0.940469789623587,-6.93988330615857,-13.0948174814324
VNO_pn,0.876945453185327,-7.71363160999337,-13.66188863731
VNO_po,0.872605881466272,-8.29394017735669,-13.749001158681
VNRX,1.16321176227829,-84.9960284020284,-94.9867534226978
VNT,1.13705099702566,-16.647243303491,-29.2095659324709
VNTG,,-26.8141433846504,-86.659909226409
VOD,0.362739523374944,6.18465500113214,26.3230165310482
VOR,1.73200284474325,27.2900471002723,-64.4571406550432
VOXR,0.744431746904954,-26.157928464801,4.34644232061656
VOXX,0.610035224852614,22.3955250665221,-13.4860352648103
VOYA,0.879597158549157,23.4390339843345,20.919765233001
VOYA_pb,0.422656497764293,-9.19893647484828,-15.9701223532559
VOYG,,-31.2927743201019,-45.9384487106223
VPG,1.49018229291771,91.8900006969517,179.750108255129
VPRL,,,
VRA,1.5890938932271,45.9960086715939,41.170499457467
VRAR,1.37061208082781,-22.1515286942584,-55.2428610143942
VRAX,1.31204256981911,-61.2161773919425,-89.5653416019831
VRCA,1.49743399128615,-30.6051579064288,-31.5943908807223
VRDN,0.904384390556441,-45.355680728455,-2.77359967064548
VRE,1.0630365569558,14.0697333399566,0.51700133283259
VREX,0.880074067849612,-25.7419879631526,21.1813543433764
VRM,,-66.2131326712045,-77.7165189880643
VRME,0.320785132232372,-44.5283976642194,-14.6368043150643
VRNA,0.014819374069066,46.4572366531191,182.967268294207
VRNS,0.810576178145253,22.6630297026964,-29.3837005110657
VRNT,1.50801012271141,2.77119354690278,-25.671665921061
VRPX,,-99.1536932003604,-99.8450203250184
VRRM,0.431075222281182,-80.39593465318,-85.652939026742
VRSK,0.649903407182641,-7.80601061883759,-37.9911281953725
VRSN,0.693710748147963,5.80157190952317,-20.9662158647633
VRT,2.06783650029627,33.832678828317,62.6507068352456
VRTS,1.32470776932738,-4.95417977819611,-24.1811556809546
VRTX,0.299007784943597,-2.84652455077953,-8.46891920686688
VRXA,,-82.551472005178,-83.624311073337
VS,1.33595883169515,1.39561466158835,-52.8292839726917
VSA,1.06176717919756,-88.4381471064614,-99.594602003676
VSAC,,-10.5869721203744,-24.9617451183151
VSAT,1.736175400236,54.6131496305256,329.084591860349
VSCO,2.12324826257454,50.112476124811,269.321408596028
VSEC,1.23353083297531,-11.4570119381928,23.5238813459451
VSECU,,,
VSEE,0.514310497077704,-78.2839873411946,-94.2441947024686
VSEEW,0.474594609308954,-75.0530940214179,-90.6040853144129
VSH,1.84177964635199,66.3267636226857,64.9688690384588
VSME,,-40.7455039206148,-96.0815972175482
VSNT,,5.4666155942851,
VSNTV,,5.4666155942851,
VST,1.4246906436271,-14.9930004899151,-34.7300424568961
VSTA,-0.275419445588104,6.15753562821841,50.3076639891662
VSTD,1.43545724091544,-74.6156793722597,-95.8176186007045
VSTE,-7.90565655610795,114.115620308831,-64.0899817449781
VSTM,0.209675662269588,-9.9620705915683,-10.9858017939908
VSTO,0.753219936911208,-50.7464474241687,-47.8233346422881
VSTS,,113.765813498313,105.789833844744
VSXY,2.12324826257454,50.112476124811,269.321408596028
VTAK,-0.977973165425958,-87.5928229562263,-94.1586608071446
VTEK,,,
VTEX,1.00498344129037,21.455041213374,-39.5691391130778
VTGN,0.401547147066915,-64.0426755209993,-93.7228859165127
VTIX,,-93.4908285139647,
VTLE,0.983468627393506,-26.5894335386516,-50.1011566954922
VTMX,,1.43202821535808,11.1527645632558
VTNR,1.5415514177079,-99.9891950646596,-99.995779870042
VTOL,1.21827388915618,-5.32930036964346,7.60612922844066
VTR,0.704489564215303,21.3861352751349,29.4095729418369
VTRS,0.884382212365625,27.8787635681111,65.8968717408473
VTS,0.620573821925617,-30.9602733267999,-48.2260917246416
VTSI,0.743041341006875,-42.9513837489873,-58.1780941905371
VTVT,0.299780793933744,-14.1529872995933,72.0274392295909
VTYX,1.27926783644635,409.36106178812,706.56405572777
VUZI,1.79644256843094,-26.8632791660892,-12.4294709804119
VVID,,,
VVOS,6.17187775144657,-77.9581994417875,-92.3543360342404
VVPR,-0.673526579769114,61.9944055416906,-27.2912348354234
VVV,1.00280916763355,13.7466928118084,-3.52255779813682
VVX,0.199390685935215,22.9864999518199,58.121975678883
VWAV,0.785938130133256,-79.2952141096822,-82.0935074620108
VWAVW,0.67524102498067,-39.2844664525425,-61.745938378226
VWE,,-99.9509810354233,-99.9996649352659
VXI,,,
VXRT,1.12752677400672,-30.0924712145739,2.36694531933679
VXX,-1.95861218427642,-30.8048538469712,-64.6554786317958
VXZ,-0.96875638992719,-11.8480095866791,-28.3911022959993
VYGR,1.31347249130617,-27.5183333831465,-20.0361750370097
VYNE,1.92068304093597,64.3896641570249,-40.2404014132235
VYX,1.38732318854966,-20.0114385211873,-48.5949973115191
VZ,0.21627194825397,15.1315167569798,-2.14822596229952
VZIO,1.99558875132891,-7.66755615412101,23.0205448168407
VZLA,1.58066959666493,-54.1205779287312,-20.6852100976302
W,2.98099473047161,-20.0981306611742,19.8310794633475
WAB,0.916541406647233,23.9682778571582,33.5066002792158
WABC,0.55120676991276,13.5007409477991,5.41819180006926
WAFD,0.832780960933285,7.67020642386118,6.14335944394733
WAFDP,0.656594675825896,-6.51376192966087,-13.4077728482258
WAFU,1.06927443311734,-11.7189846833726,-6.85727988401994
WAI,,-23.924613773418,-84.7845042081645
WAL,1.32803749561164,-12.1510835028051,-10.8641272822393
WALD,-0.127979878383367,-6.05994523999903,-33.1893433689728
WALDW,-0.125040871523786,-18.800185478759,-36.1841764394723
WALL,,,
WAL_pa,0.455873899830123,-1.68638270786388,-6.41505923045782
WASH,0.708234341815102,22.537241614711,22.6773390106441
WAT,1.18447823944007,-7.55059852248359,9.20977298624146
WATT,1.62197480513136,80.1198441267845,-14.7019331006863
WAVE,-0.331468524213131,32.8864114359323,-30.6811248156323
WAVS,1.15265286177012,-88.2809781686899,-97.7495846909989
WAY,,-21.1396209332238,-43.5393455895122
WB,0.135485927162304,-31.1048491381912,-32.8281855660487
WBA,0.816974645986097,-3.82694682512646,9.84935411331238
WBD,1.56004848329744,-14.2926682435474,60.7891503164169
WBI,,35.9322803252732,
WBS,1.00650141423791,12.7134446918051,11.3671085842221
WBS_pf,0.779875416540343,-3.02962089290223,-11.2570835499347
WBS_pg,0.397861237907549,-8.9753937214071,-15.9025170979343
WBTN,,-32.1991498770375,-23.4147073429802
WBUY,,-41.3396546943105,-88.3868563547111
WBX,2.02200572641461,8.70655166207468,-49.7284679278391
WCC,1.55227501171644,7.92939059619027,30.3430487375666
WCC_pa,0.2425991865383,-0.386078199218365,-8.85922680819876
WCN,0.377882288260752,-4.04159137678988,-28.3890595777913
WCT,,-89.9186282696584,-93.3603444507877
WD,1.47539051451919,-24.7239234255761,-42.5146902731742
WDAY,1.05503211028127,-20.4513344754239,-42.2973832747157
WDC,2.17929196314587,72.3349749933034,477.92591401977
WDCVV,,,
WDFC,0.269838706346003,-1.78828820158813,-6.4079970752138
WDH,-0.107219363463062,-35.3107407341311,-47.6636097581932
WDQY,,,
WDS,0.32282604905025,19.8750900510906,10.8465513545734
WEAV,1.65388518308171,-7.27120669105923,-23.2338694111476
WEC,0.458984046919429,-3.28473383521786,-9.09750060058688
WEL,0.026250513157856,-6.05994523999903,-13.9157773363399
WELL,0.750328347191584,24.6987799765297,32.3542970912612
WEN,0.3788190174169,-9.70924561288128,-36.3199585477335
WENC,,,
WENC_r,,,
WENN,,-4.5820289409233,-13.7776105171434
WENNU,,-8.65167079594167,-22.0027682733662
WENNW,,-7.76545961302465,
WERN,1.27359470532248,9.02282635127651,15.1760083342472
WEST,0.894440168134112,68.0710110162626,-1.13227480031194
WETH,0.779198645598527,-28.9987958209295,21.5411255426458
WETO,,-93.6103176481497,-98.005213736593
WEX,0.803662697120437,9.63469824192074,-10.5985277456448
WEYS,0.866250478297283,20.9824705236996,13.1234546577615
WF,1.0332789443802,-4.85781379610757,8.38751662182835
WFC,0.909619228674492,-8.00842569043754,-10.051621247896
WFCF,0.098772891119677,0.733933720322466,-7.51792546341151
WFC_pa,0.546081408675534,-13.3599903951729,-17.594928207599
WFC_pc,0.638470366526398,-14.1177783844508,-17.7472437073733
WFC_pd,0.625154968529112,-14.005789401553,-18.1153369080663
WFC_pl,0.462943938953684,-10.710053586734,-14.4522378536094
WFC_py,0.431715684958284,-15.0815688070608,-18.9338100605336
WFC_pz,0.536699027545678,-13.6792645429513,-17.9021326125657
WFF,,-8.74394680457049,-68.9437189355429
WFG,1.12131060351433,-7.84886550102788,-24.8756046717697
WFRD,0.869301565459395,-15.8105320947793,21.9098980058437
WGO,1.10190904455132,-35.5604537845838,-12.1532908132608
WGRX,,-83.0091863763595,-93.8307161403672
WGS,1.94829991105325,-39.4541132324877,-37.3156404456066
WGSWW,1.93994158185796,-61.2876977982521,-27.2275263339127
WH,0.64455740235434,-6.89660846510447,-28.6018191832868
WHD,1.38977280284414,-11.5682106298237,-4.61667236372643
WHF,0.418313609808886,-11.0041586484201,-36.8524774585323
WHFCL,,-8.52871943248064,-18.9768855124093
WHG,0.567689403236784,3.19291491165383,-7.92240644272983
WHK,,,
WHLM,0.624987515653667,-86.7690063718309,-85.6643800642008
WHLR,1.19533251783039,-99.6195574106293,-99.9845084738848
WHLRD,0.040730670606377,-10.2721684436181,-10.9691228829029
WHLRL,-0.384817751379944,-15.1718878931633,-59.5593394216054
WHLRP,1.07441109628066,51.4642392356791,102.132241094769
WHR,1.12867294536841,-56.6932633621081,-66.1954046493992
WHR_pa,,,
WHWK,0.773598087687993,24.3523027038862,74.8787227527333
WILC,1.1435653883237,-1.51445871935383,20.0658364370861
WIMI,0.391494440251252,-58.9687117140226,-73.3544455541123
WINA,0.539445676222323,-29.230436614297,-20.1929158514432
WING,1.81390283266953,-53.921678842445,-59.9202931023788
WINT,1.70675082519918,-98.9844318404324,-99.9813094916091
WIRE,1.19737903215362,16.0495500815405,25.565093729898
WIT,0.986198193783725,-30.8946723604591,-40.3803820720551
WIX,0.869248031014429,-37.4694155730098,-66.5375197113204
WK,0.442081501942635,-32.1679303466907,-26.498280492746
WKC,1.16446336502142,44.5925900514235,21.8984242948534
WKEY,1.55142720723454,-30.4775768021654,-11.5410743091987
WKHS,2.56642050403192,-43.1767896869241,-88.736298621872
WKME,,50.1746811307509,23.7460505811543
WKSP,0.253141834938278,-71.6118905947201,-84.9717032071259
WLACU,,91.8928566868986,114.251643310939
WLACW,,32.6446289293077,38.970859668048
WLDN,1.14079534836367,-51.254760380204,-27.015503545468
WLDS,2.60609252261752,-61.9269407692271,-77.5437937202
WLDSW,3.04468537377739,-84.2801571198011,-86.0535418823756
WLFC,0.745144216062541,8.83844097576176,26.5622722594527
WLGS,,-99.3521375533793,-99.8983289366255
WLH,0.993891825482432,24.123673538,37.035491623
WLII,,,
WLIIW,,,
WLK,0.625948202136743,-17.0088840416054,-27.6686865469801
WLTH,,-2.48225000974872,
WLY,0.756993704789868,64.9190098114469,17.8537717659196
WLYB,0.531959028482323,51.6481754912613,14.3471323772511
WM,0.43185208714401,-2.78296658558039,-9.64219125503214
WMB,0.613566031809634,0.654157635333963,4.93344754258473
WMBT,,,
WMG,1.27408751327541,-10.7165903867274,-20.3042984496934
WMK,0.447092898421566,3.04230423366931,-10.2384058921851
WMPN,0.059247613661281,1.66902571490093,-8.98638178550875
WMS,1.2694067005643,-10.9524645920033,4.63896483832797
WMT,0.606065585572026,-9.144687930938,-0.336526089198186
WNC,1.4260160357992,25.91562224125,9.9752745507135
WNEB,0.737000753284931,7.42287073179517,11.4908160524227
WNS,0.889300055664833,-8.46073276140463,35.6509278187844
WNW,0.884711910641065,-98.6188575282309,-98.8516006083862
WODO,,,
WOK,,-99.0289342654022,-99.9998058095164
WOLF,,14.1893554527123,
WOOF,1.53548410060211,-5.72800158360326,-28.3639402621645
WOR,1.31834932068748,0.797379080068605,-19.9631491037591
WORX,1.42149497752115,-80.8957241969744,-91.6703221687323
WOW,0.762232431611088,12.8867338813377,-7.20762328457247
WPAC,,,
WPAC_r,,,
WPAC_u,,,
WPC,0.782915142507266,2.67140127787904,1.56953521903303
WPM,1.18050631654508,-29.5430825367667,-5.94374915722123
WPP,0.848590564925978,-5.70578857737885,-34.8705215856686
WPRT,2.17708399996243,-21.2443080330433,-66.0370806687835
WRAP,1.323863630777,-32.5658528071362,8.61586491503365
WRB,0.284499231412568,7.23040517344105,-1.50845591569777
WRBY,1.93676375485571,-10.5004974803948,-7.1280436052873
WRB_pe,0.590496924436019,-12.8562507775971,-20.8484412622224
WRB_pf,0.796382787460526,-13.9844034683426,-20.9796234878121
WRB_pg,0.866637854816304,-13.9608134366138,-19.1656134110188
WRB_ph,0.919227866307897,-15.1736739746906,-21.3748138218179
WRD,,-38.2588554122618,-51.2686776243821
WRK,1.05354482622253,3.70043930164654,43.4724053330398
WRLD,1.14273589614536,51.6103428238804,0.502137421883786
WRN,1.73818285365995,-50.0043674755427,24.1964057267629
WRNT,,-60.7925659797272,-80.4469979360317
WS,,-8.03763060336746,4.58237018214767
WSBC,0.687285709622282,12.0505877475196,12.2533818271997
WSBCO,,-5.98669763394834,
WSBCP,0.137520990300428,-12.0823122109828,-12.2182085291996
WSBF,0.701652017680484,10.580864460344,28.4904005848286
WSBK,,12.2971480296158,18.0989216628856
WSC,1.33386050123044,18.3221453686202,-30.0577657763977
WSE,1.32713837821704,-15.5962841323022,-26.7153222247504
WSFS,0.756436681217817,24.6034778558145,23.4372327103556
WSHP,,-93.7874310452053,
WSM,1.49204192422226,6.60222684697924,7.98896147993657
WSO,1.02897937756619,-10.522730860336,-34.1247403500324
WSOb,0.92235848494303,-9.11309704105208,-28.5375179016419
WSR,0.780899376156858,26.928636576819,24.3501201015221
WST,1.15216837626225,31.6168397044873,12.4558640215164
WSTN,,-4.26971350435208,
WSTNR,,,
WSTNU,,,
WT,1.16068007325154,9.84195559588064,23.0306777983183
WTBA,0.688285570405531,15.2956782468343,28.6761571599876
WTF,,-29.5767383801887,-55.7962888064966
WTFC,0.845791006209818,4.02051296309176,4.9628026935701
WTFCN,,-6.73602896743841,-14.2969172741384
WTFCP,0.223507659951106,-7.08279320476419,-9.09317590220231
WTG,,-3.76199869498922,-10.2129965735884
WTGUR,,-39.041028132981,
WTGUU,,-5.94075363872092,-14.7250246534043
WTI,0.257352852325499,43.6198914119246,49.4664635929232
WTID,-0.04077895501846,-61.5425224980705,-68.4478602069573
WTIU,-0.143836821561392,45.3955983311884,10.8997311549438
WTM,0.284576675944709,0.813326584419372,5.86662585258087
WTO,0.224444631315055,-66.9089410387137,-99.8511023004988
WTRG,0.621316179335534,-2.61523734963995,-4.66598079176905
WTS,1.15122343762913,9.39315115838031,18.2057695531005
WTTR,0.985614024882259,44.0307483543456,58.3074594137339
WTW,0.419619227783345,-5.51002891027644,-12.0927829532448
WU,0.481181437610297,-17.18838289033,-15.8206962063732
WULF,3.79107880904435,4.86188999663073,188.230287885658
WVE,-1.26724645612651,-58.5848111873948,-38.0659158274884
WVVI,0.188038731463168,-9.41494719571333,-51.4148445690486
WVVIP,-0.026631239407014,-13.9539898416345,-26.8993281553133
WW,,-40.8955119571279,-71.7934036725552
WWD,0.865621852576097,17.0721837164751,36.6070893147167
WWR,1.61765347550088,-68.4796179896195,-57.9258190799916
WWW,1.71335453867081,14.5168775024077,-24.6070420680058
WXM,,-32.5990638493266,-90.2395779160516
WXT,,,
WY,0.896384415242035,-11.8618090871665,-18.2072009381717
WYFI,,2.24679108368624,
WYHG,,68.5199146716747,-38.3568342760633
WYNN,1.003409172427,-18.2390417303745,-23.4557516288573
WYY,1.80097889597204,36.1117052421884,177.614793756728
X,1.87812286451955,73.6452938124918,36.0721759056645
XAGE,0.384567725475196,-20.5968529900368,-94.6058178620704
XAIR,0.24562043773631,-81.0032333707554,-92.6619545453628
XBIO,2.1126420780115,-7.90190709803826,-40.9505989024087
XBIT,0.842192536476009,-21.3122050534309,-30.7620058419909
XBP,-0.529143228182859,-59.3075896445342,-63.9040691096292
XBPEW,-0.441518617771983,-62.0084201147026,-80.739612013004
XCBE,,,
XCBEW,,,
XCH,,-56.9082317614675,-66.138997081019
XCUR,3.64780716923774,-63.2683830826064,-79.2709318379856
XE,,,
XEL,0.401831286001011,-1.13710731205453,-2.8748651018201
XELA,4.78485624065336,-76.2801361730997,-81.4372100831317
XELAP,4.74583566473549,5894.54974437256,295.585620390568
XELB,1.26378271859018,-20.1190010544209,-30.892692172198
XELLL,,-13.7298059992011,
XENE,0.615624358079666,43.9128840791333,80.3594107776822
XERS,0.712712200783599,3.07137832522077,39.7935009124092
XFLH,,,
XFLHU,,,
XFLH_r,,,
XFLH_u,,,
XFOR,0.385330851321865,-0.220428322485444,58.7013699934958
XGN,2.04835284590967,-3.00852814802682,-48.2055409626739
XHG,-0.822337061968593,-0.227403378526436,-36.540259536107
XHLD,,-59.1681011980678,-78.8490853406241
XHR,1.15298944575802,37.8461328085556,43.2686535873921
XIFR,0.88196407348765,12.9574208813033,4.27509393301355
XIMA,,,
XIN,,,
XLO,-0.118631643134139,-0.168234488500696,-17.5716867956244
XMAX,1.2404127364274,33.5437877954145,209.869938612276
XMTR,1.30554280926046,19.5351908085324,117.365365128863
XNCR,0.83528791459489,42.443651750738,90.2208173540936
XNDU,,,
XNET,1.15348877333189,-26.089206164804,-11.4514949348668
XOM,0.156294513872452,5.06896134232659,18.1222150919625
XOMA,0.875098204469176,36.6332693105431,20.2463993964485
XOMAO,0.149240506192724,-8.74521399197391,-18.525143755621
XOMAP,0.137432240436885,-12.9816124033032,-19.2301973614179
XOS,1.78981101639662,-30.0555027058688,-44.2403174105979
XOSWW,1.73902584936905,40.6876285593592,-13.682168344546
XP,1.11914153122813,-21.8716376253457,-10.9105740118025
XPEL,1.09791943393994,-21.5350512189992,9.28319176622436
XPER,0.926395237037508,20.8705932240822,-12.9595914242852
XPEV,1.12700966252216,-35.7039259020133,-42.2790720008421
XPL,0.464650423749032,-5.99555863632528,-15.160092799891
XPO,1.89623951409543,29.4236030350942,29.7302844904749
XPOF,1.07601103843329,-19.5481614888937,-46.2713187948358
XPON,0.543257441223383,-67.168536157671,-80.2058170886464
XPRO,0.903108164899474,-8.94294673787643,49.7342875183541
XRAY,0.839793380687066,-0.763403389787542,-27.7955770003989
XRN,1.11500219331279,0.362158045939265,-7.41750929070288
XRN_pa,0.073226990637996,-5.10137325265209,-14.7441105139693
XRN_pb,,-4.01054213769422,
XRPN,,-4.12334899392129,-10.7753860976488
XRPNU,,-7.84410987598516,-14.4047513939194
XRPNW,,-8.05642553438231,
XRTX,0.159900867982029,-27.9666138399629,-60.41599698103
XRX,2.44344765129192,21.2841082582172,-60.2457598419013
XRXDW,2.43023993398734,5.99785989349877,-52.3009885953817
XSLL,,,
XSLLW,,,
XTIA,-0.25379208210343,-27.0986033372909,-38.3844027759398
XTKG,1.72979684405228,-99.7979006301945,-99.7737407040884
XTLB,1.44983238568735,-18.216893503058,-61.8861362185936
XTNT,-0.135344158774444,-34.878635874258,-41.9066068315945
XWEL,1.02596720638857,205.377886990715,-18.635670634653
XWIN,1.2404127364274,33.5437877954145,209.869938612276
XXC,,,
XXI,,-51.3722069477642,-86.6079134357714
XXII,0.640304749608756,-97.9924719129592,-99.6616277096235
XYF,0.38413750144469,-20.3516800667342,-69.3073345834975
XYL,1.00756031874341,-16.3899391542104,-18.7272452724861
XYLO,0.18558990139672,23.7333467332675,6.52029953160052
XYZ,2.51838548999376,20.8611015723189,-11.2853406976604
XZ,,,
XZO,,-25.2480880806188,
YAAS,,-62.3761105521729,-98.4599821499492
YALA,0.472002701668474,-29.3497926112458,-40.7291246816828
YB,,-36.4101764550375,-58.3082389271568
YBZN,,,
YCBD,2.16137261144861,-39.6272141645238,-52.997967423609
YCBD_pa,0.846316888024036,122.426066919393,91.4478245541202
YCY,,-4.61111852479504,
YCY_t,,-7.46513599369368,
YCY_u,,-8.93011579761863,
YDDL,,-74.5826750570251,
YDES,-0.139634715782758,-82.2317330634867,-83.5140370738309
YDESW,-0.155430639519591,-80.9177403658027,-82.1957519842194
YDKG,1.34584722850654,-1.224642443519,-99.4036172827584
YELP,0.44613902422596,-5.75036615071305,-32.4706040846592
YETI,1.71142106523403,2.77727568869965,15.4341949914473
YEXT,1.10833587429215,-29.482332226826,-43.3617261483862
YGMZ,1.10146860704735,-24.8479561919992,-99.9822652124506
YHC,,-98.549470383066,-99.266508771383
YHGJ,0.518841377401021,-22.9419260954195,-64.4747772168898
YHNA,,-3.59015976274081,-9.21004776535835
YHNAR,,-27.1899398720017,-37.0589129091877
YHNAU,,-7.16518380714923,-15.8957804112853
YI,0.677318152797702,-29.3212921329516,-52.0459855358586
YIBO,,2.88672664190581,-35.1797001592302
YICC,,,
YJ,0.213924244818772,-11.0796428225945,-41.3972459767328
YLY,,,
YMAB,0.490210432916514,61.169266811302,-43.573382893702
YMAT,,-27.6234578099084,
YMM,0.339060306547218,-12.1144905618924,-30.5762419442702
YMT,,-98.8804164795829,
YOOV,,-80.551104240643,-87.1602708401103
YORW,0.600636730809847,-10.3580398507287,-8.96524733306392
YOU,1.06019879143461,47.9239185302237,54.5215720836441
YOUL,,-77.015186601579,-87.6768176612719
YPF,1.2774230827474,22.3085770438466,29.007637243497
YQ,1.0008354197684,-46.6367564988682,-16.205185036137
YRD,1.09844782168677,-74.4211417159515,-83.8545675806115
YSG,-1.55663059003102,-23.2822886126659,-65.2909343201472
YSS,,,
YSWY,,,
YSXT,,-29.1515347690386,-79.2058887155903
YTRA,0.726612497597694,-49.8986374613328,-15.8976963766445
YUM,0.555279844108414,-8.33509882908288,-10.4155396513171
YUMC,0.079898706749619,-14.7480427900569,-16.5699903267653
YXCA,,,
YXT,,-57.8574476562773,-64.3860640487387
YYAI,-0.486246209157864,-98.615002218966,-99.9910345699695
YYDT,,,
YYGH,,-99.6538079842706,-99.9709718567275
YZRY,,,
Z,1.9729529238229,-52.5152905427344,-64.5989732580269
ZBAI,0.080970452350588,-2.79813778305454,-7.0978005204381
ZBAO,,-83.1509004443174,-84.7645911533368
ZBH,0.445609978046411,4.60239845644952,-14.1923978629229
ZBIO,,51.1372380767529,68.8378727271578
ZBJ,,,
ZBRA,1.58342205160355,11.9909103527174,-26.9105684112229
ZCMD,-0.028093395216763,-99.6538699345807,-99.8686762032189
ZD,1.07717859937096,25.7523292475178,39.6535637794823
ZDAI,,-84.5636702470614,-84.1886544825744
ZDAN,,,
ZDGE,1.21825396355575,-15.0203812324914,-41.4628852621531
ZDYM,,,
ZENA,,-72.3079203655326,-78.7013646668125
ZENV,0.453723537218455,-99.4572352391644,-99.7057425381599
ZEO,0.69311447050191,-52.6235012292111,-82.5138775434263
ZEOWW,0.64462548596241,-37.3883050130553,-81.1909057794647
ZEPP,1.88157162123812,-80.9990473371227,-70.9319986152476
ZETA,1.3864311613994,2.76600693135536,17.310923512017
ZEUS,1.72026657842507,40.7575595669852,22.4937958812337
ZG,1.94682202302716,-51.6793967528429,-63.1182769793756
ZGHB,,,
ZGM,,1.40168843747559,
ZGN,0.924386347063539,51.7025479781246,42.2790478048053
ZH,0.281041773668919,-19.6208455334375,-37.2696362540865
ZHZ,,,
ZIM,1.14333170542312,-0.643507223467277,24.8888025585217
ZIMV,2.05885141939846,63.0468094007247,12.6410022667313
ZION,0.793399341850543,10.4466870778838,8.01433864921566
ZIONO,0.200053320263697,-11.291390097321,-23.9759513893729
ZIONP,0.234043378861154,-12.6238579270269,-31.4502373395318
ZIP,1.40444648191313,57.9228479626788,-20.5024712651133
ZJK,,-24.8479561919992,-55.6376231213089
ZJYL,7.32120953587861,-40.2765214770855,-87.5172833212088
ZK,,-10.0213629961329,-15.9780956028468
ZKH,,-19.6744459298542,-16.2572696819648
ZKIN,2.26478540076944,-27.329391600754,-56.9931401926023
ZKP,,,
ZKPU,,,
ZKPW,,,
ZLAB,0.777979693882966,2.59025335080458,-58.6049248067332
ZM,1.00074169045247,-9.00427563061321,4.37107136704453
ZNB,2.86311799276098,-99.6525043424316,-99.985759961664
ZNTL,1.93198575987937,48.1239088707182,175.960683764135
ZOM,1.39497208453294,-42.6972493002858,81.8529359160669
ZONE,,58.148240336702,-84.4820608942379
ZOOZ,0.568060280842676,-44.6829256246332,-94.7376973277362
ZOOZW,0.71182471006289,-51.9213018082767,-85.1809812131181
ZPTA,,2.31078463950822,71436.0467178142
ZS,0.935585561266112,-35.1566872888471,-54.8773169623878
ZSMA,,,
ZSPC,,-98.7116792490057,-99.7879113762923
ZSQR,-0.153774748132691,-65.9555591020147,-65.4511559547238
ZSSY,,,
ZSTK,1.78169529638063,-88.4394645463992,-95.0859911096452
ZTEK,0.314304665004634,-31.2276826299042,-55.0419959357775
ZTG,,1.40168843747559,
ZTO,-0.224812298500588,3.68936856120032,3.27688461525615
ZTS,0.723284547390446,-41.7310047659437,-55.7749691055204
ZUMZ,0.984399690057578,-21.5575731280772,16.6720751210592
ZUO,1.70386690415931,4.64263782745566,-3.25985547049693
ZURA,-0.020590367971897,-19.0625344680551,194.14568312714
ZVIA,0.992622092336497,-26.5808309885429,-56.724347318806
ZVRA,0.925544634704004,2.3557371573135,-22.5796954808548
ZWS,1.08738764542265,-1.12734044363612,10.3939748621958
ZXTY,,,
ZYBT,,22.4904635596091,-80.1046526804038
ZYME,1.15407992512778,-8.64582201618832,44.4851560542738
ZYRX,,,
ZYXI,1.19256377862197,-96.1848190541895,-98.0282749134206
