symbol,is_final,financial_year,financial_period_end_date,report_type,data_type,consol_basis,report_source,item_name,is_pershare_item,is_percent_item,item_unit,item_currency,item_num
0004.HK,1,2023,20231231,Original To Original,,Consolidated Only,,Net Asset Value (NAV) - Total (REIT/Real Estate),False,False,Units,HKD,142989.0
0004.HK,1,2023,20231231,Original To Original,,Consolidated Only,,Net Asset Value - Per Share - Basic - Total,True,False,No scaling,HKD,4.679e-05
0004.HK,1,2023,20231231,Recent To Recent,,Consolidated Only,,Net Asset Value (NAV) - Total (REIT/Real Estate),False,False,Units,HKD,142989.0
0004.HK,1,2023,20231231,Recent To Recent,,Consolidated Only,,Net Asset Value - Per Share - Basic - Total,True,False,No scaling,HKD,4.679e-05
0004.HK,1,2023,20231231,Original To Original,Original,Consolidated Only,HKG ARS,Net Asset Value (NAV) - Total (REIT/Real Estate),False,False,Units,HKD,142989.0
0004.HK,1,2023,20231231,Original To Original,Original,Consolidated Only,HKG ARS,Net Asset Value - Per Share - Basic - Total,True,False,No scaling,HKD,4.679e-05
0004.HK,1,2023,20231231,Recent To Recent,Original,Consolidated Only,HKG ARS,Net Asset Value (NAV) - Total (REIT/Real Estate),False,False,Units,HKD,142989.0
0004.HK,1,2023,20231231,Recent To Recent,Original,Consolidated Only,HKG ARS,Net Asset Value - Per Share - Basic - Total,True,False,No scaling,HKD,4.679e-05
0004.HK,1,2024,20241231,Original To Original,,Consolidated Only,,Net Asset Value (NAV) - Total (REIT/Real Estate),False,False,Units,HKD,136832.0
0004.HK,1,2024,20241231,Original To Original,,Consolidated Only,,Net Asset Value - Per Share - Basic - Total,True,False,No scaling,HKD,4.477e-05
0004.HK,1,2024,20241231,Recent To Recent,,Consolidated Only,,Net Asset Value (NAV) - Total (REIT/Real Estate),False,False,Units,HKD,136832.0
0004.HK,1,2024,20241231,Recent To Recent,,Consolidated Only,,Net Asset Value - Per Share - Basic - Total,True,False,No scaling,HKD,4.477e-05
0004.HK,1,2024,20241231,Original To Original,Original,Consolidated Only,HKG ARS,Net Asset Value (NAV) - Total (REIT/Real Estate),False,False,Units,HKD,136832.0
0004.HK,1,2024,20241231,Original To Original,Original,Consolidated Only,HKG ARS,Net Asset Value - Per Share - Basic - Total,True,False,No scaling,HKD,4.477e-05
0004.HK,1,2024,20241231,Recent To Recent,Original,Consolidated Only,HKG ARS,Net Asset Value (NAV) - Total (REIT/Real Estate),False,False,Units,HKD,136832.0
0004.HK,1,2024,20241231,Recent To Recent,Original,Consolidated Only,HKG ARS,Net Asset Value - Per Share - Basic - Total,True,False,No scaling,HKD,4.477e-05
0004.HK,1,2025,20251231,Original To Original,,Consolidated Only,,Net Asset Value (NAV) - Total (REIT/Real Estate),False,False,Units,HKD,146707.0
0004.HK,1,2025,20251231,Original To Original,,Consolidated Only,,Net Asset Value - Per Share - Basic - Total,True,False,No scaling,HKD,4.801e-05
0004.HK,1,2025,20251231,Recent To Recent,,Consolidated Only,,Net Asset Value (NAV) - Total (REIT/Real Estate),False,False,Units,HKD,146707.0
0004.HK,1,2025,20251231,Recent To Recent,,Consolidated Only,,Net Asset Value - Per Share - Basic - Total,True,False,No scaling,HKD,4.801e-05
0004.HK,1,2025,20251231,Original To Original,Original,Consolidated Only,HKG ARS,Net Asset Value (NAV) - Total (REIT/Real Estate),False,False,Units,HKD,146707.0
0004.HK,1,2025,20251231,Original To Original,Original,Consolidated Only,HKG ARS,Net Asset Value - Per Share - Basic - Total,True,False,No scaling,HKD,4.801e-05
0004.HK,1,2025,20251231,Recent To Recent,Original,Consolidated Only,HKG ARS,Net Asset Value (NAV) - Total (REIT/Real Estate),False,False,Units,HKD,146707.0
0004.HK,1,2025,20251231,Recent To Recent,Original,Consolidated Only,HKG ARS,Net Asset Value - Per Share - Basic - Total,True,False,No scaling,HKD,4.801e-05
0005.HK,1,2023,20231231,Original To Original,,Consolidated Only,,Net Interest Margin - Total - %,False,True,Percentage,,1.66
0005.HK,1,2023,20231231,Original To Original,,Consolidated Only,,Net Interest Spread - Total - %,False,True,Percentage,,1.2
0005.HK,1,2023,20231231,Original To Original,,Consolidated Only,,Efficiency Ratio - Total - %,False,True,Percentage,,4.85e-05
0005.HK,1,2023,20231231,Recent To Recent,,Consolidated Only,,Net Interest Margin - Total - %,False,True,Percentage,,1.66
0005.HK,1,2023,20231231,Recent To Recent,,Consolidated Only,,Net Interest Spread - Total - %,False,True,Percentage,,1.2
0005.HK,1,2023,20231231,Recent To Recent,,Consolidated Only,,Efficiency Ratio - Total - %,False,True,Percentage,,4.85e-05
0005.HK,1,2023,20231231,Original To Original,Original,Consolidated Only,GBR ARS,Net Interest Margin - Total - %,False,True,Percentage,,1.66
0005.HK,1,2023,20231231,Original To Original,Original,Consolidated Only,GBR ARS,Net Interest Spread - Total - %,False,True,Percentage,,1.2
0005.HK,1,2023,20231231,Original To Original,Original,Consolidated Only,GBR ARS,Efficiency Ratio - Total - %,False,True,Percentage,,4.85e-05
0005.HK,1,2023,20231231,Recent To Recent,Original,Consolidated Only,GBR ARS,Net Interest Margin - Total - %,False,True,Percentage,,1.66
0005.HK,1,2023,20231231,Recent To Recent,Original,Consolidated Only,GBR ARS,Net Interest Spread - Total - %,False,True,Percentage,,1.2
0005.HK,1,2023,20231231,Recent To Recent,Original,Consolidated Only,GBR ARS,Efficiency Ratio - Total - %,False,True,Percentage,,4.85e-05
0005.HK,1,2024,20241231,Original To Original,,Consolidated Only,,Net Interest Margin - Total - %,False,True,Percentage,,1.56
0005.HK,1,2024,20241231,Original To Original,,Consolidated Only,,Net Interest Spread - Total - %,False,True,Percentage,,1.22
0005.HK,1,2024,20241231,Original To Original,,Consolidated Only,,Efficiency Ratio - Total - %,False,True,Percentage,,5.02e-05
0005.HK,1,2024,20241231,Recent To Recent,,Consolidated Only,,Net Interest Margin - Total - %,False,True,Percentage,,1.56
0005.HK,1,2024,20241231,Recent To Recent,,Consolidated Only,,Net Interest Spread - Total - %,False,True,Percentage,,1.22
0005.HK,1,2024,20241231,Recent To Recent,,Consolidated Only,,Efficiency Ratio - Total - %,False,True,Percentage,,5.02e-05
0005.HK,1,2024,20241231,Original To Original,Original,Consolidated Only,GBR ARS,Net Interest Margin - Total - %,False,True,Percentage,,1.56
0005.HK,1,2024,20241231,Original To Original,Original,Consolidated Only,GBR ARS,Net Interest Spread - Total - %,False,True,Percentage,,1.22
0005.HK,1,2024,20241231,Original To Original,Original,Consolidated Only,GBR ARS,Efficiency Ratio - Total - %,False,True,Percentage,,5.02e-05
0005.HK,1,2024,20241231,Recent To Recent,Restatement,Consolidated Only,GBR ARS,Net Interest Margin - Total - %,False,True,Percentage,,1.56
0005.HK,1,2024,20241231,Recent To Recent,Restatement,Consolidated Only,GBR ARS,Net Interest Spread - Total - %,False,True,Percentage,,1.22
0005.HK,1,2024,20241231,Recent To Recent,Restatement,Consolidated Only,GBR ARS,Efficiency Ratio - Total - %,False,True,Percentage,,5.02e-05
0005.HK,1,2025,20251231,Original To Original,,Consolidated Only,,Net Interest Margin - Total - %,False,True,Percentage,,1.59
0005.HK,1,2025,20251231,Original To Original,,Consolidated Only,,Net Interest Spread - Total - %,False,True,Percentage,,1.36
0005.HK,1,2025,20251231,Original To Original,,Consolidated Only,,Efficiency Ratio - Total - %,False,True,Percentage,,5.34e-05
0005.HK,1,2025,20251231,Recent To Recent,,Consolidated Only,,Net Interest Margin - Total - %,False,True,Percentage,,1.59
0005.HK,1,2025,20251231,Recent To Recent,,Consolidated Only,,Net Interest Spread - Total - %,False,True,Percentage,,1.36
0005.HK,1,2025,20251231,Recent To Recent,,Consolidated Only,,Efficiency Ratio - Total - %,False,True,Percentage,,5.34e-05
0005.HK,1,2025,20251231,Original To Original,Original,Consolidated Only,GBR ARS,Net Interest Margin - Total - %,False,True,Percentage,,1.59
0005.HK,1,2025,20251231,Original To Original,Original,Consolidated Only,GBR ARS,Net Interest Spread - Total - %,False,True,Percentage,,1.36
0005.HK,1,2025,20251231,Original To Original,Original,Consolidated Only,GBR ARS,Efficiency Ratio - Total - %,False,True,Percentage,,5.34e-05
0005.HK,1,2025,20251231,Recent To Recent,Original,Consolidated Only,GBR ARS,Net Interest Margin - Total - %,False,True,Percentage,,1.59
0005.HK,1,2025,20251231,Recent To Recent,Original,Consolidated Only,GBR ARS,Net Interest Spread - Total - %,False,True,Percentage,,1.36
0005.HK,1,2025,20251231,Recent To Recent,Original,Consolidated Only,GBR ARS,Efficiency Ratio - Total - %,False,True,Percentage,,5.34e-05
0008.HK,1,2023,20231231,Original To Original,Original,Consolidated Only,HKG ARS,Subscribers - Connections - Number - Total,False,False,No scaling,,13.4
0008.HK,1,2023,20231231,Recent To Recent,Original,Consolidated Only,HKG ARS,Subscribers - Connections - Number - Total,False,False,No scaling,,13.4
0008.HK,1,2024,20241231,Original To Original,Original,Consolidated Only,HKG ARS,Subscribers - Connections - Number - Total,False,False,No scaling,,15.5
0008.HK,1,2024,20241231,Recent To Recent,Original,Consolidated Only,HKG ARS,Subscribers - Connections - Number - Total,False,False,No scaling,,15.5
0008.HK,1,2025,20251231,Original To Original,Original,Consolidated Only,HKG ARS,Subscribers - Connections - Number - Total,False,False,No scaling,,16.8
0008.HK,1,2025,20251231,Recent To Recent,Original,Consolidated Only,HKG ARS,Subscribers - Connections - Number - Total,False,False,No scaling,,16.8
0010.HK,1,2023,20231231,Original To Original,,Consolidated Only,,Net Asset Value (NAV) - Total (REIT/Real Estate),False,False,Units,HKD,94360.0
0010.HK,1,2023,20231231,Original To Original,,Consolidated Only,,Net Asset Value - Per Share - Basic - Total,True,False,No scaling,HKD,6.93e-05
0010.HK,1,2023,20231231,Recent To Recent,,Consolidated Only,,Net Asset Value (NAV) - Total (REIT/Real Estate),False,False,Units,HKD,94360.0
0010.HK,1,2023,20231231,Recent To Recent,,Consolidated Only,,Net Asset Value - Per Share - Basic - Total,True,False,No scaling,HKD,6.93e-05
0010.HK,1,2023,20231231,Original To Original,Original,Consolidated Only,HKG ARS,Net Asset Value (NAV) - Total (REIT/Real Estate),False,False,Units,HKD,94360.0
0010.HK,1,2023,20231231,Original To Original,Original,Consolidated Only,HKG ARS,Net Asset Value - Per Share - Basic - Total,True,False,No scaling,HKD,6.93e-05
0010.HK,1,2023,20231231,Recent To Recent,Original,Consolidated Only,HKG ARS,Net Asset Value (NAV) - Total (REIT/Real Estate),False,False,Units,HKD,94360.0
0010.HK,1,2023,20231231,Recent To Recent,Original,Consolidated Only,HKG ARS,Net Asset Value - Per Share - Basic - Total,True,False,No scaling,HKD,6.93e-05
0010.HK,1,2024,20241231,Original To Original,,Consolidated Only,,Net Asset Value (NAV) - Total (REIT/Real Estate),False,False,Units,HKD,95776.0
0010.HK,1,2024,20241231,Original To Original,,Consolidated Only,,Net Asset Value - Per Share - Basic - Total,True,False,No scaling,HKD,7.03e-05
0010.HK,1,2024,20241231,Recent To Recent,,Consolidated Only,,Net Asset Value (NAV) - Total (REIT/Real Estate),False,False,Units,HKD,95776.0
0010.HK,1,2024,20241231,Recent To Recent,,Consolidated Only,,Net Asset Value - Per Share - Basic - Total,True,False,No scaling,HKD,7.03e-05
0010.HK,1,2024,20241231,Original To Original,Original,Consolidated Only,HKG ARS,Net Asset Value (NAV) - Total (REIT/Real Estate),False,False,Units,HKD,95776.0
0010.HK,1,2024,20241231,Original To Original,Original,Consolidated Only,HKG ARS,Net Asset Value - Per Share - Basic - Total,True,False,No scaling,HKD,7.03e-05
0010.HK,1,2024,20241231,Recent To Recent,Original,Consolidated Only,HKG ARS,Net Asset Value (NAV) - Total (REIT/Real Estate),False,False,Units,HKD,95776.0
0010.HK,1,2024,20241231,Recent To Recent,Original,Consolidated Only,HKG ARS,Net Asset Value - Per Share - Basic - Total,True,False,No scaling,HKD,7.03e-05
0010.HK,1,2025,20251231,Original To Original,,Consolidated Only,,Net Asset Value (NAV) - Total (REIT/Real Estate),False,False,Units,HKD,98881.0
0010.HK,1,2025,20251231,Original To Original,,Consolidated Only,,Net Asset Value - Per Share - Basic - Total,True,False,No scaling,HKD,7.26e-05
0010.HK,1,2025,20251231,Recent To Recent,,Consolidated Only,,Net Asset Value (NAV) - Total (REIT/Real Estate),False,False,Units,HKD,98881.0
0010.HK,1,2025,20251231,Recent To Recent,,Consolidated Only,,Net Asset Value - Per Share - Basic - Total,True,False,No scaling,HKD,7.26e-05
0010.HK,1,2025,20251231,Original To Original,Original,Consolidated Only,HKG ARS,Net Asset Value (NAV) - Total (REIT/Real Estate),False,False,Units,HKD,98881.0
0010.HK,1,2025,20251231,Original To Original,Original,Consolidated Only,HKG ARS,Net Asset Value - Per Share - Basic - Total,True,False,No scaling,HKD,7.26e-05
0010.HK,1,2025,20251231,Recent To Recent,Original,Consolidated Only,HKG ARS,Net Asset Value (NAV) - Total (REIT/Real Estate),False,False,Units,HKD,98881.0
0010.HK,1,2025,20251231,Recent To Recent,Original,Consolidated Only,HKG ARS,Net Asset Value - Per Share - Basic - Total,True,False,No scaling,HKD,7.26e-05
0011.HK,1,2023,20231231,Original To Original,Original,Consolidated Only,HKG ARS,Net Interest Margin - Total - %,False,True,Percentage,,2.3
0011.HK,1,2023,20231231,Original To Original,Original,Consolidated Only,HKG ARS,Net Interest Spread - Total - %,False,True,Percentage,,1.89
0011.HK,1,2023,20231231,Original To Original,Original,Consolidated Only,HKG ARS,Solvency Margin - Total - %,False,True,Percentage,,7.29e-05
0011.HK,1,2023,20231231,Original To Original,Original,Consolidated Only,HKG ARS,Efficiency Ratio - Total - %,False,True,Percentage,,3.58e-05
0011.HK,1,2023,20231231,Recent To Recent,Original,Consolidated Only,HKG ARS,Net Interest Margin - Total - %,False,True,Percentage,,2.3
0011.HK,1,2023,20231231,Recent To Recent,Original,Consolidated Only,HKG ARS,Net Interest Spread - Total - %,False,True,Percentage,,1.89
0011.HK,1,2023,20231231,Recent To Recent,Original,Consolidated Only,HKG ARS,Solvency Margin - Total - %,False,True,Percentage,,7.29e-05
0011.HK,1,2023,20231231,Recent To Recent,Original,Consolidated Only,HKG ARS,Efficiency Ratio - Total - %,False,True,Percentage,,3.58e-05
0011.HK,1,2024,20241231,Original To Original,Original,Consolidated Only,HKG ARS,Net Interest Margin - Total - %,False,True,Percentage,,2.2
0011.HK,1,2024,20241231,Original To Original,Original,Consolidated Only,HKG ARS,Net Interest Spread - Total - %,False,True,Percentage,,1.78
0011.HK,1,2024,20241231,Original To Original,Original,Consolidated Only,HKG ARS,Solvency Margin - Total - %,False,True,Percentage,,6.47e-05
0011.HK,1,2024,20241231,Original To Original,Original,Consolidated Only,HKG ARS,Efficiency Ratio - Total - %,False,True,Percentage,,3.66e-05
0011.HK,1,2024,20241231,Recent To Recent,Original,Consolidated Only,HKG ARS,Net Interest Margin - Total - %,False,True,Percentage,,2.2
0011.HK,1,2024,20241231,Recent To Recent,Original,Consolidated Only,HKG ARS,Net Interest Spread - Total - %,False,True,Percentage,,1.78
0011.HK,1,2024,20241231,Recent To Recent,Original,Consolidated Only,HKG ARS,Solvency Margin - Total - %,False,True,Percentage,,6.47e-05
0011.HK,1,2024,20241231,Recent To Recent,Original,Consolidated Only,HKG ARS,Efficiency Ratio - Total - %,False,True,Percentage,,3.66e-05
0012.HK,1,2023,20231231,Original To Original,Original,Consolidated Only,HKG ARS,Net Asset Value (NAV) - Total (REIT/Real Estate),False,False,Units,HKD,326542.0
0012.HK,1,2023,20231231,Recent To Recent,Original,Consolidated Only,HKG ARS,Net Asset Value (NAV) - Total (REIT/Real Estate),False,False,Units,HKD,326542.0
0012.HK,1,2024,20241231,Original To Original,Original,Consolidated Only,HKG ARS,Net Asset Value (NAV) - Total (REIT/Real Estate),False,False,Units,HKD,322147.0
0012.HK,1,2024,20241231,Recent To Recent,Original,Consolidated Only,HKG ARS,Net Asset Value (NAV) - Total (REIT/Real Estate),False,False,Units,HKD,322147.0
0012.HK,1,2025,20251231,Original To Original,Original,Consolidated Only,HKG ARS,Net Asset Value (NAV) - Total (REIT/Real Estate),False,False,Units,HKD,322464.0
0012.HK,1,2025,20251231,Recent To Recent,Original,Consolidated Only,HKG ARS,Net Asset Value (NAV) - Total (REIT/Real Estate),False,False,Units,HKD,322464.0
0014.HK,1,2023,20231231,Original To Original,Original,Consolidated Only,HKG ARS,Net Asset Value (NAV) - Total (REIT/Real Estate),False,False,Units,HKD,67182.0
0014.HK,1,2023,20231231,Original To Original,Original,Consolidated Only,HKG ARS,Net Asset Value - Per Share - Basic - Total,True,False,No scaling,HKD,6.54e-05
0014.HK,1,2023,20231231,Recent To Recent,Original,Consolidated Only,HKG ARS,Net Asset Value (NAV) - Total (REIT/Real Estate),False,False,Units,HKD,67182.0
0014.HK,1,2023,20231231,Recent To Recent,Original,Consolidated Only,HKG ARS,Net Asset Value - Per Share - Basic - Total,True,False,No scaling,HKD,6.54e-05
0014.HK,1,2024,20241231,Original To Original,Original,Consolidated Only,HKG ARS,Net Asset Value (NAV) - Total (REIT/Real Estate),False,False,Units,HKD,65993.0
0014.HK,1,2024,20241231,Original To Original,Original,Consolidated Only,HKG ARS,Net Asset Value - Per Share - Basic - Total,True,False,No scaling,HKD,6.43e-05
0014.HK,1,2024,20241231,Recent To Recent,Original,Consolidated Only,HKG ARS,Net Asset Value (NAV) - Total (REIT/Real Estate),False,False,Units,HKD,65993.0
0014.HK,1,2024,20241231,Recent To Recent,Original,Consolidated Only,HKG ARS,Net Asset Value - Per Share - Basic - Total,True,False,No scaling,HKD,6.43e-05
0014.HK,1,2025,20251231,Original To Original,Original,Consolidated Only,HKG ARS,Net Asset Value (NAV) - Total (REIT/Real Estate),False,False,Units,HKD,65456.0
0014.HK,1,2025,20251231,Original To Original,Original,Consolidated Only,HKG ARS,Net Asset Value - Per Share - Basic - Total,True,False,No scaling,HKD,6.37e-05
0014.HK,1,2025,20251231,Recent To Recent,Original,Consolidated Only,HKG ARS,Net Asset Value (NAV) - Total (REIT/Real Estate),False,False,Units,HKD,65456.0
0014.HK,1,2025,20251231,Recent To Recent,Original,Consolidated Only,HKG ARS,Net Asset Value - Per Share - Basic - Total,True,False,No scaling,HKD,6.37e-05
0016.HK,1,2023,20230630,Original To Original,Original,Consolidated Only,HKG ARS,Net Asset Value (NAV) - Total (REIT/Real Estate),False,False,Units,HKD,602055.0
0016.HK,1,2023,20230630,Recent To Recent,Original,Consolidated Only,HKG ARS,Net Asset Value (NAV) - Total (REIT/Real Estate),False,False,Units,HKD,602055.0
0016.HK,1,2024,20240630,Original To Original,Original,Consolidated Only,HKG ARS,Net Asset Value (NAV) - Total (REIT/Real Estate),False,False,Units,HKD,606717.0
0016.HK,1,2024,20240630,Recent To Recent,Original,Consolidated Only,HKG ARS,Net Asset Value (NAV) - Total (REIT/Real Estate),False,False,Units,HKD,606717.0
0016.HK,1,2025,20250630,Original To Original,Original,Consolidated Only,HKG ARS,Net Asset Value (NAV) - Total (REIT/Real Estate),False,False,Units,HKD,617851.0
0016.HK,1,2025,20250630,Recent To Recent,Original,Consolidated Only,HKG ARS,Net Asset Value (NAV) - Total (REIT/Real Estate),False,False,Units,HKD,617851.0
0017.HK,1,2023,20230630,Original To Original,Original,Consolidated Only,HKG ARS,Net Asset Value (NAV) - Total (REIT/Real Estate),False,False,Units,HKD,196052.4
0017.HK,1,2023,20230630,Recent To Recent,Original,Consolidated Only,HKG ARS,Net Asset Value (NAV) - Total (REIT/Real Estate),False,False,Units,HKD,196052.4
0017.HK,1,2024,20240630,Original To Original,Original,Consolidated Only,HKG ARS,Net Asset Value (NAV) - Total (REIT/Real Estate),False,False,Units,HKD,179831.9
0017.HK,1,2024,20240630,Recent To Recent,Original,Consolidated Only,HKG ARS,Net Asset Value (NAV) - Total (REIT/Real Estate),False,False,Units,HKD,179831.9
0017.HK,1,2025,20250630,Original To Original,Original,Consolidated Only,HKG ARS,Net Asset Value (NAV) - Total (REIT/Real Estate),False,False,Units,HKD,163715.8
0017.HK,1,2025,20250630,Recent To Recent,Original,Consolidated Only,HKG ARS,Net Asset Value (NAV) - Total (REIT/Real Estate),False,False,Units,HKD,163715.8
0018.HK,1,2023,20230331,Original To Original,,Consolidated Only,,Advertisement Revenue - Total,False,False,Units,HKD,115.162
0018.HK,1,2023,20230331,Recent To Recent,,Consolidated Only,,Advertisement Revenue - Total,False,False,Units,HKD,115.162
0018.HK,1,2023,20230331,Original To Original,Original,Consolidated Only,HKG ARS,Advertisement Revenue - Total,False,False,Units,HKD,115.162
0018.HK,1,2023,20230331,Recent To Recent,Original,Consolidated Only,HKG ARS,Advertisement Revenue - Total,False,False,Units,HKD,115.162
0018.HK,1,2024,20240331,Original To Original,,Consolidated Only,,Advertisement Revenue - Total,False,False,Units,HKD,99.363
0018.HK,1,2024,20240331,Recent To Recent,,Consolidated Only,,Advertisement Revenue - Total,False,False,Units,HKD,99.363
0018.HK,1,2024,20240331,Original To Original,Original,Consolidated Only,HKG ARS,Advertisement Revenue - Total,False,False,Units,HKD,99.363
0018.HK,1,2024,20240331,Recent To Recent,Original,Consolidated Only,HKG ARS,Advertisement Revenue - Total,False,False,Units,HKD,99.363
0018.HK,1,2025,20250331,Original To Original,,Consolidated Only,,Advertisement Revenue - Total,False,False,Units,HKD,81.417
0018.HK,1,2025,20250331,Recent To Recent,,Consolidated Only,,Advertisement Revenue - Total,False,False,Units,HKD,81.417
0018.HK,1,2025,20250331,Original To Original,Original,Consolidated Only,HKG ARS,Advertisement Revenue - Total,False,False,Units,HKD,81.417
0018.HK,1,2025,20250331,Recent To Recent,Original,Consolidated Only,HKG ARS,Advertisement Revenue - Total,False,False,Units,HKD,81.417
0023.HK,1,2023,20231231,Original To Original,Original,Consolidated Only,HKG ARS,Net Interest Margin - Total - %,False,True,Percentage,,2.14
0023.HK,1,2023,20231231,Original To Original,Original,Consolidated Only,HKG ARS,Solvency Margin - Total - %,False,True,Percentage,,8.11e-05
0023.HK,1,2023,20231231,Original To Original,Original,Consolidated Only,HKG ARS,Efficiency Ratio - Total - %,False,True,Percentage,,4.55e-05
0023.HK,1,2023,20231231,Recent To Recent,Original,Consolidated Only,HKG ARS,Net Interest Margin - Total - %,False,True,Percentage,,2.14
0023.HK,1,2023,20231231,Recent To Recent,Original,Consolidated Only,HKG ARS,Solvency Margin - Total - %,False,True,Percentage,,8.11e-05
0023.HK,1,2023,20231231,Recent To Recent,Original,Consolidated Only,HKG ARS,Efficiency Ratio - Total - %,False,True,Percentage,,4.55e-05
0023.HK,1,2024,20241231,Original To Original,Original,Consolidated Only,HKG ARS,Net Interest Margin - Total - %,False,True,Percentage,,2.09
0023.HK,1,2024,20241231,Original To Original,Original,Consolidated Only,HKG ARS,Solvency Margin - Total - %,False,True,Percentage,,8.02e-05
0023.HK,1,2024,20241231,Original To Original,Original,Consolidated Only,HKG ARS,Efficiency Ratio - Total - %,False,True,Percentage,,4.59e-05
0023.HK,1,2024,20241231,Recent To Recent,Original,Consolidated Only,HKG ARS,Net Interest Margin - Total - %,False,True,Percentage,,2.09
0023.HK,1,2024,20241231,Recent To Recent,Original,Consolidated Only,HKG ARS,Solvency Margin - Total - %,False,True,Percentage,,8.02e-05
0023.HK,1,2024,20241231,Recent To Recent,Original,Consolidated Only,HKG ARS,Efficiency Ratio - Total - %,False,True,Percentage,,4.59e-05
0023.HK,1,2025,20251231,Original To Original,Original,Consolidated Only,HKG ARS,Net Interest Margin - Total - %,False,True,Percentage,,1.9
0023.HK,1,2025,20251231,Original To Original,Original,Consolidated Only,HKG ARS,Solvency Margin - Total - %,False,True,Percentage,,7.53e-05
0023.HK,1,2025,20251231,Original To Original,Original,Consolidated Only,HKG ARS,Efficiency Ratio - Total - %,False,True,Percentage,,4.67e-05
0023.HK,1,2025,20251231,Recent To Recent,Original,Consolidated Only,HKG ARS,Net Interest Margin - Total - %,False,True,Percentage,,1.9
0023.HK,1,2025,20251231,Recent To Recent,Original,Consolidated Only,HKG ARS,Solvency Margin - Total - %,False,True,Percentage,,7.53e-05
0023.HK,1,2025,20251231,Recent To Recent,Original,Consolidated Only,HKG ARS,Efficiency Ratio - Total - %,False,True,Percentage,,4.67e-05
0026.HK,1,2023,20230630,Original To Original,,Consolidated Only,,Net Asset Value (NAV) - Total (REIT/Real Estate),False,False,Units,HKD,7607.914
0026.HK,1,2023,20230630,Recent To Recent,,Consolidated Only,,Net Asset Value (NAV) - Total (REIT/Real Estate),False,False,Units,HKD,7607.914
0026.HK,1,2023,20230630,Original To Original,Original,Consolidated Only,HKG ARS,Net Asset Value (NAV) - Total (REIT/Real Estate),False,False,Units,HKD,7607.914
0026.HK,1,2023,20230630,Recent To Recent,Original,Consolidated Only,HKG ARS,Net Asset Value (NAV) - Total (REIT/Real Estate),False,False,Units,HKD,7607.914
0026.HK,1,2024,20240630,Original To Original,,Consolidated Only,,Net Asset Value (NAV) - Total (REIT/Real Estate),False,False,Units,HKD,7198.532
0026.HK,1,2024,20240630,Recent To Recent,,Consolidated Only,,Net Asset Value (NAV) - Total (REIT/Real Estate),False,False,Units,HKD,7198.532
0026.HK,1,2024,20240630,Original To Original,Original,Consolidated Only,HKG ARS,Net Asset Value (NAV) - Total (REIT/Real Estate),False,False,Units,HKD,7198.532
0026.HK,1,2024,20240630,Recent To Recent,Original,Consolidated Only,HKG ARS,Net Asset Value (NAV) - Total (REIT/Real Estate),False,False,Units,HKD,7198.532
0026.HK,1,2025,20250630,Original To Original,,Consolidated Only,,Net Asset Value (NAV) - Total (REIT/Real Estate),False,False,Units,HKD,6805.993
0026.HK,1,2025,20250630,Recent To Recent,,Consolidated Only,,Net Asset Value (NAV) - Total (REIT/Real Estate),False,False,Units,HKD,6805.993
0026.HK,1,2025,20250630,Original To Original,Original,Consolidated Only,HKG ARS,Net Asset Value (NAV) - Total (REIT/Real Estate),False,False,Units,HKD,6805.993
0026.HK,1,2025,20250630,Recent To Recent,Original,Consolidated Only,HKG ARS,Net Asset Value (NAV) - Total (REIT/Real Estate),False,False,Units,HKD,6805.993
0028.HK,1,2023,20231231,Original To Original,Original,Consolidated Only,HKG ARS,Net Asset Value (NAV) - Total (REIT/Real Estate),False,False,Units,HKD,27224.005
0028.HK,1,2023,20231231,Original To Original,Original,Consolidated Only,HKG ARS,Net Asset Value - Per Share - Basic - Total,True,False,No scaling,HKD,1.857e-05
0028.HK,1,2023,20231231,Recent To Recent,Original,Consolidated Only,HKG ARS,Net Asset Value (NAV) - Total (REIT/Real Estate),False,False,Units,HKD,27224.005
0028.HK,1,2023,20231231,Recent To Recent,Original,Consolidated Only,HKG ARS,Net Asset Value - Per Share - Basic - Total,True,False,No scaling,HKD,1.857e-05
0028.HK,1,2024,20241231,Original To Original,Original,Consolidated Only,HKG ARS,Net Asset Value (NAV) - Total (REIT/Real Estate),False,False,Units,HKD,26387.005
0028.HK,1,2024,20241231,Original To Original,Original,Consolidated Only,HKG ARS,Net Asset Value - Per Share - Basic - Total,True,False,No scaling,HKD,1.8e-05
0028.HK,1,2024,20241231,Recent To Recent,Original,Consolidated Only,HKG ARS,Net Asset Value (NAV) - Total (REIT/Real Estate),False,False,Units,HKD,26387.005
0028.HK,1,2024,20241231,Recent To Recent,Original,Consolidated Only,HKG ARS,Net Asset Value - Per Share - Basic - Total,True,False,No scaling,HKD,1.8e-05
0028.HK,1,2025,20251231,Original To Original,Original,Consolidated Only,HKG ARS,Net Asset Value (NAV) - Total (REIT/Real Estate),False,False,Units,HKD,28662.865
0028.HK,1,2025,20251231,Original To Original,Original,Consolidated Only,HKG ARS,Net Asset Value - Per Share - Basic - Total,True,False,No scaling,HKD,1.955e-05
0028.HK,1,2025,20251231,Recent To Recent,Original,Consolidated Only,HKG ARS,Net Asset Value (NAV) - Total (REIT/Real Estate),False,False,Units,HKD,28662.865
0028.HK,1,2025,20251231,Recent To Recent,Original,Consolidated Only,HKG ARS,Net Asset Value - Per Share - Basic - Total,True,False,No scaling,HKD,1.955e-05
0029.HK,1,2023,20230630,Original To Original,,Consolidated Only,,Net Asset Value (NAV) - Total (REIT/Real Estate),False,False,Units,HKD,1985.068
0029.HK,1,2023,20230630,Original To Original,,Consolidated Only,,Net Asset Value - Per Share - Basic - Total,True,False,No scaling,HKD,8.35e-06
0029.HK,1,2023,20230630,Recent To Recent,,Consolidated Only,,Net Asset Value (NAV) - Total (REIT/Real Estate),False,False,Units,HKD,1985.068
0029.HK,1,2023,20230630,Recent To Recent,,Consolidated Only,,Net Asset Value - Per Share - Basic - Total,True,False,No scaling,HKD,8.35e-06
0029.HK,1,2023,20230630,Original To Original,Original,Consolidated Only,HKG ARS,Net Asset Value (NAV) - Total (REIT/Real Estate),False,False,Units,HKD,1985.068
0029.HK,1,2023,20230630,Original To Original,Original,Consolidated Only,HKG ARS,Net Asset Value - Per Share - Basic - Total,True,False,No scaling,HKD,8.35e-06
0029.HK,1,2023,20230630,Recent To Recent,Original,Consolidated Only,HKG ARS,Net Asset Value (NAV) - Total (REIT/Real Estate),False,False,Units,HKD,1985.068
0029.HK,1,2023,20230630,Recent To Recent,Original,Consolidated Only,HKG ARS,Net Asset Value - Per Share - Basic - Total,True,False,No scaling,HKD,8.35e-06
0029.HK,1,2024,20240630,Original To Original,,Consolidated Only,,Net Asset Value (NAV) - Total (REIT/Real Estate),False,False,Units,HKD,7354.705
0029.HK,1,2024,20240630,Original To Original,,Consolidated Only,,Net Asset Value - Per Share - Basic - Total,True,False,No scaling,HKD,3.094e-05
0029.HK,1,2024,20240630,Recent To Recent,,Consolidated Only,,Net Asset Value (NAV) - Total (REIT/Real Estate),False,False,Units,HKD,7354.705
0029.HK,1,2024,20240630,Recent To Recent,,Consolidated Only,,Net Asset Value - Per Share - Basic - Total,True,False,No scaling,HKD,3.094e-05
0029.HK,1,2024,20240630,Original To Original,Original,Consolidated Only,HKG ARS,Net Asset Value (NAV) - Total (REIT/Real Estate),False,False,Units,HKD,7354.705
0029.HK,1,2024,20240630,Original To Original,Original,Consolidated Only,HKG ARS,Net Asset Value - Per Share - Basic - Total,True,False,No scaling,HKD,3.094e-05
0029.HK,1,2024,20240630,Recent To Recent,Original,Consolidated Only,HKG ARS,Net Asset Value (NAV) - Total (REIT/Real Estate),False,False,Units,HKD,7354.705
0029.HK,1,2024,20240630,Recent To Recent,Original,Consolidated Only,HKG ARS,Net Asset Value - Per Share - Basic - Total,True,False,No scaling,HKD,3.094e-05
0029.HK,1,2025,20250630,Original To Original,,Consolidated Only,,Net Asset Value (NAV) - Total (REIT/Real Estate),False,False,Units,HKD,7295.32
0029.HK,1,2025,20250630,Original To Original,,Consolidated Only,,Net Asset Value - Per Share - Basic - Total,True,False,No scaling,HKD,3.069e-05
0029.HK,1,2025,20250630,Recent To Recent,,Consolidated Only,,Net Asset Value (NAV) - Total (REIT/Real Estate),False,False,Units,HKD,7295.32
0029.HK,1,2025,20250630,Recent To Recent,,Consolidated Only,,Net Asset Value - Per Share - Basic - Total,True,False,No scaling,HKD,3.069e-05
0029.HK,1,2025,20250630,Original To Original,Original,Consolidated Only,HKG ARS,Net Asset Value (NAV) - Total (REIT/Real Estate),False,False,Units,HKD,7295.32
0029.HK,1,2025,20250630,Original To Original,Original,Consolidated Only,HKG ARS,Net Asset Value - Per Share - Basic - Total,True,False,No scaling,HKD,3.069e-05
0029.HK,1,2025,20250630,Recent To Recent,Original,Consolidated Only,HKG ARS,Net Asset Value (NAV) - Total (REIT/Real Estate),False,False,Units,HKD,7295.32
0029.HK,1,2025,20250630,Recent To Recent,Original,Consolidated Only,HKG ARS,Net Asset Value - Per Share - Basic - Total,True,False,No scaling,HKD,3.069e-05
0034.HK,1,2023,20231231,Original To Original,,Consolidated Only,,Net Asset Value (NAV) - Total (REIT/Real Estate),False,False,Units,HKD,17669.438
0034.HK,1,2023,20231231,Original To Original,,Consolidated Only,,Net Asset Value - Per Share - Diluted - Total,True,False,No scaling,HKD,1.502e-05
0034.HK,1,2023,20231231,Recent To Recent,,Consolidated Only,,Net Asset Value (NAV) - Total (REIT/Real Estate),False,False,Units,HKD,17669.438
0034.HK,1,2023,20231231,Recent To Recent,,Consolidated Only,,Net Asset Value - Per Share - Diluted - Total,True,False,No scaling,HKD,1.502e-05
0034.HK,1,2023,20231231,Original To Original,Original,Consolidated Only,HKG ARS,Net Asset Value (NAV) - Total (REIT/Real Estate),False,False,Units,HKD,17669.438
0034.HK,1,2023,20231231,Original To Original,Original,Consolidated Only,HKG ARS,Net Asset Value - Per Share - Diluted - Total,True,False,No scaling,HKD,1.502e-05
0034.HK,1,2023,20231231,Recent To Recent,Original,Consolidated Only,HKG ARS,Net Asset Value (NAV) - Total (REIT/Real Estate),False,False,Units,HKD,17669.438
0034.HK,1,2023,20231231,Recent To Recent,Original,Consolidated Only,HKG ARS,Net Asset Value - Per Share - Diluted - Total,True,False,No scaling,HKD,1.502e-05
0034.HK,1,2024,20241231,Original To Original,,Consolidated Only,,Net Asset Value (NAV) - Total (REIT/Real Estate),False,False,Units,HKD,17471.141
0034.HK,1,2024,20241231,Original To Original,,Consolidated Only,,Net Asset Value - Per Share - Diluted - Total,True,False,No scaling,HKD,1.338e-05
0034.HK,1,2024,20241231,Recent To Recent,,Consolidated Only,,Net Asset Value (NAV) - Total (REIT/Real Estate),False,False,Units,HKD,17471.141
0034.HK,1,2024,20241231,Recent To Recent,,Consolidated Only,,Net Asset Value - Per Share - Diluted - Total,True,False,No scaling,HKD,1.338e-05
0034.HK,1,2024,20241231,Original To Original,Original,Consolidated Only,HKG ARS,Net Asset Value (NAV) - Total (REIT/Real Estate),False,False,Units,HKD,17471.141
0034.HK,1,2024,20241231,Original To Original,Original,Consolidated Only,HKG ARS,Net Asset Value - Per Share - Diluted - Total,True,False,No scaling,HKD,1.338e-05
0034.HK,1,2024,20241231,Recent To Recent,Original,Consolidated Only,HKG ARS,Net Asset Value (NAV) - Total (REIT/Real Estate),False,False,Units,HKD,17471.141
0034.HK,1,2024,20241231,Recent To Recent,Original,Consolidated Only,HKG ARS,Net Asset Value - Per Share - Diluted - Total,True,False,No scaling,HKD,1.338e-05
0034.HK,1,2025,20251231,Original To Original,,Consolidated Only,,Net Asset Value (NAV) - Total (REIT/Real Estate),False,False,Units,HKD,17465.713
0034.HK,1,2025,20251231,Original To Original,,Consolidated Only,,Net Asset Value - Per Share - Diluted - Total,True,False,No scaling,HKD,1.337e-05
0034.HK,1,2025,20251231,Recent To Recent,,Consolidated Only,,Net Asset Value (NAV) - Total (REIT/Real Estate),False,False,Units,HKD,17465.713
0034.HK,1,2025,20251231,Recent To Recent,,Consolidated Only,,Net Asset Value - Per Share - Diluted - Total,True,False,No scaling,HKD,1.337e-05
0034.HK,1,2025,20251231,Original To Original,Original,Consolidated Only,HKG ARS,Net Asset Value (NAV) - Total (REIT/Real Estate),False,False,Units,HKD,17465.713
0034.HK,1,2025,20251231,Original To Original,Original,Consolidated Only,HKG ARS,Net Asset Value - Per Share - Diluted - Total,True,False,No scaling,HKD,1.337e-05
0034.HK,1,2025,20251231,Recent To Recent,Original,Consolidated Only,HKG ARS,Net Asset Value (NAV) - Total (REIT/Real Estate),False,False,Units,HKD,17465.713
0034.HK,1,2025,20251231,Recent To Recent,Original,Consolidated Only,HKG ARS,Net Asset Value - Per Share - Diluted - Total,True,False,No scaling,HKD,1.337e-05
0035.HK,1,2023,20230331,Original To Original,,Consolidated Only,,Net Asset Value (NAV) - Total (REIT/Real Estate),False,False,Units,HKD,12355.165
0035.HK,1,2023,20230331,Original To Original,,Consolidated Only,,Net Asset Value - Per Share - Basic - Total,True,False,No scaling,HKD,1.167e-05
0035.HK,1,2023,20230331,Recent To Recent,,Consolidated Only,,Net Asset Value (NAV) - Total (REIT/Real Estate),False,False,Units,HKD,12355.165
0035.HK,1,2023,20230331,Recent To Recent,,Consolidated Only,,Net Asset Value - Per Share - Basic - Total,True,False,No scaling,HKD,1.167e-05
0035.HK,1,2023,20230331,Original To Original,Original,Consolidated Only,HKG ARS,Net Asset Value (NAV) - Total (REIT/Real Estate),False,False,Units,HKD,12355.165
0035.HK,1,2023,20230331,Original To Original,Original,Consolidated Only,HKG ARS,Net Asset Value - Per Share - Basic - Total,True,False,No scaling,HKD,1.167e-05
0035.HK,1,2023,20230331,Recent To Recent,Original,Consolidated Only,HKG ARS,Net Asset Value (NAV) - Total (REIT/Real Estate),False,False,Units,HKD,12355.165
0035.HK,1,2023,20230331,Recent To Recent,Original,Consolidated Only,HKG ARS,Net Asset Value - Per Share - Basic - Total,True,False,No scaling,HKD,1.167e-05
0035.HK,1,2024,20240331,Original To Original,,Consolidated Only,,Net Asset Value (NAV) - Total (REIT/Real Estate),False,False,Units,HKD,11679.965
0035.HK,1,2024,20240331,Original To Original,,Consolidated Only,,Net Asset Value - Per Share - Basic - Total,True,False,No scaling,HKD,1.077e-05
0035.HK,1,2024,20240331,Recent To Recent,,Consolidated Only,,Net Asset Value (NAV) - Total (REIT/Real Estate),False,False,Units,HKD,11679.965
0035.HK,1,2024,20240331,Recent To Recent,,Consolidated Only,,Net Asset Value - Per Share - Basic - Total,True,False,No scaling,HKD,1.077e-05
0035.HK,1,2024,20240331,Original To Original,Original,Consolidated Only,HKG ARS,Net Asset Value (NAV) - Total (REIT/Real Estate),False,False,Units,HKD,11679.965
0035.HK,1,2024,20240331,Original To Original,Original,Consolidated Only,HKG ARS,Net Asset Value - Per Share - Basic - Total,True,False,No scaling,HKD,1.077e-05
0035.HK,1,2024,20240331,Recent To Recent,Original,Consolidated Only,HKG ARS,Net Asset Value (NAV) - Total (REIT/Real Estate),False,False,Units,HKD,11679.965
0035.HK,1,2024,20240331,Recent To Recent,Original,Consolidated Only,HKG ARS,Net Asset Value - Per Share - Basic - Total,True,False,No scaling,HKD,1.077e-05
0035.HK,1,2025,20250331,Original To Original,,Consolidated Only,,Net Asset Value (NAV) - Total (REIT/Real Estate),False,False,Units,HKD,9824.045
0035.HK,1,2025,20250331,Original To Original,,Consolidated Only,,Net Asset Value - Per Share - Basic - Total,True,False,No scaling,HKD,9.32e-06
0035.HK,1,2025,20250331,Recent To Recent,,Consolidated Only,,Net Asset Value (NAV) - Total (REIT/Real Estate),False,False,Units,HKD,9824.045
0035.HK,1,2025,20250331,Recent To Recent,,Consolidated Only,,Net Asset Value - Per Share - Basic - Total,True,False,No scaling,HKD,9.32e-06
0035.HK,1,2025,20250331,Original To Original,Original,Consolidated Only,HKG ARS,Net Asset Value (NAV) - Total (REIT/Real Estate),False,False,Units,HKD,9824.045
0035.HK,1,2025,20250331,Original To Original,Original,Consolidated Only,HKG ARS,Net Asset Value - Per Share - Basic - Total,True,False,No scaling,HKD,9.32e-06
0035.HK,1,2025,20250331,Recent To Recent,Original,Consolidated Only,HKG ARS,Net Asset Value (NAV) - Total (REIT/Real Estate),False,False,Units,HKD,9824.045
0035.HK,1,2025,20250331,Recent To Recent,Original,Consolidated Only,HKG ARS,Net Asset Value - Per Share - Basic - Total,True,False,No scaling,HKD,9.32e-06
0041.HK,1,2023,20231231,Original To Original,Original,Consolidated Only,HKG ARS,Net Asset Value (NAV) - Total (REIT/Real Estate),False,False,Units,HKD,56778.857
0041.HK,1,2023,20231231,Recent To Recent,Original,Consolidated Only,HKG ARS,Net Asset Value (NAV) - Total (REIT/Real Estate),False,False,Units,HKD,56778.857
0041.HK,1,2024,20241231,Original To Original,Original,Consolidated Only,HKG ARS,Net Asset Value (NAV) - Total (REIT/Real Estate),False,False,Units,HKD,54088.859
0041.HK,1,2024,20241231,Recent To Recent,Original,Consolidated Only,HKG ARS,Net Asset Value (NAV) - Total (REIT/Real Estate),False,False,Units,HKD,54088.859
0041.HK,1,2025,20251231,Original To Original,Original,Consolidated Only,HKG ARS,Net Asset Value (NAV) - Total (REIT/Real Estate),False,False,Units,HKD,52087.95
0041.HK,1,2025,20251231,Recent To Recent,Original,Consolidated Only,HKG ARS,Net Asset Value (NAV) - Total (REIT/Real Estate),False,False,Units,HKD,52087.95
0050.HK,1,2023,20231231,Original To Original,,Consolidated Only,,Net Asset Value (NAV) - Total (REIT/Real Estate),False,False,Units,HKD,6970.577
0050.HK,1,2023,20231231,Recent To Recent,,Consolidated Only,,Net Asset Value (NAV) - Total (REIT/Real Estate),False,False,Units,HKD,6970.577
0050.HK,1,2023,20231231,Original To Original,Original,Consolidated Only,HKG ARS,Net Asset Value (NAV) - Total (REIT/Real Estate),False,False,Units,HKD,6970.577
0050.HK,1,2023,20231231,Recent To Recent,Original,Consolidated Only,HKG ARS,Net Asset Value (NAV) - Total (REIT/Real Estate),False,False,Units,HKD,6970.577
0050.HK,1,2024,20241231,Original To Original,,Consolidated Only,,Net Asset Value (NAV) - Total (REIT/Real Estate),False,False,Units,HKD,7062.719
0050.HK,1,2024,20241231,Recent To Recent,,Consolidated Only,,Net Asset Value (NAV) - Total (REIT/Real Estate),False,False,Units,HKD,7062.719
0050.HK,1,2024,20241231,Original To Original,Original,Consolidated Only,HKG ARS,Net Asset Value (NAV) - Total (REIT/Real Estate),False,False,Units,HKD,7062.719
0050.HK,1,2024,20241231,Recent To Recent,Original,Consolidated Only,HKG ARS,Net Asset Value (NAV) - Total (REIT/Real Estate),False,False,Units,HKD,7062.719
0050.HK,0,2025,20251231,Original To Original,,Consolidated Only,,Net Asset Value (NAV) - Total (REIT/Real Estate),False,False,Units,HKD,7320.439
0050.HK,0,2025,20251231,Recent To Recent,,Consolidated Only,,Net Asset Value (NAV) - Total (REIT/Real Estate),False,False,Units,HKD,7320.439
0050.HK,1,2025,20251231,Original To Original,Original,Consolidated Only,HKG ARS,Net Asset Value (NAV) - Total (REIT/Real Estate),False,False,Units,HKD,7310.365
0050.HK,1,2025,20251231,Recent To Recent,Original,Consolidated Only,HKG ARS,Net Asset Value (NAV) - Total (REIT/Real Estate),False,False,Units,HKD,7310.365
0051.HK,1,2023,20231231,Original To Original,Original,Consolidated Only,HKG ARS,Net Asset Value (NAV) - Total (REIT/Real Estate),False,False,Units,HKD,14329.0
0051.HK,1,2023,20231231,Original To Original,Original,Consolidated Only,HKG ARS,Net Asset Value - Per Share - Basic - Total,True,False,No scaling,HKD,2.022e-05
0051.HK,1,2023,20231231,Recent To Recent,Original,Consolidated Only,HKG ARS,Net Asset Value (NAV) - Total (REIT/Real Estate),False,False,Units,HKD,14329.0
0051.HK,1,2023,20231231,Recent To Recent,Original,Consolidated Only,HKG ARS,Net Asset Value - Per Share - Basic - Total,True,False,No scaling,HKD,2.022e-05
0051.HK,1,2024,20241231,Original To Original,Original,Consolidated Only,HKG ARS,Net Asset Value (NAV) - Total (REIT/Real Estate),False,False,Units,HKD,14217.0
0051.HK,1,2024,20241231,Original To Original,Original,Consolidated Only,HKG ARS,Net Asset Value - Per Share - Basic - Total,True,False,No scaling,HKD,2.006e-05
0051.HK,1,2024,20241231,Recent To Recent,Original,Consolidated Only,HKG ARS,Net Asset Value (NAV) - Total (REIT/Real Estate),False,False,Units,HKD,14217.0
0051.HK,1,2024,20241231,Recent To Recent,Original,Consolidated Only,HKG ARS,Net Asset Value - Per Share - Basic - Total,True,False,No scaling,HKD,2.006e-05
0051.HK,1,2025,20251231,Original To Original,Original,Consolidated Only,HKG ARS,Net Asset Value (NAV) - Total (REIT/Real Estate),False,False,Units,HKD,14980.0
0051.HK,1,2025,20251231,Original To Original,Original,Consolidated Only,HKG ARS,Net Asset Value - Per Share - Basic - Total,True,False,No scaling,HKD,2.113e-05
0051.HK,1,2025,20251231,Recent To Recent,Original,Consolidated Only,HKG ARS,Net Asset Value (NAV) - Total (REIT/Real Estate),False,False,Units,HKD,14980.0
0051.HK,1,2025,20251231,Recent To Recent,Original,Consolidated Only,HKG ARS,Net Asset Value - Per Share - Basic - Total,True,False,No scaling,HKD,2.113e-05
0071.HK,1,2023,20231231,Original To Original,Original,Consolidated Only,HKG ARS,Net Asset Value (NAV) - Total (REIT/Real Estate),False,False,Units,HKD,20485.298
0071.HK,1,2023,20231231,Recent To Recent,Original,Consolidated Only,HKG ARS,Net Asset Value (NAV) - Total (REIT/Real Estate),False,False,Units,HKD,20485.298
0071.HK,1,2024,20241231,Original To Original,Original,Consolidated Only,HKG ARS,Net Asset Value (NAV) - Total (REIT/Real Estate),False,False,Units,HKD,20883.304
0071.HK,1,2024,20241231,Recent To Recent,Original,Consolidated Only,HKG ARS,Net Asset Value (NAV) - Total (REIT/Real Estate),False,False,Units,HKD,20883.304
0071.HK,1,2025,20251231,Original To Original,Original,Consolidated Only,HKG ARS,Net Asset Value (NAV) - Total (REIT/Real Estate),False,False,Units,HKD,21235.593
0071.HK,1,2025,20251231,Recent To Recent,Original,Consolidated Only,HKG ARS,Net Asset Value (NAV) - Total (REIT/Real Estate),False,False,Units,HKD,21235.593
0075.HK,1,2023,20231231,Original To Original,Original,Consolidated Only,HKG ARS,Net Asset Value (NAV) - Total (REIT/Real Estate),False,False,Units,HKD,1029.097
0075.HK,1,2023,20231231,Original To Original,Original,Consolidated Only,HKG ARS,Occupancy Rate of Space Leased - Total - %,False,True,Percentage,,100.0
0075.HK,1,2023,20231231,Original To Original,Original,Consolidated Only,HKG ARS,Net Asset Value - Per Share - Basic - Total,True,False,No scaling,HKD,1.29e-06
0075.HK,1,2023,20231231,Recent To Recent,Original,Consolidated Only,HKG ARS,Net Asset Value (NAV) - Total (REIT/Real Estate),False,False,Units,HKD,1029.097
0075.HK,1,2023,20231231,Recent To Recent,Original,Consolidated Only,HKG ARS,Occupancy Rate of Space Leased - Total - %,False,True,Percentage,,100.0
0075.HK,1,2023,20231231,Recent To Recent,Original,Consolidated Only,HKG ARS,Net Asset Value - Per Share - Basic - Total,True,False,No scaling,HKD,1.29e-06
0075.HK,1,2024,20241231,Original To Original,Original,Consolidated Only,HKG ARS,Net Asset Value (NAV) - Total (REIT/Real Estate),False,False,Units,HKD,1011.191
0075.HK,1,2024,20241231,Original To Original,Original,Consolidated Only,HKG ARS,Net Asset Value - Per Share - Basic - Total,True,False,No scaling,HKD,1.26e-06
0075.HK,1,2024,20241231,Recent To Recent,Original,Consolidated Only,HKG ARS,Net Asset Value (NAV) - Total (REIT/Real Estate),False,False,Units,HKD,1011.191
0075.HK,1,2024,20241231,Recent To Recent,Original,Consolidated Only,HKG ARS,Net Asset Value - Per Share - Basic - Total,True,False,No scaling,HKD,1.26e-06
0075.HK,1,2025,20251231,Original To Original,Original,Consolidated Only,HKG ARS,Net Asset Value (NAV) - Total (REIT/Real Estate),False,False,Units,HKD,693.625
0075.HK,1,2025,20251231,Original To Original,Original,Consolidated Only,HKG ARS,Net Asset Value - Per Share - Basic - Total,True,False,No scaling,HKD,8.7e-07
0075.HK,1,2025,20251231,Recent To Recent,Original,Consolidated Only,HKG ARS,Net Asset Value (NAV) - Total (REIT/Real Estate),False,False,Units,HKD,693.625
0075.HK,1,2025,20251231,Recent To Recent,Original,Consolidated Only,HKG ARS,Net Asset Value - Per Share - Basic - Total,True,False,No scaling,HKD,8.7e-07
0081.HK,1,2023,20231231,Original To Original,,Consolidated Only,,Net Asset Value (NAV) - Total (REIT/Real Estate),False,False,Units,CNY,31303.532
0081.HK,1,2023,20231231,Recent To Recent,,Consolidated Only,,Net Asset Value (NAV) - Total (REIT/Real Estate),False,False,Units,CNY,31303.532
0081.HK,1,2023,20231231,Original To Original,Original,Consolidated Only,HKG ARS,Net Asset Value (NAV) - Total (REIT/Real Estate),False,False,Units,CNY,31303.532
0081.HK,1,2023,20231231,Recent To Recent,Original,Consolidated Only,HKG ARS,Net Asset Value (NAV) - Total (REIT/Real Estate),False,False,Units,CNY,31303.532
0081.HK,1,2024,20241231,Original To Original,,Consolidated Only,,Net Asset Value (NAV) - Total (REIT/Real Estate),False,False,Units,CNY,31395.867
0081.HK,1,2024,20241231,Recent To Recent,,Consolidated Only,,Net Asset Value (NAV) - Total (REIT/Real Estate),False,False,Units,CNY,31395.867
0081.HK,1,2024,20241231,Original To Original,Original,Consolidated Only,HKG ARS,Net Asset Value (NAV) - Total (REIT/Real Estate),False,False,Units,CNY,31395.867
0081.HK,1,2024,20241231,Recent To Recent,Original,Consolidated Only,HKG ARS,Net Asset Value (NAV) - Total (REIT/Real Estate),False,False,Units,CNY,31395.867
0081.HK,0,2025,20251231,Original To Original,,Consolidated Only,,Net Asset Value (NAV) - Total (REIT/Real Estate),False,False,Units,CNY,31621.347
0081.HK,0,2025,20251231,Recent To Recent,,Consolidated Only,,Net Asset Value (NAV) - Total (REIT/Real Estate),False,False,Units,CNY,31621.347
0081.HK,1,2025,20251231,Original To Original,Original,Consolidated Only,HKG ARS,Net Asset Value (NAV) - Total (REIT/Real Estate),False,False,Units,CNY,31621.347
0081.HK,1,2025,20251231,Recent To Recent,Original,Consolidated Only,HKG ARS,Net Asset Value (NAV) - Total (REIT/Real Estate),False,False,Units,CNY,31621.347
0083.HK,1,2023,20230630,Original To Original,Original,Consolidated Only,HKG ARS,Net Asset Value (NAV) - Total (REIT/Real Estate),False,False,Units,HKD,162348.812058
0083.HK,1,2023,20230630,Recent To Recent,Original,Consolidated Only,HKG ARS,Net Asset Value (NAV) - Total (REIT/Real Estate),False,False,Units,HKD,162348.812058
0083.HK,1,2024,20240630,Original To Original,Original,Consolidated Only,HKG ARS,Net Asset Value (NAV) - Total (REIT/Real Estate),False,False,Units,HKD,165790.0
0083.HK,1,2024,20240630,Original To Original,Original,Consolidated Only,HKG ARS,Occupancy Rate of Space Leased - Total - %,False,True,Percentage,,90.8
0083.HK,1,2024,20240630,Recent To Recent,Original,Consolidated Only,HKG ARS,Net Asset Value (NAV) - Total (REIT/Real Estate),False,False,Units,HKD,165790.0
0083.HK,1,2024,20240630,Recent To Recent,Original,Consolidated Only,HKG ARS,Occupancy Rate of Space Leased - Total - %,False,True,Percentage,,90.8
0083.HK,1,2025,20250630,Original To Original,Original,Consolidated Only,HKG ARS,Net Asset Value (NAV) - Total (REIT/Real Estate),False,False,Units,HKD,169397.0
0083.HK,1,2025,20250630,Original To Original,Original,Consolidated Only,HKG ARS,Occupancy Rate of Space Leased - Total - %,False,True,Percentage,,89.6
0083.HK,1,2025,20250630,Recent To Recent,Original,Consolidated Only,HKG ARS,Net Asset Value (NAV) - Total (REIT/Real Estate),False,False,Units,HKD,169397.0
0083.HK,1,2025,20250630,Recent To Recent,Original,Consolidated Only,HKG ARS,Occupancy Rate of Space Leased - Total - %,False,True,Percentage,,89.6
0088.HK,1,2023,20230331,Original To Original,,Consolidated Only,,Net Asset Value (NAV) - Total (REIT/Real Estate),False,False,Units,HKD,6510.3
0088.HK,1,2023,20230331,Original To Original,,Consolidated Only,,Net Asset Value - Per Share - Basic - Total,True,False,No scaling,HKD,1.054e-05
0088.HK,1,2023,20230331,Recent To Recent,,Consolidated Only,,Net Asset Value (NAV) - Total (REIT/Real Estate),False,False,Units,HKD,6510.3
0088.HK,1,2023,20230331,Recent To Recent,,Consolidated Only,,Net Asset Value - Per Share - Basic - Total,True,False,No scaling,HKD,1.054e-05
0088.HK,1,2023,20230331,Original To Original,Original,Consolidated Only,HKG ARS,Net Asset Value (NAV) - Total (REIT/Real Estate),False,False,Units,HKD,6510.3
0088.HK,1,2023,20230331,Original To Original,Original,Consolidated Only,HKG ARS,Net Asset Value - Per Share - Basic - Total,True,False,No scaling,HKD,1.054e-05
0088.HK,1,2023,20230331,Recent To Recent,Original,Consolidated Only,HKG ARS,Net Asset Value (NAV) - Total (REIT/Real Estate),False,False,Units,HKD,6510.3
0088.HK,1,2023,20230331,Recent To Recent,Original,Consolidated Only,HKG ARS,Net Asset Value - Per Share - Basic - Total,True,False,No scaling,HKD,1.054e-05
0088.HK,1,2024,20240331,Original To Original,,Consolidated Only,,Net Asset Value (NAV) - Total (REIT/Real Estate),False,False,Units,HKD,6440.9
0088.HK,1,2024,20240331,Original To Original,,Consolidated Only,,Net Asset Value - Per Share - Basic - Total,True,False,No scaling,HKD,1.043e-05
0088.HK,1,2024,20240331,Recent To Recent,,Consolidated Only,,Net Asset Value (NAV) - Total (REIT/Real Estate),False,False,Units,HKD,6440.9
0088.HK,1,2024,20240331,Recent To Recent,,Consolidated Only,,Net Asset Value - Per Share - Basic - Total,True,False,No scaling,HKD,1.043e-05
0088.HK,1,2024,20240331,Original To Original,Original,Consolidated Only,HKG ARS,Net Asset Value (NAV) - Total (REIT/Real Estate),False,False,Units,HKD,6440.9
0088.HK,1,2024,20240331,Original To Original,Original,Consolidated Only,HKG ARS,Net Asset Value - Per Share - Basic - Total,True,False,No scaling,HKD,1.043e-05
0088.HK,1,2024,20240331,Recent To Recent,Original,Consolidated Only,HKG ARS,Net Asset Value (NAV) - Total (REIT/Real Estate),False,False,Units,HKD,6440.9
0088.HK,1,2024,20240331,Recent To Recent,Original,Consolidated Only,HKG ARS,Net Asset Value - Per Share - Basic - Total,True,False,No scaling,HKD,1.043e-05
0088.HK,1,2025,20250331,Original To Original,,Consolidated Only,,Net Asset Value (NAV) - Total (REIT/Real Estate),False,False,Units,HKD,6353.0
0088.HK,1,2025,20250331,Original To Original,,Consolidated Only,,Net Asset Value - Per Share - Basic - Total,True,False,No scaling,HKD,1.029e-05
0088.HK,1,2025,20250331,Recent To Recent,,Consolidated Only,,Net Asset Value (NAV) - Total (REIT/Real Estate),False,False,Units,HKD,6353.0
0088.HK,1,2025,20250331,Recent To Recent,,Consolidated Only,,Net Asset Value - Per Share - Basic - Total,True,False,No scaling,HKD,1.029e-05
0088.HK,1,2025,20250331,Original To Original,Original,Consolidated Only,HKG ARS,Net Asset Value (NAV) - Total (REIT/Real Estate),False,False,Units,HKD,6353.0
0088.HK,1,2025,20250331,Original To Original,Original,Consolidated Only,HKG ARS,Net Asset Value - Per Share - Basic - Total,True,False,No scaling,HKD,1.029e-05
0088.HK,1,2025,20250331,Recent To Recent,Original,Consolidated Only,HKG ARS,Net Asset Value (NAV) - Total (REIT/Real Estate),False,False,Units,HKD,6353.0
0088.HK,1,2025,20250331,Recent To Recent,Original,Consolidated Only,HKG ARS,Net Asset Value - Per Share - Basic - Total,True,False,No scaling,HKD,1.029e-05
0089.HK,1,2023,20231231,Original To Original,Original,Consolidated Only,HKG ARS,Net Asset Value (NAV) - Total (REIT/Real Estate),False,False,Units,HKD,8622.926
0089.HK,1,2023,20231231,Recent To Recent,Original,Consolidated Only,HKG ARS,Net Asset Value (NAV) - Total (REIT/Real Estate),False,False,Units,HKD,8622.926
0089.HK,1,2024,20241231,Original To Original,Original,Consolidated Only,HKG ARS,Net Asset Value (NAV) - Total (REIT/Real Estate),False,False,Units,HKD,8261.89
0089.HK,1,2024,20241231,Recent To Recent,Original,Consolidated Only,HKG ARS,Net Asset Value (NAV) - Total (REIT/Real Estate),False,False,Units,HKD,8261.89
0089.HK,1,2025,20251231,Original To Original,Original,Consolidated Only,HKG ARS,Net Asset Value (NAV) - Total (REIT/Real Estate),False,False,Units,HKD,7981.831
0089.HK,1,2025,20251231,Recent To Recent,Original,Consolidated Only,HKG ARS,Net Asset Value (NAV) - Total (REIT/Real Estate),False,False,Units,HKD,7981.831
0093.HK,1,2023,20231231,Original To Original,Original,Consolidated Only,HKG ARS,Net Asset Value (NAV) - Total (REIT/Real Estate),False,False,Units,HKD,1080.775
0093.HK,1,2023,20231231,Original To Original,Original,Consolidated Only,HKG ARS,Net Asset Value - Per Share - Basic - Total,True,False,No scaling,HKD,4.051e-07
0093.HK,1,2023,20231231,Recent To Recent,Original,Consolidated Only,HKG ARS,Net Asset Value (NAV) - Total (REIT/Real Estate),False,False,Units,HKD,1080.775
0093.HK,1,2023,20231231,Recent To Recent,Original,Consolidated Only,HKG ARS,Net Asset Value - Per Share - Basic - Total,True,False,No scaling,HKD,4.051e-07
0093.HK,1,2024,20241231,Original To Original,Original,Consolidated Only,HKG ARS,Net Asset Value (NAV) - Total (REIT/Real Estate),False,False,Units,HKD,1092.954
0093.HK,1,2024,20241231,Original To Original,Original,Consolidated Only,HKG ARS,Net Asset Value - Per Share - Basic - Total,True,False,No scaling,HKD,4.097e-07
0093.HK,1,2024,20241231,Recent To Recent,Original,Consolidated Only,HKG ARS,Net Asset Value (NAV) - Total (REIT/Real Estate),False,False,Units,HKD,1092.954
0093.HK,1,2024,20241231,Recent To Recent,Original,Consolidated Only,HKG ARS,Net Asset Value - Per Share - Basic - Total,True,False,No scaling,HKD,4.097e-07
0093.HK,1,2025,20251231,Original To Original,Original,Consolidated Only,HKG ARS,Net Asset Value (NAV) - Total (REIT/Real Estate),False,False,Units,HKD,1120.877
0093.HK,1,2025,20251231,Original To Original,Original,Consolidated Only,HKG ARS,Net Asset Value - Per Share - Basic - Total,True,False,No scaling,HKD,4.202e-07
0093.HK,1,2025,20251231,Recent To Recent,Original,Consolidated Only,HKG ARS,Net Asset Value (NAV) - Total (REIT/Real Estate),False,False,Units,HKD,1120.877
0093.HK,1,2025,20251231,Recent To Recent,Original,Consolidated Only,HKG ARS,Net Asset Value - Per Share - Basic - Total,True,False,No scaling,HKD,4.202e-07
0095.HK,1,2023,20231231,Original To Original,,Consolidated Only,,Net Asset Value (NAV) - Total (REIT/Real Estate),False,False,Units,CNY,23178.428
0095.HK,1,2023,20231231,Recent To Recent,,Consolidated Only,,Net Asset Value (NAV) - Total (REIT/Real Estate),False,False,Units,CNY,23178.428
0095.HK,1,2023,20231231,Original To Original,Original,Consolidated Only,HKG ARS,Net Asset Value (NAV) - Total (REIT/Real Estate),False,False,Units,CNY,23178.428
0095.HK,1,2023,20231231,Recent To Recent,Original,Consolidated Only,HKG ARS,Net Asset Value (NAV) - Total (REIT/Real Estate),False,False,Units,CNY,23178.428
0095.HK,1,2024,20241231,Original To Original,,Consolidated Only,,Net Asset Value (NAV) - Total (REIT/Real Estate),False,False,Units,CNY,18039.614
0095.HK,1,2024,20241231,Recent To Recent,,Consolidated Only,,Net Asset Value (NAV) - Total (REIT/Real Estate),False,False,Units,CNY,18039.614
0095.HK,1,2024,20241231,Original To Original,Original,Consolidated Only,HKG ARS,Net Asset Value (NAV) - Total (REIT/Real Estate),False,False,Units,CNY,18039.614
0095.HK,1,2024,20241231,Recent To Recent,Original,Consolidated Only,HKG ARS,Net Asset Value (NAV) - Total (REIT/Real Estate),False,False,Units,CNY,18039.614
0095.HK,1,2025,20251231,Original To Original,,Consolidated Only,,Net Asset Value (NAV) - Total (REIT/Real Estate),False,False,Units,CNY,9462.351
0095.HK,1,2025,20251231,Recent To Recent,,Consolidated Only,,Net Asset Value (NAV) - Total (REIT/Real Estate),False,False,Units,CNY,9462.351
0095.HK,1,2025,20251231,Original To Original,Original,Consolidated Only,HKG ARS,Net Asset Value (NAV) - Total (REIT/Real Estate),False,False,Units,CNY,9462.351
0095.HK,1,2025,20251231,Recent To Recent,Original,Consolidated Only,HKG ARS,Net Asset Value (NAV) - Total (REIT/Real Estate),False,False,Units,CNY,9462.351
0101.HK,1,2023,20231231,Original To Original,Original,Consolidated Only,HKG ARS,Net Asset Value (NAV) - Total (REIT/Real Estate),False,False,Units,HKD,132408.0
0101.HK,1,2023,20231231,Original To Original,Original,Consolidated Only,HKG ARS,Net Asset Value - Per Share - Basic - Total,True,False,No scaling,HKD,2.94e-05
0101.HK,1,2023,20231231,Recent To Recent,Original,Consolidated Only,HKG ARS,Net Asset Value (NAV) - Total (REIT/Real Estate),False,False,Units,HKD,132408.0
0101.HK,1,2023,20231231,Recent To Recent,Original,Consolidated Only,HKG ARS,Net Asset Value - Per Share - Basic - Total,True,False,No scaling,HKD,2.94e-05
0101.HK,1,2024,20241231,Original To Original,Original,Consolidated Only,HKG ARS,Net Asset Value (NAV) - Total (REIT/Real Estate),False,False,Units,HKD,131587.0
0101.HK,1,2024,20241231,Original To Original,Original,Consolidated Only,HKG ARS,Net Asset Value - Per Share - Basic - Total,True,False,No scaling,HKD,2.75e-05
0101.HK,1,2024,20241231,Recent To Recent,Original,Consolidated Only,HKG ARS,Net Asset Value (NAV) - Total (REIT/Real Estate),False,False,Units,HKD,131587.0
0101.HK,1,2024,20241231,Recent To Recent,Original,Consolidated Only,HKG ARS,Net Asset Value - Per Share - Basic - Total,True,False,No scaling,HKD,2.75e-05
0101.HK,1,2025,20251231,Original To Original,Original,Consolidated Only,HKG ARS,Net Asset Value (NAV) - Total (REIT/Real Estate),False,False,Units,HKD,134729.0
0101.HK,1,2025,20251231,Original To Original,Original,Consolidated Only,HKG ARS,Net Asset Value - Per Share - Basic - Total,True,False,No scaling,HKD,2.66e-05
0101.HK,1,2025,20251231,Recent To Recent,Original,Consolidated Only,HKG ARS,Net Asset Value (NAV) - Total (REIT/Real Estate),False,False,Units,HKD,134729.0
0101.HK,1,2025,20251231,Recent To Recent,Original,Consolidated Only,HKG ARS,Net Asset Value - Per Share - Basic - Total,True,False,No scaling,HKD,2.66e-05
0105.HK,1,2023,20230331,Original To Original,,Consolidated Only,,Net Asset Value (NAV) - Total (REIT/Real Estate),False,False,Units,HKD,7619.946
0105.HK,1,2023,20230331,Recent To Recent,,Consolidated Only,,Net Asset Value (NAV) - Total (REIT/Real Estate),False,False,Units,HKD,7619.946
0105.HK,1,2023,20230331,Original To Original,Original,Consolidated Only,HKG ARS,Net Asset Value (NAV) - Total (REIT/Real Estate),False,False,Units,HKD,7619.946
0105.HK,1,2023,20230331,Recent To Recent,Original,Consolidated Only,HKG ARS,Net Asset Value (NAV) - Total (REIT/Real Estate),False,False,Units,HKD,7619.946
0105.HK,1,2024,20240331,Original To Original,,Consolidated Only,,Net Asset Value (NAV) - Total (REIT/Real Estate),False,False,Units,HKD,7856.305
0105.HK,1,2024,20240331,Recent To Recent,,Consolidated Only,,Net Asset Value (NAV) - Total (REIT/Real Estate),False,False,Units,HKD,7856.305
0105.HK,1,2024,20240331,Original To Original,Original,Consolidated Only,HKG ARS,Net Asset Value (NAV) - Total (REIT/Real Estate),False,False,Units,HKD,7856.305
0105.HK,1,2024,20240331,Recent To Recent,Original,Consolidated Only,HKG ARS,Net Asset Value (NAV) - Total (REIT/Real Estate),False,False,Units,HKD,7856.305
0105.HK,1,2025,20250331,Original To Original,,Consolidated Only,,Net Asset Value (NAV) - Total (REIT/Real Estate),False,False,Units,HKD,7148.074
0105.HK,1,2025,20250331,Recent To Recent,,Consolidated Only,,Net Asset Value (NAV) - Total (REIT/Real Estate),False,False,Units,HKD,7148.074
0105.HK,1,2025,20250331,Original To Original,Original,Consolidated Only,HKG ARS,Net Asset Value (NAV) - Total (REIT/Real Estate),False,False,Units,HKD,7148.074
0105.HK,1,2025,20250331,Recent To Recent,Original,Consolidated Only,HKG ARS,Net Asset Value (NAV) - Total (REIT/Real Estate),False,False,Units,HKD,7148.074
0108.HK,1,2023,20231231,Original To Original,,Consolidated Only,,Net Asset Value (NAV) - Total (REIT/Real Estate),False,False,Units,HKD,3102.292
0108.HK,1,2023,20231231,Recent To Recent,,Consolidated Only,,Net Asset Value (NAV) - Total (REIT/Real Estate),False,False,Units,HKD,3102.292
0108.HK,1,2023,20231231,Original To Original,Original,Consolidated Only,HKG ARS,Net Asset Value (NAV) - Total (REIT/Real Estate),False,False,Units,HKD,3102.292
0108.HK,1,2023,20231231,Recent To Recent,Original,Consolidated Only,HKG ARS,Net Asset Value (NAV) - Total (REIT/Real Estate),False,False,Units,HKD,3102.292
0108.HK,1,2024,20241231,Original To Original,,Consolidated Only,,Net Asset Value (NAV) - Total (REIT/Real Estate),False,False,Units,HKD,2131.809
0108.HK,1,2024,20241231,Recent To Recent,,Consolidated Only,,Net Asset Value (NAV) - Total (REIT/Real Estate),False,False,Units,HKD,2131.809
0108.HK,1,2024,20241231,Original To Original,Original,Consolidated Only,HKG ARS,Net Asset Value (NAV) - Total (REIT/Real Estate),False,False,Units,HKD,2131.809
0108.HK,1,2024,20241231,Recent To Recent,Original,Consolidated Only,HKG ARS,Net Asset Value (NAV) - Total (REIT/Real Estate),False,False,Units,HKD,2131.809
0108.HK,1,2025,20251231,Original To Original,,Consolidated Only,,Net Asset Value (NAV) - Total (REIT/Real Estate),False,False,Units,HKD,2092.791
0108.HK,1,2025,20251231,Recent To Recent,,Consolidated Only,,Net Asset Value (NAV) - Total (REIT/Real Estate),False,False,Units,HKD,2092.791
0108.HK,1,2025,20251231,Original To Original,Original,Consolidated Only,HKG ARS,Net Asset Value (NAV) - Total (REIT/Real Estate),False,False,Units,HKD,2092.791
0108.HK,1,2025,20251231,Recent To Recent,Original,Consolidated Only,HKG ARS,Net Asset Value (NAV) - Total (REIT/Real Estate),False,False,Units,HKD,2092.791
0116.HK,1,2023,20231231,Original To Original,Original,Consolidated Only,HKG ARS,Stores Closed - Number - Total,False,False,No scaling,,73.0
0116.HK,1,2023,20231231,Original To Original,Original,Consolidated Only,HKG ARS,Stores Opened - Number - Total,False,False,No scaling,,128.0
0116.HK,1,2023,20231231,Recent To Recent,Original,Consolidated Only,HKG ARS,Stores Closed - Number - Total,False,False,No scaling,,73.0
0116.HK,1,2023,20231231,Recent To Recent,Original,Consolidated Only,HKG ARS,Stores Opened - Number - Total,False,False,No scaling,,128.0
0116.HK,1,2024,20241231,Original To Original,Original,Consolidated Only,HKG ARS,Stores Closed - Number - Total,False,False,No scaling,,122.0
0116.HK,1,2024,20241231,Original To Original,Original,Consolidated Only,HKG ARS,Stores Opened - Number - Total,False,False,No scaling,,48.0
0116.HK,1,2024,20241231,Recent To Recent,Original,Consolidated Only,HKG ARS,Stores Closed - Number - Total,False,False,No scaling,,122.0
0116.HK,1,2024,20241231,Recent To Recent,Original,Consolidated Only,HKG ARS,Stores Opened - Number - Total,False,False,No scaling,,48.0
0116.HK,1,2025,20251231,Original To Original,Original,Consolidated Only,HKG ARS,Stores Closed - Number - Total,False,False,No scaling,,155.0
0116.HK,1,2025,20251231,Original To Original,Original,Consolidated Only,HKG ARS,Stores Opened - Number - Total,False,False,No scaling,,37.0
0116.HK,1,2025,20251231,Recent To Recent,Original,Consolidated Only,HKG ARS,Stores Closed - Number - Total,False,False,No scaling,,155.0
0116.HK,1,2025,20251231,Recent To Recent,Original,Consolidated Only,HKG ARS,Stores Opened - Number - Total,False,False,No scaling,,37.0
0119.HK,1,2023,20231231,Original To Original,Original,Consolidated Only,HKG ARS,Net Asset Value (NAV) - Total (REIT/Real Estate),False,False,Units,CNY,34100.27
0119.HK,1,2023,20231231,Original To Original,Original,Consolidated Only,HKG ARS,Net Asset Value - Per Share - Basic - Total,True,False,No scaling,CNY,8.92e-06
0119.HK,1,2023,20231231,Recent To Recent,Original,Consolidated Only,HKG ARS,Net Asset Value (NAV) - Total (REIT/Real Estate),False,False,Units,CNY,34100.27
0119.HK,1,2023,20231231,Recent To Recent,Original,Consolidated Only,HKG ARS,Net Asset Value - Per Share - Basic - Total,True,False,No scaling,CNY,8.92e-06
0119.HK,1,2024,20241231,Original To Original,Original,Consolidated Only,HKG ARS,Net Asset Value (NAV) - Total (REIT/Real Estate),False,False,Units,CNY,34209.353
0119.HK,1,2024,20241231,Original To Original,Original,Consolidated Only,HKG ARS,Net Asset Value - Per Share - Basic - Total,True,False,No scaling,CNY,8.95e-06
0119.HK,1,2024,20241231,Recent To Recent,Original,Consolidated Only,HKG ARS,Net Asset Value (NAV) - Total (REIT/Real Estate),False,False,Units,CNY,34209.353
0119.HK,1,2024,20241231,Recent To Recent,Original,Consolidated Only,HKG ARS,Net Asset Value - Per Share - Basic - Total,True,False,No scaling,CNY,8.95e-06
0119.HK,1,2025,20251231,Original To Original,Original,Consolidated Only,HKG ARS,Net Asset Value (NAV) - Total (REIT/Real Estate),False,False,Units,CNY,33719.299
0119.HK,1,2025,20251231,Original To Original,Original,Consolidated Only,HKG ARS,Net Asset Value - Per Share - Basic - Total,True,False,No scaling,CNY,8.82e-06
0119.HK,1,2025,20251231,Recent To Recent,Original,Consolidated Only,HKG ARS,Net Asset Value (NAV) - Total (REIT/Real Estate),False,False,Units,CNY,33719.299
0119.HK,1,2025,20251231,Recent To Recent,Original,Consolidated Only,HKG ARS,Net Asset Value - Per Share - Basic - Total,True,False,No scaling,CNY,8.82e-06
0120.HK,1,2023,20231231,Original To Original,Original,Consolidated Only,HKG ARS,Net Asset Value (NAV) - Total (REIT/Real Estate),False,False,Units,HKD,1186.4
0120.HK,1,2023,20231231,Original To Original,Original,Consolidated Only,HKG ARS,Net Asset Value - Per Share - Basic - Total,True,False,No scaling,HKD,8.1e-07
0120.HK,1,2023,20231231,Recent To Recent,Original,Consolidated Only,HKG ARS,Net Asset Value (NAV) - Total (REIT/Real Estate),False,False,Units,HKD,1186.4
0120.HK,1,2023,20231231,Recent To Recent,Original,Consolidated Only,HKG ARS,Net Asset Value - Per Share - Basic - Total,True,False,No scaling,HKD,8.1e-07
0120.HK,1,2024,20241231,Original To Original,Original,Consolidated Only,HKG ARS,Net Asset Value (NAV) - Total (REIT/Real Estate),False,False,Units,HKD,681.1
0120.HK,1,2024,20241231,Original To Original,Original,Consolidated Only,HKG ARS,Net Asset Value - Per Share - Basic - Total,True,False,No scaling,HKD,4.6e-07
0120.HK,1,2024,20241231,Recent To Recent,Original,Consolidated Only,HKG ARS,Net Asset Value (NAV) - Total (REIT/Real Estate),False,False,Units,HKD,681.1
0120.HK,1,2024,20241231,Recent To Recent,Original,Consolidated Only,HKG ARS,Net Asset Value - Per Share - Basic - Total,True,False,No scaling,HKD,4.6e-07
0120.HK,1,2025,20251231,Original To Original,Original,Consolidated Only,HKG ARS,Net Asset Value (NAV) - Total (REIT/Real Estate),False,False,Units,HKD,384.4
0120.HK,1,2025,20251231,Original To Original,Original,Consolidated Only,HKG ARS,Net Asset Value - Per Share - Basic - Total,True,False,No scaling,HKD,2.1e-07
0120.HK,1,2025,20251231,Recent To Recent,Original,Consolidated Only,HKG ARS,Net Asset Value (NAV) - Total (REIT/Real Estate),False,False,Units,HKD,384.4
0120.HK,1,2025,20251231,Recent To Recent,Original,Consolidated Only,HKG ARS,Net Asset Value - Per Share - Basic - Total,True,False,No scaling,HKD,2.1e-07
0123.HK,1,2023,20231231,Original To Original,Original,Consolidated Only,HKG ARS,Net Asset Value (NAV) - Total (REIT/Real Estate),False,False,Units,CNY,55628.905
0123.HK,1,2023,20231231,Recent To Recent,Original,Consolidated Only,HKG ARS,Net Asset Value (NAV) - Total (REIT/Real Estate),False,False,Units,CNY,55628.905
0123.HK,1,2024,20241231,Original To Original,Original,Consolidated Only,HKG ARS,Net Asset Value (NAV) - Total (REIT/Real Estate),False,False,Units,CNY,55261.066
0123.HK,1,2024,20241231,Recent To Recent,Original,Consolidated Only,HKG ARS,Net Asset Value (NAV) - Total (REIT/Real Estate),False,False,Units,CNY,55261.066
0123.HK,1,2025,20251231,Original To Original,Original,Consolidated Only,HKG ARS,Net Asset Value (NAV) - Total (REIT/Real Estate),False,False,Units,CNY,54817.26
0123.HK,1,2025,20251231,Recent To Recent,Original,Consolidated Only,HKG ARS,Net Asset Value (NAV) - Total (REIT/Real Estate),False,False,Units,CNY,54817.26
0127.HK,1,2023,20231231,Original To Original,,Consolidated Only,,Net Asset Value (NAV) - Total (REIT/Real Estate),False,False,Units,HKD,14211.504
0127.HK,1,2023,20231231,Original To Original,,Consolidated Only,,Net Asset Value - Per Share - Basic - Total,True,False,No scaling,HKD,7.45e-06
0127.HK,1,2023,20231231,Recent To Recent,,Consolidated Only,,Net Asset Value (NAV) - Total (REIT/Real Estate),False,False,Units,HKD,14211.504
0127.HK,1,2023,20231231,Recent To Recent,,Consolidated Only,,Net Asset Value - Per Share - Basic - Total,True,False,No scaling,HKD,7.45e-06
0127.HK,1,2023,20231231,Original To Original,Original,Consolidated Only,HKG ARS,Net Asset Value (NAV) - Total (REIT/Real Estate),False,False,Units,HKD,14211.504
0127.HK,1,2023,20231231,Original To Original,Original,Consolidated Only,HKG ARS,Net Asset Value - Per Share - Basic - Total,True,False,No scaling,HKD,7.45e-06
0127.HK,1,2023,20231231,Recent To Recent,Original,Consolidated Only,HKG ARS,Net Asset Value (NAV) - Total (REIT/Real Estate),False,False,Units,HKD,14211.504
0127.HK,1,2023,20231231,Recent To Recent,Original,Consolidated Only,HKG ARS,Net Asset Value - Per Share - Basic - Total,True,False,No scaling,HKD,7.45e-06
0127.HK,1,2024,20241231,Original To Original,,Consolidated Only,,Net Asset Value (NAV) - Total (REIT/Real Estate),False,False,Units,HKD,12066.736
0127.HK,1,2024,20241231,Original To Original,,Consolidated Only,,Net Asset Value - Per Share - Basic - Total,True,False,No scaling,HKD,6.33e-06
0127.HK,1,2024,20241231,Recent To Recent,,Consolidated Only,,Net Asset Value (NAV) - Total (REIT/Real Estate),False,False,Units,HKD,12066.736
0127.HK,1,2024,20241231,Recent To Recent,,Consolidated Only,,Net Asset Value - Per Share - Basic - Total,True,False,No scaling,HKD,6.33e-06
0127.HK,1,2024,20241231,Original To Original,Original,Consolidated Only,HKG ARS,Net Asset Value (NAV) - Total (REIT/Real Estate),False,False,Units,HKD,12066.736
0127.HK,1,2024,20241231,Original To Original,Original,Consolidated Only,HKG ARS,Net Asset Value - Per Share - Basic - Total,True,False,No scaling,HKD,6.33e-06
0127.HK,1,2024,20241231,Recent To Recent,Original,Consolidated Only,HKG ARS,Net Asset Value (NAV) - Total (REIT/Real Estate),False,False,Units,HKD,12066.736
0127.HK,1,2024,20241231,Recent To Recent,Original,Consolidated Only,HKG ARS,Net Asset Value - Per Share - Basic - Total,True,False,No scaling,HKD,6.33e-06
0127.HK,1,2025,20251231,Original To Original,,Consolidated Only,,Net Asset Value (NAV) - Total (REIT/Real Estate),False,False,Units,HKD,11910.514
0127.HK,1,2025,20251231,Original To Original,,Consolidated Only,,Net Asset Value - Per Share - Basic - Total,True,False,No scaling,HKD,6.24e-06
0127.HK,1,2025,20251231,Recent To Recent,,Consolidated Only,,Net Asset Value (NAV) - Total (REIT/Real Estate),False,False,Units,HKD,11910.514
0127.HK,1,2025,20251231,Recent To Recent,,Consolidated Only,,Net Asset Value - Per Share - Basic - Total,True,False,No scaling,HKD,6.24e-06
0127.HK,1,2025,20251231,Original To Original,Original,Consolidated Only,HKG ARS,Net Asset Value (NAV) - Total (REIT/Real Estate),False,False,Units,HKD,11910.514
0127.HK,1,2025,20251231,Original To Original,Original,Consolidated Only,HKG ARS,Net Asset Value - Per Share - Basic - Total,True,False,No scaling,HKD,6.24e-06
0127.HK,1,2025,20251231,Recent To Recent,Original,Consolidated Only,HKG ARS,Net Asset Value (NAV) - Total (REIT/Real Estate),False,False,Units,HKD,11910.514
0127.HK,1,2025,20251231,Recent To Recent,Original,Consolidated Only,HKG ARS,Net Asset Value - Per Share - Basic - Total,True,False,No scaling,HKD,6.24e-06
0129.HK,1,2023,20230331,Original To Original,Original,Consolidated Only,HKG ARS,Net Asset Value (NAV) - Total (REIT/Real Estate),False,False,Units,HKD,19438.536
0129.HK,1,2023,20230331,Recent To Recent,Original,Consolidated Only,HKG ARS,Net Asset Value (NAV) - Total (REIT/Real Estate),False,False,Units,HKD,19438.536
0129.HK,1,2024,20240331,Original To Original,Original,Consolidated Only,HKG ARS,Net Asset Value (NAV) - Total (REIT/Real Estate),False,False,Units,HKD,14451.428
0129.HK,1,2024,20240331,Recent To Recent,Original,Consolidated Only,HKG ARS,Net Asset Value (NAV) - Total (REIT/Real Estate),False,False,Units,HKD,14451.428
0129.HK,1,2025,20250331,Original To Original,Original,Consolidated Only,HKG ARS,Net Asset Value (NAV) - Total (REIT/Real Estate),False,False,Units,HKD,11688.378
0129.HK,1,2025,20250331,Recent To Recent,Original,Consolidated Only,HKG ARS,Net Asset Value (NAV) - Total (REIT/Real Estate),False,False,Units,HKD,11688.378
0131.HK,1,2023,20230630,Original To Original,,Consolidated Only,,Net Asset Value (NAV) - Total (REIT/Real Estate),False,False,Units,HKD,6573.558
0131.HK,1,2023,20230630,Original To Original,,Consolidated Only,,Net Asset Value - Per Share - Basic - Total,True,False,No scaling,HKD,1.039e-05
0131.HK,1,2023,20230630,Recent To Recent,,Consolidated Only,,Net Asset Value (NAV) - Total (REIT/Real Estate),False,False,Units,HKD,6573.558
0131.HK,1,2023,20230630,Recent To Recent,,Consolidated Only,,Net Asset Value - Per Share - Basic - Total,True,False,No scaling,HKD,1.039e-05
0131.HK,1,2023,20230630,Original To Original,Original,Consolidated Only,HKG ARS,Net Asset Value (NAV) - Total (REIT/Real Estate),False,False,Units,HKD,6573.558
0131.HK,1,2023,20230630,Original To Original,Original,Consolidated Only,HKG ARS,Net Asset Value - Per Share - Basic - Total,True,False,No scaling,HKD,1.039e-05
0131.HK,1,2023,20230630,Recent To Recent,Original,Consolidated Only,HKG ARS,Net Asset Value (NAV) - Total (REIT/Real Estate),False,False,Units,HKD,6573.558
0131.HK,1,2023,20230630,Recent To Recent,Original,Consolidated Only,HKG ARS,Net Asset Value - Per Share - Basic - Total,True,False,No scaling,HKD,1.039e-05
0131.HK,1,2024,20240630,Original To Original,,Consolidated Only,,Net Asset Value (NAV) - Total (REIT/Real Estate),False,False,Units,HKD,6684.368
0131.HK,1,2024,20240630,Original To Original,,Consolidated Only,,Net Asset Value - Per Share - Basic - Total,True,False,No scaling,HKD,1.056e-05
0131.HK,1,2024,20240630,Recent To Recent,,Consolidated Only,,Net Asset Value (NAV) - Total (REIT/Real Estate),False,False,Units,HKD,6684.368
0131.HK,1,2024,20240630,Recent To Recent,,Consolidated Only,,Net Asset Value - Per Share - Basic - Total,True,False,No scaling,HKD,1.056e-05
0131.HK,1,2024,20240630,Original To Original,Original,Consolidated Only,HKG ARS,Net Asset Value (NAV) - Total (REIT/Real Estate),False,False,Units,HKD,6684.368
0131.HK,1,2024,20240630,Original To Original,Original,Consolidated Only,HKG ARS,Net Asset Value - Per Share - Basic - Total,True,False,No scaling,HKD,1.056e-05
0131.HK,1,2024,20240630,Recent To Recent,Original,Consolidated Only,HKG ARS,Net Asset Value (NAV) - Total (REIT/Real Estate),False,False,Units,HKD,6684.368
0131.HK,1,2024,20240630,Recent To Recent,Original,Consolidated Only,HKG ARS,Net Asset Value - Per Share - Basic - Total,True,False,No scaling,HKD,1.056e-05
0131.HK,1,2025,20250630,Original To Original,,Consolidated Only,,Net Asset Value (NAV) - Total (REIT/Real Estate),False,False,Units,HKD,5771.409
0131.HK,1,2025,20250630,Original To Original,,Consolidated Only,,Net Asset Value - Per Share - Basic - Total,True,False,No scaling,HKD,8.92e-06
0131.HK,1,2025,20250630,Recent To Recent,,Consolidated Only,,Net Asset Value (NAV) - Total (REIT/Real Estate),False,False,Units,HKD,5771.409
0131.HK,1,2025,20250630,Recent To Recent,,Consolidated Only,,Net Asset Value - Per Share - Basic - Total,True,False,No scaling,HKD,8.92e-06
0131.HK,1,2025,20250630,Original To Original,Original,Consolidated Only,HKG ARS,Net Asset Value (NAV) - Total (REIT/Real Estate),False,False,Units,HKD,5771.409
0131.HK,1,2025,20250630,Original To Original,Original,Consolidated Only,HKG ARS,Net Asset Value - Per Share - Basic - Total,True,False,No scaling,HKD,8.92e-06
0131.HK,1,2025,20250630,Recent To Recent,Original,Consolidated Only,HKG ARS,Net Asset Value (NAV) - Total (REIT/Real Estate),False,False,Units,HKD,5771.409
0131.HK,1,2025,20250630,Recent To Recent,Original,Consolidated Only,HKG ARS,Net Asset Value - Per Share - Basic - Total,True,False,No scaling,HKD,8.92e-06
0135.HK,1,2023,20231231,Original To Original,Original,Consolidated Only,HKG ARS,Crude Oil - Sales Price per Unit - Average - Total,False,False,No scaling,CNY,473.6256
0135.HK,1,2023,20231231,Recent To Recent,Original,Consolidated Only,HKG ARS,Crude Oil - Sales Price per Unit - Average - Total,False,False,No scaling,CNY,473.6256
0135.HK,1,2024,20241231,Original To Original,Original,Consolidated Only,HKG ARS,Crude Oil - Sales Price per Unit - Average - Total,False,False,No scaling,CNY,66.7
0135.HK,1,2024,20241231,Recent To Recent,Original,Consolidated Only,HKG ARS,Crude Oil - Sales Price per Unit - Average - Total,False,False,No scaling,CNY,66.7
0135.HK,1,2025,20251231,Original To Original,Original,Consolidated Only,HKG ARS,Crude Oil - Sales Price per Unit - Average - Total,False,False,No scaling,CNY,391.01377
0135.HK,1,2025,20251231,Recent To Recent,Original,Consolidated Only,HKG ARS,Crude Oil - Sales Price per Unit - Average - Total,False,False,No scaling,CNY,391.01377
0147.HK,1,2023,20230331,Original To Original,Original,Consolidated Only,HKG ARS,Net Asset Value (NAV) - Total (REIT/Real Estate),False,False,Units,HKD,589.648
0147.HK,1,2023,20230331,Original To Original,Original,Consolidated Only,HKG ARS,Net Asset Value - Per Share - Basic - Total,True,False,No scaling,HKD,3.06e-08
0147.HK,1,2023,20230331,Recent To Recent,Original,Consolidated Only,HKG ARS,Net Asset Value (NAV) - Total (REIT/Real Estate),False,False,Units,HKD,589.648
0147.HK,1,2023,20230331,Recent To Recent,Original,Consolidated Only,HKG ARS,Net Asset Value - Per Share - Basic - Total,True,False,No scaling,HKD,3.06e-08
0147.HK,1,2024,20240331,Original To Original,Original,Consolidated Only,HKG ARS,Net Asset Value (NAV) - Total (REIT/Real Estate),False,False,Units,HKD,530.853
0147.HK,1,2024,20240331,Original To Original,Original,Consolidated Only,HKG ARS,Net Asset Value - Per Share - Basic - Total,True,False,No scaling,HKD,2.84e-08
0147.HK,1,2024,20240331,Recent To Recent,Original,Consolidated Only,HKG ARS,Net Asset Value (NAV) - Total (REIT/Real Estate),False,False,Units,HKD,530.853
0147.HK,1,2024,20240331,Recent To Recent,Original,Consolidated Only,HKG ARS,Net Asset Value - Per Share - Basic - Total,True,False,No scaling,HKD,2.84e-08
0147.HK,1,2025,20250331,Original To Original,Original,Consolidated Only,HKG ARS,Net Asset Value (NAV) - Total (REIT/Real Estate),False,False,Units,HKD,302.978
0147.HK,1,2025,20250331,Original To Original,Original,Consolidated Only,HKG ARS,Net Asset Value - Per Share - Basic - Total,True,False,No scaling,HKD,8.3e-09
0147.HK,1,2025,20250331,Recent To Recent,Original,Consolidated Only,HKG ARS,Net Asset Value (NAV) - Total (REIT/Real Estate),False,False,Units,HKD,302.978
0147.HK,1,2025,20250331,Recent To Recent,Original,Consolidated Only,HKG ARS,Net Asset Value - Per Share - Basic - Total,True,False,No scaling,HKD,8.3e-09
0150.HK,1,2023,20230331,Original To Original,Original,Consolidated Only,HKG ARS,Advertisement Revenue - Total,False,False,Units,HKD,644.205
0150.HK,1,2023,20230331,Recent To Recent,Original,Consolidated Only,HKG ARS,Advertisement Revenue - Total,False,False,Units,HKD,644.205
0150.HK,1,2024,20240331,Original To Original,Original,Consolidated Only,HKG ARS,Advertisement Revenue - Total,False,False,Units,HKD,608.272
0150.HK,1,2024,20240331,Recent To Recent,Original,Consolidated Only,HKG ARS,Advertisement Revenue - Total,False,False,Units,HKD,608.272
0150.HK,1,2025,20250331,Original To Original,Original,Consolidated Only,HKG ARS,Advertisement Revenue - Total,False,False,Units,HKD,502.474
0150.HK,1,2025,20250331,Recent To Recent,Original,Consolidated Only,HKG ARS,Advertisement Revenue - Total,False,False,Units,HKD,502.474
0156.HK,1,2023,20231231,Original To Original,Original,Consolidated Only,HKG ARS,Net Asset Value (NAV) - Total (REIT/Real Estate),False,False,Units,HKD,2495.761
0156.HK,1,2023,20231231,Original To Original,Original,Consolidated Only,HKG ARS,Net Asset Value - Per Share - Basic - Total,True,False,No scaling,HKD,2.7e-06
0156.HK,1,2023,20231231,Recent To Recent,Original,Consolidated Only,HKG ARS,Net Asset Value (NAV) - Total (REIT/Real Estate),False,False,Units,HKD,2495.761
0156.HK,1,2023,20231231,Recent To Recent,Original,Consolidated Only,HKG ARS,Net Asset Value - Per Share - Basic - Total,True,False,No scaling,HKD,2.7e-06
0156.HK,1,2024,20241231,Original To Original,Original,Consolidated Only,HKG ARS,Net Asset Value (NAV) - Total (REIT/Real Estate),False,False,Units,HKD,1776.8
0156.HK,1,2024,20241231,Original To Original,Original,Consolidated Only,HKG ARS,Net Asset Value - Per Share - Basic - Total,True,False,No scaling,HKD,1.9e-06
0156.HK,1,2024,20241231,Recent To Recent,Original,Consolidated Only,HKG ARS,Net Asset Value (NAV) - Total (REIT/Real Estate),False,False,Units,HKD,1776.8
0156.HK,1,2024,20241231,Recent To Recent,Original,Consolidated Only,HKG ARS,Net Asset Value - Per Share - Basic - Total,True,False,No scaling,HKD,1.9e-06
0156.HK,1,2025,20251231,Original To Original,Original,Consolidated Only,HKG ARS,Net Asset Value (NAV) - Total (REIT/Real Estate),False,False,Units,HKD,1864.873
0156.HK,1,2025,20251231,Original To Original,Original,Consolidated Only,HKG ARS,Net Asset Value - Per Share - Basic - Total,True,False,No scaling,HKD,2e-06
0156.HK,1,2025,20251231,Recent To Recent,Original,Consolidated Only,HKG ARS,Net Asset Value (NAV) - Total (REIT/Real Estate),False,False,Units,HKD,1864.873
0156.HK,1,2025,20251231,Recent To Recent,Original,Consolidated Only,HKG ARS,Net Asset Value - Per Share - Basic - Total,True,False,No scaling,HKD,2e-06
0158.HK,1,2023,20230930,Original To Original,,Consolidated Only,,Net Asset Value (NAV) - Total (REIT/Real Estate),False,False,Units,HKD,7355.333
0158.HK,1,2023,20230930,Recent To Recent,,Consolidated Only,,Net Asset Value (NAV) - Total (REIT/Real Estate),False,False,Units,HKD,7355.333
0158.HK,1,2023,20230930,Original To Original,Original,Consolidated Only,HKG ARS,Net Asset Value (NAV) - Total (REIT/Real Estate),False,False,Units,HKD,7355.333
0158.HK,1,2023,20230930,Recent To Recent,Original,Consolidated Only,HKG ARS,Net Asset Value (NAV) - Total (REIT/Real Estate),False,False,Units,HKD,7355.333
0158.HK,1,2024,20240930,Original To Original,,Consolidated Only,,Net Asset Value (NAV) - Total (REIT/Real Estate),False,False,Units,HKD,7099.097
0158.HK,1,2024,20240930,Recent To Recent,,Consolidated Only,,Net Asset Value (NAV) - Total (REIT/Real Estate),False,False,Units,HKD,7099.097
0158.HK,1,2024,20240930,Original To Original,Original,Consolidated Only,HKG ARS,Net Asset Value (NAV) - Total (REIT/Real Estate),False,False,Units,HKD,7099.097
0158.HK,1,2024,20240930,Recent To Recent,Original,Consolidated Only,HKG ARS,Net Asset Value (NAV) - Total (REIT/Real Estate),False,False,Units,HKD,7099.097
0158.HK,1,2025,20250930,Original To Original,,Consolidated Only,,Net Asset Value (NAV) - Total (REIT/Real Estate),False,False,Units,HKD,6381.026
0158.HK,1,2025,20250930,Recent To Recent,,Consolidated Only,,Net Asset Value (NAV) - Total (REIT/Real Estate),False,False,Units,HKD,6381.026
0158.HK,1,2025,20250930,Original To Original,Original,Consolidated Only,HKG ARS,Net Asset Value (NAV) - Total (REIT/Real Estate),False,False,Units,HKD,6381.026
0158.HK,1,2025,20250930,Recent To Recent,Original,Consolidated Only,HKG ARS,Net Asset Value (NAV) - Total (REIT/Real Estate),False,False,Units,HKD,6381.026
0160.HK,1,2023,20230331,Original To Original,Original,Consolidated Only,HKG ARS,Net Asset Value (NAV) - Total (REIT/Real Estate),False,False,Units,HKD,11663.129
0160.HK,1,2023,20230331,Original To Original,Original,Consolidated Only,HKG ARS,Net Asset Value - Per Share - Basic - Total,True,False,No scaling,HKD,1.619e-05
0160.HK,1,2023,20230331,Recent To Recent,Original,Consolidated Only,HKG ARS,Net Asset Value (NAV) - Total (REIT/Real Estate),False,False,Units,HKD,11663.129
0160.HK,1,2023,20230331,Recent To Recent,Original,Consolidated Only,HKG ARS,Net Asset Value - Per Share - Basic - Total,True,False,No scaling,HKD,1.619e-05
0160.HK,1,2024,20240331,Original To Original,Original,Consolidated Only,HKG ARS,Net Asset Value (NAV) - Total (REIT/Real Estate),False,False,Units,HKD,11059.901
0160.HK,1,2024,20240331,Original To Original,Original,Consolidated Only,HKG ARS,Net Asset Value - Per Share - Basic - Total,True,False,No scaling,HKD,1.535e-05
0160.HK,1,2024,20240331,Recent To Recent,Original,Consolidated Only,HKG ARS,Net Asset Value (NAV) - Total (REIT/Real Estate),False,False,Units,HKD,11059.901
0160.HK,1,2024,20240331,Recent To Recent,Original,Consolidated Only,HKG ARS,Net Asset Value - Per Share - Basic - Total,True,False,No scaling,HKD,1.535e-05
0160.HK,1,2025,20250331,Original To Original,Original,Consolidated Only,HKG ARS,Net Asset Value (NAV) - Total (REIT/Real Estate),False,False,Units,HKD,10526.568
0160.HK,1,2025,20250331,Original To Original,Original,Consolidated Only,HKG ARS,Net Asset Value - Per Share - Basic - Total,True,False,No scaling,HKD,1.461e-05
0160.HK,1,2025,20250331,Recent To Recent,Original,Consolidated Only,HKG ARS,Net Asset Value (NAV) - Total (REIT/Real Estate),False,False,Units,HKD,10526.568
0160.HK,1,2025,20250331,Recent To Recent,Original,Consolidated Only,HKG ARS,Net Asset Value - Per Share - Basic - Total,True,False,No scaling,HKD,1.461e-05
0163.HK,1,2023,20230331,Original To Original,Original,Consolidated Only,HKG ARS,Net Asset Value (NAV) - Total (REIT/Real Estate),False,False,Units,HKD,23887.196
0163.HK,1,2023,20230331,Original To Original,Original,Consolidated Only,HKG ARS,Net Asset Value - Per Share - Basic - Total,True,False,No scaling,HKD,6.5e-06
0163.HK,1,2023,20230331,Recent To Recent,Original,Consolidated Only,HKG ARS,Net Asset Value (NAV) - Total (REIT/Real Estate),False,False,Units,HKD,23887.196
0163.HK,1,2023,20230331,Recent To Recent,Original,Consolidated Only,HKG ARS,Net Asset Value - Per Share - Basic - Total,True,False,No scaling,HKD,6.5e-06
0163.HK,1,2024,20240331,Original To Original,Original,Consolidated Only,HKG ARS,Net Asset Value (NAV) - Total (REIT/Real Estate),False,False,Units,HKD,21607.927
0163.HK,1,2024,20240331,Original To Original,Original,Consolidated Only,HKG ARS,Net Asset Value - Per Share - Basic - Total,True,False,No scaling,HKD,5.9e-06
0163.HK,1,2024,20240331,Recent To Recent,Original,Consolidated Only,HKG ARS,Net Asset Value (NAV) - Total (REIT/Real Estate),False,False,Units,HKD,21607.927
0163.HK,1,2024,20240331,Recent To Recent,Original,Consolidated Only,HKG ARS,Net Asset Value - Per Share - Basic - Total,True,False,No scaling,HKD,5.9e-06
0163.HK,1,2025,20250331,Original To Original,Original,Consolidated Only,HKG ARS,Net Asset Value (NAV) - Total (REIT/Real Estate),False,False,Units,HKD,16943.012
0163.HK,1,2025,20250331,Original To Original,Original,Consolidated Only,HKG ARS,Net Asset Value - Per Share - Basic - Total,True,False,No scaling,HKD,3.1e-06
0163.HK,1,2025,20250331,Recent To Recent,Original,Consolidated Only,HKG ARS,Net Asset Value (NAV) - Total (REIT/Real Estate),False,False,Units,HKD,16943.012
0163.HK,1,2025,20250331,Recent To Recent,Original,Consolidated Only,HKG ARS,Net Asset Value - Per Share - Basic - Total,True,False,No scaling,HKD,3.1e-06
0169.HK,1,2023,20231231,Original To Original,Original,Consolidated Only,HKG ARS,Net Asset Value (NAV) - Total (REIT/Real Estate),False,False,Units,HKD,2708.018
0169.HK,1,2023,20231231,Recent To Recent,Original,Consolidated Only,HKG ARS,Net Asset Value (NAV) - Total (REIT/Real Estate),False,False,Units,HKD,2708.018
0169.HK,1,2024,20241231,Original To Original,Original,Consolidated Only,HKG ARS,Net Asset Value (NAV) - Total (REIT/Real Estate),False,False,Units,HKD,2070.507
0169.HK,1,2024,20241231,Recent To Recent,Original,Consolidated Only,HKG ARS,Net Asset Value (NAV) - Total (REIT/Real Estate),False,False,Units,HKD,2070.507
0169.HK,1,2025,20251231,Original To Original,Original,Consolidated Only,HKG ARS,Net Asset Value (NAV) - Total (REIT/Real Estate),False,False,Units,HKD,1797.212
0169.HK,1,2025,20251231,Recent To Recent,Original,Consolidated Only,HKG ARS,Net Asset Value (NAV) - Total (REIT/Real Estate),False,False,Units,HKD,1797.212
0171.HK,1,2023,20231231,Original To Original,Original,Consolidated Only,HKG ARS,Net Asset Value (NAV) - Total (REIT/Real Estate),False,False,Units,HKD,3119.792
0171.HK,1,2023,20231231,Original To Original,Original,Consolidated Only,HKG ARS,Net Asset Value - Per Share - Basic - Total,True,False,No scaling,HKD,1.35e-06
0171.HK,1,2023,20231231,Recent To Recent,Original,Consolidated Only,HKG ARS,Net Asset Value (NAV) - Total (REIT/Real Estate),False,False,Units,HKD,3119.792
0171.HK,1,2023,20231231,Recent To Recent,Original,Consolidated Only,HKG ARS,Net Asset Value - Per Share - Basic - Total,True,False,No scaling,HKD,1.35e-06
0171.HK,1,2024,20241231,Original To Original,Original,Consolidated Only,HKG ARS,Net Asset Value (NAV) - Total (REIT/Real Estate),False,False,Units,HKD,2323.551
0171.HK,1,2024,20241231,Original To Original,Original,Consolidated Only,HKG ARS,Net Asset Value - Per Share - Basic - Total,True,False,No scaling,HKD,1.01e-06
0171.HK,1,2024,20241231,Recent To Recent,Original,Consolidated Only,HKG ARS,Net Asset Value (NAV) - Total (REIT/Real Estate),False,False,Units,HKD,2323.551
0171.HK,1,2024,20241231,Recent To Recent,Original,Consolidated Only,HKG ARS,Net Asset Value - Per Share - Basic - Total,True,False,No scaling,HKD,1.01e-06
0171.HK,0,2025,20251231,Original To Original,Original,Consolidated Only,HKG PRESS,Net Asset Value (NAV) - Total (REIT/Real Estate),False,False,Units,HKD,1394.538
0171.HK,0,2025,20251231,Recent To Recent,Original,Consolidated Only,HKG PRESS,Net Asset Value (NAV) - Total (REIT/Real Estate),False,False,Units,HKD,1394.538
0173.HK,1,2023,20231231,Original To Original,Original,Consolidated Only,HKG ARS,Net Asset Value (NAV) - Total (REIT/Real Estate),False,False,Units,HKD,42328.086
0173.HK,1,2023,20231231,Original To Original,Original,Consolidated Only,HKG ARS,Net Asset Value - Per Share - Basic - Total,True,False,No scaling,HKD,1.351e-05
0173.HK,1,2023,20231231,Recent To Recent,Original,Consolidated Only,HKG ARS,Net Asset Value (NAV) - Total (REIT/Real Estate),False,False,Units,HKD,42328.086
0173.HK,1,2023,20231231,Recent To Recent,Original,Consolidated Only,HKG ARS,Net Asset Value - Per Share - Basic - Total,True,False,No scaling,HKD,1.351e-05
0173.HK,1,2024,20241231,Original To Original,Original,Consolidated Only,HKG ARS,Net Asset Value (NAV) - Total (REIT/Real Estate),False,False,Units,HKD,40078.636
0173.HK,1,2024,20241231,Original To Original,Original,Consolidated Only,HKG ARS,Net Asset Value - Per Share - Basic - Total,True,False,No scaling,HKD,1.271e-05
0173.HK,1,2024,20241231,Recent To Recent,Original,Consolidated Only,HKG ARS,Net Asset Value (NAV) - Total (REIT/Real Estate),False,False,Units,HKD,40078.636
0173.HK,1,2024,20241231,Recent To Recent,Original,Consolidated Only,HKG ARS,Net Asset Value - Per Share - Basic - Total,True,False,No scaling,HKD,1.271e-05
0173.HK,1,2025,20251231,Original To Original,Original,Consolidated Only,HKG ARS,Net Asset Value (NAV) - Total (REIT/Real Estate),False,False,Units,HKD,40102.025
0173.HK,1,2025,20251231,Original To Original,Original,Consolidated Only,HKG ARS,Net Asset Value - Per Share - Basic - Total,True,False,No scaling,HKD,1.272e-05
0173.HK,1,2025,20251231,Recent To Recent,Original,Consolidated Only,HKG ARS,Net Asset Value (NAV) - Total (REIT/Real Estate),False,False,Units,HKD,40102.025
0173.HK,1,2025,20251231,Recent To Recent,Original,Consolidated Only,HKG ARS,Net Asset Value - Per Share - Basic - Total,True,False,No scaling,HKD,1.272e-05
0178.HK,1,2023,20230331,Original To Original,Original,Consolidated Only,HKG ARS,Stores Closed - Number - Total,False,False,No scaling,,6.0
0178.HK,1,2023,20230331,Original To Original,Original,Consolidated Only,HKG ARS,Stores Opened - Number - Total,False,False,No scaling,,4.0
0178.HK,1,2023,20230331,Recent To Recent,Original,Consolidated Only,HKG ARS,Stores Closed - Number - Total,False,False,No scaling,,6.0
0178.HK,1,2023,20230331,Recent To Recent,Original,Consolidated Only,HKG ARS,Stores Opened - Number - Total,False,False,No scaling,,4.0
0178.HK,1,2024,20240331,Original To Original,Original,Consolidated Only,HKG ARS,Stores Closed - Number - Total,False,False,No scaling,,11.0
0178.HK,1,2024,20240331,Original To Original,Original,Consolidated Only,HKG ARS,Stores Opened - Number - Total,False,False,No scaling,,8.0
0178.HK,1,2024,20240331,Recent To Recent,Original,Consolidated Only,HKG ARS,Stores Closed - Number - Total,False,False,No scaling,,11.0
0178.HK,1,2024,20240331,Recent To Recent,Original,Consolidated Only,HKG ARS,Stores Opened - Number - Total,False,False,No scaling,,8.0
0178.HK,1,2025,20250331,Original To Original,Original,Consolidated Only,HKG ARS,Stores Closed - Number - Total,False,False,No scaling,,17.0
0178.HK,1,2025,20250331,Original To Original,Original,Consolidated Only,HKG ARS,Stores Opened - Number - Total,False,False,No scaling,,8.0
0178.HK,1,2025,20250331,Recent To Recent,Original,Consolidated Only,HKG ARS,Stores Closed - Number - Total,False,False,No scaling,,17.0
0178.HK,1,2025,20250331,Recent To Recent,Original,Consolidated Only,HKG ARS,Stores Opened - Number - Total,False,False,No scaling,,8.0
0185.HK,1,2023,20231231,Original To Original,Original,Consolidated Only,HKG ARS,Net Asset Value (NAV) - Total (REIT/Real Estate),False,False,Units,CNY,3068.573
0185.HK,1,2023,20231231,Recent To Recent,Original,Consolidated Only,HKG ARS,Net Asset Value (NAV) - Total (REIT/Real Estate),False,False,Units,CNY,3068.573
0185.HK,1,2024,20241231,Original To Original,Original,Consolidated Only,HKG ARS,Net Asset Value (NAV) - Total (REIT/Real Estate),False,False,Units,CNY,897.806
0185.HK,1,2024,20241231,Recent To Recent,Original,Consolidated Only,HKG ARS,Net Asset Value (NAV) - Total (REIT/Real Estate),False,False,Units,CNY,897.806
0185.HK,1,2025,20251231,Original To Original,Original,Consolidated Only,HKG ARS,Net Asset Value (NAV) - Total (REIT/Real Estate),False,False,Units,CNY,44.077
0185.HK,1,2025,20251231,Recent To Recent,Original,Consolidated Only,HKG ARS,Net Asset Value (NAV) - Total (REIT/Real Estate),False,False,Units,CNY,44.077
0191.HK,1,2023,20230731,Original To Original,,Consolidated Only,,Net Asset Value (NAV) - Total (REIT/Real Estate),False,False,Units,HKD,18290.718
0191.HK,1,2023,20230731,Original To Original,,Consolidated Only,,Net Asset Value - Per Share - Basic - Total,True,False,No scaling,HKD,2.0706e-05
0191.HK,1,2023,20230731,Recent To Recent,,Consolidated Only,,Net Asset Value (NAV) - Total (REIT/Real Estate),False,False,Units,HKD,18290.718
0191.HK,1,2023,20230731,Recent To Recent,,Consolidated Only,,Net Asset Value - Per Share - Basic - Total,True,False,No scaling,HKD,2.0706e-05
0191.HK,1,2023,20230731,Original To Original,Original,Consolidated Only,HKG ARS,Net Asset Value (NAV) - Total (REIT/Real Estate),False,False,Units,HKD,18290.718
0191.HK,1,2023,20230731,Original To Original,Original,Consolidated Only,HKG ARS,Net Asset Value - Per Share - Basic - Total,True,False,No scaling,HKD,2.0706e-05
0191.HK,1,2023,20230731,Recent To Recent,Original,Consolidated Only,HKG ARS,Net Asset Value (NAV) - Total (REIT/Real Estate),False,False,Units,HKD,18290.718
0191.HK,1,2023,20230731,Recent To Recent,Original,Consolidated Only,HKG ARS,Net Asset Value - Per Share - Basic - Total,True,False,No scaling,HKD,2.0706e-05
0191.HK,1,2024,20240731,Original To Original,,Consolidated Only,,Net Asset Value (NAV) - Total (REIT/Real Estate),False,False,Units,HKD,15961.547
0191.HK,1,2024,20240731,Original To Original,,Consolidated Only,,Net Asset Value - Per Share - Basic - Total,True,False,No scaling,HKD,1.8069e-05
0191.HK,1,2024,20240731,Recent To Recent,,Consolidated Only,,Net Asset Value (NAV) - Total (REIT/Real Estate),False,False,Units,HKD,15961.547
0191.HK,1,2024,20240731,Recent To Recent,,Consolidated Only,,Net Asset Value - Per Share - Basic - Total,True,False,No scaling,HKD,1.8069e-05
0191.HK,1,2024,20240731,Original To Original,Original,Consolidated Only,HKG ARS,Net Asset Value (NAV) - Total (REIT/Real Estate),False,False,Units,HKD,15961.547
0191.HK,1,2024,20240731,Original To Original,Original,Consolidated Only,HKG ARS,Net Asset Value - Per Share - Basic - Total,True,False,No scaling,HKD,1.8069e-05
0191.HK,1,2024,20240731,Recent To Recent,Original,Consolidated Only,HKG ARS,Net Asset Value (NAV) - Total (REIT/Real Estate),False,False,Units,HKD,15961.547
0191.HK,1,2024,20240731,Recent To Recent,Original,Consolidated Only,HKG ARS,Net Asset Value - Per Share - Basic - Total,True,False,No scaling,HKD,1.8069e-05
0191.HK,1,2025,20250731,Original To Original,,Consolidated Only,,Net Asset Value (NAV) - Total (REIT/Real Estate),False,False,Units,HKD,14386.419
0191.HK,1,2025,20250731,Original To Original,,Consolidated Only,,Net Asset Value - Per Share - Basic - Total,True,False,No scaling,HKD,1.6286e-05
0191.HK,1,2025,20250731,Recent To Recent,,Consolidated Only,,Net Asset Value (NAV) - Total (REIT/Real Estate),False,False,Units,HKD,14386.419
0191.HK,1,2025,20250731,Recent To Recent,,Consolidated Only,,Net Asset Value - Per Share - Basic - Total,True,False,No scaling,HKD,1.6286e-05
0191.HK,1,2025,20250731,Original To Original,Original,Consolidated Only,HKG ARS,Net Asset Value (NAV) - Total (REIT/Real Estate),False,False,Units,HKD,14386.419
0191.HK,1,2025,20250731,Original To Original,Original,Consolidated Only,HKG ARS,Net Asset Value - Per Share - Basic - Total,True,False,No scaling,HKD,1.6286e-05
0191.HK,1,2025,20250731,Recent To Recent,Original,Consolidated Only,HKG ARS,Net Asset Value (NAV) - Total (REIT/Real Estate),False,False,Units,HKD,14386.419
0191.HK,1,2025,20250731,Recent To Recent,Original,Consolidated Only,HKG ARS,Net Asset Value - Per Share - Basic - Total,True,False,No scaling,HKD,1.6286e-05
0193.HK,1,2023,20230731,Original To Original,Original,Consolidated Only,HKG ARS,Net Asset Value (NAV) - Total (REIT/Real Estate),False,False,Units,HKD,819.963
0193.HK,1,2023,20230731,Recent To Recent,Original,Consolidated Only,HKG ARS,Net Asset Value (NAV) - Total (REIT/Real Estate),False,False,Units,HKD,819.963
0193.HK,1,2024,20240731,Original To Original,Original,Consolidated Only,HKG ARS,Net Asset Value (NAV) - Total (REIT/Real Estate),False,False,Units,HKD,823.048
0193.HK,1,2024,20240731,Recent To Recent,Original,Consolidated Only,HKG ARS,Net Asset Value (NAV) - Total (REIT/Real Estate),False,False,Units,HKD,823.048
0193.HK,1,2025,20250731,Original To Original,Original,Consolidated Only,HKG ARS,Net Asset Value (NAV) - Total (REIT/Real Estate),False,False,Units,HKD,821.054
0193.HK,1,2025,20250731,Recent To Recent,Original,Consolidated Only,HKG ARS,Net Asset Value (NAV) - Total (REIT/Real Estate),False,False,Units,HKD,821.054
0194.HK,1,2023,20231231,Original To Original,,Consolidated Only,,Net Asset Value (NAV) - Total (REIT/Real Estate),False,False,Units,HKD,11566.79
0194.HK,1,2023,20231231,Original To Original,,Consolidated Only,,Occupancy Rate of Space Leased - Total - %,False,True,Percentage,,85.0
0194.HK,1,2023,20231231,Original To Original,,Consolidated Only,,Net Asset Value - Per Share - Basic - Total,True,False,No scaling,HKD,3.065e-05
0194.HK,1,2023,20231231,Recent To Recent,,Consolidated Only,,Net Asset Value (NAV) - Total (REIT/Real Estate),False,False,Units,HKD,11566.79
0194.HK,1,2023,20231231,Recent To Recent,,Consolidated Only,,Occupancy Rate of Space Leased - Total - %,False,True,Percentage,,85.0
0194.HK,1,2023,20231231,Recent To Recent,,Consolidated Only,,Net Asset Value - Per Share - Basic - Total,True,False,No scaling,HKD,3.065e-05
0194.HK,1,2023,20231231,Original To Original,Original,Consolidated Only,HKG ARS,Net Asset Value (NAV) - Total (REIT/Real Estate),False,False,Units,HKD,11566.79
0194.HK,1,2023,20231231,Original To Original,Original,Consolidated Only,HKG ARS,Occupancy Rate of Space Leased - Total - %,False,True,Percentage,,85.0
0194.HK,1,2023,20231231,Original To Original,Original,Consolidated Only,HKG ARS,Net Asset Value - Per Share - Basic - Total,True,False,No scaling,HKD,3.065e-05
0194.HK,1,2023,20231231,Recent To Recent,Original,Consolidated Only,HKG ARS,Net Asset Value (NAV) - Total (REIT/Real Estate),False,False,Units,HKD,11566.79
0194.HK,1,2023,20231231,Recent To Recent,Original,Consolidated Only,HKG ARS,Occupancy Rate of Space Leased - Total - %,False,True,Percentage,,85.0
0194.HK,1,2023,20231231,Recent To Recent,Original,Consolidated Only,HKG ARS,Net Asset Value - Per Share - Basic - Total,True,False,No scaling,HKD,3.065e-05
0194.HK,1,2024,20241231,Original To Original,,Consolidated Only,,Net Asset Value (NAV) - Total (REIT/Real Estate),False,False,Units,HKD,10506.524
0194.HK,1,2024,20241231,Original To Original,,Consolidated Only,,Occupancy Rate of Space Leased - Total - %,False,True,Percentage,,83.5
0194.HK,1,2024,20241231,Original To Original,,Consolidated Only,,Net Asset Value - Per Share - Basic - Total,True,False,No scaling,HKD,2.783e-05
0194.HK,1,2024,20241231,Recent To Recent,,Consolidated Only,,Net Asset Value (NAV) - Total (REIT/Real Estate),False,False,Units,HKD,10506.524
0194.HK,1,2024,20241231,Recent To Recent,,Consolidated Only,,Occupancy Rate of Space Leased - Total - %,False,True,Percentage,,83.5
0194.HK,1,2024,20241231,Recent To Recent,,Consolidated Only,,Net Asset Value - Per Share - Basic - Total,True,False,No scaling,HKD,2.783e-05
0194.HK,1,2024,20241231,Original To Original,Original,Consolidated Only,HKG ARS,Net Asset Value (NAV) - Total (REIT/Real Estate),False,False,Units,HKD,10506.524
0194.HK,1,2024,20241231,Original To Original,Original,Consolidated Only,HKG ARS,Occupancy Rate of Space Leased - Total - %,False,True,Percentage,,83.5
0194.HK,1,2024,20241231,Original To Original,Original,Consolidated Only,HKG ARS,Net Asset Value - Per Share - Basic - Total,True,False,No scaling,HKD,2.783e-05
0194.HK,1,2024,20241231,Recent To Recent,Original,Consolidated Only,HKG ARS,Net Asset Value (NAV) - Total (REIT/Real Estate),False,False,Units,HKD,10506.524
0194.HK,1,2024,20241231,Recent To Recent,Original,Consolidated Only,HKG ARS,Occupancy Rate of Space Leased - Total - %,False,True,Percentage,,83.5
0194.HK,1,2024,20241231,Recent To Recent,Original,Consolidated Only,HKG ARS,Net Asset Value - Per Share - Basic - Total,True,False,No scaling,HKD,2.783e-05
0194.HK,1,2025,20251231,Original To Original,,Consolidated Only,,Net Asset Value (NAV) - Total (REIT/Real Estate),False,False,Units,HKD,10569.382
0194.HK,1,2025,20251231,Original To Original,,Consolidated Only,,Occupancy Rate of Space Leased - Total - %,False,True,Percentage,,82.9
0194.HK,1,2025,20251231,Original To Original,,Consolidated Only,,Net Asset Value - Per Share - Basic - Total,True,False,No scaling,HKD,2.799e-05
0194.HK,1,2025,20251231,Recent To Recent,,Consolidated Only,,Net Asset Value (NAV) - Total (REIT/Real Estate),False,False,Units,HKD,10569.382
0194.HK,1,2025,20251231,Recent To Recent,,Consolidated Only,,Occupancy Rate of Space Leased - Total - %,False,True,Percentage,,82.9
0194.HK,1,2025,20251231,Recent To Recent,,Consolidated Only,,Net Asset Value - Per Share - Basic - Total,True,False,No scaling,HKD,2.799e-05
0194.HK,1,2025,20251231,Original To Original,Original,Consolidated Only,HKG ARS,Net Asset Value (NAV) - Total (REIT/Real Estate),False,False,Units,HKD,10569.382
0194.HK,1,2025,20251231,Original To Original,Original,Consolidated Only,HKG ARS,Occupancy Rate of Space Leased - Total - %,False,True,Percentage,,82.9
0194.HK,1,2025,20251231,Original To Original,Original,Consolidated Only,HKG ARS,Net Asset Value - Per Share - Basic - Total,True,False,No scaling,HKD,2.799e-05
0194.HK,1,2025,20251231,Recent To Recent,Original,Consolidated Only,HKG ARS,Net Asset Value (NAV) - Total (REIT/Real Estate),False,False,Units,HKD,10569.382
0194.HK,1,2025,20251231,Recent To Recent,Original,Consolidated Only,HKG ARS,Occupancy Rate of Space Leased - Total - %,False,True,Percentage,,82.9
0194.HK,1,2025,20251231,Recent To Recent,Original,Consolidated Only,HKG ARS,Net Asset Value - Per Share - Basic - Total,True,False,No scaling,HKD,2.799e-05
0199.HK,1,2023,20230331,Original To Original,Original,Consolidated Only,HKG ARS,Net Asset Value - Per Share - Basic - Total,True,False,No scaling,HKD,4e-06
0199.HK,1,2023,20230331,Recent To Recent,Original,Consolidated Only,HKG ARS,Net Asset Value - Per Share - Basic - Total,True,False,No scaling,HKD,4e-06
0207.HK,1,2023,20231231,Original To Original,,Consolidated Only,,Net Asset Value (NAV) - Total (REIT/Real Estate),False,False,Units,CNY,29916.364
0207.HK,1,2023,20231231,Recent To Recent,,Consolidated Only,,Net Asset Value (NAV) - Total (REIT/Real Estate),False,False,Units,CNY,29916.364
0207.HK,1,2023,20231231,Original To Original,Original,Consolidated Only,HKG ARS,Net Asset Value (NAV) - Total (REIT/Real Estate),False,False,Units,CNY,29916.364
0207.HK,1,2023,20231231,Recent To Recent,Original,Consolidated Only,HKG ARS,Net Asset Value (NAV) - Total (REIT/Real Estate),False,False,Units,CNY,29916.364
0207.HK,1,2024,20241231,Original To Original,,Consolidated Only,,Net Asset Value (NAV) - Total (REIT/Real Estate),False,False,Units,CNY,29532.495
0207.HK,1,2024,20241231,Recent To Recent,,Consolidated Only,,Net Asset Value (NAV) - Total (REIT/Real Estate),False,False,Units,CNY,29532.495
0207.HK,1,2024,20241231,Original To Original,Original,Consolidated Only,HKG ARS,Net Asset Value (NAV) - Total (REIT/Real Estate),False,False,Units,CNY,29532.495
0207.HK,1,2024,20241231,Recent To Recent,Original,Consolidated Only,HKG ARS,Net Asset Value (NAV) - Total (REIT/Real Estate),False,False,Units,CNY,29532.495
0214.HK,1,2023,20230331,Original To Original,,Consolidated Only,,Net Asset Value (NAV) - Total (REIT/Real Estate),False,False,Units,HKD,12655.234
0214.HK,1,2023,20230331,Recent To Recent,,Consolidated Only,,Net Asset Value (NAV) - Total (REIT/Real Estate),False,False,Units,HKD,12655.234
0214.HK,1,2023,20230331,Original To Original,Original,Consolidated Only,HKG ARS,Net Asset Value (NAV) - Total (REIT/Real Estate),False,False,Units,HKD,12655.234
0214.HK,1,2023,20230331,Recent To Recent,Original,Consolidated Only,HKG ARS,Net Asset Value (NAV) - Total (REIT/Real Estate),False,False,Units,HKD,12655.234
0214.HK,1,2024,20240331,Original To Original,,Consolidated Only,,Net Asset Value (NAV) - Total (REIT/Real Estate),False,False,Units,HKD,9506.716
0214.HK,1,2024,20240331,Recent To Recent,,Consolidated Only,,Net Asset Value (NAV) - Total (REIT/Real Estate),False,False,Units,HKD,9506.716
0214.HK,1,2024,20240331,Original To Original,Original,Consolidated Only,HKG ARS,Net Asset Value (NAV) - Total (REIT/Real Estate),False,False,Units,HKD,9506.716
0214.HK,1,2024,20240331,Recent To Recent,Original,Consolidated Only,HKG ARS,Net Asset Value (NAV) - Total (REIT/Real Estate),False,False,Units,HKD,9506.716
0214.HK,1,2025,20250331,Original To Original,,Consolidated Only,,Net Asset Value (NAV) - Total (REIT/Real Estate),False,False,Units,HKD,7764.595
0214.HK,1,2025,20250331,Recent To Recent,,Consolidated Only,,Net Asset Value (NAV) - Total (REIT/Real Estate),False,False,Units,HKD,7764.595
0214.HK,1,2025,20250331,Original To Original,Original,Consolidated Only,HKG ARS,Net Asset Value (NAV) - Total (REIT/Real Estate),False,False,Units,HKD,7764.595
0214.HK,1,2025,20250331,Recent To Recent,Original,Consolidated Only,HKG ARS,Net Asset Value (NAV) - Total (REIT/Real Estate),False,False,Units,HKD,7764.595
0215.HK,1,2023,20231231,Original To Original,Original,Consolidated Only,HKG ARS,Subscribers - Connections - Number - Total,False,False,No scaling,,3.963
0215.HK,1,2023,20231231,Recent To Recent,Original,Consolidated Only,HKG ARS,Subscribers - Connections - Number - Total,False,False,No scaling,,3.963
0215.HK,1,2024,20241231,Original To Original,Original,Consolidated Only,HKG ARS,Subscribers - Connections - Number - Total,False,False,No scaling,,4.64
0215.HK,1,2024,20241231,Recent To Recent,Original,Consolidated Only,HKG ARS,Subscribers - Connections - Number - Total,False,False,No scaling,,4.64
0215.HK,1,2025,20251231,Original To Original,Original,Consolidated Only,HKG ARS,Subscribers - Connections - Number - Total,False,False,No scaling,,8.132
0215.HK,1,2025,20251231,Recent To Recent,Original,Consolidated Only,HKG ARS,Subscribers - Connections - Number - Total,False,False,No scaling,,8.132
0216.HK,1,2023,20230331,Original To Original,,Consolidated Only,,Net Asset Value (NAV) - Total (REIT/Real Estate),False,False,Units,HKD,11929.229
0216.HK,1,2023,20230331,Original To Original,,Consolidated Only,,Net Asset Value - Per Share - Basic - Total,True,False,No scaling,HKD,1.45e-05
0216.HK,1,2023,20230331,Recent To Recent,,Consolidated Only,,Net Asset Value (NAV) - Total (REIT/Real Estate),False,False,Units,HKD,11929.229
0216.HK,1,2023,20230331,Recent To Recent,,Consolidated Only,,Net Asset Value - Per Share - Basic - Total,True,False,No scaling,HKD,1.45e-05
0216.HK,1,2023,20230331,Original To Original,Original,Consolidated Only,HKG ARS,Net Asset Value (NAV) - Total (REIT/Real Estate),False,False,Units,HKD,11929.229
0216.HK,1,2023,20230331,Original To Original,Original,Consolidated Only,HKG ARS,Net Asset Value - Per Share - Basic - Total,True,False,No scaling,HKD,1.45e-05
0216.HK,1,2023,20230331,Recent To Recent,Original,Consolidated Only,HKG ARS,Net Asset Value (NAV) - Total (REIT/Real Estate),False,False,Units,HKD,11929.229
0216.HK,1,2023,20230331,Recent To Recent,Original,Consolidated Only,HKG ARS,Net Asset Value - Per Share - Basic - Total,True,False,No scaling,HKD,1.45e-05
0216.HK,1,2024,20240331,Original To Original,,Consolidated Only,,Net Asset Value (NAV) - Total (REIT/Real Estate),False,False,Units,HKD,7538.827
0216.HK,1,2024,20240331,Original To Original,,Consolidated Only,,Net Asset Value - Per Share - Basic - Total,True,False,No scaling,HKD,1.367e-05
0216.HK,1,2024,20240331,Recent To Recent,,Consolidated Only,,Net Asset Value (NAV) - Total (REIT/Real Estate),False,False,Units,HKD,7538.827
0216.HK,1,2024,20240331,Recent To Recent,,Consolidated Only,,Net Asset Value - Per Share - Basic - Total,True,False,No scaling,HKD,1.367e-05
0216.HK,1,2024,20240331,Original To Original,Original,Consolidated Only,HKG ARS,Net Asset Value (NAV) - Total (REIT/Real Estate),False,False,Units,HKD,7538.827
0216.HK,1,2024,20240331,Original To Original,Original,Consolidated Only,HKG ARS,Net Asset Value - Per Share - Basic - Total,True,False,No scaling,HKD,1.367e-05
0216.HK,1,2024,20240331,Recent To Recent,Original,Consolidated Only,HKG ARS,Net Asset Value (NAV) - Total (REIT/Real Estate),False,False,Units,HKD,7538.827
0216.HK,1,2024,20240331,Recent To Recent,Original,Consolidated Only,HKG ARS,Net Asset Value - Per Share - Basic - Total,True,False,No scaling,HKD,1.367e-05
0216.HK,1,2025,20250331,Original To Original,,Consolidated Only,,Net Asset Value (NAV) - Total (REIT/Real Estate),False,False,Units,HKD,7117.522
0216.HK,1,2025,20250331,Original To Original,,Consolidated Only,,Net Asset Value - Per Share - Basic - Total,True,False,No scaling,HKD,1.291e-05
0216.HK,1,2025,20250331,Recent To Recent,,Consolidated Only,,Net Asset Value (NAV) - Total (REIT/Real Estate),False,False,Units,HKD,7117.522
0216.HK,1,2025,20250331,Recent To Recent,,Consolidated Only,,Net Asset Value - Per Share - Basic - Total,True,False,No scaling,HKD,1.291e-05
0216.HK,1,2025,20250331,Original To Original,Original,Consolidated Only,HKG ARS,Net Asset Value (NAV) - Total (REIT/Real Estate),False,False,Units,HKD,7117.522
0216.HK,1,2025,20250331,Original To Original,Original,Consolidated Only,HKG ARS,Net Asset Value - Per Share - Basic - Total,True,False,No scaling,HKD,1.291e-05
0216.HK,1,2025,20250331,Recent To Recent,Original,Consolidated Only,HKG ARS,Net Asset Value (NAV) - Total (REIT/Real Estate),False,False,Units,HKD,7117.522
0216.HK,1,2025,20250331,Recent To Recent,Original,Consolidated Only,HKG ARS,Net Asset Value - Per Share - Basic - Total,True,False,No scaling,HKD,1.291e-05
0217.HK,1,2023,20231231,Original To Original,Original,Consolidated Only,HKG ARS,Net Asset Value (NAV) - Total (REIT/Real Estate),False,False,Units,HKD,2855.043
0217.HK,1,2023,20231231,Recent To Recent,Original,Consolidated Only,HKG ARS,Net Asset Value (NAV) - Total (REIT/Real Estate),False,False,Units,HKD,2855.043
0217.HK,1,2024,20241231,Original To Original,Original,Consolidated Only,HKG ARS,Net Asset Value (NAV) - Total (REIT/Real Estate),False,False,Units,HKD,2764.335
0217.HK,1,2024,20241231,Recent To Recent,Original,Consolidated Only,HKG ARS,Net Asset Value (NAV) - Total (REIT/Real Estate),False,False,Units,HKD,2764.335
0217.HK,1,2025,20251231,Original To Original,Original,Consolidated Only,HKG ARS,Net Asset Value (NAV) - Total (REIT/Real Estate),False,False,Units,HKD,2940.725
0217.HK,1,2025,20251231,Recent To Recent,Original,Consolidated Only,HKG ARS,Net Asset Value (NAV) - Total (REIT/Real Estate),False,False,Units,HKD,2940.725
0222.HK,1,2023,20231231,Original To Original,,Consolidated Only,,Net Asset Value (NAV) - Total (REIT/Real Estate),False,False,Units,HKD,8069.45
0222.HK,1,2023,20231231,Original To Original,,Consolidated Only,,Net Asset Value - Per Share - Basic - Total,True,False,No scaling,HKD,1.351e-05
0222.HK,1,2023,20231231,Recent To Recent,,Consolidated Only,,Net Asset Value (NAV) - Total (REIT/Real Estate),False,False,Units,HKD,8069.45
0222.HK,1,2023,20231231,Recent To Recent,,Consolidated Only,,Net Asset Value - Per Share - Basic - Total,True,False,No scaling,HKD,1.351e-05
0222.HK,1,2023,20231231,Original To Original,Original,Consolidated Only,HKG ARS,Net Asset Value (NAV) - Total (REIT/Real Estate),False,False,Units,HKD,8069.45
0222.HK,1,2023,20231231,Original To Original,Original,Consolidated Only,HKG ARS,Net Asset Value - Per Share - Basic - Total,True,False,No scaling,HKD,1.351e-05
0222.HK,1,2023,20231231,Recent To Recent,Original,Consolidated Only,HKG ARS,Net Asset Value (NAV) - Total (REIT/Real Estate),False,False,Units,HKD,8069.45
0222.HK,1,2023,20231231,Recent To Recent,Original,Consolidated Only,HKG ARS,Net Asset Value - Per Share - Basic - Total,True,False,No scaling,HKD,1.351e-05
0222.HK,1,2024,20241231,Original To Original,,Consolidated Only,,Net Asset Value (NAV) - Total (REIT/Real Estate),False,False,Units,HKD,7818.147
0222.HK,1,2024,20241231,Original To Original,,Consolidated Only,,Net Asset Value - Per Share - Basic - Total,True,False,No scaling,HKD,1.309e-05
0222.HK,1,2024,20241231,Recent To Recent,,Consolidated Only,,Net Asset Value (NAV) - Total (REIT/Real Estate),False,False,Units,HKD,7818.147
0222.HK,1,2024,20241231,Recent To Recent,,Consolidated Only,,Net Asset Value - Per Share - Basic - Total,True,False,No scaling,HKD,1.309e-05
0222.HK,1,2024,20241231,Original To Original,Original,Consolidated Only,HKG ARS,Net Asset Value (NAV) - Total (REIT/Real Estate),False,False,Units,HKD,7818.147
0222.HK,1,2024,20241231,Original To Original,Original,Consolidated Only,HKG ARS,Net Asset Value - Per Share - Basic - Total,True,False,No scaling,HKD,1.309e-05
0222.HK,1,2024,20241231,Recent To Recent,Original,Consolidated Only,HKG ARS,Net Asset Value (NAV) - Total (REIT/Real Estate),False,False,Units,HKD,7818.147
0222.HK,1,2024,20241231,Recent To Recent,Original,Consolidated Only,HKG ARS,Net Asset Value - Per Share - Basic - Total,True,False,No scaling,HKD,1.309e-05
0222.HK,1,2025,20251231,Original To Original,,Consolidated Only,,Net Asset Value (NAV) - Total (REIT/Real Estate),False,False,Units,HKD,8318.331
0222.HK,1,2025,20251231,Original To Original,,Consolidated Only,,Net Asset Value - Per Share - Basic - Total,True,False,No scaling,HKD,1.393e-05
0222.HK,1,2025,20251231,Recent To Recent,,Consolidated Only,,Net Asset Value (NAV) - Total (REIT/Real Estate),False,False,Units,HKD,8318.331
0222.HK,1,2025,20251231,Recent To Recent,,Consolidated Only,,Net Asset Value - Per Share - Basic - Total,True,False,No scaling,HKD,1.393e-05
0222.HK,1,2025,20251231,Original To Original,Original,Consolidated Only,HKG ARS,Net Asset Value (NAV) - Total (REIT/Real Estate),False,False,Units,HKD,8318.331
0222.HK,1,2025,20251231,Original To Original,Original,Consolidated Only,HKG ARS,Net Asset Value - Per Share - Basic - Total,True,False,No scaling,HKD,1.393e-05
0222.HK,1,2025,20251231,Recent To Recent,Original,Consolidated Only,HKG ARS,Net Asset Value (NAV) - Total (REIT/Real Estate),False,False,Units,HKD,8318.331
0222.HK,1,2025,20251231,Recent To Recent,Original,Consolidated Only,HKG ARS,Net Asset Value - Per Share - Basic - Total,True,False,No scaling,HKD,1.393e-05
0225.HK,1,2023,20230930,Original To Original,Original,Consolidated Only,HKG ARS,Net Asset Value (NAV) - Total (REIT/Real Estate),False,False,Units,HKD,5250.254
0225.HK,1,2023,20230930,Original To Original,Original,Consolidated Only,HKG ARS,Net Asset Value - Per Share - Basic - Total,True,False,No scaling,HKD,4.76e-05
0225.HK,1,2023,20230930,Recent To Recent,Original,Consolidated Only,HKG ARS,Net Asset Value (NAV) - Total (REIT/Real Estate),False,False,Units,HKD,5250.254
0225.HK,1,2023,20230930,Recent To Recent,Original,Consolidated Only,HKG ARS,Net Asset Value - Per Share - Basic - Total,True,False,No scaling,HKD,4.76e-05
0225.HK,1,2024,20240930,Original To Original,Original,Consolidated Only,HKG ARS,Net Asset Value (NAV) - Total (REIT/Real Estate),False,False,Units,HKD,4623.099
0225.HK,1,2024,20240930,Original To Original,Original,Consolidated Only,HKG ARS,Net Asset Value - Per Share - Basic - Total,True,False,No scaling,HKD,4.2e-05
0225.HK,1,2024,20240930,Recent To Recent,Original,Consolidated Only,HKG ARS,Net Asset Value (NAV) - Total (REIT/Real Estate),False,False,Units,HKD,4623.099
0225.HK,1,2024,20240930,Recent To Recent,Original,Consolidated Only,HKG ARS,Net Asset Value - Per Share - Basic - Total,True,False,No scaling,HKD,4.2e-05
0225.HK,1,2025,20250930,Original To Original,Original,Consolidated Only,HKG ARS,Net Asset Value (NAV) - Total (REIT/Real Estate),False,False,Units,HKD,4373.041
0225.HK,1,2025,20250930,Original To Original,Original,Consolidated Only,HKG ARS,Net Asset Value - Per Share - Basic - Total,True,False,No scaling,HKD,3.97e-05
0225.HK,1,2025,20250930,Recent To Recent,Original,Consolidated Only,HKG ARS,Net Asset Value (NAV) - Total (REIT/Real Estate),False,False,Units,HKD,4373.041
0225.HK,1,2025,20250930,Recent To Recent,Original,Consolidated Only,HKG ARS,Net Asset Value - Per Share - Basic - Total,True,False,No scaling,HKD,3.97e-05
0226.HK,1,2023,20231231,Original To Original,Original,Consolidated Only,HKG ARS,Net Asset Value (NAV) - Total (REIT/Real Estate),False,False,Units,HKD,9075.231
0226.HK,1,2023,20231231,Original To Original,Original,Consolidated Only,HKG ARS,Net Asset Value - Per Share - Basic - Total,True,False,No scaling,HKD,1.84e-05
0226.HK,1,2023,20231231,Recent To Recent,Original,Consolidated Only,HKG ARS,Net Asset Value (NAV) - Total (REIT/Real Estate),False,False,Units,HKD,9075.231
0226.HK,1,2023,20231231,Recent To Recent,Original,Consolidated Only,HKG ARS,Net Asset Value - Per Share - Basic - Total,True,False,No scaling,HKD,1.84e-05
0226.HK,1,2024,20241231,Original To Original,Original,Consolidated Only,HKG ARS,Net Asset Value (NAV) - Total (REIT/Real Estate),False,False,Units,HKD,6981.959
0226.HK,1,2024,20241231,Original To Original,Original,Consolidated Only,HKG ARS,Net Asset Value - Per Share - Basic - Total,True,False,No scaling,HKD,1.42e-05
0226.HK,1,2024,20241231,Recent To Recent,Original,Consolidated Only,HKG ARS,Net Asset Value (NAV) - Total (REIT/Real Estate),False,False,Units,HKD,6981.959
0226.HK,1,2024,20241231,Recent To Recent,Original,Consolidated Only,HKG ARS,Net Asset Value - Per Share - Basic - Total,True,False,No scaling,HKD,1.42e-05
0227.HK,1,2023,20231231,Original To Original,Original,Consolidated Only,HKG ARS,Net Asset Value (NAV) - Total (REIT/Real Estate),False,False,Units,HKD,2366.157
0227.HK,1,2023,20231231,Recent To Recent,Original,Consolidated Only,HKG ARS,Net Asset Value (NAV) - Total (REIT/Real Estate),False,False,Units,HKD,2366.157
0227.HK,1,2024,20241231,Original To Original,Original,Consolidated Only,HKG ARS,Net Asset Value (NAV) - Total (REIT/Real Estate),False,False,Units,HKD,2487.885
0227.HK,1,2024,20241231,Recent To Recent,Original,Consolidated Only,HKG ARS,Net Asset Value (NAV) - Total (REIT/Real Estate),False,False,Units,HKD,2487.885
0227.HK,1,2025,20251231,Original To Original,Original,Consolidated Only,HKG ARS,Net Asset Value (NAV) - Total (REIT/Real Estate),False,False,Units,HKD,2453.148
0227.HK,1,2025,20251231,Recent To Recent,Original,Consolidated Only,HKG ARS,Net Asset Value (NAV) - Total (REIT/Real Estate),False,False,Units,HKD,2453.148
0230.HK,1,2023,20231231,Original To Original,,Consolidated Only,,Net Asset Value (NAV) - Total (REIT/Real Estate),False,False,Units,HKD,5287.069
0230.HK,1,2023,20231231,Recent To Recent,,Consolidated Only,,Net Asset Value (NAV) - Total (REIT/Real Estate),False,False,Units,HKD,5287.069
0230.HK,1,2023,20231231,Original To Original,Original,Consolidated Only,HKG ARS,Net Asset Value (NAV) - Total (REIT/Real Estate),False,False,Units,HKD,5287.069
0230.HK,1,2023,20231231,Recent To Recent,Original,Consolidated Only,HKG ARS,Net Asset Value (NAV) - Total (REIT/Real Estate),False,False,Units,HKD,5287.069
0230.HK,1,2024,20241231,Original To Original,,Consolidated Only,,Net Asset Value (NAV) - Total (REIT/Real Estate),False,False,Units,HKD,1608.836
0230.HK,1,2024,20241231,Recent To Recent,,Consolidated Only,,Net Asset Value (NAV) - Total (REIT/Real Estate),False,False,Units,HKD,1608.836
0230.HK,1,2024,20241231,Original To Original,Original,Consolidated Only,HKG ARS,Net Asset Value (NAV) - Total (REIT/Real Estate),False,False,Units,HKD,1608.836
0230.HK,1,2024,20241231,Recent To Recent,Original,Consolidated Only,HKG ARS,Net Asset Value (NAV) - Total (REIT/Real Estate),False,False,Units,HKD,1608.836
0237.HK,1,2023,20230331,Original To Original,Original,Consolidated Only,HKG ARS,Net Asset Value (NAV) - Total (REIT/Real Estate),False,False,Units,HKD,3901.073
0237.HK,1,2023,20230331,Original To Original,Original,Consolidated Only,HKG ARS,Occupancy Rate of Space Leased - Total - %,False,True,Percentage,,91.0
0237.HK,1,2023,20230331,Original To Original,Original,Consolidated Only,HKG ARS,Net Asset Value - Per Share - Basic - Total,True,False,No scaling,HKD,9.63e-06
0237.HK,1,2023,20230331,Recent To Recent,Original,Consolidated Only,HKG ARS,Net Asset Value (NAV) - Total (REIT/Real Estate),False,False,Units,HKD,3901.073
0237.HK,1,2023,20230331,Recent To Recent,Original,Consolidated Only,HKG ARS,Occupancy Rate of Space Leased - Total - %,False,True,Percentage,,91.0
0237.HK,1,2023,20230331,Recent To Recent,Original,Consolidated Only,HKG ARS,Net Asset Value - Per Share - Basic - Total,True,False,No scaling,HKD,9.63e-06
0237.HK,1,2024,20240331,Original To Original,Original,Consolidated Only,HKG ARS,Net Asset Value (NAV) - Total (REIT/Real Estate),False,False,Units,HKD,3879.704
0237.HK,1,2024,20240331,Original To Original,Original,Consolidated Only,HKG ARS,Occupancy Rate of Space Leased - Total - %,False,True,Percentage,,89.0
0237.HK,1,2024,20240331,Original To Original,Original,Consolidated Only,HKG ARS,Net Asset Value - Per Share - Basic - Total,True,False,No scaling,HKD,9.58e-06
0237.HK,1,2024,20240331,Recent To Recent,Original,Consolidated Only,HKG ARS,Net Asset Value (NAV) - Total (REIT/Real Estate),False,False,Units,HKD,3879.704
0237.HK,1,2024,20240331,Recent To Recent,Original,Consolidated Only,HKG ARS,Occupancy Rate of Space Leased - Total - %,False,True,Percentage,,89.0
0237.HK,1,2024,20240331,Recent To Recent,Original,Consolidated Only,HKG ARS,Net Asset Value - Per Share - Basic - Total,True,False,No scaling,HKD,9.58e-06
0237.HK,1,2025,20250331,Original To Original,Original,Consolidated Only,HKG ARS,Net Asset Value (NAV) - Total (REIT/Real Estate),False,False,Units,HKD,3583.82
0237.HK,1,2025,20250331,Original To Original,Original,Consolidated Only,HKG ARS,Occupancy Rate of Space Leased - Total - %,False,True,Percentage,,86.0
0237.HK,1,2025,20250331,Original To Original,Original,Consolidated Only,HKG ARS,Net Asset Value - Per Share - Basic - Total,True,False,No scaling,HKD,8.85e-06
0237.HK,1,2025,20250331,Recent To Recent,Original,Consolidated Only,HKG ARS,Net Asset Value (NAV) - Total (REIT/Real Estate),False,False,Units,HKD,3583.82
0237.HK,1,2025,20250331,Recent To Recent,Original,Consolidated Only,HKG ARS,Occupancy Rate of Space Leased - Total - %,False,True,Percentage,,86.0
0237.HK,1,2025,20250331,Recent To Recent,Original,Consolidated Only,HKG ARS,Net Asset Value - Per Share - Basic - Total,True,False,No scaling,HKD,8.85e-06
0242.HK,1,2023,20231231,Original To Original,,Consolidated Only,,Net Asset Value (NAV) - Total (REIT/Real Estate),False,False,Units,HKD,34066.179
0242.HK,1,2023,20231231,Original To Original,,Consolidated Only,,Net Asset Value - Per Share - Basic - Total,True,False,No scaling,HKD,1.13e-05
0242.HK,1,2023,20231231,Recent To Recent,,Consolidated Only,,Net Asset Value (NAV) - Total (REIT/Real Estate),False,False,Units,HKD,34066.179
0242.HK,1,2023,20231231,Recent To Recent,,Consolidated Only,,Net Asset Value - Per Share - Basic - Total,True,False,No scaling,HKD,1.13e-05
0242.HK,1,2023,20231231,Original To Original,Original,Consolidated Only,HKG ARS,Net Asset Value (NAV) - Total (REIT/Real Estate),False,False,Units,HKD,34066.179
0242.HK,1,2023,20231231,Original To Original,Original,Consolidated Only,HKG ARS,Net Asset Value - Per Share - Basic - Total,True,False,No scaling,HKD,1.13e-05
0242.HK,1,2023,20231231,Recent To Recent,Original,Consolidated Only,HKG ARS,Net Asset Value (NAV) - Total (REIT/Real Estate),False,False,Units,HKD,34066.179
0242.HK,1,2023,20231231,Recent To Recent,Original,Consolidated Only,HKG ARS,Net Asset Value - Per Share - Basic - Total,True,False,No scaling,HKD,1.13e-05
0242.HK,1,2024,20241231,Original To Original,,Consolidated Only,,Net Asset Value (NAV) - Total (REIT/Real Estate),False,False,Units,HKD,32732.387
0242.HK,1,2024,20241231,Original To Original,,Consolidated Only,,Net Asset Value - Per Share - Basic - Total,True,False,No scaling,HKD,1.08e-05
0242.HK,1,2024,20241231,Recent To Recent,,Consolidated Only,,Net Asset Value (NAV) - Total (REIT/Real Estate),False,False,Units,HKD,32732.387
0242.HK,1,2024,20241231,Recent To Recent,,Consolidated Only,,Net Asset Value - Per Share - Basic - Total,True,False,No scaling,HKD,1.08e-05
0242.HK,1,2024,20241231,Original To Original,Original,Consolidated Only,HKG ARS,Net Asset Value (NAV) - Total (REIT/Real Estate),False,False,Units,HKD,32732.387
0242.HK,1,2024,20241231,Original To Original,Original,Consolidated Only,HKG ARS,Net Asset Value - Per Share - Basic - Total,True,False,No scaling,HKD,1.08e-05
0242.HK,1,2024,20241231,Recent To Recent,Original,Consolidated Only,HKG ARS,Net Asset Value (NAV) - Total (REIT/Real Estate),False,False,Units,HKD,32732.387
0242.HK,1,2024,20241231,Recent To Recent,Original,Consolidated Only,HKG ARS,Net Asset Value - Per Share - Basic - Total,True,False,No scaling,HKD,1.08e-05
0242.HK,1,2025,20251231,Original To Original,,Consolidated Only,,Net Asset Value (NAV) - Total (REIT/Real Estate),False,False,Units,HKD,32872.416
0242.HK,1,2025,20251231,Original To Original,,Consolidated Only,,Net Asset Value - Per Share - Basic - Total,True,False,No scaling,HKD,1.09e-05
0242.HK,1,2025,20251231,Recent To Recent,,Consolidated Only,,Net Asset Value (NAV) - Total (REIT/Real Estate),False,False,Units,HKD,32872.416
0242.HK,1,2025,20251231,Recent To Recent,,Consolidated Only,,Net Asset Value - Per Share - Basic - Total,True,False,No scaling,HKD,1.09e-05
0242.HK,1,2025,20251231,Original To Original,Original,Consolidated Only,HKG ARS,Net Asset Value (NAV) - Total (REIT/Real Estate),False,False,Units,HKD,32872.416
0242.HK,1,2025,20251231,Original To Original,Original,Consolidated Only,HKG ARS,Net Asset Value - Per Share - Basic - Total,True,False,No scaling,HKD,1.09e-05
0242.HK,1,2025,20251231,Recent To Recent,Original,Consolidated Only,HKG ARS,Net Asset Value (NAV) - Total (REIT/Real Estate),False,False,Units,HKD,32872.416
0242.HK,1,2025,20251231,Recent To Recent,Original,Consolidated Only,HKG ARS,Net Asset Value - Per Share - Basic - Total,True,False,No scaling,HKD,1.09e-05
0247.HK,1,2023,20230630,Original To Original,Original,Consolidated Only,HKG ARS,Net Asset Value (NAV) - Total (REIT/Real Estate),False,False,Units,HKD,91590.199461
0247.HK,1,2023,20230630,Original To Original,Original,Consolidated Only,HKG ARS,Occupancy Rate of Space Leased - Total - %,False,True,Percentage,,91.2
0247.HK,1,2023,20230630,Recent To Recent,Original,Consolidated Only,HKG ARS,Net Asset Value (NAV) - Total (REIT/Real Estate),False,False,Units,HKD,91590.199461
0247.HK,1,2023,20230630,Recent To Recent,Original,Consolidated Only,HKG ARS,Occupancy Rate of Space Leased - Total - %,False,True,Percentage,,91.2
0247.HK,1,2024,20240630,Original To Original,Original,Consolidated Only,HKG ARS,Net Asset Value (NAV) - Total (REIT/Real Estate),False,False,Units,HKD,94868.0
0247.HK,1,2024,20240630,Original To Original,Original,Consolidated Only,HKG ARS,Occupancy Rate of Space Leased - Total - %,False,True,Percentage,,90.8
0247.HK,1,2024,20240630,Recent To Recent,Original,Consolidated Only,HKG ARS,Net Asset Value (NAV) - Total (REIT/Real Estate),False,False,Units,HKD,94868.0
0247.HK,1,2024,20240630,Recent To Recent,Original,Consolidated Only,HKG ARS,Occupancy Rate of Space Leased - Total - %,False,True,Percentage,,90.8
0247.HK,1,2025,20250630,Original To Original,Original,Consolidated Only,HKG ARS,Net Asset Value (NAV) - Total (REIT/Real Estate),False,False,Units,HKD,98515.0
0247.HK,1,2025,20250630,Original To Original,Original,Consolidated Only,HKG ARS,Occupancy Rate of Space Leased - Total - %,False,True,Percentage,,89.6
0247.HK,1,2025,20250630,Recent To Recent,Original,Consolidated Only,HKG ARS,Net Asset Value (NAV) - Total (REIT/Real Estate),False,False,Units,HKD,98515.0
0247.HK,1,2025,20250630,Recent To Recent,Original,Consolidated Only,HKG ARS,Occupancy Rate of Space Leased - Total - %,False,True,Percentage,,89.6
0251.HK,1,2023,20231231,Original To Original,Original,Consolidated Only,HKG ARS,Net Asset Value (NAV) - Total (REIT/Real Estate),False,False,Units,HKD,4087.028
0251.HK,1,2023,20231231,Original To Original,Original,Consolidated Only,HKG ARS,Net Asset Value - Per Share - Basic - Total,True,False,No scaling,HKD,6.8e-06
0251.HK,1,2023,20231231,Recent To Recent,Original,Consolidated Only,HKG ARS,Net Asset Value (NAV) - Total (REIT/Real Estate),False,False,Units,HKD,4087.028
0251.HK,1,2023,20231231,Recent To Recent,Original,Consolidated Only,HKG ARS,Net Asset Value - Per Share - Basic - Total,True,False,No scaling,HKD,6.8e-06
0251.HK,1,2024,20241231,Original To Original,Original,Consolidated Only,HKG ARS,Net Asset Value (NAV) - Total (REIT/Real Estate),False,False,Units,HKD,3923.454
0251.HK,1,2024,20241231,Original To Original,Original,Consolidated Only,HKG ARS,Net Asset Value - Per Share - Basic - Total,True,False,No scaling,HKD,6.5e-06
0251.HK,1,2024,20241231,Recent To Recent,Original,Consolidated Only,HKG ARS,Net Asset Value (NAV) - Total (REIT/Real Estate),False,False,Units,HKD,3923.454
0251.HK,1,2024,20241231,Recent To Recent,Original,Consolidated Only,HKG ARS,Net Asset Value - Per Share - Basic - Total,True,False,No scaling,HKD,6.5e-06
0251.HK,1,2025,20251231,Original To Original,Original,Consolidated Only,HKG ARS,Net Asset Value (NAV) - Total (REIT/Real Estate),False,False,Units,HKD,3831.178
0251.HK,1,2025,20251231,Original To Original,Original,Consolidated Only,HKG ARS,Net Asset Value - Per Share - Basic - Total,True,False,No scaling,HKD,6.4e-06
0251.HK,1,2025,20251231,Recent To Recent,Original,Consolidated Only,HKG ARS,Net Asset Value (NAV) - Total (REIT/Real Estate),False,False,Units,HKD,3831.178
0251.HK,1,2025,20251231,Recent To Recent,Original,Consolidated Only,HKG ARS,Net Asset Value - Per Share - Basic - Total,True,False,No scaling,HKD,6.4e-06
0258.HK,1,2023,20231231,Original To Original,Original,Consolidated Only,HKG ARS,Net Asset Value (NAV) - Total (REIT/Real Estate),False,False,Units,HKD,12006.56
0258.HK,1,2023,20231231,Recent To Recent,Original,Consolidated Only,HKG ARS,Net Asset Value (NAV) - Total (REIT/Real Estate),False,False,Units,HKD,12006.56
0258.HK,1,2024,20241231,Original To Original,Original,Consolidated Only,HKG ARS,Net Asset Value (NAV) - Total (REIT/Real Estate),False,False,Units,HKD,11757.959
0258.HK,1,2024,20241231,Recent To Recent,Original,Consolidated Only,HKG ARS,Net Asset Value (NAV) - Total (REIT/Real Estate),False,False,Units,HKD,11757.959
0258.HK,1,2025,20251231,Original To Original,Original,Consolidated Only,HKG ARS,Net Asset Value (NAV) - Total (REIT/Real Estate),False,False,Units,HKD,13113.065
0258.HK,1,2025,20251231,Recent To Recent,Original,Consolidated Only,HKG ARS,Net Asset Value (NAV) - Total (REIT/Real Estate),False,False,Units,HKD,13113.065
0266.HK,1,2023,20230331,Original To Original,Original,Consolidated Only,HKG ARS,Net Asset Value (NAV) - Total (REIT/Real Estate),False,False,Units,HKD,4223.094
0266.HK,1,2023,20230331,Recent To Recent,Original,Consolidated Only,HKG ARS,Net Asset Value (NAV) - Total (REIT/Real Estate),False,False,Units,HKD,4223.094
0266.HK,1,2024,20240331,Original To Original,Original,Consolidated Only,HKG ARS,Net Asset Value (NAV) - Total (REIT/Real Estate),False,False,Units,HKD,4345.616
0266.HK,1,2024,20240331,Recent To Recent,Original,Consolidated Only,HKG ARS,Net Asset Value (NAV) - Total (REIT/Real Estate),False,False,Units,HKD,4345.616
0266.HK,1,2025,20250331,Original To Original,Original,Consolidated Only,HKG ARS,Net Asset Value (NAV) - Total (REIT/Real Estate),False,False,Units,HKD,3947.677
0266.HK,1,2025,20250331,Recent To Recent,Original,Consolidated Only,HKG ARS,Net Asset Value (NAV) - Total (REIT/Real Estate),False,False,Units,HKD,3947.677
0267.HK,1,2023,20231231,Original To Original,,Consolidated Only,,Net Interest Margin - Total - %,False,True,Percentage,,1.78
0267.HK,1,2023,20231231,Original To Original,,Consolidated Only,,Net Interest Spread - Total - %,False,True,Percentage,,1.75
0267.HK,1,2023,20231231,Original To Original,,Consolidated Only,,Efficiency Ratio - Total - %,False,True,Percentage,,3.261e-05
0267.HK,1,2023,20231231,Recent To Recent,,Consolidated Only,,Net Interest Margin - Total - %,False,True,Percentage,,1.78
0267.HK,1,2023,20231231,Recent To Recent,,Consolidated Only,,Net Interest Spread - Total - %,False,True,Percentage,,1.75
0267.HK,1,2023,20231231,Recent To Recent,,Consolidated Only,,Efficiency Ratio - Total - %,False,True,Percentage,,3.261e-05
0267.HK,1,2023,20231231,Original To Original,Original,Consolidated Only,HKG ARS,Net Interest Margin - Total - %,False,True,Percentage,,1.78
0267.HK,1,2023,20231231,Original To Original,Original,Consolidated Only,HKG ARS,Net Interest Spread - Total - %,False,True,Percentage,,1.75
0267.HK,1,2023,20231231,Original To Original,Original,Consolidated Only,HKG ARS,Efficiency Ratio - Total - %,False,True,Percentage,,3.261e-05
0267.HK,1,2023,20231231,Recent To Recent,Original,Consolidated Only,HKG ARS,Net Interest Margin - Total - %,False,True,Percentage,,1.78
0267.HK,1,2023,20231231,Recent To Recent,Original,Consolidated Only,HKG ARS,Net Interest Spread - Total - %,False,True,Percentage,,1.75
0267.HK,1,2023,20231231,Recent To Recent,Original,Consolidated Only,HKG ARS,Efficiency Ratio - Total - %,False,True,Percentage,,3.261e-05
0267.HK,1,2024,20241231,Original To Original,,Consolidated Only,,Net Interest Margin - Total - %,False,True,Percentage,,1.77
0267.HK,1,2024,20241231,Original To Original,,Consolidated Only,,Net Interest Spread - Total - %,False,True,Percentage,,1.71
0267.HK,1,2024,20241231,Original To Original,,Consolidated Only,,Efficiency Ratio - Total - %,False,True,Percentage,,3.271e-05
0267.HK,1,2024,20241231,Recent To Recent,,Consolidated Only,,Net Interest Margin - Total - %,False,True,Percentage,,1.77
0267.HK,1,2024,20241231,Recent To Recent,,Consolidated Only,,Net Interest Spread - Total - %,False,True,Percentage,,1.71
0267.HK,1,2024,20241231,Recent To Recent,,Consolidated Only,,Efficiency Ratio - Total - %,False,True,Percentage,,3.271e-05
0267.HK,1,2024,20241231,Original To Original,Original,Consolidated Only,HKG ARS,Net Interest Margin - Total - %,False,True,Percentage,,1.77
0267.HK,1,2024,20241231,Original To Original,Original,Consolidated Only,HKG ARS,Net Interest Spread - Total - %,False,True,Percentage,,1.71
0267.HK,1,2024,20241231,Original To Original,Original,Consolidated Only,HKG ARS,Efficiency Ratio - Total - %,False,True,Percentage,,3.271e-05
0267.HK,1,2024,20241231,Recent To Recent,Original,Consolidated Only,HKG ARS,Net Interest Margin - Total - %,False,True,Percentage,,1.77
0267.HK,1,2024,20241231,Recent To Recent,Original,Consolidated Only,HKG ARS,Net Interest Spread - Total - %,False,True,Percentage,,1.71
0267.HK,1,2024,20241231,Recent To Recent,Original,Consolidated Only,HKG ARS,Efficiency Ratio - Total - %,False,True,Percentage,,3.271e-05
0267.HK,1,2025,20251231,Original To Original,,Consolidated Only,,Net Interest Margin - Total - %,False,True,Percentage,,1.63
0267.HK,1,2025,20251231,Original To Original,,Consolidated Only,,Net Interest Spread - Total - %,False,True,Percentage,,1.6
0267.HK,1,2025,20251231,Original To Original,,Consolidated Only,,Efficiency Ratio - Total - %,False,True,Percentage,,3.232e-05
0267.HK,1,2025,20251231,Recent To Recent,,Consolidated Only,,Net Interest Margin - Total - %,False,True,Percentage,,1.63
0267.HK,1,2025,20251231,Recent To Recent,,Consolidated Only,,Net Interest Spread - Total - %,False,True,Percentage,,1.6
0267.HK,1,2025,20251231,Recent To Recent,,Consolidated Only,,Efficiency Ratio - Total - %,False,True,Percentage,,3.232e-05
0267.HK,1,2025,20251231,Original To Original,Original,Consolidated Only,HKG ARS,Net Interest Margin - Total - %,False,True,Percentage,,1.63
0267.HK,1,2025,20251231,Original To Original,Original,Consolidated Only,HKG ARS,Net Interest Spread - Total - %,False,True,Percentage,,1.6
0267.HK,1,2025,20251231,Original To Original,Original,Consolidated Only,HKG ARS,Efficiency Ratio - Total - %,False,True,Percentage,,3.232e-05
0267.HK,1,2025,20251231,Recent To Recent,Original,Consolidated Only,HKG ARS,Net Interest Margin - Total - %,False,True,Percentage,,1.63
0267.HK,1,2025,20251231,Recent To Recent,Original,Consolidated Only,HKG ARS,Net Interest Spread - Total - %,False,True,Percentage,,1.6
0267.HK,1,2025,20251231,Recent To Recent,Original,Consolidated Only,HKG ARS,Efficiency Ratio - Total - %,False,True,Percentage,,3.232e-05
0271.HK,1,2023,20231231,Original To Original,,Consolidated Only,,Net Asset Value (NAV) - Total (REIT/Real Estate),False,False,Units,HKD,1822.751
0271.HK,1,2023,20231231,Original To Original,,Consolidated Only,,Net Asset Value - Per Share - Basic - Total,True,False,No scaling,HKD,1.47e-06
0271.HK,1,2023,20231231,Recent To Recent,,Consolidated Only,,Net Asset Value (NAV) - Total (REIT/Real Estate),False,False,Units,HKD,1822.751
0271.HK,1,2023,20231231,Recent To Recent,,Consolidated Only,,Net Asset Value - Per Share - Basic - Total,True,False,No scaling,HKD,1.47e-06
0271.HK,1,2023,20231231,Original To Original,Original,Consolidated Only,HKG ARS,Net Asset Value (NAV) - Total (REIT/Real Estate),False,False,Units,HKD,1822.751
0271.HK,1,2023,20231231,Original To Original,Original,Consolidated Only,HKG ARS,Net Asset Value - Per Share - Basic - Total,True,False,No scaling,HKD,1.47e-06
0271.HK,1,2023,20231231,Recent To Recent,Original,Consolidated Only,HKG ARS,Net Asset Value (NAV) - Total (REIT/Real Estate),False,False,Units,HKD,1822.751
0271.HK,1,2023,20231231,Recent To Recent,Original,Consolidated Only,HKG ARS,Net Asset Value - Per Share - Basic - Total,True,False,No scaling,HKD,1.47e-06
0271.HK,1,2024,20241231,Original To Original,,Consolidated Only,,Net Asset Value (NAV) - Total (REIT/Real Estate),False,False,Units,HKD,1742.069
0271.HK,1,2024,20241231,Original To Original,,Consolidated Only,,Net Asset Value - Per Share - Basic - Total,True,False,No scaling,HKD,1.4e-06
0271.HK,1,2024,20241231,Recent To Recent,,Consolidated Only,,Net Asset Value (NAV) - Total (REIT/Real Estate),False,False,Units,HKD,1742.069
0271.HK,1,2024,20241231,Recent To Recent,,Consolidated Only,,Net Asset Value - Per Share - Basic - Total,True,False,No scaling,HKD,1.4e-06
0271.HK,1,2024,20241231,Original To Original,Original,Consolidated Only,HKG ARS,Net Asset Value (NAV) - Total (REIT/Real Estate),False,False,Units,HKD,1742.069
0271.HK,1,2024,20241231,Original To Original,Original,Consolidated Only,HKG ARS,Net Asset Value - Per Share - Basic - Total,True,False,No scaling,HKD,1.4e-06
0271.HK,1,2024,20241231,Recent To Recent,Original,Consolidated Only,HKG ARS,Net Asset Value (NAV) - Total (REIT/Real Estate),False,False,Units,HKD,1742.069
0271.HK,1,2024,20241231,Recent To Recent,Original,Consolidated Only,HKG ARS,Net Asset Value - Per Share - Basic - Total,True,False,No scaling,HKD,1.4e-06
0271.HK,1,2025,20251231,Original To Original,,Consolidated Only,,Net Asset Value (NAV) - Total (REIT/Real Estate),False,False,Units,HKD,1522.122
0271.HK,1,2025,20251231,Original To Original,,Consolidated Only,,Net Asset Value - Per Share - Basic - Total,True,False,No scaling,HKD,1.23e-06
0271.HK,1,2025,20251231,Recent To Recent,,Consolidated Only,,Net Asset Value (NAV) - Total (REIT/Real Estate),False,False,Units,HKD,1522.122
0271.HK,1,2025,20251231,Recent To Recent,,Consolidated Only,,Net Asset Value - Per Share - Basic - Total,True,False,No scaling,HKD,1.23e-06
0271.HK,1,2025,20251231,Original To Original,Original,Consolidated Only,HKG ARS,Net Asset Value (NAV) - Total (REIT/Real Estate),False,False,Units,HKD,1522.122
0271.HK,1,2025,20251231,Original To Original,Original,Consolidated Only,HKG ARS,Net Asset Value - Per Share - Basic - Total,True,False,No scaling,HKD,1.23e-06
0271.HK,1,2025,20251231,Recent To Recent,Original,Consolidated Only,HKG ARS,Net Asset Value (NAV) - Total (REIT/Real Estate),False,False,Units,HKD,1522.122
0271.HK,1,2025,20251231,Recent To Recent,Original,Consolidated Only,HKG ARS,Net Asset Value - Per Share - Basic - Total,True,False,No scaling,HKD,1.23e-06
0272.HK,1,2023,20231231,Original To Original,,Consolidated Only,,Net Asset Value (NAV) - Total (REIT/Real Estate),False,False,Units,CNY,38863.0
0272.HK,1,2023,20231231,Recent To Recent,,Consolidated Only,,Net Asset Value (NAV) - Total (REIT/Real Estate),False,False,Units,CNY,38863.0
0272.HK,1,2023,20231231,Original To Original,Original,Consolidated Only,HKG ARS,Net Asset Value (NAV) - Total (REIT/Real Estate),False,False,Units,CNY,38863.0
0272.HK,1,2023,20231231,Recent To Recent,Original,Consolidated Only,HKG ARS,Net Asset Value (NAV) - Total (REIT/Real Estate),False,False,Units,CNY,38863.0
0272.HK,1,2024,20241231,Original To Original,,Consolidated Only,,Net Asset Value (NAV) - Total (REIT/Real Estate),False,False,Units,CNY,38485.0
0272.HK,1,2024,20241231,Recent To Recent,,Consolidated Only,,Net Asset Value (NAV) - Total (REIT/Real Estate),False,False,Units,CNY,38485.0
0272.HK,1,2024,20241231,Original To Original,Original,Consolidated Only,HKG ARS,Net Asset Value (NAV) - Total (REIT/Real Estate),False,False,Units,CNY,38485.0
0272.HK,1,2024,20241231,Recent To Recent,Original,Consolidated Only,HKG ARS,Net Asset Value (NAV) - Total (REIT/Real Estate),False,False,Units,CNY,38485.0
0272.HK,1,2025,20251231,Original To Original,,Consolidated Only,,Net Asset Value (NAV) - Total (REIT/Real Estate),False,False,Units,CNY,36477.0
0272.HK,1,2025,20251231,Recent To Recent,,Consolidated Only,,Net Asset Value (NAV) - Total (REIT/Real Estate),False,False,Units,CNY,36477.0
0272.HK,1,2025,20251231,Original To Original,Original,Consolidated Only,HKG ARS,Net Asset Value (NAV) - Total (REIT/Real Estate),False,False,Units,CNY,36477.0
0272.HK,1,2025,20251231,Recent To Recent,Original,Consolidated Only,HKG ARS,Net Asset Value (NAV) - Total (REIT/Real Estate),False,False,Units,CNY,36477.0
0277.HK,1,2023,20230331,Original To Original,Original,Consolidated Only,HKG ARS,Net Asset Value (NAV) - Total (REIT/Real Estate),False,False,Units,HKD,2644.295
0277.HK,1,2023,20230331,Original To Original,Original,Consolidated Only,HKG ARS,Occupancy Rate of Space Leased - Total - %,False,True,Percentage,,84.9
0277.HK,1,2023,20230331,Original To Original,Original,Consolidated Only,HKG ARS,Net Asset Value - Per Share - Basic - Total,True,False,No scaling,HKD,9.5e-06
0277.HK,1,2023,20230331,Recent To Recent,Original,Consolidated Only,HKG ARS,Net Asset Value (NAV) - Total (REIT/Real Estate),False,False,Units,HKD,2644.295
0277.HK,1,2023,20230331,Recent To Recent,Original,Consolidated Only,HKG ARS,Occupancy Rate of Space Leased - Total - %,False,True,Percentage,,84.9
0277.HK,1,2023,20230331,Recent To Recent,Original,Consolidated Only,HKG ARS,Net Asset Value - Per Share - Basic - Total,True,False,No scaling,HKD,9.5e-06
0277.HK,1,2024,20240331,Original To Original,Original,Consolidated Only,HKG ARS,Net Asset Value (NAV) - Total (REIT/Real Estate),False,False,Units,HKD,2575.107
0277.HK,1,2024,20240331,Original To Original,Original,Consolidated Only,HKG ARS,Net Asset Value - Per Share - Basic - Total,True,False,No scaling,HKD,9.3e-06
0277.HK,1,2024,20240331,Recent To Recent,Original,Consolidated Only,HKG ARS,Net Asset Value (NAV) - Total (REIT/Real Estate),False,False,Units,HKD,2575.107
0277.HK,1,2024,20240331,Recent To Recent,Original,Consolidated Only,HKG ARS,Net Asset Value - Per Share - Basic - Total,True,False,No scaling,HKD,9.3e-06
0277.HK,1,2025,20250331,Original To Original,Original,Consolidated Only,HKG ARS,Net Asset Value (NAV) - Total (REIT/Real Estate),False,False,Units,HKD,2522.972
0277.HK,1,2025,20250331,Original To Original,Original,Consolidated Only,HKG ARS,Net Asset Value - Per Share - Basic - Total,True,False,No scaling,HKD,9.1e-06
0277.HK,1,2025,20250331,Recent To Recent,Original,Consolidated Only,HKG ARS,Net Asset Value (NAV) - Total (REIT/Real Estate),False,False,Units,HKD,2522.972
0277.HK,1,2025,20250331,Recent To Recent,Original,Consolidated Only,HKG ARS,Net Asset Value - Per Share - Basic - Total,True,False,No scaling,HKD,9.1e-06
0293.HK,1,2023,20231231,Original To Original,,Consolidated Only,,Seat Miles/Kilometers - Available (ASM/ASK) - Total,False,False,Units,,85607.0
0293.HK,1,2023,20231231,Original To Original,,Consolidated Only,,Passenger Revenue - Total,False,False,Units,HKD,61437.0
0293.HK,1,2023,20231231,Original To Original,,Consolidated Only,,Cargo Revenue - Total,False,False,Units,HKD,25606.0
0293.HK,1,2023,20231231,Original To Original,,Consolidated Only,,Load Factor - Total - %,False,True,Percentage,,85.7
0293.HK,1,2023,20231231,Recent To Recent,,Consolidated Only,,Seat Miles/Kilometers - Available (ASM/ASK) - Total,False,False,Units,,85607.0
0293.HK,1,2023,20231231,Recent To Recent,,Consolidated Only,,Passenger Revenue - Total,False,False,Units,HKD,61437.0
0293.HK,1,2023,20231231,Recent To Recent,,Consolidated Only,,Cargo Revenue - Total,False,False,Units,HKD,25606.0
0293.HK,1,2023,20231231,Recent To Recent,,Consolidated Only,,Load Factor - Total - %,False,True,Percentage,,85.7
0293.HK,1,2023,20231231,Original To Original,Original,Consolidated Only,HKG ARS,Seat Miles/Kilometers - Available (ASM/ASK) - Total,False,False,Units,,85607.0
0293.HK,1,2023,20231231,Original To Original,Original,Consolidated Only,HKG ARS,Passenger Revenue - Total,False,False,Units,HKD,61437.0
0293.HK,1,2023,20231231,Original To Original,Original,Consolidated Only,HKG ARS,Cargo Revenue - Total,False,False,Units,HKD,25606.0
0293.HK,1,2023,20231231,Original To Original,Original,Consolidated Only,HKG ARS,Load Factor - Total - %,False,True,Percentage,,85.7
0293.HK,1,2023,20231231,Recent To Recent,Original,Consolidated Only,HKG ARS,Seat Miles/Kilometers - Available (ASM/ASK) - Total,False,False,Units,,85607.0
0293.HK,1,2023,20231231,Recent To Recent,Original,Consolidated Only,HKG ARS,Passenger Revenue - Total,False,False,Units,HKD,61437.0
0293.HK,1,2023,20231231,Recent To Recent,Original,Consolidated Only,HKG ARS,Cargo Revenue - Total,False,False,Units,HKD,25606.0
0293.HK,1,2023,20231231,Recent To Recent,Original,Consolidated Only,HKG ARS,Load Factor - Total - %,False,True,Percentage,,85.7
0293.HK,1,2024,20241231,Original To Original,,Consolidated Only,,Seat Miles/Kilometers - Available (ASM/ASK) - Total,False,False,Units,,111789.0
0293.HK,1,2024,20241231,Original To Original,,Consolidated Only,,Passenger Revenue - Total,False,False,Units,HKD,68589.0
0293.HK,1,2024,20241231,Original To Original,,Consolidated Only,,Cargo Revenue - Total,False,False,Units,HKD,27417.0
0293.HK,1,2024,20241231,Original To Original,,Consolidated Only,,Load Factor - Total - %,False,True,Percentage,,83.2
0293.HK,1,2024,20241231,Recent To Recent,,Consolidated Only,,Seat Miles/Kilometers - Available (ASM/ASK) - Total,False,False,Units,,111789.0
0293.HK,1,2024,20241231,Recent To Recent,,Consolidated Only,,Passenger Revenue - Total,False,False,Units,HKD,68589.0
0293.HK,1,2024,20241231,Recent To Recent,,Consolidated Only,,Cargo Revenue - Total,False,False,Units,HKD,27417.0
0293.HK,1,2024,20241231,Recent To Recent,,Consolidated Only,,Load Factor - Total - %,False,True,Percentage,,83.2
0293.HK,1,2024,20241231,Original To Original,Original,Consolidated Only,HKG ARS,Seat Miles/Kilometers - Available (ASM/ASK) - Total,False,False,Units,,111789.0
0293.HK,1,2024,20241231,Original To Original,Original,Consolidated Only,HKG ARS,Passenger Revenue - Total,False,False,Units,HKD,68589.0
0293.HK,1,2024,20241231,Original To Original,Original,Consolidated Only,HKG ARS,Cargo Revenue - Total,False,False,Units,HKD,27417.0
0293.HK,1,2024,20241231,Original To Original,Original,Consolidated Only,HKG ARS,Load Factor - Total - %,False,True,Percentage,,83.2
0293.HK,1,2024,20241231,Recent To Recent,Original,Consolidated Only,HKG ARS,Seat Miles/Kilometers - Available (ASM/ASK) - Total,False,False,Units,,111789.0
0293.HK,1,2024,20241231,Recent To Recent,Original,Consolidated Only,HKG ARS,Passenger Revenue - Total,False,False,Units,HKD,68589.0
0293.HK,1,2024,20241231,Recent To Recent,Original,Consolidated Only,HKG ARS,Cargo Revenue - Total,False,False,Units,HKD,27417.0
0293.HK,1,2024,20241231,Recent To Recent,Original,Consolidated Only,HKG ARS,Load Factor - Total - %,False,True,Percentage,,83.2
0293.HK,1,2025,20251231,Original To Original,,Consolidated Only,,Seat Miles/Kilometers - Available (ASM/ASK) - Total,False,False,Units,,140681.0
0293.HK,1,2025,20251231,Original To Original,,Consolidated Only,,Passenger Revenue - Total,False,False,Units,HKD,78848.0
0293.HK,1,2025,20251231,Original To Original,,Consolidated Only,,Cargo Revenue - Total,False,False,Units,HKD,27572.0
0293.HK,1,2025,20251231,Original To Original,,Consolidated Only,,Load Factor - Total - %,False,True,Percentage,,85.2
0293.HK,1,2025,20251231,Recent To Recent,,Consolidated Only,,Seat Miles/Kilometers - Available (ASM/ASK) - Total,False,False,Units,,140681.0
0293.HK,1,2025,20251231,Recent To Recent,,Consolidated Only,,Passenger Revenue - Total,False,False,Units,HKD,78848.0
0293.HK,1,2025,20251231,Recent To Recent,,Consolidated Only,,Cargo Revenue - Total,False,False,Units,HKD,27572.0
0293.HK,1,2025,20251231,Recent To Recent,,Consolidated Only,,Load Factor - Total - %,False,True,Percentage,,85.2
0293.HK,1,2025,20251231,Original To Original,Original,Consolidated Only,HKG ARS,Seat Miles/Kilometers - Available (ASM/ASK) - Total,False,False,Units,,140681.0
0293.HK,1,2025,20251231,Original To Original,Original,Consolidated Only,HKG ARS,Passenger Revenue - Total,False,False,Units,HKD,78848.0
0293.HK,1,2025,20251231,Original To Original,Original,Consolidated Only,HKG ARS,Cargo Revenue - Total,False,False,Units,HKD,27572.0
0293.HK,1,2025,20251231,Original To Original,Original,Consolidated Only,HKG ARS,Load Factor - Total - %,False,True,Percentage,,85.2
0293.HK,1,2025,20251231,Recent To Recent,Original,Consolidated Only,HKG ARS,Seat Miles/Kilometers - Available (ASM/ASK) - Total,False,False,Units,,140681.0
0293.HK,1,2025,20251231,Recent To Recent,Original,Consolidated Only,HKG ARS,Passenger Revenue - Total,False,False,Units,HKD,78848.0
0293.HK,1,2025,20251231,Recent To Recent,Original,Consolidated Only,HKG ARS,Cargo Revenue - Total,False,False,Units,HKD,27572.0
0293.HK,1,2025,20251231,Recent To Recent,Original,Consolidated Only,HKG ARS,Load Factor - Total - %,False,True,Percentage,,85.2
0302.HK,1,2023,20231231,Original To Original,,Consolidated Only,,Monthly Active Users (MAU) - Total,False,False,No scaling,,17.057
0302.HK,1,2023,20231231,Recent To Recent,,Consolidated Only,,Monthly Active Users (MAU) - Total,False,False,No scaling,,17.057
0302.HK,1,2023,20231231,Original To Original,Original,Consolidated Only,HKG ARS,Monthly Active Users (MAU) - Total,False,False,No scaling,,17.057
0302.HK,1,2023,20231231,Recent To Recent,Original,Consolidated Only,HKG ARS,Monthly Active Users (MAU) - Total,False,False,No scaling,,17.057
0302.HK,1,2024,20241231,Original To Original,,Consolidated Only,,Monthly Active Users (MAU) - Total,False,False,No scaling,,14.713
0302.HK,1,2024,20241231,Recent To Recent,,Consolidated Only,,Monthly Active Users (MAU) - Total,False,False,No scaling,,14.713
0302.HK,1,2024,20241231,Original To Original,Original,Consolidated Only,HKG ARS,Monthly Active Users (MAU) - Total,False,False,No scaling,,14.713
0302.HK,1,2024,20241231,Recent To Recent,Original,Consolidated Only,HKG ARS,Monthly Active Users (MAU) - Total,False,False,No scaling,,14.713
0302.HK,1,2025,20251231,Original To Original,,Consolidated Only,,Monthly Active Users (MAU) - Total,False,False,No scaling,,11.942
0302.HK,1,2025,20251231,Recent To Recent,,Consolidated Only,,Monthly Active Users (MAU) - Total,False,False,No scaling,,11.942
0302.HK,1,2025,20251231,Original To Original,Original,Consolidated Only,HKG ARS,Monthly Active Users (MAU) - Total,False,False,No scaling,,11.942
0302.HK,1,2025,20251231,Recent To Recent,Original,Consolidated Only,HKG ARS,Monthly Active Users (MAU) - Total,False,False,No scaling,,11.942
0315.HK,1,2023,20230630,Original To Original,Original,Consolidated Only,HKG ARS,Revenue per Unit - Average - Total,False,False,No scaling,HKD,0.000224
0315.HK,1,2023,20230630,Recent To Recent,Original,Consolidated Only,HKG ARS,Revenue per Unit - Average - Total,False,False,No scaling,HKD,0.000224
0315.HK,1,2024,20240630,Original To Original,Original,Consolidated Only,HKG ARS,Subscribers - Connections - Number - Total,False,False,No scaling,,2.71
0315.HK,1,2024,20240630,Recent To Recent,Original,Consolidated Only,HKG ARS,Subscribers - Connections - Number - Total,False,False,No scaling,,2.71
0335.HK,1,2023,20230331,Original To Original,,Consolidated Only,,Net Asset Value (NAV) - Total (REIT/Real Estate),False,False,Units,HKD,2762.469
0335.HK,1,2023,20230331,Recent To Recent,,Consolidated Only,,Net Asset Value (NAV) - Total (REIT/Real Estate),False,False,Units,HKD,2762.469
0335.HK,1,2023,20230331,Original To Original,Original,Consolidated Only,HKG ARS,Net Asset Value (NAV) - Total (REIT/Real Estate),False,False,Units,HKD,2762.469
0335.HK,1,2023,20230331,Recent To Recent,Original,Consolidated Only,HKG ARS,Net Asset Value (NAV) - Total (REIT/Real Estate),False,False,Units,HKD,2762.469
0335.HK,1,2024,20240331,Original To Original,,Consolidated Only,,Net Asset Value (NAV) - Total (REIT/Real Estate),False,False,Units,HKD,2791.635
0335.HK,1,2024,20240331,Recent To Recent,,Consolidated Only,,Net Asset Value (NAV) - Total (REIT/Real Estate),False,False,Units,HKD,2791.635
0335.HK,1,2024,20240331,Original To Original,Original,Consolidated Only,HKG ARS,Net Asset Value (NAV) - Total (REIT/Real Estate),False,False,Units,HKD,2791.635
0335.HK,1,2024,20240331,Recent To Recent,Original,Consolidated Only,HKG ARS,Net Asset Value (NAV) - Total (REIT/Real Estate),False,False,Units,HKD,2791.635
0335.HK,1,2025,20250331,Original To Original,,Consolidated Only,,Net Asset Value (NAV) - Total (REIT/Real Estate),False,False,Units,HKD,2847.857
0335.HK,1,2025,20250331,Recent To Recent,,Consolidated Only,,Net Asset Value (NAV) - Total (REIT/Real Estate),False,False,Units,HKD,2847.857
0335.HK,1,2025,20250331,Original To Original,Original,Consolidated Only,HKG ARS,Net Asset Value (NAV) - Total (REIT/Real Estate),False,False,Units,HKD,2847.857
0335.HK,1,2025,20250331,Recent To Recent,Original,Consolidated Only,HKG ARS,Net Asset Value (NAV) - Total (REIT/Real Estate),False,False,Units,HKD,2847.857
0337.HK,1,2023,20231231,Original To Original,Original,Consolidated Only,HKG ARS,Net Asset Value (NAV) - Total (REIT/Real Estate),False,False,Units,CNY,12296.908
0337.HK,1,2023,20231231,Recent To Recent,Original,Consolidated Only,HKG ARS,Net Asset Value (NAV) - Total (REIT/Real Estate),False,False,Units,CNY,12296.908
0337.HK,1,2024,20241231,Original To Original,Original,Consolidated Only,HKG ARS,Net Asset Value (NAV) - Total (REIT/Real Estate),False,False,Units,CNY,10342.025
0337.HK,1,2024,20241231,Recent To Recent,Original,Consolidated Only,HKG ARS,Net Asset Value (NAV) - Total (REIT/Real Estate),False,False,Units,CNY,10342.025
0337.HK,1,2025,20251231,Original To Original,Original,Consolidated Only,HKG ARS,Net Asset Value (NAV) - Total (REIT/Real Estate),False,False,Units,CNY,9040.165
0337.HK,1,2025,20251231,Recent To Recent,Original,Consolidated Only,HKG ARS,Net Asset Value (NAV) - Total (REIT/Real Estate),False,False,Units,CNY,9040.165
0346.HK,1,2023,20231231,Original To Original,Original,Consolidated Only,HKG ARS,Oil Equivalent Production (Units/day) - Total,False,False,No scaling,,2980.60109
0346.HK,1,2023,20231231,Recent To Recent,Original,Consolidated Only,HKG ARS,Oil Equivalent Production (Units/day) - Total,False,False,No scaling,,2980.60109
0346.HK,1,2024,20241231,Original To Original,Original,Consolidated Only,HKG ARS,Oil Equivalent Production (Units/day) - Total,False,False,No scaling,,2291.53005
0346.HK,1,2024,20241231,Recent To Recent,Original,Consolidated Only,HKG ARS,Oil Equivalent Production (Units/day) - Total,False,False,No scaling,,2291.53005
0346.HK,1,2025,20251231,Original To Original,Original,Consolidated Only,HKG ARS,Oil Equivalent Production (Units/day) - Total,False,False,No scaling,,1474.59016
0346.HK,1,2025,20251231,Recent To Recent,Original,Consolidated Only,HKG ARS,Oil Equivalent Production (Units/day) - Total,False,False,No scaling,,1474.59016
0355.HK,1,2023,20231231,Original To Original,,Consolidated Only,,Net Asset Value (NAV) - Total (REIT/Real Estate),False,False,Units,HKD,16396.5
0355.HK,1,2023,20231231,Original To Original,,Consolidated Only,,Net Asset Value - Per Share - Basic - Total,True,False,No scaling,HKD,2.16e-06
0355.HK,1,2023,20231231,Recent To Recent,,Consolidated Only,,Net Asset Value (NAV) - Total (REIT/Real Estate),False,False,Units,HKD,16396.5
0355.HK,1,2023,20231231,Recent To Recent,,Consolidated Only,,Net Asset Value - Per Share - Basic - Total,True,False,No scaling,HKD,2.16e-06
0355.HK,1,2023,20231231,Original To Original,Original,Consolidated Only,HKG ARS,Net Asset Value (NAV) - Total (REIT/Real Estate),False,False,Units,HKD,16396.5
0355.HK,1,2023,20231231,Original To Original,Original,Consolidated Only,HKG ARS,Net Asset Value - Per Share - Basic - Total,True,False,No scaling,HKD,2.16e-06
0355.HK,1,2023,20231231,Recent To Recent,Original,Consolidated Only,HKG ARS,Net Asset Value (NAV) - Total (REIT/Real Estate),False,False,Units,HKD,16396.5
0355.HK,1,2023,20231231,Recent To Recent,Original,Consolidated Only,HKG ARS,Net Asset Value - Per Share - Basic - Total,True,False,No scaling,HKD,2.16e-06
0355.HK,1,2024,20241231,Original To Original,,Consolidated Only,,Net Asset Value (NAV) - Total (REIT/Real Estate),False,False,Units,HKD,5560.6
0355.HK,1,2024,20241231,Original To Original,,Consolidated Only,,Net Asset Value - Per Share - Basic - Total,True,False,No scaling,HKD,1.8e-06
0355.HK,1,2024,20241231,Recent To Recent,,Consolidated Only,,Net Asset Value (NAV) - Total (REIT/Real Estate),False,False,Units,HKD,5560.6
0355.HK,1,2024,20241231,Recent To Recent,,Consolidated Only,,Net Asset Value - Per Share - Basic - Total,True,False,No scaling,HKD,1.8e-06
0355.HK,1,2024,20241231,Original To Original,Original,Consolidated Only,HKG ARS,Net Asset Value (NAV) - Total (REIT/Real Estate),False,False,Units,HKD,5560.6
0355.HK,1,2024,20241231,Original To Original,Original,Consolidated Only,HKG ARS,Net Asset Value - Per Share - Basic - Total,True,False,No scaling,HKD,1.8e-06
0355.HK,1,2024,20241231,Recent To Recent,Original,Consolidated Only,HKG ARS,Net Asset Value (NAV) - Total (REIT/Real Estate),False,False,Units,HKD,5560.6
0355.HK,1,2024,20241231,Recent To Recent,Original,Consolidated Only,HKG ARS,Net Asset Value - Per Share - Basic - Total,True,False,No scaling,HKD,1.8e-06
0355.HK,1,2025,20251231,Original To Original,,Consolidated Only,,Net Asset Value (NAV) - Total (REIT/Real Estate),False,False,Units,HKD,4889.0
0355.HK,1,2025,20251231,Original To Original,,Consolidated Only,,Net Asset Value - Per Share - Basic - Total,True,False,No scaling,HKD,1.58e-06
0355.HK,1,2025,20251231,Recent To Recent,,Consolidated Only,,Net Asset Value (NAV) - Total (REIT/Real Estate),False,False,Units,HKD,4889.0
0355.HK,1,2025,20251231,Recent To Recent,,Consolidated Only,,Net Asset Value - Per Share - Basic - Total,True,False,No scaling,HKD,1.58e-06
0355.HK,1,2025,20251231,Original To Original,Original,Consolidated Only,HKG ARS,Net Asset Value (NAV) - Total (REIT/Real Estate),False,False,Units,HKD,4889.0
0355.HK,1,2025,20251231,Original To Original,Original,Consolidated Only,HKG ARS,Net Asset Value - Per Share - Basic - Total,True,False,No scaling,HKD,1.58e-06
0355.HK,1,2025,20251231,Recent To Recent,Original,Consolidated Only,HKG ARS,Net Asset Value (NAV) - Total (REIT/Real Estate),False,False,Units,HKD,4889.0
0355.HK,1,2025,20251231,Recent To Recent,Original,Consolidated Only,HKG ARS,Net Asset Value - Per Share - Basic - Total,True,False,No scaling,HKD,1.58e-06
0358.HK,1,2023,20231231,Original To Original,Original,Consolidated Only,HKG ARS,Gold - Production - Total,False,False,No scaling,,3621460.09353
0358.HK,1,2023,20231231,Recent To Recent,Original,Consolidated Only,HKG ARS,Gold - Production - Total,False,False,No scaling,,3621460.09353
0358.HK,1,2024,20241231,Original To Original,Original,Consolidated Only,HKG ARS,Gold - Production - Total,False,False,No scaling,,3802147.28925
0358.HK,1,2024,20241231,Recent To Recent,Original,Consolidated Only,HKG ARS,Gold - Production - Total,False,False,No scaling,,3802147.28925
0358.HK,1,2025,20251231,Original To Original,Original,Consolidated Only,HKG ARS,Gold - Production - Total,False,False,No scaling,,3823688.28945
0358.HK,1,2025,20251231,Recent To Recent,Original,Consolidated Only,HKG ARS,Gold - Production - Total,False,False,No scaling,,3823688.28945
0363.HK,1,2023,20231231,Original To Original,,Consolidated Only,,Net Asset Value (NAV) - Total (REIT/Real Estate),False,False,Units,HKD,46603.04
0363.HK,1,2023,20231231,Original To Original,,Consolidated Only,,Net Asset Value - Per Share - Basic - Total,True,False,No scaling,HKD,4.286e-05
0363.HK,1,2023,20231231,Recent To Recent,,Consolidated Only,,Net Asset Value (NAV) - Total (REIT/Real Estate),False,False,Units,HKD,46603.04
0363.HK,1,2023,20231231,Recent To Recent,,Consolidated Only,,Net Asset Value - Per Share - Basic - Total,True,False,No scaling,HKD,4.286e-05
0363.HK,1,2023,20231231,Original To Original,Original,Consolidated Only,HKG ARS,Net Asset Value (NAV) - Total (REIT/Real Estate),False,False,Units,HKD,46603.04
0363.HK,1,2023,20231231,Original To Original,Original,Consolidated Only,HKG ARS,Net Asset Value - Per Share - Basic - Total,True,False,No scaling,HKD,4.286e-05
0363.HK,1,2023,20231231,Recent To Recent,Original,Consolidated Only,HKG ARS,Net Asset Value (NAV) - Total (REIT/Real Estate),False,False,Units,HKD,46603.04
0363.HK,1,2023,20231231,Recent To Recent,Original,Consolidated Only,HKG ARS,Net Asset Value - Per Share - Basic - Total,True,False,No scaling,HKD,4.286e-05
0363.HK,1,2024,20241231,Original To Original,,Consolidated Only,,Net Asset Value (NAV) - Total (REIT/Real Estate),False,False,Units,HKD,47570.505
0363.HK,1,2024,20241231,Original To Original,,Consolidated Only,,Net Asset Value - Per Share - Basic - Total,True,False,No scaling,HKD,4.375e-05
0363.HK,1,2024,20241231,Recent To Recent,,Consolidated Only,,Net Asset Value (NAV) - Total (REIT/Real Estate),False,False,Units,HKD,47570.505
0363.HK,1,2024,20241231,Recent To Recent,,Consolidated Only,,Net Asset Value - Per Share - Basic - Total,True,False,No scaling,HKD,4.375e-05
0363.HK,1,2024,20241231,Original To Original,Original,Consolidated Only,HKG ARS,Net Asset Value (NAV) - Total (REIT/Real Estate),False,False,Units,HKD,47570.505
0363.HK,1,2024,20241231,Original To Original,Original,Consolidated Only,HKG ARS,Net Asset Value - Per Share - Basic - Total,True,False,No scaling,HKD,4.375e-05
0363.HK,1,2024,20241231,Recent To Recent,Original,Consolidated Only,HKG ARS,Net Asset Value (NAV) - Total (REIT/Real Estate),False,False,Units,HKD,47570.505
0363.HK,1,2024,20241231,Recent To Recent,Original,Consolidated Only,HKG ARS,Net Asset Value - Per Share - Basic - Total,True,False,No scaling,HKD,4.375e-05
0363.HK,1,2025,20251231,Original To Original,,Consolidated Only,,Net Asset Value (NAV) - Total (REIT/Real Estate),False,False,Units,HKD,50155.543
0363.HK,1,2025,20251231,Original To Original,,Consolidated Only,,Net Asset Value - Per Share - Basic - Total,True,False,No scaling,HKD,4.613e-05
0363.HK,1,2025,20251231,Recent To Recent,,Consolidated Only,,Net Asset Value (NAV) - Total (REIT/Real Estate),False,False,Units,HKD,50155.543
0363.HK,1,2025,20251231,Recent To Recent,,Consolidated Only,,Net Asset Value - Per Share - Basic - Total,True,False,No scaling,HKD,4.613e-05
0363.HK,1,2025,20251231,Original To Original,Original,Consolidated Only,HKG ARS,Net Asset Value (NAV) - Total (REIT/Real Estate),False,False,Units,HKD,50155.543
0363.HK,1,2025,20251231,Original To Original,Original,Consolidated Only,HKG ARS,Net Asset Value - Per Share - Basic - Total,True,False,No scaling,HKD,4.613e-05
0363.HK,1,2025,20251231,Recent To Recent,Original,Consolidated Only,HKG ARS,Net Asset Value (NAV) - Total (REIT/Real Estate),False,False,Units,HKD,50155.543
0363.HK,1,2025,20251231,Recent To Recent,Original,Consolidated Only,HKG ARS,Net Asset Value - Per Share - Basic - Total,True,False,No scaling,HKD,4.613e-05
0367.HK,1,2023,20230331,Original To Original,,Consolidated Only,,Net Asset Value (NAV) - Total (REIT/Real Estate),False,False,Units,HKD,9272.198
0367.HK,1,2023,20230331,Original To Original,,Consolidated Only,,Net Asset Value - Per Share - Basic - Total,True,False,No scaling,HKD,5.54e-06
0367.HK,1,2023,20230331,Recent To Recent,,Consolidated Only,,Net Asset Value (NAV) - Total (REIT/Real Estate),False,False,Units,HKD,9272.198
0367.HK,1,2023,20230331,Recent To Recent,,Consolidated Only,,Net Asset Value - Per Share - Basic - Total,True,False,No scaling,HKD,5.54e-06
0367.HK,1,2023,20230331,Original To Original,Original,Consolidated Only,HKG ARS,Net Asset Value (NAV) - Total (REIT/Real Estate),False,False,Units,HKD,9272.198
0367.HK,1,2023,20230331,Original To Original,Original,Consolidated Only,HKG ARS,Net Asset Value - Per Share - Basic - Total,True,False,No scaling,HKD,5.54e-06
0367.HK,1,2023,20230331,Recent To Recent,Original,Consolidated Only,HKG ARS,Net Asset Value (NAV) - Total (REIT/Real Estate),False,False,Units,HKD,9272.198
0367.HK,1,2023,20230331,Recent To Recent,Original,Consolidated Only,HKG ARS,Net Asset Value - Per Share - Basic - Total,True,False,No scaling,HKD,5.54e-06
0367.HK,1,2024,20240331,Original To Original,,Consolidated Only,,Net Asset Value (NAV) - Total (REIT/Real Estate),False,False,Units,HKD,8239.259
0367.HK,1,2024,20240331,Original To Original,,Consolidated Only,,Net Asset Value - Per Share - Basic - Total,True,False,No scaling,HKD,4.93e-06
0367.HK,1,2024,20240331,Recent To Recent,,Consolidated Only,,Net Asset Value (NAV) - Total (REIT/Real Estate),False,False,Units,HKD,8239.259
0367.HK,1,2024,20240331,Recent To Recent,,Consolidated Only,,Net Asset Value - Per Share - Basic - Total,True,False,No scaling,HKD,4.93e-06
0367.HK,1,2024,20240331,Original To Original,Original,Consolidated Only,HKG ARS,Net Asset Value (NAV) - Total (REIT/Real Estate),False,False,Units,HKD,8239.259
0367.HK,1,2024,20240331,Original To Original,Original,Consolidated Only,HKG ARS,Net Asset Value - Per Share - Basic - Total,True,False,No scaling,HKD,4.93e-06
0367.HK,1,2024,20240331,Recent To Recent,Original,Consolidated Only,HKG ARS,Net Asset Value (NAV) - Total (REIT/Real Estate),False,False,Units,HKD,8239.259
0367.HK,1,2024,20240331,Recent To Recent,Original,Consolidated Only,HKG ARS,Net Asset Value - Per Share - Basic - Total,True,False,No scaling,HKD,4.93e-06
0367.HK,1,2025,20250331,Original To Original,,Consolidated Only,,Net Asset Value (NAV) - Total (REIT/Real Estate),False,False,Units,HKD,7612.674
0367.HK,1,2025,20250331,Original To Original,,Consolidated Only,,Net Asset Value - Per Share - Basic - Total,True,False,No scaling,HKD,4.55e-06
0367.HK,1,2025,20250331,Recent To Recent,,Consolidated Only,,Net Asset Value (NAV) - Total (REIT/Real Estate),False,False,Units,HKD,7612.674
0367.HK,1,2025,20250331,Recent To Recent,,Consolidated Only,,Net Asset Value - Per Share - Basic - Total,True,False,No scaling,HKD,4.55e-06
0367.HK,1,2025,20250331,Original To Original,Original,Consolidated Only,HKG ARS,Net Asset Value (NAV) - Total (REIT/Real Estate),False,False,Units,HKD,7612.674
0367.HK,1,2025,20250331,Original To Original,Original,Consolidated Only,HKG ARS,Net Asset Value - Per Share - Basic - Total,True,False,No scaling,HKD,4.55e-06
0367.HK,1,2025,20250331,Recent To Recent,Original,Consolidated Only,HKG ARS,Net Asset Value (NAV) - Total (REIT/Real Estate),False,False,Units,HKD,7612.674
0367.HK,1,2025,20250331,Recent To Recent,Original,Consolidated Only,HKG ARS,Net Asset Value - Per Share - Basic - Total,True,False,No scaling,HKD,4.55e-06
0369.HK,1,2023,20231231,Original To Original,,Consolidated Only,,Net Asset Value (NAV) - Total (REIT/Real Estate),False,False,Units,HKD,26094.6
0369.HK,1,2023,20231231,Recent To Recent,,Consolidated Only,,Net Asset Value (NAV) - Total (REIT/Real Estate),False,False,Units,HKD,26094.6
0369.HK,1,2023,20231231,Original To Original,Original,Consolidated Only,HKG ARS,Net Asset Value (NAV) - Total (REIT/Real Estate),False,False,Units,HKD,26094.6
0369.HK,1,2023,20231231,Recent To Recent,Original,Consolidated Only,HKG ARS,Net Asset Value (NAV) - Total (REIT/Real Estate),False,False,Units,HKD,26094.6
0369.HK,1,2024,20241231,Original To Original,,Consolidated Only,,Net Asset Value (NAV) - Total (REIT/Real Estate),False,False,Units,HKD,23320.8
0369.HK,1,2024,20241231,Recent To Recent,,Consolidated Only,,Net Asset Value (NAV) - Total (REIT/Real Estate),False,False,Units,HKD,23320.8
0369.HK,1,2024,20241231,Original To Original,Original,Consolidated Only,HKG ARS,Net Asset Value (NAV) - Total (REIT/Real Estate),False,False,Units,HKD,23320.8
0369.HK,1,2024,20241231,Recent To Recent,Original,Consolidated Only,HKG ARS,Net Asset Value (NAV) - Total (REIT/Real Estate),False,False,Units,HKD,23320.8
0369.HK,1,2025,20251231,Original To Original,,Consolidated Only,,Net Asset Value (NAV) - Total (REIT/Real Estate),False,False,Units,HKD,21507.5
0369.HK,1,2025,20251231,Recent To Recent,,Consolidated Only,,Net Asset Value (NAV) - Total (REIT/Real Estate),False,False,Units,HKD,21507.5
0369.HK,1,2025,20251231,Original To Original,Original,Consolidated Only,HKG ARS,Net Asset Value (NAV) - Total (REIT/Real Estate),False,False,Units,HKD,21507.5
0369.HK,1,2025,20251231,Recent To Recent,Original,Consolidated Only,HKG ARS,Net Asset Value (NAV) - Total (REIT/Real Estate),False,False,Units,HKD,21507.5
0375.HK,1,2024,20240331,Original To Original,Original,Consolidated Only,HKG ARS,Stores Closed - Number - Total,False,False,No scaling,,7.0
0375.HK,1,2024,20240331,Recent To Recent,Original,Consolidated Only,HKG ARS,Stores Closed - Number - Total,False,False,No scaling,,7.0
0376.HK,1,2023,20231231,Original To Original,Original,Consolidated Only,HKG ARS,GAAP Expense Ratio - Total - %,False,True,Percentage,,8.7
0376.HK,1,2023,20231231,Recent To Recent,Original,Consolidated Only,HKG ARS,GAAP Expense Ratio - Total - %,False,True,Percentage,,8.7
0376.HK,1,2024,20241231,Original To Original,Original,Consolidated Only,HKG ARS,GAAP Expense Ratio - Total - %,False,True,Percentage,,8.5
0376.HK,1,2024,20241231,Recent To Recent,Original,Consolidated Only,HKG ARS,GAAP Expense Ratio - Total - %,False,True,Percentage,,8.5
0376.HK,1,2025,20251231,Original To Original,Original,Consolidated Only,HKG ARS,GAAP Expense Ratio - Total - %,False,True,Percentage,,7.2
0376.HK,1,2025,20251231,Recent To Recent,Original,Consolidated Only,HKG ARS,GAAP Expense Ratio - Total - %,False,True,Percentage,,7.2
0386.HK,1,2023,20231231,Original To Original,,Consolidated Only,,Oil Equivalent Production (Units/day) - Total,False,False,No scaling,,1377295.08197
0386.HK,1,2023,20231231,Recent To Recent,,Consolidated Only,,Oil Equivalent Production (Units/day) - Total,False,False,No scaling,,1377295.08197
0386.HK,1,2023,20231231,Original To Original,Original,Consolidated Only,HKG ARS,Oil Equivalent Production (Units/day) - Total,False,False,No scaling,,1377295.08197
0386.HK,1,2023,20231231,Recent To Recent,Original,Consolidated Only,HKG ARS,Oil Equivalent Production (Units/day) - Total,False,False,No scaling,,1377295.08197
0386.HK,1,2024,20241231,Original To Original,,Consolidated Only,,Oil Equivalent Production (Units/day) - Total,False,False,No scaling,,1408060.10929
0386.HK,1,2024,20241231,Recent To Recent,,Consolidated Only,,Oil Equivalent Production (Units/day) - Total,False,False,No scaling,,1408060.10929
0386.HK,1,2024,20241231,Original To Original,Original,Consolidated Only,HKG ARS,Oil Equivalent Production (Units/day) - Total,False,False,No scaling,,1408060.10929
0386.HK,1,2024,20241231,Recent To Recent,Original,Consolidated Only,HKG ARS,Oil Equivalent Production (Units/day) - Total,False,False,No scaling,,1408060.10929
0386.HK,1,2025,20251231,Original To Original,,Consolidated Only,,Oil Equivalent Production (Units/day) - Total,False,False,No scaling,,1435191.25683
0386.HK,1,2025,20251231,Recent To Recent,,Consolidated Only,,Oil Equivalent Production (Units/day) - Total,False,False,No scaling,,1435191.25683
0386.HK,1,2025,20251231,Original To Original,Original,Consolidated Only,HKG ARS,Oil Equivalent Production (Units/day) - Total,False,False,No scaling,,1435191.25683
0386.HK,1,2025,20251231,Recent To Recent,Original,Consolidated Only,HKG ARS,Oil Equivalent Production (Units/day) - Total,False,False,No scaling,,1435191.25683
0388.HK,1,2023,20231231,Original To Original,Original,Consolidated Only,HKG ARS,Efficiency Ratio - Total - %,False,True,Percentage,,2.7e-05
0388.HK,1,2023,20231231,Recent To Recent,Original,Consolidated Only,HKG ARS,Efficiency Ratio - Total - %,False,True,Percentage,,2.7e-05
0388.HK,1,2024,20241231,Original To Original,Original,Consolidated Only,HKG ARS,Efficiency Ratio - Total - %,False,True,Percentage,,2.6e-05
0388.HK,1,2024,20241231,Recent To Recent,Original,Consolidated Only,HKG ARS,Efficiency Ratio - Total - %,False,True,Percentage,,2.6e-05
0388.HK,1,2025,20251231,Original To Original,Original,Consolidated Only,HKG ARS,Efficiency Ratio - Total - %,False,True,Percentage,,2.1e-05
0388.HK,1,2025,20251231,Recent To Recent,Original,Consolidated Only,HKG ARS,Efficiency Ratio - Total - %,False,True,Percentage,,2.1e-05
0410.HK,1,2023,20231231,Original To Original,Original,Consolidated Only,HKG ARS,Net Asset Value (NAV) - Total (REIT/Real Estate),False,False,Units,CNY,36266.871
0410.HK,1,2023,20231231,Recent To Recent,Original,Consolidated Only,HKG ARS,Net Asset Value (NAV) - Total (REIT/Real Estate),False,False,Units,CNY,36266.871
0410.HK,1,2024,20241231,Original To Original,Original,Consolidated Only,HKG ARS,Net Asset Value (NAV) - Total (REIT/Real Estate),False,False,Units,CNY,36143.782
0410.HK,1,2024,20241231,Original To Original,Original,Consolidated Only,HKG ARS,Occupancy Rate of Space Leased - Total - %,False,True,Percentage,,78.0
0410.HK,1,2024,20241231,Recent To Recent,Original,Consolidated Only,HKG ARS,Net Asset Value (NAV) - Total (REIT/Real Estate),False,False,Units,CNY,36143.782
0410.HK,1,2024,20241231,Recent To Recent,Original,Consolidated Only,HKG ARS,Occupancy Rate of Space Leased - Total - %,False,True,Percentage,,78.0
0410.HK,1,2025,20251231,Original To Original,Original,Consolidated Only,HKG ARS,Net Asset Value (NAV) - Total (REIT/Real Estate),False,False,Units,CNY,35876.182
0410.HK,1,2025,20251231,Original To Original,Original,Consolidated Only,HKG ARS,Occupancy Rate of Space Leased - Total - %,False,True,Percentage,,82.8
0410.HK,1,2025,20251231,Recent To Recent,Original,Consolidated Only,HKG ARS,Net Asset Value (NAV) - Total (REIT/Real Estate),False,False,Units,CNY,35876.182
0410.HK,1,2025,20251231,Recent To Recent,Original,Consolidated Only,HKG ARS,Occupancy Rate of Space Leased - Total - %,False,True,Percentage,,82.8
0432.HK,1,2023,20231231,Original To Original,,Consolidated Only,,Net Asset Value (NAV) - Total (REIT/Real Estate),False,False,Units,HKD,549.0
0432.HK,1,2023,20231231,Recent To Recent,,Consolidated Only,,Net Asset Value (NAV) - Total (REIT/Real Estate),False,False,Units,HKD,549.0
0432.HK,1,2023,20231231,Original To Original,Original,Consolidated Only,HKG ARS,Net Asset Value (NAV) - Total (REIT/Real Estate),False,False,Units,HKD,549.0
0432.HK,1,2023,20231231,Recent To Recent,Original,Consolidated Only,HKG ARS,Net Asset Value (NAV) - Total (REIT/Real Estate),False,False,Units,HKD,549.0
0440.HK,1,2023,20231231,Original To Original,Original,Consolidated Only,HKG ARS,Net Interest Margin - Total - %,False,True,Percentage,,2.01
0440.HK,1,2023,20231231,Original To Original,Original,Consolidated Only,HKG ARS,Solvency Margin - Total - %,False,True,Percentage,,6.82e-05
0440.HK,1,2023,20231231,Original To Original,Original,Consolidated Only,HKG ARS,Efficiency Ratio - Total - %,False,True,Percentage,,5.36e-05
0440.HK,1,2023,20231231,Recent To Recent,Original,Consolidated Only,HKG ARS,Net Interest Margin - Total - %,False,True,Percentage,,2.01
0440.HK,1,2023,20231231,Recent To Recent,Original,Consolidated Only,HKG ARS,Solvency Margin - Total - %,False,True,Percentage,,6.82e-05
0440.HK,1,2023,20231231,Recent To Recent,Original,Consolidated Only,HKG ARS,Efficiency Ratio - Total - %,False,True,Percentage,,5.36e-05
0440.HK,1,2024,20241231,Original To Original,Original,Consolidated Only,HKG ARS,Net Interest Margin - Total - %,False,True,Percentage,,2.17
0440.HK,1,2024,20241231,Original To Original,Original,Consolidated Only,HKG ARS,Solvency Margin - Total - %,False,True,Percentage,,6.72e-05
0440.HK,1,2024,20241231,Original To Original,Original,Consolidated Only,HKG ARS,Efficiency Ratio - Total - %,False,True,Percentage,,4.82e-05
0440.HK,1,2024,20241231,Recent To Recent,Original,Consolidated Only,HKG ARS,Net Interest Margin - Total - %,False,True,Percentage,,2.17
0440.HK,1,2024,20241231,Recent To Recent,Original,Consolidated Only,HKG ARS,Solvency Margin - Total - %,False,True,Percentage,,6.72e-05
0440.HK,1,2024,20241231,Recent To Recent,Original,Consolidated Only,HKG ARS,Efficiency Ratio - Total - %,False,True,Percentage,,4.82e-05
0440.HK,1,2025,20251231,Original To Original,Original,Consolidated Only,HKG ARS,Net Interest Margin - Total - %,False,True,Percentage,,2.41
0440.HK,1,2025,20251231,Original To Original,Original,Consolidated Only,HKG ARS,Solvency Margin - Total - %,False,True,Percentage,,6.8e-05
0440.HK,1,2025,20251231,Original To Original,Original,Consolidated Only,HKG ARS,Efficiency Ratio - Total - %,False,True,Percentage,,4.35e-05
0440.HK,1,2025,20251231,Recent To Recent,Original,Consolidated Only,HKG ARS,Net Interest Margin - Total - %,False,True,Percentage,,2.41
0440.HK,1,2025,20251231,Recent To Recent,Original,Consolidated Only,HKG ARS,Solvency Margin - Total - %,False,True,Percentage,,6.8e-05
0440.HK,1,2025,20251231,Recent To Recent,Original,Consolidated Only,HKG ARS,Efficiency Ratio - Total - %,False,True,Percentage,,4.35e-05
0456.HK,1,2023,20231231,Original To Original,,Consolidated Only,,Net Asset Value (NAV) - Total (REIT/Real Estate),False,False,Units,HKD,406.06
0456.HK,1,2023,20231231,Recent To Recent,,Consolidated Only,,Net Asset Value (NAV) - Total (REIT/Real Estate),False,False,Units,HKD,406.06
0456.HK,1,2023,20231231,Original To Original,Original,Consolidated Only,HKG ARS,Net Asset Value (NAV) - Total (REIT/Real Estate),False,False,Units,HKD,406.06
0456.HK,1,2023,20231231,Recent To Recent,Original,Consolidated Only,HKG ARS,Net Asset Value (NAV) - Total (REIT/Real Estate),False,False,Units,HKD,406.06
0456.HK,1,2024,20241231,Original To Original,,Consolidated Only,,Net Asset Value (NAV) - Total (REIT/Real Estate),False,False,Units,HKD,327.941
0456.HK,1,2024,20241231,Recent To Recent,,Consolidated Only,,Net Asset Value (NAV) - Total (REIT/Real Estate),False,False,Units,HKD,327.941
0456.HK,1,2024,20241231,Original To Original,Original,Consolidated Only,HKG ARS,Net Asset Value (NAV) - Total (REIT/Real Estate),False,False,Units,HKD,327.941
0456.HK,1,2024,20241231,Recent To Recent,Original,Consolidated Only,HKG ARS,Net Asset Value (NAV) - Total (REIT/Real Estate),False,False,Units,HKD,327.941
0456.HK,1,2025,20251231,Original To Original,,Consolidated Only,,Net Asset Value (NAV) - Total (REIT/Real Estate),False,False,Units,HKD,159.464
0456.HK,1,2025,20251231,Recent To Recent,,Consolidated Only,,Net Asset Value (NAV) - Total (REIT/Real Estate),False,False,Units,HKD,159.464
0456.HK,1,2025,20251231,Original To Original,Original,Consolidated Only,HKG ARS,Net Asset Value (NAV) - Total (REIT/Real Estate),False,False,Units,HKD,159.464
0456.HK,1,2025,20251231,Recent To Recent,Original,Consolidated Only,HKG ARS,Net Asset Value (NAV) - Total (REIT/Real Estate),False,False,Units,HKD,159.464
0467.HK,1,2023,20231231,Original To Original,Original,Consolidated Only,HKG ARS,Oil Equivalent Production (Units/day) - Total,False,False,No scaling,,100407.0
0467.HK,1,2023,20231231,Original To Original,Original,Consolidated Only,HKG ARS,Crude Oil - Sales Price per Unit - Average - Total,False,False,No scaling,HKD,615.31211
0467.HK,1,2023,20231231,Recent To Recent,Original,Consolidated Only,HKG ARS,Oil Equivalent Production (Units/day) - Total,False,False,No scaling,,100407.0
0467.HK,1,2023,20231231,Recent To Recent,Original,Consolidated Only,HKG ARS,Crude Oil - Sales Price per Unit - Average - Total,False,False,No scaling,HKD,615.31211
0467.HK,1,2024,20241231,Original To Original,Original,Consolidated Only,HKG ARS,Oil Equivalent Production (Units/day) - Total,False,False,No scaling,,108079.0
0467.HK,1,2024,20241231,Original To Original,Original,Consolidated Only,HKG ARS,Crude Oil - Sales Price per Unit - Average - Total,False,False,No scaling,HKD,589.41032
0467.HK,1,2024,20241231,Recent To Recent,Original,Consolidated Only,HKG ARS,Oil Equivalent Production (Units/day) - Total,False,False,No scaling,,108079.0
0467.HK,1,2024,20241231,Recent To Recent,Original,Consolidated Only,HKG ARS,Crude Oil - Sales Price per Unit - Average - Total,False,False,No scaling,HKD,589.41032
0467.HK,1,2025,20251231,Original To Original,Original,Consolidated Only,HKG ARS,Oil Equivalent Production (Units/day) - Total,False,False,No scaling,,122843.0
0467.HK,1,2025,20251231,Original To Original,Original,Consolidated Only,HKG ARS,Crude Oil - Sales Price per Unit - Average - Total,False,False,No scaling,HKD,513.72577
0467.HK,1,2025,20251231,Recent To Recent,Original,Consolidated Only,HKG ARS,Oil Equivalent Production (Units/day) - Total,False,False,No scaling,,122843.0
0467.HK,1,2025,20251231,Recent To Recent,Original,Consolidated Only,HKG ARS,Crude Oil - Sales Price per Unit - Average - Total,False,False,No scaling,HKD,513.72577
0480.HK,1,2023,20230331,Original To Original,Original,Consolidated Only,HKG ARS,Net Asset Value (NAV) - Total (REIT/Real Estate),False,False,Units,HKD,24397.9
0480.HK,1,2023,20230331,Original To Original,Original,Consolidated Only,HKG ARS,Net Asset Value - Per Share - Basic - Total,True,False,No scaling,HKD,1.64e-05
0480.HK,1,2023,20230331,Recent To Recent,Original,Consolidated Only,HKG ARS,Net Asset Value (NAV) - Total (REIT/Real Estate),False,False,Units,HKD,24397.9
0480.HK,1,2023,20230331,Recent To Recent,Original,Consolidated Only,HKG ARS,Net Asset Value - Per Share - Basic - Total,True,False,No scaling,HKD,1.64e-05
0480.HK,1,2024,20240331,Original To Original,Original,Consolidated Only,HKG ARS,Net Asset Value (NAV) - Total (REIT/Real Estate),False,False,Units,HKD,23358.3
0480.HK,1,2024,20240331,Original To Original,Original,Consolidated Only,HKG ARS,Net Asset Value - Per Share - Basic - Total,True,False,No scaling,HKD,1.57e-05
0480.HK,1,2024,20240331,Recent To Recent,Original,Consolidated Only,HKG ARS,Net Asset Value (NAV) - Total (REIT/Real Estate),False,False,Units,HKD,23358.3
0480.HK,1,2024,20240331,Recent To Recent,Original,Consolidated Only,HKG ARS,Net Asset Value - Per Share - Basic - Total,True,False,No scaling,HKD,1.57e-05
0480.HK,1,2025,20250331,Original To Original,Original,Consolidated Only,HKG ARS,Net Asset Value (NAV) - Total (REIT/Real Estate),False,False,Units,HKD,22475.9
0480.HK,1,2025,20250331,Original To Original,Original,Consolidated Only,HKG ARS,Net Asset Value - Per Share - Basic - Total,True,False,No scaling,HKD,1.51e-05
0480.HK,1,2025,20250331,Recent To Recent,Original,Consolidated Only,HKG ARS,Net Asset Value (NAV) - Total (REIT/Real Estate),False,False,Units,HKD,22475.9
0480.HK,1,2025,20250331,Recent To Recent,Original,Consolidated Only,HKG ARS,Net Asset Value - Per Share - Basic - Total,True,False,No scaling,HKD,1.51e-05
0483.HK,1,2025,20250331,Original To Original,Original,Consolidated Only,HKG ARS,Stores Closed - Number - Total,False,False,No scaling,,2.0
0483.HK,1,2025,20250331,Recent To Recent,Original,Consolidated Only,HKG ARS,Stores Closed - Number - Total,False,False,No scaling,,2.0
0488.HK,0,2023,20230731,Original To Original,Original,Consolidated Only,HKG PRESS,Net Asset Value (NAV) - Total (REIT/Real Estate),False,False,Units,HKD,29783.594
0488.HK,0,2023,20230731,Original To Original,Original,Consolidated Only,HKG PRESS,Net Asset Value - Per Share - Basic - Total,True,False,No scaling,HKD,2.0493e-05
0488.HK,0,2023,20230731,Recent To Recent,Original,Consolidated Only,HKG PRESS,Net Asset Value (NAV) - Total (REIT/Real Estate),False,False,Units,HKD,29783.594
0488.HK,0,2023,20230731,Recent To Recent,Original,Consolidated Only,HKG PRESS,Net Asset Value - Per Share - Basic - Total,True,False,No scaling,HKD,2.0493e-05
0488.HK,1,2024,20240731,Original To Original,Original,Consolidated Only,HKG ARS,Net Asset Value (NAV) - Total (REIT/Real Estate),False,False,Units,HKD,25810.127
0488.HK,1,2024,20240731,Original To Original,Original,Consolidated Only,HKG ARS,Net Asset Value - Per Share - Basic - Total,True,False,No scaling,HKD,1.7759e-05
0488.HK,1,2024,20240731,Recent To Recent,Original,Consolidated Only,HKG ARS,Net Asset Value (NAV) - Total (REIT/Real Estate),False,False,Units,HKD,25810.127
0488.HK,1,2024,20240731,Recent To Recent,Original,Consolidated Only,HKG ARS,Net Asset Value - Per Share - Basic - Total,True,False,No scaling,HKD,1.7759e-05
0488.HK,1,2025,20250731,Original To Original,Original,Consolidated Only,HKG ARS,Net Asset Value (NAV) - Total (REIT/Real Estate),False,False,Units,HKD,23119.815
0488.HK,1,2025,20250731,Original To Original,Original,Consolidated Only,HKG ARS,Net Asset Value - Per Share - Basic - Total,True,False,No scaling,HKD,1.5908e-05
0488.HK,1,2025,20250731,Recent To Recent,Original,Consolidated Only,HKG ARS,Net Asset Value (NAV) - Total (REIT/Real Estate),False,False,Units,HKD,23119.815
0488.HK,1,2025,20250731,Recent To Recent,Original,Consolidated Only,HKG ARS,Net Asset Value - Per Share - Basic - Total,True,False,No scaling,HKD,1.5908e-05
0497.HK,1,2023,20230331,Original To Original,Original,Consolidated Only,HKG ARS,Net Asset Value (NAV) - Total (REIT/Real Estate),False,False,Units,HKD,14364.292
0497.HK,1,2023,20230331,Original To Original,Original,Consolidated Only,HKG ARS,Net Asset Value - Per Share - Basic - Total,True,False,No scaling,HKD,4.14e-06
0497.HK,1,2023,20230331,Recent To Recent,Original,Consolidated Only,HKG ARS,Net Asset Value (NAV) - Total (REIT/Real Estate),False,False,Units,HKD,14364.292
0497.HK,1,2023,20230331,Recent To Recent,Original,Consolidated Only,HKG ARS,Net Asset Value - Per Share - Basic - Total,True,False,No scaling,HKD,4.14e-06
0497.HK,1,2024,20240331,Original To Original,Original,Consolidated Only,HKG ARS,Net Asset Value (NAV) - Total (REIT/Real Estate),False,False,Units,HKD,13732.585
0497.HK,1,2024,20240331,Original To Original,Original,Consolidated Only,HKG ARS,Net Asset Value - Per Share - Basic - Total,True,False,No scaling,HKD,3.76e-06
0497.HK,1,2024,20240331,Recent To Recent,Original,Consolidated Only,HKG ARS,Net Asset Value (NAV) - Total (REIT/Real Estate),False,False,Units,HKD,13732.585
0497.HK,1,2024,20240331,Recent To Recent,Original,Consolidated Only,HKG ARS,Net Asset Value - Per Share - Basic - Total,True,False,No scaling,HKD,3.76e-06
0497.HK,1,2025,20250331,Original To Original,Original,Consolidated Only,HKG ARS,Net Asset Value (NAV) - Total (REIT/Real Estate),False,False,Units,HKD,11980.829
0497.HK,1,2025,20250331,Original To Original,Original,Consolidated Only,HKG ARS,Net Asset Value - Per Share - Basic - Total,True,False,No scaling,HKD,3.11e-06
0497.HK,1,2025,20250331,Recent To Recent,Original,Consolidated Only,HKG ARS,Net Asset Value (NAV) - Total (REIT/Real Estate),False,False,Units,HKD,11980.829
0497.HK,1,2025,20250331,Recent To Recent,Original,Consolidated Only,HKG ARS,Net Asset Value - Per Share - Basic - Total,True,False,No scaling,HKD,3.11e-06
0511.HK,1,2023,20231231,Original To Original,Original,Consolidated Only,HKG ARS,Advertisement Revenue - Total,False,False,Units,HKD,1528.525
0511.HK,1,2023,20231231,Original To Original,Original,Consolidated Only,HKG ARS,Monthly Active Users (MAU) - Total,False,False,No scaling,,29.1
0511.HK,1,2023,20231231,Recent To Recent,Original,Consolidated Only,HKG ARS,Advertisement Revenue - Total,False,False,Units,HKD,1528.525
0511.HK,1,2023,20231231,Recent To Recent,Original,Consolidated Only,HKG ARS,Monthly Active Users (MAU) - Total,False,False,No scaling,,29.1
0511.HK,1,2024,20241231,Original To Original,Original,Consolidated Only,HKG ARS,Advertisement Revenue - Total,False,False,Units,HKD,1729.129
0511.HK,1,2024,20241231,Original To Original,Original,Consolidated Only,HKG ARS,Monthly Active Users (MAU) - Total,False,False,No scaling,,22.4
0511.HK,1,2024,20241231,Recent To Recent,Original,Consolidated Only,HKG ARS,Advertisement Revenue - Total,False,False,Units,HKD,1729.129
0511.HK,1,2024,20241231,Recent To Recent,Original,Consolidated Only,HKG ARS,Monthly Active Users (MAU) - Total,False,False,No scaling,,22.4
0511.HK,1,2025,20251231,Original To Original,Original,Consolidated Only,HKG ARS,Advertisement Revenue - Total,False,False,Units,HKD,1928.057
0511.HK,1,2025,20251231,Original To Original,Original,Consolidated Only,HKG ARS,Monthly Active Users (MAU) - Total,False,False,No scaling,,37.2
0511.HK,1,2025,20251231,Recent To Recent,Original,Consolidated Only,HKG ARS,Advertisement Revenue - Total,False,False,Units,HKD,1928.057
0511.HK,1,2025,20251231,Recent To Recent,Original,Consolidated Only,HKG ARS,Monthly Active Users (MAU) - Total,False,False,No scaling,,37.2
0517.HK,1,2023,20231231,Original To Original,,Consolidated Only,,Net Asset Value (NAV) - Total (REIT/Real Estate),False,False,Units,HKD,7839.455
0517.HK,1,2023,20231231,Original To Original,,Consolidated Only,,Net Asset Value - Per Share - Basic - Total,True,False,No scaling,HKD,5.35e-06
0517.HK,1,2023,20231231,Recent To Recent,,Consolidated Only,,Net Asset Value (NAV) - Total (REIT/Real Estate),False,False,Units,HKD,7839.455
0517.HK,1,2023,20231231,Recent To Recent,,Consolidated Only,,Net Asset Value - Per Share - Basic - Total,True,False,No scaling,HKD,5.35e-06
0517.HK,1,2023,20231231,Original To Original,Original,Consolidated Only,HKG ARS,Net Asset Value (NAV) - Total (REIT/Real Estate),False,False,Units,HKD,7839.455
0517.HK,1,2023,20231231,Original To Original,Original,Consolidated Only,HKG ARS,Net Asset Value - Per Share - Basic - Total,True,False,No scaling,HKD,5.35e-06
0517.HK,1,2023,20231231,Recent To Recent,Original,Consolidated Only,HKG ARS,Net Asset Value (NAV) - Total (REIT/Real Estate),False,False,Units,HKD,7839.455
0517.HK,1,2023,20231231,Recent To Recent,Original,Consolidated Only,HKG ARS,Net Asset Value - Per Share - Basic - Total,True,False,No scaling,HKD,5.35e-06
0517.HK,1,2024,20241231,Original To Original,,Consolidated Only,,Net Asset Value (NAV) - Total (REIT/Real Estate),False,False,Units,HKD,7872.586
0517.HK,1,2024,20241231,Original To Original,,Consolidated Only,,Net Asset Value - Per Share - Basic - Total,True,False,No scaling,HKD,5.37e-06
0517.HK,1,2024,20241231,Recent To Recent,,Consolidated Only,,Net Asset Value (NAV) - Total (REIT/Real Estate),False,False,Units,HKD,7872.586
0517.HK,1,2024,20241231,Recent To Recent,,Consolidated Only,,Net Asset Value - Per Share - Basic - Total,True,False,No scaling,HKD,5.37e-06
0517.HK,1,2024,20241231,Original To Original,Original,Consolidated Only,HKG ARS,Net Asset Value (NAV) - Total (REIT/Real Estate),False,False,Units,HKD,7872.586
0517.HK,1,2024,20241231,Original To Original,Original,Consolidated Only,HKG ARS,Net Asset Value - Per Share - Basic - Total,True,False,No scaling,HKD,5.37e-06
0517.HK,1,2024,20241231,Recent To Recent,Original,Consolidated Only,HKG ARS,Net Asset Value (NAV) - Total (REIT/Real Estate),False,False,Units,HKD,7872.586
0517.HK,1,2024,20241231,Recent To Recent,Original,Consolidated Only,HKG ARS,Net Asset Value - Per Share - Basic - Total,True,False,No scaling,HKD,5.37e-06
0517.HK,1,2025,20251231,Original To Original,,Consolidated Only,,Net Asset Value (NAV) - Total (REIT/Real Estate),False,False,Units,HKD,7941.705
0517.HK,1,2025,20251231,Original To Original,,Consolidated Only,,Net Asset Value - Per Share - Basic - Total,True,False,No scaling,HKD,5.42e-06
0517.HK,1,2025,20251231,Recent To Recent,,Consolidated Only,,Net Asset Value (NAV) - Total (REIT/Real Estate),False,False,Units,HKD,7941.705
0517.HK,1,2025,20251231,Recent To Recent,,Consolidated Only,,Net Asset Value - Per Share - Basic - Total,True,False,No scaling,HKD,5.42e-06
0517.HK,1,2025,20251231,Original To Original,Original,Consolidated Only,HKG ARS,Net Asset Value (NAV) - Total (REIT/Real Estate),False,False,Units,HKD,7941.705
0517.HK,1,2025,20251231,Original To Original,Original,Consolidated Only,HKG ARS,Net Asset Value - Per Share - Basic - Total,True,False,No scaling,HKD,5.42e-06
0517.HK,1,2025,20251231,Recent To Recent,Original,Consolidated Only,HKG ARS,Net Asset Value (NAV) - Total (REIT/Real Estate),False,False,Units,HKD,7941.705
0517.HK,1,2025,20251231,Recent To Recent,Original,Consolidated Only,HKG ARS,Net Asset Value - Per Share - Basic - Total,True,False,No scaling,HKD,5.42e-06
0522.HK,1,2023,20231231,Original To Original,,Consolidated Only,,Value of Bookings - Total,False,False,Units,HKD,12259.7
0522.HK,1,2023,20231231,Recent To Recent,,Consolidated Only,,Value of Bookings - Total,False,False,Units,HKD,12259.7
0522.HK,1,2023,20231231,Original To Original,Original,Consolidated Only,HKG ARS,Value of Bookings - Total,False,False,Units,HKD,12259.7
0522.HK,1,2023,20231231,Recent To Recent,Original,Consolidated Only,HKG ARS,Value of Bookings - Total,False,False,Units,HKD,12259.7
0522.HK,1,2024,20241231,Original To Original,,Consolidated Only,,Value of Bookings - Total,False,False,Units,HKD,12753.5
0522.HK,1,2024,20241231,Recent To Recent,,Consolidated Only,,Value of Bookings - Total,False,False,Units,HKD,12753.5
0522.HK,1,2024,20241231,Original To Original,Original,Consolidated Only,HKG ARS,Value of Bookings - Total,False,False,Units,HKD,12753.5
0522.HK,1,2024,20241231,Recent To Recent,Original,Consolidated Only,HKG ARS,Value of Bookings - Total,False,False,Units,HKD,12753.5
0522.HK,1,2025,20251231,Original To Original,,Consolidated Only,,Value of Bookings - Total,False,False,Units,HKD,14477.8
0522.HK,1,2025,20251231,Recent To Recent,,Consolidated Only,,Value of Bookings - Total,False,False,Units,HKD,14477.8
0522.HK,1,2025,20251231,Original To Original,Original,Consolidated Only,HKG ARS,Value of Bookings - Total,False,False,Units,HKD,14477.8
0522.HK,1,2025,20251231,Recent To Recent,Original,Consolidated Only,HKG ARS,Value of Bookings - Total,False,False,Units,HKD,14477.8
0535.HK,1,2023,20231231,Original To Original,,Consolidated Only,,Net Asset Value (NAV) - Total (REIT/Real Estate),False,False,Units,CNY,22484.517
0535.HK,1,2023,20231231,Original To Original,,Consolidated Only,,Net Asset Value - Per Share - Basic - Total,True,False,No scaling,CNY,1.353e-06
0535.HK,1,2023,20231231,Recent To Recent,,Consolidated Only,,Net Asset Value (NAV) - Total (REIT/Real Estate),False,False,Units,CNY,22484.517
0535.HK,1,2023,20231231,Recent To Recent,,Consolidated Only,,Net Asset Value - Per Share - Basic - Total,True,False,No scaling,CNY,1.353e-06
0535.HK,1,2023,20231231,Original To Original,Original,Consolidated Only,HKG ARS,Net Asset Value (NAV) - Total (REIT/Real Estate),False,False,Units,CNY,22484.517
0535.HK,1,2023,20231231,Original To Original,Original,Consolidated Only,HKG ARS,Net Asset Value - Per Share - Basic - Total,True,False,No scaling,CNY,1.353e-06
0535.HK,1,2023,20231231,Recent To Recent,Original,Consolidated Only,HKG ARS,Net Asset Value (NAV) - Total (REIT/Real Estate),False,False,Units,CNY,22484.517
0535.HK,1,2023,20231231,Recent To Recent,Original,Consolidated Only,HKG ARS,Net Asset Value - Per Share - Basic - Total,True,False,No scaling,CNY,1.353e-06
0535.HK,1,2024,20241231,Original To Original,,Consolidated Only,,Net Asset Value (NAV) - Total (REIT/Real Estate),False,False,Units,CNY,17704.352
0535.HK,1,2024,20241231,Original To Original,,Consolidated Only,,Net Asset Value - Per Share - Basic - Total,True,False,No scaling,CNY,1.066e-06
0535.HK,1,2024,20241231,Recent To Recent,,Consolidated Only,,Net Asset Value (NAV) - Total (REIT/Real Estate),False,False,Units,CNY,17704.352
0535.HK,1,2024,20241231,Recent To Recent,,Consolidated Only,,Net Asset Value - Per Share - Basic - Total,True,False,No scaling,CNY,1.066e-06
0535.HK,1,2024,20241231,Original To Original,Original,Consolidated Only,HKG ARS,Net Asset Value (NAV) - Total (REIT/Real Estate),False,False,Units,CNY,17704.352
0535.HK,1,2024,20241231,Original To Original,Original,Consolidated Only,HKG ARS,Net Asset Value - Per Share - Basic - Total,True,False,No scaling,CNY,1.066e-06
0535.HK,1,2024,20241231,Recent To Recent,Original,Consolidated Only,HKG ARS,Net Asset Value (NAV) - Total (REIT/Real Estate),False,False,Units,CNY,17704.352
0535.HK,1,2024,20241231,Recent To Recent,Original,Consolidated Only,HKG ARS,Net Asset Value - Per Share - Basic - Total,True,False,No scaling,CNY,1.066e-06
0535.HK,1,2025,20251231,Original To Original,,Consolidated Only,,Net Asset Value (NAV) - Total (REIT/Real Estate),False,False,Units,CNY,14410.389
0535.HK,1,2025,20251231,Recent To Recent,,Consolidated Only,,Net Asset Value (NAV) - Total (REIT/Real Estate),False,False,Units,CNY,14410.389
0535.HK,1,2025,20251231,Original To Original,Original,Consolidated Only,HKG ARS,Net Asset Value (NAV) - Total (REIT/Real Estate),False,False,Units,CNY,14410.389
0535.HK,1,2025,20251231,Recent To Recent,Original,Consolidated Only,HKG ARS,Net Asset Value (NAV) - Total (REIT/Real Estate),False,False,Units,CNY,14410.389
0543.HK,1,2023,20231231,Original To Original,Original,Consolidated Only,HKG ARS,Advertisement Revenue - Total,False,False,Units,CNY,740.114
0543.HK,1,2023,20231231,Recent To Recent,Original,Consolidated Only,HKG ARS,Advertisement Revenue - Total,False,False,Units,CNY,740.114
0543.HK,1,2024,20241231,Original To Original,Original,Consolidated Only,HKG ARS,Advertisement Revenue - Total,False,False,Units,CNY,635.039
0543.HK,1,2024,20241231,Recent To Recent,Original,Consolidated Only,HKG ARS,Advertisement Revenue - Total,False,False,Units,CNY,635.039
0543.HK,1,2025,20251231,Original To Original,Original,Consolidated Only,HKG ARS,Advertisement Revenue - Total,False,False,Units,CNY,646.967
0543.HK,1,2025,20251231,Recent To Recent,Original,Consolidated Only,HKG ARS,Advertisement Revenue - Total,False,False,Units,CNY,646.967
0551.HK,1,2023,20231231,Original To Original,,Consolidated Only,,Stores Closed - Number - Total,False,False,No scaling,,570.0
0551.HK,1,2023,20231231,Recent To Recent,,Consolidated Only,,Stores Closed - Number - Total,False,False,No scaling,,570.0
0551.HK,1,2023,20231231,Original To Original,Original,Consolidated Only,HKG ARS,Stores Closed - Number - Total,False,False,No scaling,,570.0
0551.HK,1,2023,20231231,Recent To Recent,Original,Consolidated Only,HKG ARS,Stores Closed - Number - Total,False,False,No scaling,,570.0
0551.HK,1,2024,20241231,Original To Original,,Consolidated Only,,Stores Closed - Number - Total,False,False,No scaling,,75.0
0551.HK,1,2024,20241231,Recent To Recent,,Consolidated Only,,Stores Closed - Number - Total,False,False,No scaling,,75.0
0551.HK,1,2024,20241231,Original To Original,Original,Consolidated Only,HKG ARS,Stores Closed - Number - Total,False,False,No scaling,,75.0
0551.HK,1,2024,20241231,Recent To Recent,Original,Consolidated Only,HKG ARS,Stores Closed - Number - Total,False,False,No scaling,,75.0
0551.HK,1,2025,20251231,Original To Original,,Consolidated Only,,Stores Closed - Number - Total,False,False,No scaling,,138.0
0551.HK,1,2025,20251231,Recent To Recent,,Consolidated Only,,Stores Closed - Number - Total,False,False,No scaling,,138.0
0551.HK,1,2025,20251231,Original To Original,Original,Consolidated Only,HKG ARS,Stores Closed - Number - Total,False,False,No scaling,,138.0
0551.HK,1,2025,20251231,Recent To Recent,Original,Consolidated Only,HKG ARS,Stores Closed - Number - Total,False,False,No scaling,,138.0
0563.HK,1,2023,20231231,Original To Original,Original,Consolidated Only,HKG ARS,Net Asset Value (NAV) - Total (REIT/Real Estate),False,False,Units,HKD,14010.969
0563.HK,1,2023,20231231,Original To Original,Original,Consolidated Only,HKG ARS,Net Asset Value - Per Share - Basic - Total,True,False,No scaling,HKD,2.92e-06
0563.HK,1,2023,20231231,Recent To Recent,Original,Consolidated Only,HKG ARS,Net Asset Value (NAV) - Total (REIT/Real Estate),False,False,Units,HKD,14010.969
0563.HK,1,2023,20231231,Recent To Recent,Original,Consolidated Only,HKG ARS,Net Asset Value - Per Share - Basic - Total,True,False,No scaling,HKD,2.92e-06
0563.HK,1,2024,20241231,Original To Original,Original,Consolidated Only,HKG ARS,Net Asset Value (NAV) - Total (REIT/Real Estate),False,False,Units,HKD,13028.386
0563.HK,1,2024,20241231,Original To Original,Original,Consolidated Only,HKG ARS,Net Asset Value - Per Share - Basic - Total,True,False,No scaling,HKD,2.73e-06
0563.HK,1,2024,20241231,Recent To Recent,Original,Consolidated Only,HKG ARS,Net Asset Value (NAV) - Total (REIT/Real Estate),False,False,Units,HKD,13028.386
0563.HK,1,2024,20241231,Recent To Recent,Original,Consolidated Only,HKG ARS,Net Asset Value - Per Share - Basic - Total,True,False,No scaling,HKD,2.73e-06
0563.HK,1,2025,20251231,Original To Original,Original,Consolidated Only,HKG ARS,Net Asset Value (NAV) - Total (REIT/Real Estate),False,False,Units,HKD,12655.107
0563.HK,1,2025,20251231,Original To Original,Original,Consolidated Only,HKG ARS,Net Asset Value - Per Share - Basic - Total,True,False,No scaling,HKD,2.65e-06
0563.HK,1,2025,20251231,Recent To Recent,Original,Consolidated Only,HKG ARS,Net Asset Value (NAV) - Total (REIT/Real Estate),False,False,Units,HKD,12655.107
0563.HK,1,2025,20251231,Recent To Recent,Original,Consolidated Only,HKG ARS,Net Asset Value - Per Share - Basic - Total,True,False,No scaling,HKD,2.65e-06
0582.HK,1,2023,20231231,Original To Original,Original,Consolidated Only,HKG ARS,Net Asset Value (NAV) - Total (REIT/Real Estate),False,False,Units,HKD,7405.721
0582.HK,1,2023,20231231,Original To Original,Original,Consolidated Only,HKG ARS,Net Asset Value - Per Share - Basic - Total,True,False,No scaling,HKD,1.255386e-05
0582.HK,1,2023,20231231,Recent To Recent,Original,Consolidated Only,HKG ARS,Net Asset Value (NAV) - Total (REIT/Real Estate),False,False,Units,HKD,7405.721
0582.HK,1,2023,20231231,Recent To Recent,Original,Consolidated Only,HKG ARS,Net Asset Value - Per Share - Basic - Total,True,False,No scaling,HKD,1.255386e-05
0582.HK,1,2024,20241231,Original To Original,Original,Consolidated Only,HKG ARS,Net Asset Value (NAV) - Total (REIT/Real Estate),False,False,Units,HKD,6340.262
0582.HK,1,2024,20241231,Original To Original,Original,Consolidated Only,HKG ARS,Net Asset Value - Per Share - Basic - Total,True,False,No scaling,HKD,5.77139e-06
0582.HK,1,2024,20241231,Recent To Recent,Original,Consolidated Only,HKG ARS,Net Asset Value (NAV) - Total (REIT/Real Estate),False,False,Units,HKD,6340.262
0582.HK,1,2024,20241231,Recent To Recent,Original,Consolidated Only,HKG ARS,Net Asset Value - Per Share - Basic - Total,True,False,No scaling,HKD,5.77139e-06
0582.HK,1,2025,20251231,Original To Original,Original,Consolidated Only,HKG ARS,Net Asset Value (NAV) - Total (REIT/Real Estate),False,False,Units,HKD,6439.452
0582.HK,1,2025,20251231,Original To Original,Original,Consolidated Only,HKG ARS,Net Asset Value - Per Share - Basic - Total,True,False,No scaling,HKD,3.13e-06
0582.HK,1,2025,20251231,Recent To Recent,Original,Consolidated Only,HKG ARS,Net Asset Value (NAV) - Total (REIT/Real Estate),False,False,Units,HKD,6439.452
0582.HK,1,2025,20251231,Recent To Recent,Original,Consolidated Only,HKG ARS,Net Asset Value - Per Share - Basic - Total,True,False,No scaling,HKD,3.13e-06
0583.HK,1,2023,20231231,Original To Original,Original,Consolidated Only,HKG ARS,Net Asset Value (NAV) - Total (REIT/Real Estate),False,False,Units,HKD,4001.546
0583.HK,1,2023,20231231,Original To Original,Original,Consolidated Only,HKG ARS,Net Asset Value - Per Share - Basic - Total,True,False,No scaling,HKD,2.55e-06
0583.HK,1,2023,20231231,Recent To Recent,Original,Consolidated Only,HKG ARS,Net Asset Value (NAV) - Total (REIT/Real Estate),False,False,Units,HKD,4001.546
0583.HK,1,2023,20231231,Recent To Recent,Original,Consolidated Only,HKG ARS,Net Asset Value - Per Share - Basic - Total,True,False,No scaling,HKD,2.55e-06
0583.HK,1,2024,20241231,Original To Original,Original,Consolidated Only,HKG ARS,Net Asset Value (NAV) - Total (REIT/Real Estate),False,False,Units,HKD,3917.408
0583.HK,1,2024,20241231,Original To Original,Original,Consolidated Only,HKG ARS,Net Asset Value - Per Share - Basic - Total,True,False,No scaling,HKD,2.5e-06
0583.HK,1,2024,20241231,Recent To Recent,Original,Consolidated Only,HKG ARS,Net Asset Value (NAV) - Total (REIT/Real Estate),False,False,Units,HKD,3917.408
0583.HK,1,2024,20241231,Recent To Recent,Original,Consolidated Only,HKG ARS,Net Asset Value - Per Share - Basic - Total,True,False,No scaling,HKD,2.5e-06
0583.HK,1,2025,20251231,Original To Original,Original,Consolidated Only,HKG ARS,Net Asset Value (NAV) - Total (REIT/Real Estate),False,False,Units,HKD,3441.088
0583.HK,1,2025,20251231,Original To Original,Original,Consolidated Only,HKG ARS,Net Asset Value - Per Share - Basic - Total,True,False,No scaling,HKD,2.19e-06
0583.HK,1,2025,20251231,Recent To Recent,Original,Consolidated Only,HKG ARS,Net Asset Value (NAV) - Total (REIT/Real Estate),False,False,Units,HKD,3441.088
0583.HK,1,2025,20251231,Recent To Recent,Original,Consolidated Only,HKG ARS,Net Asset Value - Per Share - Basic - Total,True,False,No scaling,HKD,2.19e-06
0588.HK,1,2023,20231231,Original To Original,,Consolidated Only,,Net Asset Value (NAV) - Total (REIT/Real Estate),False,False,Units,CNY,19544.17
0588.HK,1,2023,20231231,Recent To Recent,,Consolidated Only,,Net Asset Value (NAV) - Total (REIT/Real Estate),False,False,Units,CNY,19544.17
0588.HK,1,2023,20231231,Original To Original,Original,Consolidated Only,HKG ARS,Net Asset Value (NAV) - Total (REIT/Real Estate),False,False,Units,CNY,19544.17
0588.HK,1,2023,20231231,Recent To Recent,Original,Consolidated Only,HKG ARS,Net Asset Value (NAV) - Total (REIT/Real Estate),False,False,Units,CNY,19544.17
0588.HK,1,2024,20241231,Original To Original,,Consolidated Only,,Net Asset Value (NAV) - Total (REIT/Real Estate),False,False,Units,CNY,16283.405
0588.HK,1,2024,20241231,Recent To Recent,,Consolidated Only,,Net Asset Value (NAV) - Total (REIT/Real Estate),False,False,Units,CNY,16283.405
0588.HK,1,2024,20241231,Original To Original,Original,Consolidated Only,HKG ARS,Net Asset Value (NAV) - Total (REIT/Real Estate),False,False,Units,CNY,16283.405
0588.HK,1,2024,20241231,Recent To Recent,Original,Consolidated Only,HKG ARS,Net Asset Value (NAV) - Total (REIT/Real Estate),False,False,Units,CNY,16283.405
0590.HK,1,2023,20230331,Original To Original,Original,Consolidated Only,HKG ARS,Stores Closed - Number - Total,False,False,No scaling,,21.0
0590.HK,1,2023,20230331,Original To Original,Original,Consolidated Only,HKG ARS,Stores Opened - Number - Total,False,False,No scaling,,317.0
0590.HK,1,2023,20230331,Recent To Recent,Original,Consolidated Only,HKG ARS,Stores Closed - Number - Total,False,False,No scaling,,21.0
0590.HK,1,2023,20230331,Recent To Recent,Original,Consolidated Only,HKG ARS,Stores Opened - Number - Total,False,False,No scaling,,317.0
0590.HK,1,2024,20240331,Original To Original,Original,Consolidated Only,HKG ARS,Stores Opened - Number - Total,False,False,No scaling,,478.0
0590.HK,1,2024,20240331,Recent To Recent,Original,Consolidated Only,HKG ARS,Stores Opened - Number - Total,False,False,No scaling,,478.0
0590.HK,1,2025,20250331,Original To Original,Original,Consolidated Only,HKG ARS,Stores Closed - Number - Total,False,False,No scaling,,354.0
0590.HK,1,2025,20250331,Original To Original,Original,Consolidated Only,HKG ARS,Stores Opened - Number - Total,False,False,No scaling,,58.0
0590.HK,1,2025,20250331,Recent To Recent,Original,Consolidated Only,HKG ARS,Stores Closed - Number - Total,False,False,No scaling,,354.0
0590.HK,1,2025,20250331,Recent To Recent,Original,Consolidated Only,HKG ARS,Stores Opened - Number - Total,False,False,No scaling,,58.0
0602.HK,1,2023,20231231,Original To Original,,Consolidated Only,,Stores Opened - Number - Total,False,False,No scaling,,4.0
0602.HK,1,2023,20231231,Recent To Recent,,Consolidated Only,,Stores Opened - Number - Total,False,False,No scaling,,4.0
0602.HK,1,2023,20231231,Original To Original,Original,Consolidated Only,HKG ARS,Stores Opened - Number - Total,False,False,No scaling,,4.0
0602.HK,1,2023,20231231,Recent To Recent,Original,Consolidated Only,HKG ARS,Stores Opened - Number - Total,False,False,No scaling,,4.0
0602.HK,1,2024,20241231,Original To Original,,Consolidated Only,,Stores Opened - Number - Total,False,False,No scaling,,1.0
0602.HK,1,2024,20241231,Recent To Recent,,Consolidated Only,,Stores Opened - Number - Total,False,False,No scaling,,1.0
0602.HK,1,2024,20241231,Original To Original,Original,Consolidated Only,HKG ARS,Stores Opened - Number - Total,False,False,No scaling,,1.0
0602.HK,1,2024,20241231,Recent To Recent,Original,Consolidated Only,HKG ARS,Stores Opened - Number - Total,False,False,No scaling,,1.0
0603.HK,1,2023,20231231,Original To Original,,Consolidated Only,,Oil Equivalent Production (Units/day) - Total,False,False,No scaling,,5469.0
0603.HK,1,2023,20231231,Original To Original,,Consolidated Only,,Crude Oil - Sales Price per Unit - Average - Total,False,False,No scaling,HKD,561.05164
0603.HK,1,2023,20231231,Recent To Recent,,Consolidated Only,,Oil Equivalent Production (Units/day) - Total,False,False,No scaling,,5469.0
0603.HK,1,2023,20231231,Recent To Recent,,Consolidated Only,,Crude Oil - Sales Price per Unit - Average - Total,False,False,No scaling,HKD,561.05164
0603.HK,1,2023,20231231,Original To Original,Original,Consolidated Only,HKG ARS,Oil Equivalent Production (Units/day) - Total,False,False,No scaling,,5469.0
0603.HK,1,2023,20231231,Original To Original,Original,Consolidated Only,HKG ARS,Crude Oil - Sales Price per Unit - Average - Total,False,False,No scaling,HKD,561.05164
0603.HK,1,2023,20231231,Recent To Recent,Original,Consolidated Only,HKG ARS,Oil Equivalent Production (Units/day) - Total,False,False,No scaling,,5469.0
0603.HK,1,2023,20231231,Recent To Recent,Original,Consolidated Only,HKG ARS,Crude Oil - Sales Price per Unit - Average - Total,False,False,No scaling,HKD,561.05164
0603.HK,1,2024,20241231,Original To Original,,Consolidated Only,,Oil Equivalent Production (Units/day) - Total,False,False,No scaling,,5082.0
0603.HK,1,2024,20241231,Original To Original,,Consolidated Only,,Crude Oil - Sales Price per Unit - Average - Total,False,False,No scaling,HKD,533.40162
0603.HK,1,2024,20241231,Recent To Recent,,Consolidated Only,,Oil Equivalent Production (Units/day) - Total,False,False,No scaling,,5082.0
0603.HK,1,2024,20241231,Recent To Recent,,Consolidated Only,,Crude Oil - Sales Price per Unit - Average - Total,False,False,No scaling,HKD,533.40162
0603.HK,1,2024,20241231,Original To Original,Original,Consolidated Only,HKG ARS,Oil Equivalent Production (Units/day) - Total,False,False,No scaling,,5082.0
0603.HK,1,2024,20241231,Original To Original,Original,Consolidated Only,HKG ARS,Crude Oil - Sales Price per Unit - Average - Total,False,False,No scaling,HKD,533.40162
0603.HK,1,2024,20241231,Recent To Recent,Original,Consolidated Only,HKG ARS,Oil Equivalent Production (Units/day) - Total,False,False,No scaling,,5082.0
0603.HK,1,2024,20241231,Recent To Recent,Original,Consolidated Only,HKG ARS,Crude Oil - Sales Price per Unit - Average - Total,False,False,No scaling,HKD,533.40162
0603.HK,1,2025,20251231,Original To Original,,Consolidated Only,,Oil Equivalent Production (Units/day) - Total,False,False,No scaling,,5270.0
0603.HK,1,2025,20251231,Original To Original,,Consolidated Only,,Crude Oil - Sales Price per Unit - Average - Total,False,False,No scaling,HKD,457.83687
0603.HK,1,2025,20251231,Recent To Recent,,Consolidated Only,,Oil Equivalent Production (Units/day) - Total,False,False,No scaling,,5270.0
0603.HK,1,2025,20251231,Recent To Recent,,Consolidated Only,,Crude Oil - Sales Price per Unit - Average - Total,False,False,No scaling,HKD,457.83687
0603.HK,1,2025,20251231,Original To Original,Original,Consolidated Only,HKG ARS,Oil Equivalent Production (Units/day) - Total,False,False,No scaling,,5270.0
0603.HK,1,2025,20251231,Original To Original,Original,Consolidated Only,HKG ARS,Crude Oil - Sales Price per Unit - Average - Total,False,False,No scaling,HKD,457.83687
0603.HK,1,2025,20251231,Recent To Recent,Original,Consolidated Only,HKG ARS,Oil Equivalent Production (Units/day) - Total,False,False,No scaling,,5270.0
0603.HK,1,2025,20251231,Recent To Recent,Original,Consolidated Only,HKG ARS,Crude Oil - Sales Price per Unit - Average - Total,False,False,No scaling,HKD,457.83687
0604.HK,1,2023,20231231,Original To Original,Original,Consolidated Only,HKG ARS,Net Asset Value (NAV) - Total (REIT/Real Estate),False,False,Units,HKD,42337.606
0604.HK,1,2023,20231231,Original To Original,Original,Consolidated Only,HKG ARS,Occupancy Rate of Space Leased - Total - %,False,True,Percentage,,88.0
0604.HK,1,2023,20231231,Recent To Recent,Original,Consolidated Only,HKG ARS,Net Asset Value (NAV) - Total (REIT/Real Estate),False,False,Units,HKD,42337.606
0604.HK,1,2023,20231231,Recent To Recent,Original,Consolidated Only,HKG ARS,Occupancy Rate of Space Leased - Total - %,False,True,Percentage,,88.0
0604.HK,1,2024,20241231,Original To Original,Original,Consolidated Only,HKG ARS,Net Asset Value (NAV) - Total (REIT/Real Estate),False,False,Units,HKD,38549.963
0604.HK,1,2024,20241231,Original To Original,Original,Consolidated Only,HKG ARS,Occupancy Rate of Space Leased - Total - %,False,True,Percentage,,90.8
0604.HK,1,2024,20241231,Recent To Recent,Original,Consolidated Only,HKG ARS,Net Asset Value (NAV) - Total (REIT/Real Estate),False,False,Units,HKD,38549.963
0604.HK,1,2024,20241231,Recent To Recent,Original,Consolidated Only,HKG ARS,Occupancy Rate of Space Leased - Total - %,False,True,Percentage,,90.8
0604.HK,1,2025,20251231,Original To Original,Original,Consolidated Only,HKG ARS,Net Asset Value (NAV) - Total (REIT/Real Estate),False,False,Units,HKD,35640.545
0604.HK,1,2025,20251231,Original To Original,Original,Consolidated Only,HKG ARS,Occupancy Rate of Space Leased - Total - %,False,True,Percentage,,88.1
0604.HK,1,2025,20251231,Recent To Recent,Original,Consolidated Only,HKG ARS,Net Asset Value (NAV) - Total (REIT/Real Estate),False,False,Units,HKD,35640.545
0604.HK,1,2025,20251231,Recent To Recent,Original,Consolidated Only,HKG ARS,Occupancy Rate of Space Leased - Total - %,False,True,Percentage,,88.1
0606.HK,1,2023,20231231,Original To Original,,Consolidated Only,,Net Asset Value (NAV) - Total (REIT/Real Estate),False,False,Units,CNY,2655.745
0606.HK,1,2023,20231231,Original To Original,,Consolidated Only,,Occupancy Rate of Space Leased - Total - %,False,True,Percentage,,90.2
0606.HK,1,2023,20231231,Recent To Recent,,Consolidated Only,,Net Asset Value (NAV) - Total (REIT/Real Estate),False,False,Units,CNY,2655.745
0606.HK,1,2023,20231231,Recent To Recent,,Consolidated Only,,Occupancy Rate of Space Leased - Total - %,False,True,Percentage,,90.2
0606.HK,1,2023,20231231,Original To Original,Original,Consolidated Only,HKG ARS,Net Asset Value (NAV) - Total (REIT/Real Estate),False,False,Units,CNY,2655.745
0606.HK,1,2023,20231231,Original To Original,Original,Consolidated Only,HKG ARS,Occupancy Rate of Space Leased - Total - %,False,True,Percentage,,90.2
0606.HK,1,2023,20231231,Recent To Recent,Original,Consolidated Only,HKG ARS,Net Asset Value (NAV) - Total (REIT/Real Estate),False,False,Units,CNY,2655.745
0606.HK,1,2023,20231231,Recent To Recent,Original,Consolidated Only,HKG ARS,Occupancy Rate of Space Leased - Total - %,False,True,Percentage,,90.2
0606.HK,1,2024,20241231,Original To Original,,Consolidated Only,,Net Asset Value (NAV) - Total (REIT/Real Estate),False,False,Units,CNY,2711.864
0606.HK,1,2024,20241231,Original To Original,,Consolidated Only,,Occupancy Rate of Space Leased - Total - %,False,True,Percentage,,90.3
0606.HK,1,2024,20241231,Recent To Recent,,Consolidated Only,,Net Asset Value (NAV) - Total (REIT/Real Estate),False,False,Units,CNY,2711.864
0606.HK,1,2024,20241231,Recent To Recent,,Consolidated Only,,Occupancy Rate of Space Leased - Total - %,False,True,Percentage,,90.3
0606.HK,1,2024,20241231,Original To Original,Original,Consolidated Only,HKG ARS,Net Asset Value (NAV) - Total (REIT/Real Estate),False,False,Units,CNY,2711.864
0606.HK,1,2024,20241231,Original To Original,Original,Consolidated Only,HKG ARS,Occupancy Rate of Space Leased - Total - %,False,True,Percentage,,90.3
0606.HK,1,2024,20241231,Recent To Recent,Original,Consolidated Only,HKG ARS,Net Asset Value (NAV) - Total (REIT/Real Estate),False,False,Units,CNY,2711.864
0606.HK,1,2024,20241231,Recent To Recent,Original,Consolidated Only,HKG ARS,Occupancy Rate of Space Leased - Total - %,False,True,Percentage,,90.3
0606.HK,1,2025,20251231,Original To Original,,Consolidated Only,,Net Asset Value (NAV) - Total (REIT/Real Estate),False,False,Units,CNY,2771.244
0606.HK,1,2025,20251231,Original To Original,,Consolidated Only,,Occupancy Rate of Space Leased - Total - %,False,True,Percentage,,91.4
0606.HK,1,2025,20251231,Recent To Recent,,Consolidated Only,,Net Asset Value (NAV) - Total (REIT/Real Estate),False,False,Units,CNY,2771.244
0606.HK,1,2025,20251231,Recent To Recent,,Consolidated Only,,Occupancy Rate of Space Leased - Total - %,False,True,Percentage,,91.4
0606.HK,1,2025,20251231,Original To Original,Original,Consolidated Only,HKG ARS,Net Asset Value (NAV) - Total (REIT/Real Estate),False,False,Units,CNY,2771.244
0606.HK,1,2025,20251231,Original To Original,Original,Consolidated Only,HKG ARS,Occupancy Rate of Space Leased - Total - %,False,True,Percentage,,91.4
0606.HK,1,2025,20251231,Recent To Recent,Original,Consolidated Only,HKG ARS,Net Asset Value (NAV) - Total (REIT/Real Estate),False,False,Units,CNY,2771.244
0606.HK,1,2025,20251231,Recent To Recent,Original,Consolidated Only,HKG ARS,Occupancy Rate of Space Leased - Total - %,False,True,Percentage,,91.4
0607.HK,1,2023,20231231,Original To Original,Original,Consolidated Only,HKG ARS,Net Asset Value (NAV) - Total (REIT/Real Estate),False,False,Units,CNY,10904.029
0607.HK,1,2023,20231231,Recent To Recent,Original,Consolidated Only,HKG ARS,Net Asset Value (NAV) - Total (REIT/Real Estate),False,False,Units,CNY,10904.029
0607.HK,1,2024,20241231,Original To Original,Original,Consolidated Only,HKG ARS,Net Asset Value (NAV) - Total (REIT/Real Estate),False,False,Units,CNY,7902.84
0607.HK,1,2024,20241231,Recent To Recent,Original,Consolidated Only,HKG ARS,Net Asset Value (NAV) - Total (REIT/Real Estate),False,False,Units,CNY,7902.84
0607.HK,1,2025,20251231,Original To Original,Original,Consolidated Only,HKG ARS,Net Asset Value (NAV) - Total (REIT/Real Estate),False,False,Units,CNY,7680.397
0607.HK,1,2025,20251231,Recent To Recent,Original,Consolidated Only,HKG ARS,Net Asset Value (NAV) - Total (REIT/Real Estate),False,False,Units,CNY,7680.397
0613.HK,1,2023,20231231,Original To Original,Original,Consolidated Only,HKG ARS,Net Asset Value (NAV) - Total (REIT/Real Estate),False,False,Units,HKD,1615.664
0613.HK,1,2023,20231231,Original To Original,Original,Consolidated Only,HKG ARS,Net Asset Value - Per Share - Basic - Total,True,False,No scaling,HKD,2.02e-06
0613.HK,1,2023,20231231,Recent To Recent,Original,Consolidated Only,HKG ARS,Net Asset Value (NAV) - Total (REIT/Real Estate),False,False,Units,HKD,1615.664
0613.HK,1,2023,20231231,Recent To Recent,Original,Consolidated Only,HKG ARS,Net Asset Value - Per Share - Basic - Total,True,False,No scaling,HKD,2.02e-06
0613.HK,1,2024,20241231,Original To Original,Original,Consolidated Only,HKG ARS,Net Asset Value (NAV) - Total (REIT/Real Estate),False,False,Units,HKD,1320.477
0613.HK,1,2024,20241231,Original To Original,Original,Consolidated Only,HKG ARS,Net Asset Value - Per Share - Basic - Total,True,False,No scaling,HKD,1.68e-06
0613.HK,1,2024,20241231,Recent To Recent,Original,Consolidated Only,HKG ARS,Net Asset Value (NAV) - Total (REIT/Real Estate),False,False,Units,HKD,1320.477
0613.HK,1,2024,20241231,Recent To Recent,Original,Consolidated Only,HKG ARS,Net Asset Value - Per Share - Basic - Total,True,False,No scaling,HKD,1.68e-06
0613.HK,1,2025,20251231,Original To Original,Original,Consolidated Only,HKG ARS,Net Asset Value (NAV) - Total (REIT/Real Estate),False,False,Units,HKD,1424.855
0613.HK,1,2025,20251231,Original To Original,Original,Consolidated Only,HKG ARS,Net Asset Value - Per Share - Basic - Total,True,False,No scaling,HKD,2.16e-06
0613.HK,1,2025,20251231,Recent To Recent,Original,Consolidated Only,HKG ARS,Net Asset Value (NAV) - Total (REIT/Real Estate),False,False,Units,HKD,1424.855
0613.HK,1,2025,20251231,Recent To Recent,Original,Consolidated Only,HKG ARS,Net Asset Value - Per Share - Basic - Total,True,False,No scaling,HKD,2.16e-06
0655.HK,1,2023,20231231,Original To Original,Original,Consolidated Only,HKG ARS,Net Asset Value (NAV) - Total (REIT/Real Estate),False,False,Units,HKD,10612.822
0655.HK,1,2023,20231231,Recent To Recent,Original,Consolidated Only,HKG ARS,Net Asset Value (NAV) - Total (REIT/Real Estate),False,False,Units,HKD,10612.822
0655.HK,1,2024,20241231,Original To Original,Original,Consolidated Only,HKG ARS,Net Asset Value (NAV) - Total (REIT/Real Estate),False,False,Units,HKD,8982.144
0655.HK,1,2024,20241231,Recent To Recent,Original,Consolidated Only,HKG ARS,Net Asset Value (NAV) - Total (REIT/Real Estate),False,False,Units,HKD,8982.144
0655.HK,1,2025,20251231,Original To Original,Original,Consolidated Only,HKG ARS,Net Asset Value (NAV) - Total (REIT/Real Estate),False,False,Units,HKD,8727.247
0655.HK,1,2025,20251231,Recent To Recent,Original,Consolidated Only,HKG ARS,Net Asset Value (NAV) - Total (REIT/Real Estate),False,False,Units,HKD,8727.247
0656.HK,1,2023,20231231,Original To Original,Original,Consolidated Only,HKG ARS,Oil Equivalent Production (Units/day) - Total,False,False,No scaling,,17109.28962
0656.HK,1,2023,20231231,Recent To Recent,Original,Consolidated Only,HKG ARS,Oil Equivalent Production (Units/day) - Total,False,False,No scaling,,17109.28962
0656.HK,1,2024,20241231,Original To Original,Original,Consolidated Only,HKG ARS,Oil Equivalent Production (Units/day) - Total,False,False,No scaling,,22117.48634
0656.HK,1,2024,20241231,Recent To Recent,Original,Consolidated Only,HKG ARS,Oil Equivalent Production (Units/day) - Total,False,False,No scaling,,22117.48634
0656.HK,1,2025,20251231,Original To Original,Original,Consolidated Only,HKG ARS,Oil Equivalent Production (Units/day) - Total,False,False,No scaling,,35499.18033
0656.HK,1,2025,20251231,Recent To Recent,Original,Consolidated Only,HKG ARS,Oil Equivalent Production (Units/day) - Total,False,False,No scaling,,35499.18033
0661.HK,1,2023,20231231,Original To Original,,Consolidated Only,,Gold - Production - Total,False,False,No scaling,,164933.3299
0661.HK,1,2023,20231231,Recent To Recent,,Consolidated Only,,Gold - Production - Total,False,False,No scaling,,164933.3299
0661.HK,1,2023,20231231,Original To Original,Original,Consolidated Only,HKG ARS,Gold - Production - Total,False,False,No scaling,,164933.3299
0661.HK,1,2023,20231231,Recent To Recent,Original,Consolidated Only,HKG ARS,Gold - Production - Total,False,False,No scaling,,164933.3299
0661.HK,1,2024,20241231,Original To Original,,Consolidated Only,,Gold - Production - Total,False,False,No scaling,,331152.68966
0661.HK,1,2024,20241231,Recent To Recent,,Consolidated Only,,Gold - Production - Total,False,False,No scaling,,331152.68966
0661.HK,1,2024,20241231,Original To Original,Original,Consolidated Only,HKG ARS,Gold - Production - Total,False,False,No scaling,,331152.68966
0661.HK,1,2024,20241231,Recent To Recent,Original,Consolidated Only,HKG ARS,Gold - Production - Total,False,False,No scaling,,331152.68966
0661.HK,0,2025,20251231,Original To Original,,Consolidated Only,,Gold - Production - Total,False,False,No scaling,,298358.92816
0661.HK,0,2025,20251231,Recent To Recent,,Consolidated Only,,Gold - Production - Total,False,False,No scaling,,298358.92816
0661.HK,1,2025,20251231,Original To Original,Original,Consolidated Only,HKG ARS,Gold - Production - Total,False,False,No scaling,,298358.92816
0661.HK,1,2025,20251231,Recent To Recent,Original,Consolidated Only,HKG ARS,Gold - Production - Total,False,False,No scaling,,298358.92816
0670.HK,1,2023,20231231,Original To Original,,Consolidated Only,,Seat Miles/Kilometers - Available (ASM/ASK) - Total,False,False,Units,,244960.45
0670.HK,1,2023,20231231,Original To Original,,Consolidated Only,,Operating Revenue - Airlines Operating Metrics - Total,False,False,Units,CNY,113741.0
0670.HK,1,2023,20231231,Original To Original,,Consolidated Only,,Passenger Revenue - Total,False,False,Units,CNY,104576.0
0670.HK,1,2023,20231231,Original To Original,,Consolidated Only,,Cargo Revenue - Total,False,False,Units,CNY,3634.0
0670.HK,1,2023,20231231,Original To Original,,Consolidated Only,,Load Factor - Total - %,False,True,Percentage,,74.42
0670.HK,1,2023,20231231,Recent To Recent,,Consolidated Only,,Seat Miles/Kilometers - Available (ASM/ASK) - Total,False,False,Units,,244960.45
0670.HK,1,2023,20231231,Recent To Recent,,Consolidated Only,,Operating Revenue - Airlines Operating Metrics - Total,False,False,Units,CNY,113741.0
0670.HK,1,2023,20231231,Recent To Recent,,Consolidated Only,,Passenger Revenue - Total,False,False,Units,CNY,104576.0
0670.HK,1,2023,20231231,Recent To Recent,,Consolidated Only,,Cargo Revenue - Total,False,False,Units,CNY,3634.0
0670.HK,1,2023,20231231,Recent To Recent,,Consolidated Only,,Load Factor - Total - %,False,True,Percentage,,74.42
0670.HK,1,2023,20231231,Original To Original,Original,Consolidated Only,HKG ARS,Seat Miles/Kilometers - Available (ASM/ASK) - Total,False,False,Units,,244960.45
0670.HK,1,2023,20231231,Original To Original,Original,Consolidated Only,HKG ARS,Operating Revenue - Airlines Operating Metrics - Total,False,False,Units,CNY,113741.0
0670.HK,1,2023,20231231,Original To Original,Original,Consolidated Only,HKG ARS,Passenger Revenue - Total,False,False,Units,CNY,104576.0
0670.HK,1,2023,20231231,Original To Original,Original,Consolidated Only,HKG ARS,Cargo Revenue - Total,False,False,Units,CNY,3634.0
0670.HK,1,2023,20231231,Original To Original,Original,Consolidated Only,HKG ARS,Load Factor - Total - %,False,True,Percentage,,74.42
0670.HK,1,2023,20231231,Recent To Recent,Original,Consolidated Only,HKG ARS,Seat Miles/Kilometers - Available (ASM/ASK) - Total,False,False,Units,,244960.45
0670.HK,1,2023,20231231,Recent To Recent,Original,Consolidated Only,HKG ARS,Operating Revenue - Airlines Operating Metrics - Total,False,False,Units,CNY,113741.0
0670.HK,1,2023,20231231,Recent To Recent,Original,Consolidated Only,HKG ARS,Passenger Revenue - Total,False,False,Units,CNY,104576.0
0670.HK,1,2023,20231231,Recent To Recent,Original,Consolidated Only,HKG ARS,Cargo Revenue - Total,False,False,Units,CNY,3634.0
0670.HK,1,2023,20231231,Recent To Recent,Original,Consolidated Only,HKG ARS,Load Factor - Total - %,False,True,Percentage,,74.42
0670.HK,1,2024,20241231,Original To Original,,Consolidated Only,,Seat Miles/Kilometers - Available (ASM/ASK) - Total,False,False,Units,,296890.04
0670.HK,1,2024,20241231,Original To Original,,Consolidated Only,,Operating Revenue - Airlines Operating Metrics - Total,False,False,Units,CNY,132120.0
0670.HK,1,2024,20241231,Original To Original,,Consolidated Only,,Passenger Revenue - Total,False,False,Units,CNY,121483.0
0670.HK,1,2024,20241231,Original To Original,,Consolidated Only,,Cargo Revenue - Total,False,False,Units,CNY,5331.0
0670.HK,1,2024,20241231,Original To Original,,Consolidated Only,,Load Factor - Total - %,False,True,Percentage,,82.82
0670.HK,1,2024,20241231,Recent To Recent,,Consolidated Only,,Seat Miles/Kilometers - Available (ASM/ASK) - Total,False,False,Units,,296890.04
0670.HK,1,2024,20241231,Recent To Recent,,Consolidated Only,,Operating Revenue - Airlines Operating Metrics - Total,False,False,Units,CNY,132120.0
0670.HK,1,2024,20241231,Recent To Recent,,Consolidated Only,,Passenger Revenue - Total,False,False,Units,CNY,121483.0
0670.HK,1,2024,20241231,Recent To Recent,,Consolidated Only,,Cargo Revenue - Total,False,False,Units,CNY,5331.0
0670.HK,1,2024,20241231,Recent To Recent,,Consolidated Only,,Load Factor - Total - %,False,True,Percentage,,82.82
0670.HK,1,2024,20241231,Original To Original,Original,Consolidated Only,HKG ARS,Seat Miles/Kilometers - Available (ASM/ASK) - Total,False,False,Units,,296890.04
0670.HK,1,2024,20241231,Original To Original,Original,Consolidated Only,HKG ARS,Operating Revenue - Airlines Operating Metrics - Total,False,False,Units,CNY,132120.0
0670.HK,1,2024,20241231,Original To Original,Original,Consolidated Only,HKG ARS,Passenger Revenue - Total,False,False,Units,CNY,121483.0
0670.HK,1,2024,20241231,Original To Original,Original,Consolidated Only,HKG ARS,Cargo Revenue - Total,False,False,Units,CNY,5331.0
0670.HK,1,2024,20241231,Original To Original,Original,Consolidated Only,HKG ARS,Load Factor - Total - %,False,True,Percentage,,82.82
0670.HK,1,2024,20241231,Recent To Recent,Original,Consolidated Only,HKG ARS,Seat Miles/Kilometers - Available (ASM/ASK) - Total,False,False,Units,,296890.04
0670.HK,1,2024,20241231,Recent To Recent,Original,Consolidated Only,HKG ARS,Operating Revenue - Airlines Operating Metrics - Total,False,False,Units,CNY,132120.0
0670.HK,1,2024,20241231,Recent To Recent,Original,Consolidated Only,HKG ARS,Passenger Revenue - Total,False,False,Units,CNY,121483.0
0670.HK,1,2024,20241231,Recent To Recent,Original,Consolidated Only,HKG ARS,Cargo Revenue - Total,False,False,Units,CNY,5331.0
0670.HK,1,2024,20241231,Recent To Recent,Original,Consolidated Only,HKG ARS,Load Factor - Total - %,False,True,Percentage,,82.82
0670.HK,1,2025,20251231,Original To Original,,Consolidated Only,,Seat Miles/Kilometers - Available (ASM/ASK) - Total,False,False,Units,,316930.52
0670.HK,1,2025,20251231,Original To Original,,Consolidated Only,,Operating Revenue - Airlines Operating Metrics - Total,False,False,Units,CNY,139941.0
0670.HK,1,2025,20251231,Original To Original,,Consolidated Only,,Passenger Revenue - Total,False,False,Units,CNY,129349.0
0670.HK,1,2025,20251231,Original To Original,,Consolidated Only,,Cargo Revenue - Total,False,False,Units,CNY,5457.0
0670.HK,1,2025,20251231,Original To Original,,Consolidated Only,,Load Factor - Total - %,False,True,Percentage,,85.86
0670.HK,1,2025,20251231,Recent To Recent,,Consolidated Only,,Seat Miles/Kilometers - Available (ASM/ASK) - Total,False,False,Units,,316930.52
0670.HK,1,2025,20251231,Recent To Recent,,Consolidated Only,,Operating Revenue - Airlines Operating Metrics - Total,False,False,Units,CNY,139941.0
0670.HK,1,2025,20251231,Recent To Recent,,Consolidated Only,,Passenger Revenue - Total,False,False,Units,CNY,129349.0
0670.HK,1,2025,20251231,Recent To Recent,,Consolidated Only,,Cargo Revenue - Total,False,False,Units,CNY,5457.0
0670.HK,1,2025,20251231,Recent To Recent,,Consolidated Only,,Load Factor - Total - %,False,True,Percentage,,85.86
0670.HK,1,2025,20251231,Original To Original,Original,Consolidated Only,HKG ARS,Seat Miles/Kilometers - Available (ASM/ASK) - Total,False,False,Units,,316930.52
0670.HK,1,2025,20251231,Original To Original,Original,Consolidated Only,HKG ARS,Operating Revenue - Airlines Operating Metrics - Total,False,False,Units,CNY,139941.0
0670.HK,1,2025,20251231,Original To Original,Original,Consolidated Only,HKG ARS,Passenger Revenue - Total,False,False,Units,CNY,129349.0
0670.HK,1,2025,20251231,Original To Original,Original,Consolidated Only,HKG ARS,Cargo Revenue - Total,False,False,Units,CNY,5457.0
0670.HK,1,2025,20251231,Original To Original,Original,Consolidated Only,HKG ARS,Load Factor - Total - %,False,True,Percentage,,85.86
0670.HK,1,2025,20251231,Recent To Recent,Original,Consolidated Only,HKG ARS,Seat Miles/Kilometers - Available (ASM/ASK) - Total,False,False,Units,,316930.52
0670.HK,1,2025,20251231,Recent To Recent,Original,Consolidated Only,HKG ARS,Operating Revenue - Airlines Operating Metrics - Total,False,False,Units,CNY,139941.0
0670.HK,1,2025,20251231,Recent To Recent,Original,Consolidated Only,HKG ARS,Passenger Revenue - Total,False,False,Units,CNY,129349.0
0670.HK,1,2025,20251231,Recent To Recent,Original,Consolidated Only,HKG ARS,Cargo Revenue - Total,False,False,Units,CNY,5457.0
0670.HK,1,2025,20251231,Recent To Recent,Original,Consolidated Only,HKG ARS,Load Factor - Total - %,False,True,Percentage,,85.86
0672.HK,1,2023,20231231,Original To Original,Original,Consolidated Only,HKG ARS,Net Asset Value (NAV) - Total (REIT/Real Estate),False,False,Units,CNY,10219.489
0672.HK,1,2023,20231231,Recent To Recent,Original,Consolidated Only,HKG ARS,Net Asset Value (NAV) - Total (REIT/Real Estate),False,False,Units,CNY,10219.489
0672.HK,1,2024,20241231,Original To Original,Original,Consolidated Only,HKG ARS,Net Asset Value (NAV) - Total (REIT/Real Estate),False,False,Units,CNY,10270.529
0672.HK,1,2024,20241231,Recent To Recent,Original,Consolidated Only,HKG ARS,Net Asset Value (NAV) - Total (REIT/Real Estate),False,False,Units,CNY,10270.529
0672.HK,1,2025,20251231,Original To Original,Original,Consolidated Only,HKG ARS,Net Asset Value (NAV) - Total (REIT/Real Estate),False,False,Units,CNY,8911.933
0672.HK,1,2025,20251231,Recent To Recent,Original,Consolidated Only,HKG ARS,Net Asset Value (NAV) - Total (REIT/Real Estate),False,False,Units,CNY,8911.933
0683.HK,1,2023,20231231,Original To Original,,Consolidated Only,,Net Asset Value (NAV) - Total (REIT/Real Estate),False,False,Units,HKD,107256.58
0683.HK,1,2023,20231231,Recent To Recent,,Consolidated Only,,Net Asset Value (NAV) - Total (REIT/Real Estate),False,False,Units,HKD,107256.58
0683.HK,1,2023,20231231,Original To Original,Original,Consolidated Only,HKG ARS,Net Asset Value (NAV) - Total (REIT/Real Estate),False,False,Units,HKD,107256.58
0683.HK,1,2023,20231231,Recent To Recent,Original,Consolidated Only,HKG ARS,Net Asset Value (NAV) - Total (REIT/Real Estate),False,False,Units,HKD,107256.58
0683.HK,1,2024,20241231,Original To Original,,Consolidated Only,,Net Asset Value (NAV) - Total (REIT/Real Estate),False,False,Units,HKD,103311.0
0683.HK,1,2024,20241231,Recent To Recent,,Consolidated Only,,Net Asset Value (NAV) - Total (REIT/Real Estate),False,False,Units,HKD,103311.0
0683.HK,1,2024,20241231,Original To Original,Original,Consolidated Only,HKG ARS,Net Asset Value (NAV) - Total (REIT/Real Estate),False,False,Units,HKD,103311.0
0683.HK,1,2024,20241231,Recent To Recent,Original,Consolidated Only,HKG ARS,Net Asset Value (NAV) - Total (REIT/Real Estate),False,False,Units,HKD,103311.0
0683.HK,1,2025,20251231,Original To Original,,Consolidated Only,,Net Asset Value (NAV) - Total (REIT/Real Estate),False,False,Units,HKD,105272.0
0683.HK,1,2025,20251231,Recent To Recent,,Consolidated Only,,Net Asset Value (NAV) - Total (REIT/Real Estate),False,False,Units,HKD,105272.0
0683.HK,1,2025,20251231,Original To Original,Original,Consolidated Only,HKG ARS,Net Asset Value (NAV) - Total (REIT/Real Estate),False,False,Units,HKD,105272.0
0683.HK,1,2025,20251231,Recent To Recent,Original,Consolidated Only,HKG ARS,Net Asset Value (NAV) - Total (REIT/Real Estate),False,False,Units,HKD,105272.0
0685.HK,1,2023,20230331,Original To Original,Original,Consolidated Only,HKG ARS,Advertisement Revenue - Total,False,False,Units,USD,76.974
0685.HK,1,2023,20230331,Recent To Recent,Original,Consolidated Only,HKG ARS,Advertisement Revenue - Total,False,False,Units,USD,76.974
0685.HK,1,2024,20240331,Original To Original,Original,Consolidated Only,HKG ARS,Advertisement Revenue - Total,False,False,Units,USD,68.452
0685.HK,1,2024,20240331,Recent To Recent,Original,Consolidated Only,HKG ARS,Advertisement Revenue - Total,False,False,Units,USD,68.452
0685.HK,1,2025,20250331,Recent To Recent,Original,Consolidated Only,HKG ARS,Advertisement Revenue - Total,False,False,Units,USD,64.371
0685.HK,1,2025,20250331,Original To Original,Original,Consolidated Only,HKG ARS,Advertisement Revenue - Total,False,False,Units,USD,64.371
0685.HK,1,2025,20250331,Recent To Recent,Restatement,Consolidated Only,HKG ARS,Advertisement Revenue - Total,False,False,Units,USD,60.608
0687.HK,1,2023,20231231,Original To Original,Original,Consolidated Only,HKG ARS,Net Asset Value (NAV) - Total (REIT/Real Estate),False,False,Units,HKD,1283.332
0687.HK,1,2023,20231231,Recent To Recent,Original,Consolidated Only,HKG ARS,Net Asset Value (NAV) - Total (REIT/Real Estate),False,False,Units,HKD,1283.332
0687.HK,1,2024,20241231,Original To Original,Original,Consolidated Only,HKG ARS,Net Asset Value (NAV) - Total (REIT/Real Estate),False,False,Units,HKD,1239.224
0687.HK,1,2024,20241231,Recent To Recent,Original,Consolidated Only,HKG ARS,Net Asset Value (NAV) - Total (REIT/Real Estate),False,False,Units,HKD,1239.224
0687.HK,1,2025,20251231,Original To Original,Original,Consolidated Only,HKG ARS,Net Asset Value (NAV) - Total (REIT/Real Estate),False,False,Units,HKD,1150.14
0687.HK,1,2025,20251231,Recent To Recent,Original,Consolidated Only,HKG ARS,Net Asset Value (NAV) - Total (REIT/Real Estate),False,False,Units,HKD,1150.14
0688.HK,1,2023,20231231,Original To Original,Original,Consolidated Only,HKG ARS,Net Asset Value (NAV) - Total (REIT/Real Estate),False,False,Units,CNY,373017.828
0688.HK,1,2023,20231231,Recent To Recent,Original,Consolidated Only,HKG ARS,Net Asset Value (NAV) - Total (REIT/Real Estate),False,False,Units,CNY,373017.828
0688.HK,1,2024,20241231,Original To Original,Original,Consolidated Only,HKG ARS,Net Asset Value (NAV) - Total (REIT/Real Estate),False,False,Units,CNY,380610.977
0688.HK,1,2024,20241231,Recent To Recent,Original,Consolidated Only,HKG ARS,Net Asset Value (NAV) - Total (REIT/Real Estate),False,False,Units,CNY,380610.977
0688.HK,1,2025,20251231,Original To Original,Original,Consolidated Only,HKG ARS,Net Asset Value (NAV) - Total (REIT/Real Estate),False,False,Units,CNY,387947.786
0688.HK,1,2025,20251231,Recent To Recent,Original,Consolidated Only,HKG ARS,Net Asset Value (NAV) - Total (REIT/Real Estate),False,False,Units,CNY,387947.786
0689.HK,1,2023,20231231,Original To Original,Original,Consolidated Only,HKG ARS,Crude Oil - Sales Price per Unit - Average - Total,False,False,No scaling,HKD,610.61507
0689.HK,1,2023,20231231,Recent To Recent,Original,Consolidated Only,HKG ARS,Crude Oil - Sales Price per Unit - Average - Total,False,False,No scaling,HKD,610.61507
0689.HK,1,2024,20241231,Original To Original,Original,Consolidated Only,HKG ARS,Crude Oil - Sales Price per Unit - Average - Total,False,False,No scaling,HKD,546.18377
0689.HK,1,2024,20241231,Recent To Recent,Original,Consolidated Only,HKG ARS,Crude Oil - Sales Price per Unit - Average - Total,False,False,No scaling,HKD,546.18377
0689.HK,1,2025,20251231,Original To Original,Original,Consolidated Only,HKG ARS,Crude Oil - Sales Price per Unit - Average - Total,False,False,No scaling,HKD,655.60451
0689.HK,1,2025,20251231,Recent To Recent,Original,Consolidated Only,HKG ARS,Crude Oil - Sales Price per Unit - Average - Total,False,False,No scaling,HKD,655.60451
0700.HK,1,2023,20231231,Original To Original,Original,Consolidated Only,HKG ARS,Advertisement Revenue - Total,False,False,Units,CNY,101482.0
0700.HK,1,2023,20231231,Original To Original,Original,Consolidated Only,HKG ARS,Monthly Active Users (MAU) - Total,False,False,No scaling,,1897.0
0700.HK,1,2023,20231231,Recent To Recent,Original,Consolidated Only,HKG ARS,Advertisement Revenue - Total,False,False,Units,CNY,101482.0
0700.HK,1,2023,20231231,Recent To Recent,Original,Consolidated Only,HKG ARS,Monthly Active Users (MAU) - Total,False,False,No scaling,,1897.0
0700.HK,1,2024,20241231,Original To Original,Original,Consolidated Only,HKG ARS,Advertisement Revenue - Total,False,False,Units,CNY,121374.0
0700.HK,1,2024,20241231,Original To Original,Original,Consolidated Only,HKG ARS,Monthly Active Users (MAU) - Total,False,False,No scaling,,1909.0
0700.HK,1,2024,20241231,Recent To Recent,Original,Consolidated Only,HKG ARS,Advertisement Revenue - Total,False,False,Units,CNY,121374.0
0700.HK,1,2024,20241231,Recent To Recent,Original,Consolidated Only,HKG ARS,Monthly Active Users (MAU) - Total,False,False,No scaling,,1909.0
0700.HK,1,2025,20251231,Original To Original,Original,Consolidated Only,HKG ARS,Advertisement Revenue - Total,False,False,Units,CNY,144973.0
0700.HK,1,2025,20251231,Original To Original,Original,Consolidated Only,HKG ARS,Monthly Active Users (MAU) - Total,False,False,No scaling,,1926.0
0700.HK,1,2025,20251231,Recent To Recent,Original,Consolidated Only,HKG ARS,Advertisement Revenue - Total,False,False,Units,CNY,144973.0
0700.HK,1,2025,20251231,Recent To Recent,Original,Consolidated Only,HKG ARS,Monthly Active Users (MAU) - Total,False,False,No scaling,,1926.0
0709.HK,1,2023,20231231,Original To Original,Original,Consolidated Only,HKG ARS,Stores Closed - Number - Total,False,False,No scaling,,52.0
0709.HK,1,2023,20231231,Recent To Recent,Original,Consolidated Only,HKG ARS,Stores Closed - Number - Total,False,False,No scaling,,52.0
0709.HK,1,2024,20241231,Original To Original,Original,Consolidated Only,HKG ARS,Stores Closed - Number - Total,False,False,No scaling,,90.0
0709.HK,1,2024,20241231,Recent To Recent,Original,Consolidated Only,HKG ARS,Stores Closed - Number - Total,False,False,No scaling,,90.0
0709.HK,1,2025,20251231,Original To Original,Original,Consolidated Only,HKG ARS,Stores Closed - Number - Total,False,False,No scaling,,123.0
0709.HK,1,2025,20251231,Recent To Recent,Original,Consolidated Only,HKG ARS,Stores Closed - Number - Total,False,False,No scaling,,123.0
0727.HK,1,2023,20230331,Original To Original,Original,Consolidated Only,HKG ARS,Net Asset Value (NAV) - Total (REIT/Real Estate),False,False,Units,HKD,164.779
0727.HK,1,2023,20230331,Recent To Recent,Original,Consolidated Only,HKG ARS,Net Asset Value (NAV) - Total (REIT/Real Estate),False,False,Units,HKD,164.779
0727.HK,1,2024,20240331,Original To Original,Original,Consolidated Only,HKG ARS,Net Asset Value (NAV) - Total (REIT/Real Estate),False,False,Units,HKD,121.198
0727.HK,1,2024,20240331,Recent To Recent,Original,Consolidated Only,HKG ARS,Net Asset Value (NAV) - Total (REIT/Real Estate),False,False,Units,HKD,121.198
0727.HK,1,2025,20250331,Original To Original,Original,Consolidated Only,HKG ARS,Net Asset Value (NAV) - Total (REIT/Real Estate),False,False,Units,HKD,374.701
0727.HK,1,2025,20250331,Recent To Recent,Original,Consolidated Only,HKG ARS,Net Asset Value (NAV) - Total (REIT/Real Estate),False,False,Units,HKD,374.701
0728.HK,1,2023,20231231,Original To Original,Original,Consolidated Only,HKG ARS,Subscribers - Connections - Number - Total,False,False,No scaling,,598.0
0728.HK,1,2023,20231231,Recent To Recent,Original,Consolidated Only,HKG ARS,Subscribers - Connections - Number - Total,False,False,No scaling,,598.0
0728.HK,1,2024,20241231,Original To Original,Original,Consolidated Only,HKG ARS,Subscribers - Connections - Number - Total,False,False,No scaling,,622.0
0728.HK,1,2024,20241231,Recent To Recent,Original,Consolidated Only,HKG ARS,Subscribers - Connections - Number - Total,False,False,No scaling,,622.0
0728.HK,0,2025,20251231,Original To Original,Original,Consolidated Only,HKG PRESS,Subscribers - Connections - Number - Total,False,False,No scaling,,640.0
0728.HK,0,2025,20251231,Recent To Recent,Original,Consolidated Only,HKG PRESS,Subscribers - Connections - Number - Total,False,False,No scaling,,640.0
0730.HK,1,2023,20231231,Original To Original,Original,Consolidated Only,HKG ARS,Net Asset Value (NAV) - Total (REIT/Real Estate),False,False,Units,HKD,1415.922
0730.HK,1,2023,20231231,Recent To Recent,Original,Consolidated Only,HKG ARS,Net Asset Value (NAV) - Total (REIT/Real Estate),False,False,Units,HKD,1415.922
0730.HK,1,2024,20241231,Original To Original,Original,Consolidated Only,HKG ARS,Net Asset Value (NAV) - Total (REIT/Real Estate),False,False,Units,HKD,1394.912
0730.HK,1,2024,20241231,Recent To Recent,Original,Consolidated Only,HKG ARS,Net Asset Value (NAV) - Total (REIT/Real Estate),False,False,Units,HKD,1394.912
0730.HK,1,2025,20251231,Original To Original,Original,Consolidated Only,HKG ARS,Net Asset Value (NAV) - Total (REIT/Real Estate),False,False,Units,HKD,1445.826
0730.HK,1,2025,20251231,Recent To Recent,Original,Consolidated Only,HKG ARS,Net Asset Value (NAV) - Total (REIT/Real Estate),False,False,Units,HKD,1445.826
0753.HK,1,2023,20231231,Original To Original,,Consolidated Only,,Seat Miles/Kilometers - Available (ASM/ASK) - Total,False,False,Units,,292513.16
0753.HK,1,2023,20231231,Original To Original,,Consolidated Only,,Operating Revenue - Airlines Operating Metrics - Total,False,False,Units,CNY,141100.234
0753.HK,1,2023,20231231,Original To Original,,Consolidated Only,,Passenger Revenue - Total,False,False,Units,CNY,130516.558
0753.HK,1,2023,20231231,Original To Original,,Consolidated Only,,Cargo Revenue - Total,False,False,Units,CNY,4164.743
0753.HK,1,2023,20231231,Original To Original,,Consolidated Only,,Load Factor - Total - %,False,True,Percentage,,73.22
0753.HK,1,2023,20231231,Recent To Recent,,Consolidated Only,,Seat Miles/Kilometers - Available (ASM/ASK) - Total,False,False,Units,,292513.16
0753.HK,1,2023,20231231,Recent To Recent,,Consolidated Only,,Operating Revenue - Airlines Operating Metrics - Total,False,False,Units,CNY,141100.234
0753.HK,1,2023,20231231,Recent To Recent,,Consolidated Only,,Passenger Revenue - Total,False,False,Units,CNY,130516.558
0753.HK,1,2023,20231231,Recent To Recent,,Consolidated Only,,Cargo Revenue - Total,False,False,Units,CNY,4164.743
0753.HK,1,2023,20231231,Recent To Recent,,Consolidated Only,,Load Factor - Total - %,False,True,Percentage,,73.22
0753.HK,1,2023,20231231,Original To Original,Original,Consolidated Only,HKG ARS,Seat Miles/Kilometers - Available (ASM/ASK) - Total,False,False,Units,,292513.16
0753.HK,1,2023,20231231,Original To Original,Original,Consolidated Only,HKG ARS,Operating Revenue - Airlines Operating Metrics - Total,False,False,Units,CNY,141100.234
0753.HK,1,2023,20231231,Original To Original,Original,Consolidated Only,HKG ARS,Passenger Revenue - Total,False,False,Units,CNY,130516.558
0753.HK,1,2023,20231231,Original To Original,Original,Consolidated Only,HKG ARS,Cargo Revenue - Total,False,False,Units,CNY,4164.743
0753.HK,1,2023,20231231,Original To Original,Original,Consolidated Only,HKG ARS,Load Factor - Total - %,False,True,Percentage,,73.22
0753.HK,1,2023,20231231,Recent To Recent,Original,Consolidated Only,HKG ARS,Seat Miles/Kilometers - Available (ASM/ASK) - Total,False,False,Units,,292513.16
0753.HK,1,2023,20231231,Recent To Recent,Original,Consolidated Only,HKG ARS,Operating Revenue - Airlines Operating Metrics - Total,False,False,Units,CNY,141100.234
0753.HK,1,2023,20231231,Recent To Recent,Original,Consolidated Only,HKG ARS,Passenger Revenue - Total,False,False,Units,CNY,130516.558
0753.HK,1,2023,20231231,Recent To Recent,Original,Consolidated Only,HKG ARS,Cargo Revenue - Total,False,False,Units,CNY,4164.743
0753.HK,1,2023,20231231,Recent To Recent,Original,Consolidated Only,HKG ARS,Load Factor - Total - %,False,True,Percentage,,73.22
0753.HK,1,2024,20241231,Original To Original,,Consolidated Only,,Seat Miles/Kilometers - Available (ASM/ASK) - Total,False,False,Units,,356103.62
0753.HK,1,2024,20241231,Original To Original,,Consolidated Only,,Operating Revenue - Airlines Operating Metrics - Total,False,False,Units,CNY,166698.88
0753.HK,1,2024,20241231,Original To Original,,Consolidated Only,,Passenger Revenue - Total,False,False,Units,CNY,151788.672
0753.HK,1,2024,20241231,Original To Original,,Consolidated Only,,Cargo Revenue - Total,False,False,Units,CNY,7413.855
0753.HK,1,2024,20241231,Original To Original,,Consolidated Only,,Load Factor - Total - %,False,True,Percentage,,79.85
0753.HK,1,2024,20241231,Recent To Recent,,Consolidated Only,,Seat Miles/Kilometers - Available (ASM/ASK) - Total,False,False,Units,,356103.62
0753.HK,1,2024,20241231,Recent To Recent,,Consolidated Only,,Operating Revenue - Airlines Operating Metrics - Total,False,False,Units,CNY,166698.88
0753.HK,1,2024,20241231,Recent To Recent,,Consolidated Only,,Passenger Revenue - Total,False,False,Units,CNY,151788.672
0753.HK,1,2024,20241231,Recent To Recent,,Consolidated Only,,Cargo Revenue - Total,False,False,Units,CNY,7413.855
0753.HK,1,2024,20241231,Recent To Recent,,Consolidated Only,,Load Factor - Total - %,False,True,Percentage,,79.85
0753.HK,1,2024,20241231,Original To Original,Original,Consolidated Only,HKG ARS,Seat Miles/Kilometers - Available (ASM/ASK) - Total,False,False,Units,,356103.62
0753.HK,1,2024,20241231,Original To Original,Original,Consolidated Only,HKG ARS,Operating Revenue - Airlines Operating Metrics - Total,False,False,Units,CNY,166698.88
0753.HK,1,2024,20241231,Original To Original,Original,Consolidated Only,HKG ARS,Passenger Revenue - Total,False,False,Units,CNY,151788.672
0753.HK,1,2024,20241231,Original To Original,Original,Consolidated Only,HKG ARS,Cargo Revenue - Total,False,False,Units,CNY,7413.855
0753.HK,1,2024,20241231,Original To Original,Original,Consolidated Only,HKG ARS,Load Factor - Total - %,False,True,Percentage,,79.85
0753.HK,1,2024,20241231,Recent To Recent,Original,Consolidated Only,HKG ARS,Seat Miles/Kilometers - Available (ASM/ASK) - Total,False,False,Units,,356103.62
0753.HK,1,2024,20241231,Recent To Recent,Original,Consolidated Only,HKG ARS,Operating Revenue - Airlines Operating Metrics - Total,False,False,Units,CNY,166698.88
0753.HK,1,2024,20241231,Recent To Recent,Original,Consolidated Only,HKG ARS,Passenger Revenue - Total,False,False,Units,CNY,151788.672
0753.HK,1,2024,20241231,Recent To Recent,Original,Consolidated Only,HKG ARS,Cargo Revenue - Total,False,False,Units,CNY,7413.855
0753.HK,1,2024,20241231,Recent To Recent,Original,Consolidated Only,HKG ARS,Load Factor - Total - %,False,True,Percentage,,79.85
0753.HK,1,2025,20251231,Original To Original,,Consolidated Only,,Seat Miles/Kilometers - Available (ASM/ASK) - Total,False,False,Units,,367641.22
0753.HK,1,2025,20251231,Original To Original,,Consolidated Only,,Operating Revenue - Airlines Operating Metrics - Total,False,False,Units,CNY,171484.646
0753.HK,1,2025,20251231,Original To Original,,Consolidated Only,,Passenger Revenue - Total,False,False,Units,CNY,154855.779
0753.HK,1,2025,20251231,Original To Original,,Consolidated Only,,Cargo Revenue - Total,False,False,Units,CNY,7778.38
0753.HK,1,2025,20251231,Original To Original,,Consolidated Only,,Load Factor - Total - %,False,True,Percentage,,81.88
0753.HK,1,2025,20251231,Recent To Recent,,Consolidated Only,,Seat Miles/Kilometers - Available (ASM/ASK) - Total,False,False,Units,,367641.22
0753.HK,1,2025,20251231,Recent To Recent,,Consolidated Only,,Operating Revenue - Airlines Operating Metrics - Total,False,False,Units,CNY,171484.646
0753.HK,1,2025,20251231,Recent To Recent,,Consolidated Only,,Passenger Revenue - Total,False,False,Units,CNY,154855.779
0753.HK,1,2025,20251231,Recent To Recent,,Consolidated Only,,Cargo Revenue - Total,False,False,Units,CNY,7778.38
0753.HK,1,2025,20251231,Recent To Recent,,Consolidated Only,,Load Factor - Total - %,False,True,Percentage,,81.88
0753.HK,1,2025,20251231,Original To Original,Original,Consolidated Only,HKG ARS,Seat Miles/Kilometers - Available (ASM/ASK) - Total,False,False,Units,,367641.22
0753.HK,1,2025,20251231,Original To Original,Original,Consolidated Only,HKG ARS,Operating Revenue - Airlines Operating Metrics - Total,False,False,Units,CNY,171484.646
0753.HK,1,2025,20251231,Original To Original,Original,Consolidated Only,HKG ARS,Passenger Revenue - Total,False,False,Units,CNY,154855.779
0753.HK,1,2025,20251231,Original To Original,Original,Consolidated Only,HKG ARS,Cargo Revenue - Total,False,False,Units,CNY,7778.38
0753.HK,1,2025,20251231,Original To Original,Original,Consolidated Only,HKG ARS,Load Factor - Total - %,False,True,Percentage,,81.88
0753.HK,1,2025,20251231,Recent To Recent,Original,Consolidated Only,HKG ARS,Seat Miles/Kilometers - Available (ASM/ASK) - Total,False,False,Units,,367641.22
0753.HK,1,2025,20251231,Recent To Recent,Original,Consolidated Only,HKG ARS,Operating Revenue - Airlines Operating Metrics - Total,False,False,Units,CNY,171484.646
0753.HK,1,2025,20251231,Recent To Recent,Original,Consolidated Only,HKG ARS,Passenger Revenue - Total,False,False,Units,CNY,154855.779
0753.HK,1,2025,20251231,Recent To Recent,Original,Consolidated Only,HKG ARS,Cargo Revenue - Total,False,False,Units,CNY,7778.38
0753.HK,1,2025,20251231,Recent To Recent,Original,Consolidated Only,HKG ARS,Load Factor - Total - %,False,True,Percentage,,81.88
0754.HK,1,2023,20231231,Original To Original,,Consolidated Only,,Net Asset Value (NAV) - Total (REIT/Real Estate),False,False,Units,HKD,95358.213
0754.HK,1,2023,20231231,Original To Original,,Consolidated Only,,Net Asset Value - Per Share - Basic - Total,True,False,No scaling,HKD,2.663e-05
0754.HK,1,2023,20231231,Recent To Recent,,Consolidated Only,,Net Asset Value (NAV) - Total (REIT/Real Estate),False,False,Units,HKD,95358.213
0754.HK,1,2023,20231231,Recent To Recent,,Consolidated Only,,Net Asset Value - Per Share - Basic - Total,True,False,No scaling,HKD,2.663e-05
0754.HK,1,2023,20231231,Original To Original,Original,Consolidated Only,HKG ARS,Net Asset Value (NAV) - Total (REIT/Real Estate),False,False,Units,HKD,95358.213
0754.HK,1,2023,20231231,Original To Original,Original,Consolidated Only,HKG ARS,Net Asset Value - Per Share - Basic - Total,True,False,No scaling,HKD,2.663e-05
0754.HK,1,2023,20231231,Recent To Recent,Original,Consolidated Only,HKG ARS,Net Asset Value (NAV) - Total (REIT/Real Estate),False,False,Units,HKD,95358.213
0754.HK,1,2023,20231231,Recent To Recent,Original,Consolidated Only,HKG ARS,Net Asset Value - Per Share - Basic - Total,True,False,No scaling,HKD,2.663e-05
0754.HK,1,2024,20241231,Original To Original,,Consolidated Only,,Net Asset Value (NAV) - Total (REIT/Real Estate),False,False,Units,HKD,93282.79
0754.HK,1,2024,20241231,Original To Original,,Consolidated Only,,Net Asset Value - Per Share - Basic - Total,True,False,No scaling,HKD,2.608e-05
0754.HK,1,2024,20241231,Recent To Recent,,Consolidated Only,,Net Asset Value (NAV) - Total (REIT/Real Estate),False,False,Units,HKD,93282.79
0754.HK,1,2024,20241231,Recent To Recent,,Consolidated Only,,Net Asset Value - Per Share - Basic - Total,True,False,No scaling,HKD,2.608e-05
0754.HK,1,2024,20241231,Original To Original,Original,Consolidated Only,HKG ARS,Net Asset Value (NAV) - Total (REIT/Real Estate),False,False,Units,HKD,93282.79
0754.HK,1,2024,20241231,Original To Original,Original,Consolidated Only,HKG ARS,Net Asset Value - Per Share - Basic - Total,True,False,No scaling,HKD,2.608e-05
0754.HK,1,2024,20241231,Recent To Recent,Original,Consolidated Only,HKG ARS,Net Asset Value (NAV) - Total (REIT/Real Estate),False,False,Units,HKD,93282.79
0754.HK,1,2024,20241231,Recent To Recent,Original,Consolidated Only,HKG ARS,Net Asset Value - Per Share - Basic - Total,True,False,No scaling,HKD,2.608e-05
0755.HK,1,2023,20231231,Original To Original,Original,Consolidated Only,HKG ARS,Net Asset Value (NAV) - Total (REIT/Real Estate),False,False,Units,HKD,1122.337
0755.HK,1,2023,20231231,Original To Original,Original,Consolidated Only,HKG ARS,Occupancy Rate of Space Leased - Total - %,False,True,Percentage,,64.0
0755.HK,1,2023,20231231,Recent To Recent,Original,Consolidated Only,HKG ARS,Net Asset Value (NAV) - Total (REIT/Real Estate),False,False,Units,HKD,1122.337
0755.HK,1,2023,20231231,Recent To Recent,Original,Consolidated Only,HKG ARS,Occupancy Rate of Space Leased - Total - %,False,True,Percentage,,64.0
0755.HK,1,2024,20241231,Original To Original,Original,Consolidated Only,HKG ARS,Net Asset Value (NAV) - Total (REIT/Real Estate),False,False,Units,HKD,397.379
0755.HK,1,2024,20241231,Original To Original,Original,Consolidated Only,HKG ARS,Occupancy Rate of Space Leased - Total - %,False,True,Percentage,,61.0
0755.HK,1,2024,20241231,Recent To Recent,Original,Consolidated Only,HKG ARS,Net Asset Value (NAV) - Total (REIT/Real Estate),False,False,Units,HKD,397.379
0755.HK,1,2024,20241231,Recent To Recent,Original,Consolidated Only,HKG ARS,Occupancy Rate of Space Leased - Total - %,False,True,Percentage,,61.0
0755.HK,1,2025,20251231,Original To Original,Original,Consolidated Only,HKG ARS,Net Asset Value (NAV) - Total (REIT/Real Estate),False,False,Units,HKD,367.356
0755.HK,1,2025,20251231,Original To Original,Original,Consolidated Only,HKG ARS,Occupancy Rate of Space Leased - Total - %,False,True,Percentage,,68.0
0755.HK,1,2025,20251231,Recent To Recent,Original,Consolidated Only,HKG ARS,Net Asset Value (NAV) - Total (REIT/Real Estate),False,False,Units,HKD,367.356
0755.HK,1,2025,20251231,Recent To Recent,Original,Consolidated Only,HKG ARS,Occupancy Rate of Space Leased - Total - %,False,True,Percentage,,68.0
0762.HK,1,2023,20231231,Original To Original,Original,Consolidated Only,HKG ARS,Subscribers - Connections - Number - Total,False,False,No scaling,,1199.55
0762.HK,1,2023,20231231,Original To Original,Original,Consolidated Only,HKG ARS,Revenue per Unit - Average - Total,False,False,No scaling,CNY,4.76e-05
0762.HK,1,2023,20231231,Recent To Recent,Original,Consolidated Only,HKG ARS,Subscribers - Connections - Number - Total,False,False,No scaling,,1199.55
0762.HK,1,2023,20231231,Recent To Recent,Original,Consolidated Only,HKG ARS,Revenue per Unit - Average - Total,False,False,No scaling,CNY,4.76e-05
0762.HK,1,2024,20241231,Original To Original,Original,Consolidated Only,HKG ARS,Subscribers - Connections - Number - Total,False,False,No scaling,,1166.0
0762.HK,1,2024,20241231,Recent To Recent,Original,Consolidated Only,HKG ARS,Subscribers - Connections - Number - Total,False,False,No scaling,,1166.0
0762.HK,1,2025,20251231,Original To Original,Original,Consolidated Only,HKG ARS,Subscribers - Connections - Number - Total,False,False,No scaling,,1186.0
0762.HK,1,2025,20251231,Recent To Recent,Original,Consolidated Only,HKG ARS,Subscribers - Connections - Number - Total,False,False,No scaling,,1186.0
0772.HK,1,2023,20231231,Original To Original,Original,Consolidated Only,HKG ARS,Monthly Active Users (MAU) - Total,False,False,No scaling,,205.6
0772.HK,1,2023,20231231,Recent To Recent,Original,Consolidated Only,HKG ARS,Monthly Active Users (MAU) - Total,False,False,No scaling,,205.6
0772.HK,1,2024,20241231,Original To Original,Original,Consolidated Only,HKG ARS,Monthly Active Users (MAU) - Total,False,False,No scaling,,166.6
0772.HK,1,2024,20241231,Recent To Recent,Original,Consolidated Only,HKG ARS,Monthly Active Users (MAU) - Total,False,False,No scaling,,166.6
0772.HK,1,2025,20251231,Original To Original,Original,Consolidated Only,HKG ARS,Monthly Active Users (MAU) - Total,False,False,No scaling,,137.8
0772.HK,1,2025,20251231,Recent To Recent,Original,Consolidated Only,HKG ARS,Monthly Active Users (MAU) - Total,False,False,No scaling,,137.8
0797.HK,1,2023,20231231,Original To Original,Original,Consolidated Only,HKG ARS,Monthly Active Users (MAU) - Total,False,False,No scaling,,1.4
0797.HK,1,2023,20231231,Recent To Recent,Original,Consolidated Only,HKG ARS,Monthly Active Users (MAU) - Total,False,False,No scaling,,1.4
0797.HK,1,2024,20241231,Original To Original,Original,Consolidated Only,HKG ARS,Monthly Active Users (MAU) - Total,False,False,No scaling,,1.5
0797.HK,1,2024,20241231,Recent To Recent,Original,Consolidated Only,HKG ARS,Monthly Active Users (MAU) - Total,False,False,No scaling,,1.5
0797.HK,1,2025,20251231,Original To Original,Original,Consolidated Only,HKG ARS,Monthly Active Users (MAU) - Total,False,False,No scaling,,2.02
0797.HK,1,2025,20251231,Recent To Recent,Original,Consolidated Only,HKG ARS,Monthly Active Users (MAU) - Total,False,False,No scaling,,2.02
0798.HK,1,2023,20231231,Original To Original,Original,Consolidated Only,HKG ARS,Net Asset Value (NAV) - Total (REIT/Real Estate),False,False,Units,CNY,8065.846
0798.HK,1,2023,20231231,Recent To Recent,Original,Consolidated Only,HKG ARS,Net Asset Value (NAV) - Total (REIT/Real Estate),False,False,Units,CNY,8065.846
0798.HK,1,2024,20241231,Original To Original,Original,Consolidated Only,HKG ARS,Net Asset Value (NAV) - Total (REIT/Real Estate),False,False,Units,CNY,7986.992
0798.HK,1,2024,20241231,Recent To Recent,Original,Consolidated Only,HKG ARS,Net Asset Value (NAV) - Total (REIT/Real Estate),False,False,Units,CNY,7986.992
0798.HK,1,2025,20251231,Original To Original,Original,Consolidated Only,HKG ARS,Net Asset Value (NAV) - Total (REIT/Real Estate),False,False,Units,CNY,8077.431
0798.HK,1,2025,20251231,Recent To Recent,Original,Consolidated Only,HKG ARS,Net Asset Value (NAV) - Total (REIT/Real Estate),False,False,Units,CNY,8077.431
0799.HK,1,2023,20231231,Original To Original,Original,Consolidated Only,HKG ARS,Monthly Active Users (MAU) - Total,False,False,No scaling,,9.0
0799.HK,1,2023,20231231,Recent To Recent,Original,Consolidated Only,HKG ARS,Monthly Active Users (MAU) - Total,False,False,No scaling,,9.0
0799.HK,1,2024,20241231,Original To Original,Original,Consolidated Only,HKG ARS,Monthly Active Users (MAU) - Total,False,False,No scaling,,9.0
0799.HK,1,2024,20241231,Recent To Recent,Original,Consolidated Only,HKG ARS,Monthly Active Users (MAU) - Total,False,False,No scaling,,9.0
0799.HK,1,2025,20251231,Original To Original,Original,Consolidated Only,HKG ARS,Monthly Active Users (MAU) - Total,False,False,No scaling,,17.0
0799.HK,1,2025,20251231,Recent To Recent,Original,Consolidated Only,HKG ARS,Monthly Active Users (MAU) - Total,False,False,No scaling,,17.0
0813.HK,1,2023,20231231,Original To Original,Original,Consolidated Only,HKG ARS,Net Asset Value (NAV) - Total (REIT/Real Estate),False,False,Units,CNY,14715.951
0813.HK,1,2023,20231231,Recent To Recent,Original,Consolidated Only,HKG ARS,Net Asset Value (NAV) - Total (REIT/Real Estate),False,False,Units,CNY,14715.951
0814.HK,1,2024,20241231,Original To Original,Original,Consolidated Only,HKG ARS,Stores Closed - Number - Total,False,False,No scaling,,34.0
0814.HK,1,2024,20241231,Original To Original,Original,Consolidated Only,HKG ARS,Stores Opened - Number - Total,False,False,No scaling,,1.0
0814.HK,1,2024,20241231,Recent To Recent,Original,Consolidated Only,HKG ARS,Stores Closed - Number - Total,False,False,No scaling,,34.0
0814.HK,1,2024,20241231,Recent To Recent,Original,Consolidated Only,HKG ARS,Stores Opened - Number - Total,False,False,No scaling,,1.0
0814.HK,1,2025,20251231,Original To Original,Original,Consolidated Only,HKG ARS,Stores Closed - Number - Total,False,False,No scaling,,19.0
0814.HK,1,2025,20251231,Original To Original,Original,Consolidated Only,HKG ARS,Stores Opened - Number - Total,False,False,No scaling,,2.0
0814.HK,1,2025,20251231,Recent To Recent,Original,Consolidated Only,HKG ARS,Stores Closed - Number - Total,False,False,No scaling,,19.0
0814.HK,1,2025,20251231,Recent To Recent,Original,Consolidated Only,HKG ARS,Stores Opened - Number - Total,False,False,No scaling,,2.0
0817.HK,1,2023,20231231,Original To Original,Original,Consolidated Only,HKG ARS,Net Asset Value (NAV) - Total (REIT/Real Estate),False,False,Units,CNY,39291.296
0817.HK,1,2023,20231231,Recent To Recent,Original,Consolidated Only,HKG ARS,Net Asset Value (NAV) - Total (REIT/Real Estate),False,False,Units,CNY,39291.296
0817.HK,1,2024,20241231,Original To Original,Original,Consolidated Only,HKG ARS,Net Asset Value (NAV) - Total (REIT/Real Estate),False,False,Units,CNY,53575.131
0817.HK,1,2024,20241231,Recent To Recent,Original,Consolidated Only,HKG ARS,Net Asset Value (NAV) - Total (REIT/Real Estate),False,False,Units,CNY,53575.131
0817.HK,1,2025,20251231,Original To Original,Original,Consolidated Only,HKG ARS,Net Asset Value (NAV) - Total (REIT/Real Estate),False,False,Units,CNY,53237.052
0817.HK,1,2025,20251231,Recent To Recent,Original,Consolidated Only,HKG ARS,Net Asset Value (NAV) - Total (REIT/Real Estate),False,False,Units,CNY,53237.052
0825.HK,1,2023,20230630,Original To Original,,Consolidated Only,,Stores Closed - Number - Total,False,False,No scaling,,3.0
0825.HK,1,2023,20230630,Recent To Recent,,Consolidated Only,,Stores Closed - Number - Total,False,False,No scaling,,3.0
0825.HK,1,2023,20230630,Original To Original,Original,Consolidated Only,HKG ARS,Stores Closed - Number - Total,False,False,No scaling,,3.0
0825.HK,1,2023,20230630,Recent To Recent,Original,Consolidated Only,HKG ARS,Stores Closed - Number - Total,False,False,No scaling,,3.0
0825.HK,1,2024,20240630,Original To Original,,Consolidated Only,,Stores Closed - Number - Total,False,False,No scaling,,1.0
0825.HK,1,2024,20240630,Recent To Recent,,Consolidated Only,,Stores Closed - Number - Total,False,False,No scaling,,1.0
0825.HK,1,2024,20240630,Original To Original,Original,Consolidated Only,HKG ARS,Stores Closed - Number - Total,False,False,No scaling,,1.0
0825.HK,1,2024,20240630,Recent To Recent,Original,Consolidated Only,HKG ARS,Stores Closed - Number - Total,False,False,No scaling,,1.0
0831.HK,1,2023,20231231,Original To Original,,Consolidated Only,,Stores Closed - Number - Total,False,False,No scaling,,3.0
0831.HK,1,2023,20231231,Original To Original,,Consolidated Only,,Stores Opened - Number - Total,False,False,No scaling,,18.0
0831.HK,1,2023,20231231,Recent To Recent,,Consolidated Only,,Stores Closed - Number - Total,False,False,No scaling,,3.0
0831.HK,1,2023,20231231,Recent To Recent,,Consolidated Only,,Stores Opened - Number - Total,False,False,No scaling,,18.0
0831.HK,1,2023,20231231,Original To Original,Original,Consolidated Only,HKG ARS,Stores Closed - Number - Total,False,False,No scaling,,3.0
0831.HK,1,2023,20231231,Original To Original,Original,Consolidated Only,HKG ARS,Stores Opened - Number - Total,False,False,No scaling,,18.0
0831.HK,1,2023,20231231,Recent To Recent,Original,Consolidated Only,HKG ARS,Stores Closed - Number - Total,False,False,No scaling,,3.0
0831.HK,1,2023,20231231,Recent To Recent,Original,Consolidated Only,HKG ARS,Stores Opened - Number - Total,False,False,No scaling,,18.0
0831.HK,1,2024,20241231,Original To Original,,Consolidated Only,,Stores Closed - Number - Total,False,False,No scaling,,12.0
0831.HK,1,2024,20241231,Original To Original,,Consolidated Only,,Stores Opened - Number - Total,False,False,No scaling,,3.0
0831.HK,1,2024,20241231,Recent To Recent,,Consolidated Only,,Stores Closed - Number - Total,False,False,No scaling,,12.0
0831.HK,1,2024,20241231,Recent To Recent,,Consolidated Only,,Stores Opened - Number - Total,False,False,No scaling,,3.0
0831.HK,1,2024,20241231,Original To Original,Original,Consolidated Only,HKG ARS,Stores Closed - Number - Total,False,False,No scaling,,12.0
0831.HK,1,2024,20241231,Original To Original,Original,Consolidated Only,HKG ARS,Stores Opened - Number - Total,False,False,No scaling,,3.0
0831.HK,1,2024,20241231,Recent To Recent,Original,Consolidated Only,HKG ARS,Stores Closed - Number - Total,False,False,No scaling,,12.0
0831.HK,1,2024,20241231,Recent To Recent,Original,Consolidated Only,HKG ARS,Stores Opened - Number - Total,False,False,No scaling,,3.0
0831.HK,1,2025,20251231,Original To Original,,Consolidated Only,,Stores Closed - Number - Total,False,False,No scaling,,3.0
0831.HK,1,2025,20251231,Original To Original,,Consolidated Only,,Stores Opened - Number - Total,False,False,No scaling,,1.0
0831.HK,1,2025,20251231,Recent To Recent,,Consolidated Only,,Stores Closed - Number - Total,False,False,No scaling,,3.0
0831.HK,1,2025,20251231,Recent To Recent,,Consolidated Only,,Stores Opened - Number - Total,False,False,No scaling,,1.0
0831.HK,1,2025,20251231,Original To Original,Original,Consolidated Only,HKG ARS,Stores Closed - Number - Total,False,False,No scaling,,3.0
0831.HK,1,2025,20251231,Original To Original,Original,Consolidated Only,HKG ARS,Stores Opened - Number - Total,False,False,No scaling,,1.0
0831.HK,1,2025,20251231,Recent To Recent,Original,Consolidated Only,HKG ARS,Stores Closed - Number - Total,False,False,No scaling,,3.0
0831.HK,1,2025,20251231,Recent To Recent,Original,Consolidated Only,HKG ARS,Stores Opened - Number - Total,False,False,No scaling,,1.0
0846.HK,1,2023,20231231,Original To Original,,Consolidated Only,,Net Asset Value (NAV) - Total (REIT/Real Estate),False,False,Units,CNY,17518.992
0846.HK,1,2023,20231231,Recent To Recent,,Consolidated Only,,Net Asset Value (NAV) - Total (REIT/Real Estate),False,False,Units,CNY,17518.992
0846.HK,1,2023,20231231,Original To Original,Original,Consolidated Only,HKG ARS,Net Asset Value (NAV) - Total (REIT/Real Estate),False,False,Units,CNY,17518.992
0846.HK,1,2023,20231231,Recent To Recent,Original,Consolidated Only,HKG ARS,Net Asset Value (NAV) - Total (REIT/Real Estate),False,False,Units,CNY,17518.992
0846.HK,1,2024,20241231,Original To Original,,Consolidated Only,,Net Asset Value (NAV) - Total (REIT/Real Estate),False,False,Units,CNY,15720.127
0846.HK,1,2024,20241231,Recent To Recent,,Consolidated Only,,Net Asset Value (NAV) - Total (REIT/Real Estate),False,False,Units,CNY,15720.127
0846.HK,1,2024,20241231,Original To Original,Original,Consolidated Only,HKG ARS,Net Asset Value (NAV) - Total (REIT/Real Estate),False,False,Units,CNY,15720.127
0846.HK,1,2024,20241231,Recent To Recent,Original,Consolidated Only,HKG ARS,Net Asset Value (NAV) - Total (REIT/Real Estate),False,False,Units,CNY,15720.127
0846.HK,1,2025,20251231,Original To Original,,Consolidated Only,,Net Asset Value (NAV) - Total (REIT/Real Estate),False,False,Units,CNY,14493.353
0846.HK,1,2025,20251231,Recent To Recent,,Consolidated Only,,Net Asset Value (NAV) - Total (REIT/Real Estate),False,False,Units,CNY,14493.353
0846.HK,1,2025,20251231,Original To Original,Original,Consolidated Only,HKG ARS,Net Asset Value (NAV) - Total (REIT/Real Estate),False,False,Units,CNY,14493.353
0846.HK,1,2025,20251231,Recent To Recent,Original,Consolidated Only,HKG ARS,Net Asset Value (NAV) - Total (REIT/Real Estate),False,False,Units,CNY,14493.353
0857.HK,1,2023,20231231,Original To Original,Original,Consolidated Only,HKG ARS,Oil Equivalent Production (Units/day) - Total,False,False,No scaling,,4806557.37705
0857.HK,1,2023,20231231,Original To Original,Original,Consolidated Only,HKG ARS,Crude Oil - Sales Price per Unit - Average - Total,False,False,No scaling,CNY,549.7954
0857.HK,1,2023,20231231,Recent To Recent,Original,Consolidated Only,HKG ARS,Oil Equivalent Production (Units/day) - Total,False,False,No scaling,,4806557.37705
0857.HK,1,2023,20231231,Recent To Recent,Original,Consolidated Only,HKG ARS,Crude Oil - Sales Price per Unit - Average - Total,False,False,No scaling,CNY,549.7954
0857.HK,1,2024,20241231,Original To Original,Original,Consolidated Only,HKG ARS,Oil Equivalent Production (Units/day) - Total,False,False,No scaling,,4910928.96175
0857.HK,1,2024,20241231,Original To Original,Original,Consolidated Only,HKG ARS,Crude Oil - Sales Price per Unit - Average - Total,False,False,No scaling,CNY,552.0548
0857.HK,1,2024,20241231,Recent To Recent,Original,Consolidated Only,HKG ARS,Oil Equivalent Production (Units/day) - Total,False,False,No scaling,,4910928.96175
0857.HK,1,2024,20241231,Recent To Recent,Original,Consolidated Only,HKG ARS,Crude Oil - Sales Price per Unit - Average - Total,False,False,No scaling,CNY,552.0548
0857.HK,1,2025,20251231,Original To Original,Original,Consolidated Only,HKG ARS,Oil Equivalent Production (Units/day) - Total,False,False,No scaling,,5032513.6612
0857.HK,1,2025,20251231,Original To Original,Original,Consolidated Only,HKG ARS,Crude Oil - Sales Price per Unit - Average - Total,False,False,No scaling,CNY,483.3561
0857.HK,1,2025,20251231,Recent To Recent,Original,Consolidated Only,HKG ARS,Oil Equivalent Production (Units/day) - Total,False,False,No scaling,,5032513.6612
0857.HK,1,2025,20251231,Recent To Recent,Original,Consolidated Only,HKG ARS,Crude Oil - Sales Price per Unit - Average - Total,False,False,No scaling,CNY,483.3561
0873.HK,1,2023,20231231,Original To Original,Original,Consolidated Only,HKG ARS,Net Asset Value (NAV) - Total (REIT/Real Estate),False,False,Units,CNY,7916.44
0873.HK,1,2023,20231231,Recent To Recent,Original,Consolidated Only,HKG ARS,Net Asset Value (NAV) - Total (REIT/Real Estate),False,False,Units,CNY,7916.44
0873.HK,1,2024,20241231,Original To Original,Original,Consolidated Only,HKG ARS,Net Asset Value (NAV) - Total (REIT/Real Estate),False,False,Units,CNY,7658.752
0873.HK,1,2024,20241231,Recent To Recent,Original,Consolidated Only,HKG ARS,Net Asset Value (NAV) - Total (REIT/Real Estate),False,False,Units,CNY,7658.752
0873.HK,1,2025,20251231,Original To Original,Original,Consolidated Only,HKG ARS,Net Asset Value (NAV) - Total (REIT/Real Estate),False,False,Units,CNY,7747.418
0873.HK,1,2025,20251231,Recent To Recent,Original,Consolidated Only,HKG ARS,Net Asset Value (NAV) - Total (REIT/Real Estate),False,False,Units,CNY,7747.418
0878.HK,1,2023,20231231,Original To Original,Original,Consolidated Only,HKG ARS,Net Asset Value (NAV) - Total (REIT/Real Estate),False,False,Units,HKD,18458.239
0878.HK,1,2023,20231231,Original To Original,Original,Consolidated Only,HKG ARS,Net Asset Value - Per Share - Basic - Total,True,False,No scaling,HKD,6.52e-05
0878.HK,1,2023,20231231,Recent To Recent,Original,Consolidated Only,HKG ARS,Net Asset Value (NAV) - Total (REIT/Real Estate),False,False,Units,HKD,18458.239
0878.HK,1,2023,20231231,Recent To Recent,Original,Consolidated Only,HKG ARS,Net Asset Value - Per Share - Basic - Total,True,False,No scaling,HKD,6.52e-05
0878.HK,1,2024,20241231,Original To Original,Original,Consolidated Only,HKG ARS,Net Asset Value (NAV) - Total (REIT/Real Estate),False,False,Units,HKD,15676.741
0878.HK,1,2024,20241231,Original To Original,Original,Consolidated Only,HKG ARS,Net Asset Value - Per Share - Basic - Total,True,False,No scaling,HKD,5.53e-05
0878.HK,1,2024,20241231,Recent To Recent,Original,Consolidated Only,HKG ARS,Net Asset Value (NAV) - Total (REIT/Real Estate),False,False,Units,HKD,15676.741
0878.HK,1,2024,20241231,Recent To Recent,Original,Consolidated Only,HKG ARS,Net Asset Value - Per Share - Basic - Total,True,False,No scaling,HKD,5.53e-05
0878.HK,1,2025,20251231,Original To Original,Original,Consolidated Only,HKG ARS,Net Asset Value (NAV) - Total (REIT/Real Estate),False,False,Units,HKD,13550.915
0878.HK,1,2025,20251231,Original To Original,Original,Consolidated Only,HKG ARS,Net Asset Value - Per Share - Basic - Total,True,False,No scaling,HKD,4.78e-05
0878.HK,1,2025,20251231,Recent To Recent,Original,Consolidated Only,HKG ARS,Net Asset Value (NAV) - Total (REIT/Real Estate),False,False,Units,HKD,13550.915
0878.HK,1,2025,20251231,Recent To Recent,Original,Consolidated Only,HKG ARS,Net Asset Value - Per Share - Basic - Total,True,False,No scaling,HKD,4.78e-05
0883.HK,1,2023,20231231,Original To Original,Original,Consolidated Only,HKG ARS,Oil Equivalent Production (Units/day) - Total,False,False,No scaling,,1857619.0
0883.HK,1,2023,20231231,Original To Original,Original,Consolidated Only,HKG ARS,Crude Oil - Sales Price per Unit - Average - Total,False,False,No scaling,CNY,551.92604
0883.HK,1,2023,20231231,Recent To Recent,Original,Consolidated Only,HKG ARS,Oil Equivalent Production (Units/day) - Total,False,False,No scaling,,1857619.0
0883.HK,1,2023,20231231,Recent To Recent,Original,Consolidated Only,HKG ARS,Crude Oil - Sales Price per Unit - Average - Total,False,False,No scaling,CNY,551.92604
0883.HK,1,2024,20241231,Original To Original,Original,Consolidated Only,HKG ARS,Oil Equivalent Production (Units/day) - Total,False,False,No scaling,,1985677.0
0883.HK,1,2024,20241231,Original To Original,Original,Consolidated Only,HKG ARS,Crude Oil - Sales Price per Unit - Average - Total,False,False,No scaling,CNY,552.20759
0883.HK,1,2024,20241231,Recent To Recent,Original,Consolidated Only,HKG ARS,Oil Equivalent Production (Units/day) - Total,False,False,No scaling,,1985677.0
0883.HK,1,2024,20241231,Recent To Recent,Original,Consolidated Only,HKG ARS,Crude Oil - Sales Price per Unit - Average - Total,False,False,No scaling,CNY,552.20759
0883.HK,1,2025,20251231,Original To Original,Original,Consolidated Only,HKG ARS,Oil Equivalent Production (Units/day) - Total,False,False,No scaling,,2123770.4918
0883.HK,1,2025,20251231,Original To Original,Original,Consolidated Only,HKG ARS,Crude Oil - Sales Price per Unit - Average - Total,False,False,No scaling,CNY,477.76995
0883.HK,1,2025,20251231,Recent To Recent,Original,Consolidated Only,HKG ARS,Oil Equivalent Production (Units/day) - Total,False,False,No scaling,,2123770.4918
0883.HK,1,2025,20251231,Recent To Recent,Original,Consolidated Only,HKG ARS,Crude Oil - Sales Price per Unit - Average - Total,False,False,No scaling,CNY,477.76995
0884.HK,1,2023,20231231,Original To Original,Original,Consolidated Only,HKG ARS,Net Asset Value (NAV) - Total (REIT/Real Estate),False,False,Units,CNY,20229.281
0884.HK,1,2023,20231231,Recent To Recent,Original,Consolidated Only,HKG ARS,Net Asset Value (NAV) - Total (REIT/Real Estate),False,False,Units,CNY,20229.281
0884.HK,1,2024,20241231,Original To Original,Original,Consolidated Only,HKG ARS,Net Asset Value (NAV) - Total (REIT/Real Estate),False,False,Units,CNY,12665.086
0884.HK,1,2024,20241231,Recent To Recent,Original,Consolidated Only,HKG ARS,Net Asset Value (NAV) - Total (REIT/Real Estate),False,False,Units,CNY,12665.086
0884.HK,1,2025,20251231,Original To Original,Original,Consolidated Only,HKG ARS,Net Asset Value (NAV) - Total (REIT/Real Estate),False,False,Units,CNY,30340.873
0884.HK,1,2025,20251231,Recent To Recent,Original,Consolidated Only,HKG ARS,Net Asset Value (NAV) - Total (REIT/Real Estate),False,False,Units,CNY,30340.873
0887.HK,1,2025,20251231,Original To Original,,Consolidated Only,,Stores Opened - Number - Total,False,False,No scaling,,3.0
0887.HK,1,2025,20251231,Recent To Recent,,Consolidated Only,,Stores Opened - Number - Total,False,False,No scaling,,3.0
0887.HK,1,2025,20251231,Original To Original,Original,Consolidated Only,HKG ARS,Stores Opened - Number - Total,False,False,No scaling,,3.0
0887.HK,1,2025,20251231,Recent To Recent,Original,Consolidated Only,HKG ARS,Stores Opened - Number - Total,False,False,No scaling,,3.0
0898.HK,1,2023,20231231,Original To Original,Original,Consolidated Only,HKG ARS,Net Asset Value (NAV) - Total (REIT/Real Estate),False,False,Units,HKD,8058.235
0898.HK,1,2023,20231231,Recent To Recent,Original,Consolidated Only,HKG ARS,Net Asset Value (NAV) - Total (REIT/Real Estate),False,False,Units,HKD,8058.235
0898.HK,1,2024,20241231,Original To Original,Original,Consolidated Only,HKG ARS,Net Asset Value (NAV) - Total (REIT/Real Estate),False,False,Units,HKD,8109.96
0898.HK,1,2024,20241231,Recent To Recent,Original,Consolidated Only,HKG ARS,Net Asset Value (NAV) - Total (REIT/Real Estate),False,False,Units,HKD,8109.96
0898.HK,1,2025,20251231,Original To Original,Original,Consolidated Only,HKG ARS,Net Asset Value (NAV) - Total (REIT/Real Estate),False,False,Units,HKD,7634.12
0898.HK,1,2025,20251231,Recent To Recent,Original,Consolidated Only,HKG ARS,Net Asset Value (NAV) - Total (REIT/Real Estate),False,False,Units,HKD,7634.12
0900.HK,1,2023,20230228,Original To Original,Original,Consolidated Only,HKG ARS,Efficiency Ratio - Total - %,False,True,Percentage,,5.38e-05
0900.HK,1,2023,20230228,Recent To Recent,Original,Consolidated Only,HKG ARS,Efficiency Ratio - Total - %,False,True,Percentage,,5.38e-05
0900.HK,1,2024,20240229,Original To Original,Original,Consolidated Only,HKG ARS,Efficiency Ratio - Total - %,False,True,Percentage,,4.69e-05
0900.HK,1,2024,20240229,Recent To Recent,Original,Consolidated Only,HKG ARS,Efficiency Ratio - Total - %,False,True,Percentage,,4.69e-05
0900.HK,1,2025,20250228,Original To Original,Original,Consolidated Only,HKG ARS,Efficiency Ratio - Total - %,False,True,Percentage,,4.66e-05
0900.HK,1,2025,20250228,Recent To Recent,Original,Consolidated Only,HKG ARS,Efficiency Ratio - Total - %,False,True,Percentage,,4.66e-05
0910.HK,1,2023,20231231,Original To Original,Original,Consolidated Only,HKG ARS,Net Asset Value (NAV) - Total (REIT/Real Estate),False,False,Units,CNY,4392.297
0910.HK,1,2023,20231231,Recent To Recent,Original,Consolidated Only,HKG ARS,Net Asset Value (NAV) - Total (REIT/Real Estate),False,False,Units,CNY,4392.297
0910.HK,1,2024,20241231,Original To Original,Original,Consolidated Only,HKG ARS,Net Asset Value (NAV) - Total (REIT/Real Estate),False,False,Units,CNY,331.627
0910.HK,1,2024,20241231,Recent To Recent,Original,Consolidated Only,HKG ARS,Net Asset Value (NAV) - Total (REIT/Real Estate),False,False,Units,CNY,331.627
0925.HK,1,2023,20231231,Original To Original,Original,Consolidated Only,HKG ARS,Net Asset Value (NAV) - Total (REIT/Real Estate),False,False,Units,CNY,1375.657
0925.HK,1,2023,20231231,Recent To Recent,Original,Consolidated Only,HKG ARS,Net Asset Value (NAV) - Total (REIT/Real Estate),False,False,Units,CNY,1375.657
0925.HK,1,2024,20241231,Original To Original,Original,Consolidated Only,HKG ARS,Net Asset Value (NAV) - Total (REIT/Real Estate),False,False,Units,CNY,821.534
0925.HK,1,2024,20241231,Recent To Recent,Original,Consolidated Only,HKG ARS,Net Asset Value (NAV) - Total (REIT/Real Estate),False,False,Units,CNY,821.534
0939.HK,1,2023,20231231,Original To Original,Original,Consolidated Only,HKG ARS,Net Interest Margin - Total - %,False,True,Percentage,,1.7
0939.HK,1,2023,20231231,Original To Original,Original,Consolidated Only,HKG ARS,Net Interest Spread - Total - %,False,True,Percentage,,1.5
0939.HK,1,2023,20231231,Original To Original,Original,Consolidated Only,HKG ARS,Solvency Margin - Total - %,False,True,Percentage,,8.512e-05
0939.HK,1,2023,20231231,Original To Original,Original,Consolidated Only,HKG ARS,Efficiency Ratio - Total - %,False,True,Percentage,,2.839e-05
0939.HK,1,2023,20231231,Recent To Recent,Original,Consolidated Only,HKG ARS,Net Interest Margin - Total - %,False,True,Percentage,,1.7
0939.HK,1,2023,20231231,Recent To Recent,Original,Consolidated Only,HKG ARS,Net Interest Spread - Total - %,False,True,Percentage,,1.5
0939.HK,1,2023,20231231,Recent To Recent,Original,Consolidated Only,HKG ARS,Solvency Margin - Total - %,False,True,Percentage,,8.512e-05
0939.HK,1,2023,20231231,Recent To Recent,Original,Consolidated Only,HKG ARS,Efficiency Ratio - Total - %,False,True,Percentage,,2.839e-05
0939.HK,1,2024,20241231,Original To Original,Original,Consolidated Only,HKG ARS,Net Interest Margin - Total - %,False,True,Percentage,,1.51
0939.HK,1,2024,20241231,Original To Original,Original,Consolidated Only,HKG ARS,Net Interest Spread - Total - %,False,True,Percentage,,1.33
0939.HK,1,2024,20241231,Original To Original,Original,Consolidated Only,HKG ARS,Solvency Margin - Total - %,False,True,Percentage,,8.928e-05
0939.HK,1,2024,20241231,Original To Original,Original,Consolidated Only,HKG ARS,Efficiency Ratio - Total - %,False,True,Percentage,,2.958e-05
0939.HK,1,2024,20241231,Recent To Recent,Original,Consolidated Only,HKG ARS,Net Interest Margin - Total - %,False,True,Percentage,,1.51
0939.HK,1,2024,20241231,Recent To Recent,Original,Consolidated Only,HKG ARS,Net Interest Spread - Total - %,False,True,Percentage,,1.33
0939.HK,1,2024,20241231,Recent To Recent,Original,Consolidated Only,HKG ARS,Solvency Margin - Total - %,False,True,Percentage,,8.928e-05
0939.HK,1,2024,20241231,Recent To Recent,Original,Consolidated Only,HKG ARS,Efficiency Ratio - Total - %,False,True,Percentage,,2.958e-05
0939.HK,1,2025,20251231,Original To Original,Original,Consolidated Only,HKG ARS,Net Interest Margin - Total - %,False,True,Percentage,,1.34
0939.HK,1,2025,20251231,Original To Original,Original,Consolidated Only,HKG ARS,Net Interest Spread - Total - %,False,True,Percentage,,1.2
0939.HK,1,2025,20251231,Original To Original,Original,Consolidated Only,HKG ARS,Solvency Margin - Total - %,False,True,Percentage,,8.93e-05
0939.HK,1,2025,20251231,Original To Original,Original,Consolidated Only,HKG ARS,Efficiency Ratio - Total - %,False,True,Percentage,,2.944e-05
0939.HK,1,2025,20251231,Recent To Recent,Original,Consolidated Only,HKG ARS,Net Interest Margin - Total - %,False,True,Percentage,,1.34
0939.HK,1,2025,20251231,Recent To Recent,Original,Consolidated Only,HKG ARS,Net Interest Spread - Total - %,False,True,Percentage,,1.2
0939.HK,1,2025,20251231,Recent To Recent,Original,Consolidated Only,HKG ARS,Solvency Margin - Total - %,False,True,Percentage,,8.93e-05
0939.HK,1,2025,20251231,Recent To Recent,Original,Consolidated Only,HKG ARS,Efficiency Ratio - Total - %,False,True,Percentage,,2.944e-05
0941.HK,1,2023,20231231,Original To Original,Original,Consolidated Only,HKG ARS,Subscribers - Connections - Number - Total,False,False,No scaling,,1317.37
0941.HK,1,2023,20231231,Recent To Recent,Original,Consolidated Only,HKG ARS,Subscribers - Connections - Number - Total,False,False,No scaling,,1317.37
0941.HK,1,2024,20241231,Original To Original,Original,Consolidated Only,HKG ARS,Subscribers - Connections - Number - Total,False,False,No scaling,,1351.59
0941.HK,1,2024,20241231,Recent To Recent,Original,Consolidated Only,HKG ARS,Subscribers - Connections - Number - Total,False,False,No scaling,,1351.59
0941.HK,1,2025,20251231,Original To Original,Original,Consolidated Only,HKG ARS,Subscribers - Connections - Number - Total,False,False,No scaling,,1334.0
0941.HK,1,2025,20251231,Recent To Recent,Original,Consolidated Only,HKG ARS,Subscribers - Connections - Number - Total,False,False,No scaling,,1334.0
0960.HK,1,2023,20231231,Original To Original,Original,Consolidated Only,HKG ARS,Net Asset Value (NAV) - Total (REIT/Real Estate),False,False,Units,CNY,151966.709
0960.HK,1,2023,20231231,Original To Original,Original,Consolidated Only,HKG ARS,Occupancy Rate of Space Leased - Total - %,False,True,Percentage,,96.2
0960.HK,1,2023,20231231,Recent To Recent,Original,Consolidated Only,HKG ARS,Net Asset Value (NAV) - Total (REIT/Real Estate),False,False,Units,CNY,151966.709
0960.HK,1,2023,20231231,Recent To Recent,Original,Consolidated Only,HKG ARS,Occupancy Rate of Space Leased - Total - %,False,True,Percentage,,96.2
0960.HK,1,2024,20241231,Original To Original,Original,Consolidated Only,HKG ARS,Net Asset Value (NAV) - Total (REIT/Real Estate),False,False,Units,CNY,161431.062
0960.HK,1,2024,20241231,Original To Original,Original,Consolidated Only,HKG ARS,Occupancy Rate of Space Leased - Total - %,False,True,Percentage,,96.8
0960.HK,1,2024,20241231,Recent To Recent,Original,Consolidated Only,HKG ARS,Net Asset Value (NAV) - Total (REIT/Real Estate),False,False,Units,CNY,161431.062
0960.HK,1,2024,20241231,Recent To Recent,Original,Consolidated Only,HKG ARS,Occupancy Rate of Space Leased - Total - %,False,True,Percentage,,96.8
0960.HK,1,2025,20251231,Original To Original,Original,Consolidated Only,HKG ARS,Net Asset Value (NAV) - Total (REIT/Real Estate),False,False,Units,CNY,162809.853
0960.HK,1,2025,20251231,Original To Original,Original,Consolidated Only,HKG ARS,Occupancy Rate of Space Leased - Total - %,False,True,Percentage,,96.8
0960.HK,1,2025,20251231,Recent To Recent,Original,Consolidated Only,HKG ARS,Net Asset Value (NAV) - Total (REIT/Real Estate),False,False,Units,CNY,162809.853
0960.HK,1,2025,20251231,Recent To Recent,Original,Consolidated Only,HKG ARS,Occupancy Rate of Space Leased - Total - %,False,True,Percentage,,96.8
0973.HK,1,2023,20230331,Original To Original,Original,Consolidated Only,HKG ARS,Stores Closed - Number - Total,False,False,No scaling,,128.0
0973.HK,1,2023,20230331,Original To Original,Original,Consolidated Only,HKG ARS,Stores Opened - Number - Total,False,False,No scaling,,87.0
0973.HK,1,2023,20230331,Recent To Recent,Original,Consolidated Only,HKG ARS,Stores Closed - Number - Total,False,False,No scaling,,128.0
0973.HK,1,2023,20230331,Recent To Recent,Original,Consolidated Only,HKG ARS,Stores Opened - Number - Total,False,False,No scaling,,87.0
0973.HK,1,2024,20240331,Original To Original,Original,Consolidated Only,HKG ARS,Stores Closed - Number - Total,False,False,No scaling,,131.0
0973.HK,1,2024,20240331,Original To Original,Original,Consolidated Only,HKG ARS,Stores Opened - Number - Total,False,False,No scaling,,214.0
0973.HK,1,2024,20240331,Recent To Recent,Original,Consolidated Only,HKG ARS,Stores Closed - Number - Total,False,False,No scaling,,131.0
0973.HK,1,2024,20240331,Recent To Recent,Original,Consolidated Only,HKG ARS,Stores Opened - Number - Total,False,False,No scaling,,214.0
0978.HK,1,2023,20231231,Original To Original,Original,Consolidated Only,HKG ARS,Net Asset Value (NAV) - Total (REIT/Real Estate),False,False,Units,CNY,9912.25
0978.HK,1,2023,20231231,Recent To Recent,Original,Consolidated Only,HKG ARS,Net Asset Value (NAV) - Total (REIT/Real Estate),False,False,Units,CNY,9912.25
0978.HK,1,2024,20241231,Original To Original,Original,Consolidated Only,HKG ARS,Net Asset Value (NAV) - Total (REIT/Real Estate),False,False,Units,CNY,8021.863
0978.HK,1,2024,20241231,Recent To Recent,Original,Consolidated Only,HKG ARS,Net Asset Value (NAV) - Total (REIT/Real Estate),False,False,Units,CNY,8021.863
0978.HK,0,2025,20251231,Original To Original,Original,Consolidated Only,HKG PRESS,Net Asset Value (NAV) - Total (REIT/Real Estate),False,False,Units,CNY,5736.484
0978.HK,0,2025,20251231,Recent To Recent,Original,Consolidated Only,HKG PRESS,Net Asset Value (NAV) - Total (REIT/Real Estate),False,False,Units,CNY,5736.484
0980.HK,1,2023,20231231,Original To Original,Original,Consolidated Only,HKG ARS,Stores Closed - Number - Total,False,False,No scaling,,333.0
0980.HK,1,2023,20231231,Original To Original,Original,Consolidated Only,HKG ARS,Stores Opened - Number - Total,False,False,No scaling,,337.0
0980.HK,1,2023,20231231,Recent To Recent,Original,Consolidated Only,HKG ARS,Stores Closed - Number - Total,False,False,No scaling,,333.0
0980.HK,1,2023,20231231,Recent To Recent,Original,Consolidated Only,HKG ARS,Stores Opened - Number - Total,False,False,No scaling,,337.0
0980.HK,1,2024,20241231,Original To Original,Original,Consolidated Only,HKG ARS,Stores Closed - Number - Total,False,False,No scaling,,461.0
0980.HK,1,2024,20241231,Original To Original,Original,Consolidated Only,HKG ARS,Stores Opened - Number - Total,False,False,No scaling,,257.0
0980.HK,1,2024,20241231,Recent To Recent,Original,Consolidated Only,HKG ARS,Stores Closed - Number - Total,False,False,No scaling,,461.0
0980.HK,1,2024,20241231,Recent To Recent,Original,Consolidated Only,HKG ARS,Stores Opened - Number - Total,False,False,No scaling,,257.0
0980.HK,1,2025,20251231,Original To Original,Original,Consolidated Only,HKG ARS,Stores Closed - Number - Total,False,False,No scaling,,266.0
0980.HK,1,2025,20251231,Original To Original,Original,Consolidated Only,HKG ARS,Stores Opened - Number - Total,False,False,No scaling,,216.0
0980.HK,1,2025,20251231,Recent To Recent,Original,Consolidated Only,HKG ARS,Stores Closed - Number - Total,False,False,No scaling,,266.0
0980.HK,1,2025,20251231,Recent To Recent,Original,Consolidated Only,HKG ARS,Stores Opened - Number - Total,False,False,No scaling,,216.0
0984.HK,1,2023,20231231,Original To Original,,Consolidated Only,,Stores Opened - Number - Total,False,False,No scaling,,3.0
0984.HK,1,2023,20231231,Recent To Recent,,Consolidated Only,,Stores Opened - Number - Total,False,False,No scaling,,3.0
0984.HK,1,2023,20231231,Original To Original,Original,Consolidated Only,HKG ARS,Stores Opened - Number - Total,False,False,No scaling,,3.0
0984.HK,1,2023,20231231,Recent To Recent,Original,Consolidated Only,HKG ARS,Stores Opened - Number - Total,False,False,No scaling,,3.0
0984.HK,1,2024,20241231,Original To Original,,Consolidated Only,,Stores Opened - Number - Total,False,False,No scaling,,2.0
0984.HK,1,2024,20241231,Recent To Recent,,Consolidated Only,,Stores Opened - Number - Total,False,False,No scaling,,2.0
0984.HK,1,2024,20241231,Original To Original,Original,Consolidated Only,HKG ARS,Stores Opened - Number - Total,False,False,No scaling,,2.0
0984.HK,1,2024,20241231,Recent To Recent,Original,Consolidated Only,HKG ARS,Stores Opened - Number - Total,False,False,No scaling,,2.0
0984.HK,1,2025,20251231,Original To Original,,Consolidated Only,,Stores Opened - Number - Total,False,False,No scaling,,8.0
0984.HK,1,2025,20251231,Recent To Recent,,Consolidated Only,,Stores Opened - Number - Total,False,False,No scaling,,8.0
0984.HK,1,2025,20251231,Original To Original,Original,Consolidated Only,HKG ARS,Stores Opened - Number - Total,False,False,No scaling,,8.0
0984.HK,1,2025,20251231,Recent To Recent,Original,Consolidated Only,HKG ARS,Stores Opened - Number - Total,False,False,No scaling,,8.0
0989.HK,1,2023,20230331,Original To Original,Original,Consolidated Only,HKG ARS,Net Asset Value (NAV) - Total (REIT/Real Estate),False,False,Units,CNY,397.612
0989.HK,1,2023,20230331,Recent To Recent,Original,Consolidated Only,HKG ARS,Net Asset Value (NAV) - Total (REIT/Real Estate),False,False,Units,CNY,397.612
0989.HK,1,2024,20240331,Original To Original,Original,Consolidated Only,HKG ARS,Net Asset Value (NAV) - Total (REIT/Real Estate),False,False,Units,CNY,228.874
0989.HK,1,2024,20240331,Recent To Recent,Original,Consolidated Only,HKG ARS,Net Asset Value (NAV) - Total (REIT/Real Estate),False,False,Units,CNY,228.874
0998.HK,1,2023,20231231,Original To Original,,Consolidated Only,,Net Interest Margin - Total - %,False,True,Percentage,,1.78
0998.HK,1,2023,20231231,Original To Original,,Consolidated Only,,Net Interest Spread - Total - %,False,True,Percentage,,1.75
0998.HK,1,2023,20231231,Original To Original,,Consolidated Only,,Efficiency Ratio - Total - %,False,True,Percentage,,3.261e-05
0998.HK,1,2023,20231231,Recent To Recent,,Consolidated Only,,Net Interest Margin - Total - %,False,True,Percentage,,1.78
0998.HK,1,2023,20231231,Recent To Recent,,Consolidated Only,,Net Interest Spread - Total - %,False,True,Percentage,,1.75
0998.HK,1,2023,20231231,Recent To Recent,,Consolidated Only,,Efficiency Ratio - Total - %,False,True,Percentage,,3.261e-05
0998.HK,1,2023,20231231,Original To Original,Original,Consolidated Only,HKG ARS,Net Interest Margin - Total - %,False,True,Percentage,,1.78
0998.HK,1,2023,20231231,Original To Original,Original,Consolidated Only,HKG ARS,Net Interest Spread - Total - %,False,True,Percentage,,1.75
0998.HK,1,2023,20231231,Original To Original,Original,Consolidated Only,HKG ARS,Efficiency Ratio - Total - %,False,True,Percentage,,3.261e-05
0998.HK,1,2023,20231231,Recent To Recent,Original,Consolidated Only,HKG ARS,Net Interest Margin - Total - %,False,True,Percentage,,1.78
0998.HK,1,2023,20231231,Recent To Recent,Original,Consolidated Only,HKG ARS,Net Interest Spread - Total - %,False,True,Percentage,,1.75
0998.HK,1,2023,20231231,Recent To Recent,Original,Consolidated Only,HKG ARS,Efficiency Ratio - Total - %,False,True,Percentage,,3.261e-05
0998.HK,1,2024,20241231,Original To Original,,Consolidated Only,,Net Interest Margin - Total - %,False,True,Percentage,,1.77
0998.HK,1,2024,20241231,Original To Original,,Consolidated Only,,Net Interest Spread - Total - %,False,True,Percentage,,1.71
0998.HK,1,2024,20241231,Original To Original,,Consolidated Only,,Efficiency Ratio - Total - %,False,True,Percentage,,3.271e-05
0998.HK,1,2024,20241231,Recent To Recent,,Consolidated Only,,Net Interest Margin - Total - %,False,True,Percentage,,1.77
0998.HK,1,2024,20241231,Recent To Recent,,Consolidated Only,,Net Interest Spread - Total - %,False,True,Percentage,,1.71
0998.HK,1,2024,20241231,Recent To Recent,,Consolidated Only,,Efficiency Ratio - Total - %,False,True,Percentage,,3.271e-05
0998.HK,1,2024,20241231,Original To Original,Original,Consolidated Only,HKG ARS,Net Interest Margin - Total - %,False,True,Percentage,,1.77
0998.HK,1,2024,20241231,Original To Original,Original,Consolidated Only,HKG ARS,Net Interest Spread - Total - %,False,True,Percentage,,1.71
0998.HK,1,2024,20241231,Original To Original,Original,Consolidated Only,HKG ARS,Efficiency Ratio - Total - %,False,True,Percentage,,3.271e-05
0998.HK,1,2024,20241231,Recent To Recent,Original,Consolidated Only,HKG ARS,Net Interest Margin - Total - %,False,True,Percentage,,1.77
0998.HK,1,2024,20241231,Recent To Recent,Original,Consolidated Only,HKG ARS,Net Interest Spread - Total - %,False,True,Percentage,,1.71
0998.HK,1,2024,20241231,Recent To Recent,Original,Consolidated Only,HKG ARS,Efficiency Ratio - Total - %,False,True,Percentage,,3.271e-05
0998.HK,1,2025,20251231,Original To Original,,Consolidated Only,,Net Interest Margin - Total - %,False,True,Percentage,,1.63
0998.HK,1,2025,20251231,Original To Original,,Consolidated Only,,Net Interest Spread - Total - %,False,True,Percentage,,1.6
0998.HK,1,2025,20251231,Original To Original,,Consolidated Only,,Efficiency Ratio - Total - %,False,True,Percentage,,3.232e-05
0998.HK,1,2025,20251231,Recent To Recent,,Consolidated Only,,Net Interest Margin - Total - %,False,True,Percentage,,1.63
0998.HK,1,2025,20251231,Recent To Recent,,Consolidated Only,,Net Interest Spread - Total - %,False,True,Percentage,,1.6
0998.HK,1,2025,20251231,Recent To Recent,,Consolidated Only,,Efficiency Ratio - Total - %,False,True,Percentage,,3.232e-05
0998.HK,1,2025,20251231,Original To Original,Original,Consolidated Only,HKG ARS,Net Interest Margin - Total - %,False,True,Percentage,,1.63
0998.HK,1,2025,20251231,Original To Original,Original,Consolidated Only,HKG ARS,Net Interest Spread - Total - %,False,True,Percentage,,1.6
0998.HK,1,2025,20251231,Original To Original,Original,Consolidated Only,HKG ARS,Efficiency Ratio - Total - %,False,True,Percentage,,3.232e-05
0998.HK,1,2025,20251231,Recent To Recent,Original,Consolidated Only,HKG ARS,Net Interest Margin - Total - %,False,True,Percentage,,1.63
0998.HK,1,2025,20251231,Recent To Recent,Original,Consolidated Only,HKG ARS,Net Interest Spread - Total - %,False,True,Percentage,,1.6
0998.HK,1,2025,20251231,Recent To Recent,Original,Consolidated Only,HKG ARS,Efficiency Ratio - Total - %,False,True,Percentage,,3.232e-05
1009.HK,1,2023,20230630,Original To Original,,Consolidated Only,,Net Asset Value (NAV) - Total (REIT/Real Estate),False,False,Units,HKD,1206.959
1009.HK,1,2023,20230630,Recent To Recent,,Consolidated Only,,Net Asset Value (NAV) - Total (REIT/Real Estate),False,False,Units,HKD,1206.959
1009.HK,1,2023,20230630,Original To Original,Original,Consolidated Only,HKG ARS,Net Asset Value (NAV) - Total (REIT/Real Estate),False,False,Units,HKD,1206.959
1009.HK,1,2023,20230630,Recent To Recent,Original,Consolidated Only,HKG ARS,Net Asset Value (NAV) - Total (REIT/Real Estate),False,False,Units,HKD,1206.959
1009.HK,1,2024,20240630,Original To Original,,Consolidated Only,,Net Asset Value (NAV) - Total (REIT/Real Estate),False,False,Units,HKD,1016.789
1009.HK,1,2024,20240630,Recent To Recent,,Consolidated Only,,Net Asset Value (NAV) - Total (REIT/Real Estate),False,False,Units,HKD,1016.789
1009.HK,1,2024,20240630,Original To Original,Original,Consolidated Only,HKG ARS,Net Asset Value (NAV) - Total (REIT/Real Estate),False,False,Units,HKD,1016.789
1009.HK,1,2024,20240630,Recent To Recent,Original,Consolidated Only,HKG ARS,Net Asset Value (NAV) - Total (REIT/Real Estate),False,False,Units,HKD,1016.789
1009.HK,1,2025,20250630,Original To Original,,Consolidated Only,,Net Asset Value (NAV) - Total (REIT/Real Estate),False,False,Units,HKD,773.096
1009.HK,1,2025,20250630,Recent To Recent,,Consolidated Only,,Net Asset Value (NAV) - Total (REIT/Real Estate),False,False,Units,HKD,773.096
1009.HK,1,2025,20250630,Original To Original,Original,Consolidated Only,HKG ARS,Net Asset Value (NAV) - Total (REIT/Real Estate),False,False,Units,HKD,773.096
1009.HK,1,2025,20250630,Recent To Recent,Original,Consolidated Only,HKG ARS,Net Asset Value (NAV) - Total (REIT/Real Estate),False,False,Units,HKD,773.096
1030.HK,1,2023,20231231,Original To Original,Original,Consolidated Only,HKG ARS,Net Asset Value (NAV) - Total (REIT/Real Estate),False,False,Units,CNY,45871.995
1030.HK,1,2023,20231231,Recent To Recent,Original,Consolidated Only,HKG ARS,Net Asset Value (NAV) - Total (REIT/Real Estate),False,False,Units,CNY,45871.995
1030.HK,1,2024,20241231,Original To Original,Original,Consolidated Only,HKG ARS,Net Asset Value (NAV) - Total (REIT/Real Estate),False,False,Units,CNY,46353.824
1030.HK,1,2024,20241231,Recent To Recent,Original,Consolidated Only,HKG ARS,Net Asset Value (NAV) - Total (REIT/Real Estate),False,False,Units,CNY,46353.824
1030.HK,1,2025,20251231,Original To Original,Original,Consolidated Only,HKG ARS,Net Asset Value (NAV) - Total (REIT/Real Estate),False,False,Units,CNY,46584.18
1030.HK,1,2025,20251231,Original To Original,Original,Consolidated Only,HKG ARS,Occupancy Rate of Space Leased - Total - %,False,True,Percentage,,97.82
1030.HK,1,2025,20251231,Recent To Recent,Original,Consolidated Only,HKG ARS,Net Asset Value (NAV) - Total (REIT/Real Estate),False,False,Units,CNY,46584.18
1030.HK,1,2025,20251231,Recent To Recent,Original,Consolidated Only,HKG ARS,Occupancy Rate of Space Leased - Total - %,False,True,Percentage,,97.82
1036.HK,1,2023,20231231,Original To Original,,Consolidated Only,,Net Asset Value (NAV) - Total (REIT/Real Estate),False,False,Units,HKD,4295.624
1036.HK,1,2023,20231231,Recent To Recent,,Consolidated Only,,Net Asset Value (NAV) - Total (REIT/Real Estate),False,False,Units,HKD,4295.624
1036.HK,1,2023,20231231,Original To Original,Original,Consolidated Only,HKG ARS,Net Asset Value (NAV) - Total (REIT/Real Estate),False,False,Units,HKD,4295.624
1036.HK,1,2023,20231231,Recent To Recent,Original,Consolidated Only,HKG ARS,Net Asset Value (NAV) - Total (REIT/Real Estate),False,False,Units,HKD,4295.624
1036.HK,1,2024,20241231,Original To Original,,Consolidated Only,,Net Asset Value (NAV) - Total (REIT/Real Estate),False,False,Units,HKD,4221.299
1036.HK,1,2024,20241231,Recent To Recent,,Consolidated Only,,Net Asset Value (NAV) - Total (REIT/Real Estate),False,False,Units,HKD,4221.299
1036.HK,1,2024,20241231,Original To Original,Original,Consolidated Only,HKG ARS,Net Asset Value (NAV) - Total (REIT/Real Estate),False,False,Units,HKD,4221.299
1036.HK,1,2024,20241231,Recent To Recent,Original,Consolidated Only,HKG ARS,Net Asset Value (NAV) - Total (REIT/Real Estate),False,False,Units,HKD,4221.299
1036.HK,1,2025,20251231,Original To Original,,Consolidated Only,,Net Asset Value (NAV) - Total (REIT/Real Estate),False,False,Units,HKD,4105.563
1036.HK,1,2025,20251231,Recent To Recent,,Consolidated Only,,Net Asset Value (NAV) - Total (REIT/Real Estate),False,False,Units,HKD,4105.563
1036.HK,1,2025,20251231,Original To Original,Original,Consolidated Only,HKG ARS,Net Asset Value (NAV) - Total (REIT/Real Estate),False,False,Units,HKD,4105.563
1036.HK,1,2025,20251231,Recent To Recent,Original,Consolidated Only,HKG ARS,Net Asset Value (NAV) - Total (REIT/Real Estate),False,False,Units,HKD,4105.563
1055.HK,1,2023,20231231,Original To Original,Original,Consolidated Only,HKG ARS,Seat Miles/Kilometers - Available (ASM/ASK) - Total,False,False,Units,,316217.46
1055.HK,1,2023,20231231,Original To Original,Original,Consolidated Only,HKG ARS,Operating Revenue - Airlines Operating Metrics - Total,False,False,Units,CNY,159929.0
1055.HK,1,2023,20231231,Original To Original,Original,Consolidated Only,HKG ARS,Passenger Revenue - Total,False,False,Units,CNY,136170.0
1055.HK,1,2023,20231231,Original To Original,Original,Consolidated Only,HKG ARS,Cargo Revenue - Total,False,False,Units,CNY,15275.0
1055.HK,1,2023,20231231,Original To Original,Original,Consolidated Only,HKG ARS,Load Factor - Total - %,False,True,Percentage,,78.09
1055.HK,1,2023,20231231,Recent To Recent,Original,Consolidated Only,HKG ARS,Seat Miles/Kilometers - Available (ASM/ASK) - Total,False,False,Units,,316217.46
1055.HK,1,2023,20231231,Recent To Recent,Original,Consolidated Only,HKG ARS,Operating Revenue - Airlines Operating Metrics - Total,False,False,Units,CNY,159929.0
1055.HK,1,2023,20231231,Recent To Recent,Original,Consolidated Only,HKG ARS,Passenger Revenue - Total,False,False,Units,CNY,136170.0
1055.HK,1,2023,20231231,Recent To Recent,Original,Consolidated Only,HKG ARS,Cargo Revenue - Total,False,False,Units,CNY,15275.0
1055.HK,1,2023,20231231,Recent To Recent,Original,Consolidated Only,HKG ARS,Load Factor - Total - %,False,True,Percentage,,78.09
1055.HK,1,2024,20241231,Original To Original,Original,Consolidated Only,HKG ARS,Seat Miles/Kilometers - Available (ASM/ASK) - Total,False,False,Units,,362609.04
1055.HK,1,2024,20241231,Original To Original,Original,Consolidated Only,HKG ARS,Operating Revenue - Airlines Operating Metrics - Total,False,False,Units,CNY,174224.0
1055.HK,1,2024,20241231,Original To Original,Original,Consolidated Only,HKG ARS,Passenger Revenue - Total,False,False,Units,CNY,146450.0
1055.HK,1,2024,20241231,Original To Original,Original,Consolidated Only,HKG ARS,Cargo Revenue - Total,False,False,Units,CNY,18695.0
1055.HK,1,2024,20241231,Original To Original,Original,Consolidated Only,HKG ARS,Load Factor - Total - %,False,True,Percentage,,84.38
1055.HK,1,2024,20241231,Recent To Recent,Original,Consolidated Only,HKG ARS,Seat Miles/Kilometers - Available (ASM/ASK) - Total,False,False,Units,,362609.04
1055.HK,1,2024,20241231,Recent To Recent,Original,Consolidated Only,HKG ARS,Operating Revenue - Airlines Operating Metrics - Total,False,False,Units,CNY,174224.0
1055.HK,1,2024,20241231,Recent To Recent,Original,Consolidated Only,HKG ARS,Passenger Revenue - Total,False,False,Units,CNY,146450.0
1055.HK,1,2024,20241231,Recent To Recent,Original,Consolidated Only,HKG ARS,Cargo Revenue - Total,False,False,Units,CNY,18695.0
1055.HK,1,2024,20241231,Recent To Recent,Original,Consolidated Only,HKG ARS,Load Factor - Total - %,False,True,Percentage,,84.38
1055.HK,1,2025,20251231,Original To Original,Original,Consolidated Only,HKG ARS,Seat Miles/Kilometers - Available (ASM/ASK) - Total,False,False,Units,,386429.36
1055.HK,1,2025,20251231,Original To Original,Original,Consolidated Only,HKG ARS,Operating Revenue - Airlines Operating Metrics - Total,False,False,Units,CNY,182256.0
1055.HK,1,2025,20251231,Original To Original,Original,Consolidated Only,HKG ARS,Passenger Revenue - Total,False,False,Units,CNY,153644.0
1055.HK,1,2025,20251231,Original To Original,Original,Consolidated Only,HKG ARS,Cargo Revenue - Total,False,False,Units,CNY,19670.0
1055.HK,1,2025,20251231,Original To Original,Original,Consolidated Only,HKG ARS,Load Factor - Total - %,False,True,Percentage,,85.74
1055.HK,1,2025,20251231,Recent To Recent,Original,Consolidated Only,HKG ARS,Seat Miles/Kilometers - Available (ASM/ASK) - Total,False,False,Units,,386429.36
1055.HK,1,2025,20251231,Recent To Recent,Original,Consolidated Only,HKG ARS,Operating Revenue - Airlines Operating Metrics - Total,False,False,Units,CNY,182256.0
1055.HK,1,2025,20251231,Recent To Recent,Original,Consolidated Only,HKG ARS,Passenger Revenue - Total,False,False,Units,CNY,153644.0
1055.HK,1,2025,20251231,Recent To Recent,Original,Consolidated Only,HKG ARS,Cargo Revenue - Total,False,False,Units,CNY,19670.0
1055.HK,1,2025,20251231,Recent To Recent,Original,Consolidated Only,HKG ARS,Load Factor - Total - %,False,True,Percentage,,85.74
1064.HK,1,2023,20231231,Original To Original,,Consolidated Only,,Net Asset Value (NAV) - Total (REIT/Real Estate),False,False,Units,HKD,375.814
1064.HK,1,2023,20231231,Recent To Recent,,Consolidated Only,,Net Asset Value (NAV) - Total (REIT/Real Estate),False,False,Units,HKD,375.814
1064.HK,1,2023,20231231,Original To Original,Original,Consolidated Only,HKG ARS,Net Asset Value (NAV) - Total (REIT/Real Estate),False,False,Units,HKD,375.814
1064.HK,1,2023,20231231,Recent To Recent,Original,Consolidated Only,HKG ARS,Net Asset Value (NAV) - Total (REIT/Real Estate),False,False,Units,HKD,375.814
1064.HK,1,2024,20241231,Original To Original,,Consolidated Only,,Net Asset Value (NAV) - Total (REIT/Real Estate),False,False,Units,HKD,320.416
1064.HK,1,2024,20241231,Recent To Recent,,Consolidated Only,,Net Asset Value (NAV) - Total (REIT/Real Estate),False,False,Units,HKD,320.416
1064.HK,1,2024,20241231,Original To Original,Original,Consolidated Only,HKG ARS,Net Asset Value (NAV) - Total (REIT/Real Estate),False,False,Units,HKD,320.416
1064.HK,1,2024,20241231,Recent To Recent,Original,Consolidated Only,HKG ARS,Net Asset Value (NAV) - Total (REIT/Real Estate),False,False,Units,HKD,320.416
1064.HK,1,2025,20251231,Original To Original,,Consolidated Only,,Net Asset Value (NAV) - Total (REIT/Real Estate),False,False,Units,HKD,316.099
1064.HK,1,2025,20251231,Recent To Recent,,Consolidated Only,,Net Asset Value (NAV) - Total (REIT/Real Estate),False,False,Units,HKD,316.099
1064.HK,1,2025,20251231,Original To Original,Original,Consolidated Only,HKG ARS,Net Asset Value (NAV) - Total (REIT/Real Estate),False,False,Units,HKD,316.099
1064.HK,1,2025,20251231,Recent To Recent,Original,Consolidated Only,HKG ARS,Net Asset Value (NAV) - Total (REIT/Real Estate),False,False,Units,HKD,316.099
1098.HK,1,2023,20231231,Original To Original,Original,Consolidated Only,HKG ARS,Net Asset Value (NAV) - Total (REIT/Real Estate),False,False,Units,HKD,15695.656
1098.HK,1,2023,20231231,Original To Original,Original,Consolidated Only,HKG ARS,Net Asset Value - Per Share - Basic - Total,True,False,No scaling,HKD,2.095e-05
1098.HK,1,2023,20231231,Recent To Recent,Original,Consolidated Only,HKG ARS,Net Asset Value (NAV) - Total (REIT/Real Estate),False,False,Units,HKD,15695.656
1098.HK,1,2023,20231231,Recent To Recent,Original,Consolidated Only,HKG ARS,Net Asset Value - Per Share - Basic - Total,True,False,No scaling,HKD,2.095e-05
1098.HK,1,2024,20241231,Original To Original,Original,Consolidated Only,HKG ARS,Net Asset Value (NAV) - Total (REIT/Real Estate),False,False,Units,HKD,10815.447
1098.HK,1,2024,20241231,Original To Original,Original,Consolidated Only,HKG ARS,Net Asset Value - Per Share - Basic - Total,True,False,No scaling,HKD,1.443e-05
1098.HK,1,2024,20241231,Recent To Recent,Original,Consolidated Only,HKG ARS,Net Asset Value (NAV) - Total (REIT/Real Estate),False,False,Units,HKD,10815.447
1098.HK,1,2024,20241231,Recent To Recent,Original,Consolidated Only,HKG ARS,Net Asset Value - Per Share - Basic - Total,True,False,No scaling,HKD,1.443e-05
1098.HK,1,2025,20251231,Original To Original,Original,Consolidated Only,HKG ARS,Net Asset Value (NAV) - Total (REIT/Real Estate),False,False,Units,HKD,5319.167
1098.HK,1,2025,20251231,Original To Original,Original,Consolidated Only,HKG ARS,Net Asset Value - Per Share - Basic - Total,True,False,No scaling,HKD,7.1e-06
1098.HK,1,2025,20251231,Recent To Recent,Original,Consolidated Only,HKG ARS,Net Asset Value (NAV) - Total (REIT/Real Estate),False,False,Units,HKD,5319.167
1098.HK,1,2025,20251231,Recent To Recent,Original,Consolidated Only,HKG ARS,Net Asset Value - Per Share - Basic - Total,True,False,No scaling,HKD,7.1e-06
1109.HK,1,2023,20231231,Original To Original,Original,Consolidated Only,HKG ARS,Net Asset Value (NAV) - Total (REIT/Real Estate),False,False,Units,CNY,264867.183
1109.HK,1,2023,20231231,Recent To Recent,Original,Consolidated Only,HKG ARS,Net Asset Value (NAV) - Total (REIT/Real Estate),False,False,Units,CNY,264867.183
1109.HK,1,2024,20241231,Original To Original,Original,Consolidated Only,HKG ARS,Net Asset Value (NAV) - Total (REIT/Real Estate),False,False,Units,CNY,272507.348
1109.HK,1,2024,20241231,Recent To Recent,Original,Consolidated Only,HKG ARS,Net Asset Value (NAV) - Total (REIT/Real Estate),False,False,Units,CNY,272507.348
1109.HK,1,2025,20251231,Original To Original,Original,Consolidated Only,HKG ARS,Net Asset Value (NAV) - Total (REIT/Real Estate),False,False,Units,CNY,25417.534
1109.HK,1,2025,20251231,Recent To Recent,Original,Consolidated Only,HKG ARS,Net Asset Value (NAV) - Total (REIT/Real Estate),False,False,Units,CNY,25417.534
1119.HK,1,2023,20231231,Original To Original,,Consolidated Only,,Advertisement Revenue - Total,False,False,Units,CNY,61.781
1119.HK,1,2023,20231231,Recent To Recent,,Consolidated Only,,Advertisement Revenue - Total,False,False,Units,CNY,61.781
1119.HK,1,2023,20231231,Original To Original,Original,Consolidated Only,HKG ARS,Advertisement Revenue - Total,False,False,Units,CNY,61.781
1119.HK,1,2023,20231231,Recent To Recent,Original,Consolidated Only,HKG ARS,Advertisement Revenue - Total,False,False,Units,CNY,61.781
1119.HK,1,2024,20241231,Original To Original,,Consolidated Only,,Advertisement Revenue - Total,False,False,Units,CNY,49.548
1119.HK,1,2024,20241231,Recent To Recent,,Consolidated Only,,Advertisement Revenue - Total,False,False,Units,CNY,49.548
1119.HK,1,2024,20241231,Original To Original,Original,Consolidated Only,HKG ARS,Advertisement Revenue - Total,False,False,Units,CNY,49.548
1119.HK,1,2024,20241231,Recent To Recent,Original,Consolidated Only,HKG ARS,Advertisement Revenue - Total,False,False,Units,CNY,49.548
1119.HK,0,2025,20251231,Original To Original,,Consolidated Only,,Advertisement Revenue - Total,False,False,Units,CNY,136.451
1119.HK,0,2025,20251231,Recent To Recent,,Consolidated Only,,Advertisement Revenue - Total,False,False,Units,CNY,136.451
1119.HK,1,2025,20251231,Original To Original,Original,Consolidated Only,HKG ARS,Advertisement Revenue - Total,False,False,Units,CNY,136.451
1119.HK,1,2025,20251231,Recent To Recent,Original,Consolidated Only,HKG ARS,Advertisement Revenue - Total,False,False,Units,CNY,136.451
1124.HK,1,2023,20230331,Original To Original,,Consolidated Only,,Net Asset Value (NAV) - Total (REIT/Real Estate),False,False,Units,HKD,2856.065
1124.HK,1,2023,20230331,Recent To Recent,,Consolidated Only,,Net Asset Value (NAV) - Total (REIT/Real Estate),False,False,Units,HKD,2856.065
1124.HK,1,2023,20230331,Original To Original,Original,Consolidated Only,HKG ARS,Net Asset Value (NAV) - Total (REIT/Real Estate),False,False,Units,HKD,2856.065
1124.HK,1,2023,20230331,Recent To Recent,Original,Consolidated Only,HKG ARS,Net Asset Value (NAV) - Total (REIT/Real Estate),False,False,Units,HKD,2856.065
1124.HK,1,2024,20240331,Original To Original,,Consolidated Only,,Net Asset Value (NAV) - Total (REIT/Real Estate),False,False,Units,HKD,1350.629
1124.HK,1,2024,20240331,Recent To Recent,,Consolidated Only,,Net Asset Value (NAV) - Total (REIT/Real Estate),False,False,Units,HKD,1350.629
1124.HK,1,2024,20240331,Original To Original,Original,Consolidated Only,HKG ARS,Net Asset Value (NAV) - Total (REIT/Real Estate),False,False,Units,HKD,1350.629
1124.HK,1,2024,20240331,Recent To Recent,Original,Consolidated Only,HKG ARS,Net Asset Value (NAV) - Total (REIT/Real Estate),False,False,Units,HKD,1350.629
1124.HK,1,2025,20250331,Original To Original,,Consolidated Only,,Net Asset Value (NAV) - Total (REIT/Real Estate),False,False,Units,HKD,832.774
1124.HK,1,2025,20250331,Recent To Recent,,Consolidated Only,,Net Asset Value (NAV) - Total (REIT/Real Estate),False,False,Units,HKD,832.774
1124.HK,1,2025,20250331,Original To Original,Original,Consolidated Only,HKG ARS,Net Asset Value (NAV) - Total (REIT/Real Estate),False,False,Units,HKD,832.774
1124.HK,1,2025,20250331,Recent To Recent,Original,Consolidated Only,HKG ARS,Net Asset Value (NAV) - Total (REIT/Real Estate),False,False,Units,HKD,832.774
1125.HK,1,2023,20230731,Original To Original,Original,Consolidated Only,HKG ARS,Net Asset Value (NAV) - Total (REIT/Real Estate),False,False,Units,HKD,12777.898
1125.HK,1,2023,20230731,Original To Original,Original,Consolidated Only,HKG ARS,Net Asset Value - Per Share - Basic - Total,True,False,No scaling,HKD,3.86e-05
1125.HK,1,2023,20230731,Recent To Recent,Original,Consolidated Only,HKG ARS,Net Asset Value (NAV) - Total (REIT/Real Estate),False,False,Units,HKD,12777.898
1125.HK,1,2023,20230731,Recent To Recent,Original,Consolidated Only,HKG ARS,Net Asset Value - Per Share - Basic - Total,True,False,No scaling,HKD,3.86e-05
1125.HK,1,2024,20240731,Original To Original,Original,Consolidated Only,HKG ARS,Net Asset Value (NAV) - Total (REIT/Real Estate),False,False,Units,HKD,12319.156
1125.HK,1,2024,20240731,Original To Original,Original,Consolidated Only,HKG ARS,Net Asset Value - Per Share - Basic - Total,True,False,No scaling,HKD,3.721e-05
1125.HK,1,2024,20240731,Recent To Recent,Original,Consolidated Only,HKG ARS,Net Asset Value (NAV) - Total (REIT/Real Estate),False,False,Units,HKD,12319.156
1125.HK,1,2024,20240731,Recent To Recent,Original,Consolidated Only,HKG ARS,Net Asset Value - Per Share - Basic - Total,True,False,No scaling,HKD,3.721e-05
1125.HK,1,2025,20250731,Original To Original,Original,Consolidated Only,HKG ARS,Net Asset Value (NAV) - Total (REIT/Real Estate),False,False,Units,HKD,12028.983
1125.HK,1,2025,20250731,Original To Original,Original,Consolidated Only,HKG ARS,Net Asset Value - Per Share - Basic - Total,True,False,No scaling,HKD,3.634e-05
1125.HK,1,2025,20250731,Recent To Recent,Original,Consolidated Only,HKG ARS,Net Asset Value (NAV) - Total (REIT/Real Estate),False,False,Units,HKD,12028.983
1125.HK,1,2025,20250731,Recent To Recent,Original,Consolidated Only,HKG ARS,Net Asset Value - Per Share - Basic - Total,True,False,No scaling,HKD,3.634e-05
1137.HK,1,2023,20231231,Original To Original,Original,Consolidated Only,HKG ARS,Advertisement Revenue - Total,False,False,Units,HKD,150.527
1137.HK,1,2023,20231231,Recent To Recent,Original,Consolidated Only,HKG ARS,Advertisement Revenue - Total,False,False,Units,HKD,150.527
1137.HK,1,2024,20241231,Original To Original,Original,Consolidated Only,HKG ARS,Advertisement Revenue - Total,False,False,Units,HKD,156.493
1137.HK,1,2024,20241231,Recent To Recent,Original,Consolidated Only,HKG ARS,Advertisement Revenue - Total,False,False,Units,HKD,156.493
1137.HK,1,2025,20251231,Original To Original,Original,Consolidated Only,HKG ARS,Advertisement Revenue - Total,False,False,Units,HKD,171.048
1137.HK,1,2025,20251231,Recent To Recent,Original,Consolidated Only,HKG ARS,Advertisement Revenue - Total,False,False,Units,HKD,171.048
1168.HK,1,2023,20231231,Original To Original,Original,Consolidated Only,HKG ARS,Net Asset Value (NAV) - Total (REIT/Real Estate),False,False,Units,HKD,6220.127
1168.HK,1,2023,20231231,Recent To Recent,Original,Consolidated Only,HKG ARS,Net Asset Value (NAV) - Total (REIT/Real Estate),False,False,Units,HKD,6220.127
1168.HK,1,2024,20241231,Original To Original,Original,Consolidated Only,HKG ARS,Net Asset Value (NAV) - Total (REIT/Real Estate),False,False,Units,HKD,9871.016
1168.HK,1,2024,20241231,Recent To Recent,Original,Consolidated Only,HKG ARS,Net Asset Value (NAV) - Total (REIT/Real Estate),False,False,Units,HKD,9871.016
1168.HK,1,2025,20251231,Original To Original,Original,Consolidated Only,HKG ARS,Net Asset Value (NAV) - Total (REIT/Real Estate),False,False,Units,HKD,10332.407
1168.HK,1,2025,20251231,Recent To Recent,Original,Consolidated Only,HKG ARS,Net Asset Value (NAV) - Total (REIT/Real Estate),False,False,Units,HKD,10332.407
1176.HK,1,2023,20231231,Original To Original,Original,Consolidated Only,HKG ARS,Net Asset Value (NAV) - Total (REIT/Real Estate),False,False,Units,HKD,6276.933
1176.HK,1,2023,20231231,Original To Original,Original,Consolidated Only,HKG ARS,Net Asset Value - Per Share - Basic - Total,True,False,No scaling,HKD,7e-07
1176.HK,1,2023,20231231,Recent To Recent,Original,Consolidated Only,HKG ARS,Net Asset Value (NAV) - Total (REIT/Real Estate),False,False,Units,HKD,6276.933
1176.HK,1,2023,20231231,Recent To Recent,Original,Consolidated Only,HKG ARS,Net Asset Value - Per Share - Basic - Total,True,False,No scaling,HKD,7e-07
1176.HK,1,2024,20241231,Original To Original,Original,Consolidated Only,HKG ARS,Net Asset Value (NAV) - Total (REIT/Real Estate),False,False,Units,HKD,3282.906
1176.HK,1,2024,20241231,Original To Original,Original,Consolidated Only,HKG ARS,Net Asset Value - Per Share - Basic - Total,True,False,No scaling,HKD,2.3e-07
1176.HK,1,2024,20241231,Recent To Recent,Original,Consolidated Only,HKG ARS,Net Asset Value (NAV) - Total (REIT/Real Estate),False,False,Units,HKD,3282.906
1176.HK,1,2024,20241231,Recent To Recent,Original,Consolidated Only,HKG ARS,Net Asset Value - Per Share - Basic - Total,True,False,No scaling,HKD,2.3e-07
1200.HK,1,2023,20231231,Original To Original,Original,Consolidated Only,HKG ARS,Net Asset Value (NAV) - Total (REIT/Real Estate),False,False,Units,HKD,657.191
1200.HK,1,2023,20231231,Recent To Recent,Original,Consolidated Only,HKG ARS,Net Asset Value (NAV) - Total (REIT/Real Estate),False,False,Units,HKD,657.191
1200.HK,1,2024,20241231,Original To Original,Original,Consolidated Only,HKG ARS,Net Asset Value (NAV) - Total (REIT/Real Estate),False,False,Units,HKD,993.714
1200.HK,1,2024,20241231,Recent To Recent,Original,Consolidated Only,HKG ARS,Net Asset Value (NAV) - Total (REIT/Real Estate),False,False,Units,HKD,993.714
1200.HK,1,2025,20251231,Original To Original,Original,Consolidated Only,HKG ARS,Net Asset Value (NAV) - Total (REIT/Real Estate),False,False,Units,HKD,1403.682
1200.HK,1,2025,20251231,Recent To Recent,Original,Consolidated Only,HKG ARS,Net Asset Value (NAV) - Total (REIT/Real Estate),False,False,Units,HKD,1403.682
1207.HK,1,2023,20231231,Original To Original,Original,Consolidated Only,HKG ARS,Net Asset Value (NAV) - Total (REIT/Real Estate),False,False,Units,CNY,2362.98
1207.HK,1,2023,20231231,Recent To Recent,Original,Consolidated Only,HKG ARS,Net Asset Value (NAV) - Total (REIT/Real Estate),False,False,Units,CNY,2362.98
1208.HK,1,2023,20231231,Original To Original,,Consolidated Only,,Gold - Price per Unit - Average - Total,False,False,No scaling,USD,1943.0
1208.HK,1,2023,20231231,Original To Original,,Consolidated Only,,Gold - Production - Total,False,False,No scaling,,30096.0
1208.HK,1,2023,20231231,Recent To Recent,,Consolidated Only,,Gold - Price per Unit - Average - Total,False,False,No scaling,USD,1943.0
1208.HK,1,2023,20231231,Recent To Recent,,Consolidated Only,,Gold - Production - Total,False,False,No scaling,,30096.0
1208.HK,1,2023,20231231,Original To Original,Original,Consolidated Only,HKG ARS,Gold - Price per Unit - Average - Total,False,False,No scaling,USD,1943.0
1208.HK,1,2023,20231231,Original To Original,Original,Consolidated Only,HKG ARS,Gold - Production - Total,False,False,No scaling,,30096.0
1208.HK,1,2023,20231231,Recent To Recent,Original,Consolidated Only,HKG ARS,Gold - Price per Unit - Average - Total,False,False,No scaling,USD,1943.0
1208.HK,1,2023,20231231,Recent To Recent,Original,Consolidated Only,HKG ARS,Gold - Production - Total,False,False,No scaling,,30096.0
1208.HK,1,2024,20241231,Original To Original,,Consolidated Only,,Gold - Price per Unit - Average - Total,False,False,No scaling,USD,2387.0
1208.HK,1,2024,20241231,Original To Original,,Consolidated Only,,Gold - Production - Total,False,False,No scaling,,85429.0
1208.HK,1,2024,20241231,Recent To Recent,,Consolidated Only,,Gold - Price per Unit - Average - Total,False,False,No scaling,USD,2387.0
1208.HK,1,2024,20241231,Recent To Recent,,Consolidated Only,,Gold - Production - Total,False,False,No scaling,,85429.0
1208.HK,1,2024,20241231,Original To Original,Original,Consolidated Only,HKG ARS,Gold - Price per Unit - Average - Total,False,False,No scaling,USD,2387.0
1208.HK,1,2024,20241231,Original To Original,Original,Consolidated Only,HKG ARS,Gold - Production - Total,False,False,No scaling,,85429.0
1208.HK,1,2024,20241231,Recent To Recent,Original,Consolidated Only,HKG ARS,Gold - Price per Unit - Average - Total,False,False,No scaling,USD,2387.0
1208.HK,1,2024,20241231,Recent To Recent,Original,Consolidated Only,HKG ARS,Gold - Production - Total,False,False,No scaling,,85429.0
1209.HK,1,2023,20231231,Original To Original,Original,Consolidated Only,HKG ARS,Net Asset Value (NAV) - Total (REIT/Real Estate),False,False,Units,CNY,15948.236
1209.HK,1,2023,20231231,Recent To Recent,Original,Consolidated Only,HKG ARS,Net Asset Value (NAV) - Total (REIT/Real Estate),False,False,Units,CNY,15948.236
1209.HK,1,2024,20241231,Original To Original,Original,Consolidated Only,HKG ARS,Net Asset Value (NAV) - Total (REIT/Real Estate),False,False,Units,CNY,16525.22
1209.HK,1,2024,20241231,Recent To Recent,Original,Consolidated Only,HKG ARS,Net Asset Value (NAV) - Total (REIT/Real Estate),False,False,Units,CNY,16525.22
1209.HK,1,2025,20251231,Original To Original,Original,Consolidated Only,HKG ARS,Net Asset Value (NAV) - Total (REIT/Real Estate),False,False,Units,CNY,15461.903
1209.HK,1,2025,20251231,Recent To Recent,Original,Consolidated Only,HKG ARS,Net Asset Value (NAV) - Total (REIT/Real Estate),False,False,Units,CNY,15461.903
1216.HK,1,2023,20231231,Original To Original,Original,Consolidated Only,HKG ARS,Net Interest Margin - Total - %,False,True,Percentage,,1.73
1216.HK,1,2023,20231231,Original To Original,Original,Consolidated Only,HKG ARS,Net Interest Spread - Total - %,False,True,Percentage,,1.56
1216.HK,1,2023,20231231,Original To Original,Original,Consolidated Only,HKG ARS,Solvency Margin - Total - %,False,True,Percentage,,8.447e-05
1216.HK,1,2023,20231231,Original To Original,Original,Consolidated Only,HKG ARS,Efficiency Ratio - Total - %,False,True,Percentage,,4.007e-05
1216.HK,1,2023,20231231,Recent To Recent,Original,Consolidated Only,HKG ARS,Net Interest Margin - Total - %,False,True,Percentage,,1.73
1216.HK,1,2023,20231231,Recent To Recent,Original,Consolidated Only,HKG ARS,Net Interest Spread - Total - %,False,True,Percentage,,1.56
1216.HK,1,2023,20231231,Recent To Recent,Original,Consolidated Only,HKG ARS,Solvency Margin - Total - %,False,True,Percentage,,8.447e-05
1216.HK,1,2023,20231231,Recent To Recent,Original,Consolidated Only,HKG ARS,Efficiency Ratio - Total - %,False,True,Percentage,,4.007e-05
1216.HK,1,2024,20241231,Original To Original,Original,Consolidated Only,HKG ARS,Net Interest Margin - Total - %,False,True,Percentage,,1.61
1216.HK,1,2024,20241231,Original To Original,Original,Consolidated Only,HKG ARS,Net Interest Spread - Total - %,False,True,Percentage,,1.52
1216.HK,1,2024,20241231,Original To Original,Original,Consolidated Only,HKG ARS,Solvency Margin - Total - %,False,True,Percentage,,8.033e-05
1216.HK,1,2024,20241231,Original To Original,Original,Consolidated Only,HKG ARS,Efficiency Ratio - Total - %,False,True,Percentage,,3.88e-05
1216.HK,1,2024,20241231,Recent To Recent,Original,Consolidated Only,HKG ARS,Net Interest Margin - Total - %,False,True,Percentage,,1.61
1216.HK,1,2024,20241231,Recent To Recent,Original,Consolidated Only,HKG ARS,Net Interest Spread - Total - %,False,True,Percentage,,1.52
1216.HK,1,2024,20241231,Recent To Recent,Original,Consolidated Only,HKG ARS,Solvency Margin - Total - %,False,True,Percentage,,8.033e-05
1216.HK,1,2024,20241231,Recent To Recent,Original,Consolidated Only,HKG ARS,Efficiency Ratio - Total - %,False,True,Percentage,,3.88e-05
1216.HK,1,2025,20251231,Original To Original,Original,Consolidated Only,HKG ARS,Net Interest Margin - Total - %,False,True,Percentage,,1.68
1216.HK,1,2025,20251231,Original To Original,Original,Consolidated Only,HKG ARS,Net Interest Spread - Total - %,False,True,Percentage,,1.58
1216.HK,1,2025,20251231,Original To Original,Original,Consolidated Only,HKG ARS,Solvency Margin - Total - %,False,True,Percentage,,7.652e-05
1216.HK,1,2025,20251231,Original To Original,Original,Consolidated Only,HKG ARS,Efficiency Ratio - Total - %,False,True,Percentage,,3.834e-05
1216.HK,1,2025,20251231,Recent To Recent,Original,Consolidated Only,HKG ARS,Net Interest Margin - Total - %,False,True,Percentage,,1.68
1216.HK,1,2025,20251231,Recent To Recent,Original,Consolidated Only,HKG ARS,Net Interest Spread - Total - %,False,True,Percentage,,1.58
1216.HK,1,2025,20251231,Recent To Recent,Original,Consolidated Only,HKG ARS,Solvency Margin - Total - %,False,True,Percentage,,7.652e-05
1216.HK,1,2025,20251231,Recent To Recent,Original,Consolidated Only,HKG ARS,Efficiency Ratio - Total - %,False,True,Percentage,,3.834e-05
1222.HK,1,2023,20230331,Original To Original,Original,Consolidated Only,HKG ARS,Net Asset Value (NAV) - Total (REIT/Real Estate),False,False,Units,HKD,5916.307
1222.HK,1,2023,20230331,Original To Original,Original,Consolidated Only,HKG ARS,Net Asset Value - Per Share - Basic - Total,True,False,No scaling,HKD,6.1e-07
1222.HK,1,2023,20230331,Recent To Recent,Original,Consolidated Only,HKG ARS,Net Asset Value (NAV) - Total (REIT/Real Estate),False,False,Units,HKD,5916.307
1222.HK,1,2023,20230331,Recent To Recent,Original,Consolidated Only,HKG ARS,Net Asset Value - Per Share - Basic - Total,True,False,No scaling,HKD,6.1e-07
1222.HK,1,2024,20240331,Original To Original,Original,Consolidated Only,HKG ARS,Net Asset Value (NAV) - Total (REIT/Real Estate),False,False,Units,HKD,5266.304
1222.HK,1,2024,20240331,Original To Original,Original,Consolidated Only,HKG ARS,Net Asset Value - Per Share - Basic - Total,True,False,No scaling,HKD,5.3e-07
1222.HK,1,2024,20240331,Recent To Recent,Original,Consolidated Only,HKG ARS,Net Asset Value (NAV) - Total (REIT/Real Estate),False,False,Units,HKD,5266.304
1222.HK,1,2024,20240331,Recent To Recent,Original,Consolidated Only,HKG ARS,Net Asset Value - Per Share - Basic - Total,True,False,No scaling,HKD,5.3e-07
1222.HK,1,2025,20250331,Original To Original,Original,Consolidated Only,HKG ARS,Net Asset Value (NAV) - Total (REIT/Real Estate),False,False,Units,HKD,4332.547
1222.HK,1,2025,20250331,Original To Original,Original,Consolidated Only,HKG ARS,Net Asset Value - Per Share - Basic - Total,True,False,No scaling,HKD,4.8e-07
1222.HK,1,2025,20250331,Recent To Recent,Original,Consolidated Only,HKG ARS,Net Asset Value (NAV) - Total (REIT/Real Estate),False,False,Units,HKD,4332.547
1222.HK,1,2025,20250331,Recent To Recent,Original,Consolidated Only,HKG ARS,Net Asset Value - Per Share - Basic - Total,True,False,No scaling,HKD,4.8e-07
1224.HK,1,2023,20231231,Original To Original,,Consolidated Only,,Net Asset Value (NAV) - Total (REIT/Real Estate),False,False,Units,HKD,13531.922
1224.HK,1,2023,20231231,Original To Original,,Consolidated Only,,Net Asset Value - Per Share - Basic - Total,True,False,No scaling,HKD,3.49e-06
1224.HK,1,2023,20231231,Recent To Recent,,Consolidated Only,,Net Asset Value (NAV) - Total (REIT/Real Estate),False,False,Units,HKD,13531.922
1224.HK,1,2023,20231231,Recent To Recent,,Consolidated Only,,Net Asset Value - Per Share - Basic - Total,True,False,No scaling,HKD,3.49e-06
1224.HK,1,2023,20231231,Original To Original,Original,Consolidated Only,HKG ARS,Net Asset Value (NAV) - Total (REIT/Real Estate),False,False,Units,HKD,13531.922
1224.HK,1,2023,20231231,Original To Original,Original,Consolidated Only,HKG ARS,Net Asset Value - Per Share - Basic - Total,True,False,No scaling,HKD,3.49e-06
1224.HK,1,2023,20231231,Recent To Recent,Original,Consolidated Only,HKG ARS,Net Asset Value (NAV) - Total (REIT/Real Estate),False,False,Units,HKD,13531.922
1224.HK,1,2023,20231231,Recent To Recent,Original,Consolidated Only,HKG ARS,Net Asset Value - Per Share - Basic - Total,True,False,No scaling,HKD,3.49e-06
1224.HK,1,2024,20241231,Original To Original,,Consolidated Only,,Net Asset Value (NAV) - Total (REIT/Real Estate),False,False,Units,HKD,12789.753
1224.HK,1,2024,20241231,Original To Original,,Consolidated Only,,Net Asset Value - Per Share - Basic - Total,True,False,No scaling,HKD,3.29e-06
1224.HK,1,2024,20241231,Recent To Recent,,Consolidated Only,,Net Asset Value (NAV) - Total (REIT/Real Estate),False,False,Units,HKD,12789.753
1224.HK,1,2024,20241231,Recent To Recent,,Consolidated Only,,Net Asset Value - Per Share - Basic - Total,True,False,No scaling,HKD,3.29e-06
1224.HK,1,2024,20241231,Original To Original,Original,Consolidated Only,HKG ARS,Net Asset Value (NAV) - Total (REIT/Real Estate),False,False,Units,HKD,12789.753
1224.HK,1,2024,20241231,Original To Original,Original,Consolidated Only,HKG ARS,Net Asset Value - Per Share - Basic - Total,True,False,No scaling,HKD,3.29e-06
1224.HK,1,2024,20241231,Recent To Recent,Original,Consolidated Only,HKG ARS,Net Asset Value (NAV) - Total (REIT/Real Estate),False,False,Units,HKD,12789.753
1224.HK,1,2024,20241231,Recent To Recent,Original,Consolidated Only,HKG ARS,Net Asset Value - Per Share - Basic - Total,True,False,No scaling,HKD,3.29e-06
1224.HK,1,2025,20251231,Original To Original,,Consolidated Only,,Net Asset Value (NAV) - Total (REIT/Real Estate),False,False,Units,HKD,14545.843
1224.HK,1,2025,20251231,Original To Original,,Consolidated Only,,Net Asset Value - Per Share - Basic - Total,True,False,No scaling,HKD,3.35e-06
1224.HK,1,2025,20251231,Recent To Recent,,Consolidated Only,,Net Asset Value (NAV) - Total (REIT/Real Estate),False,False,Units,HKD,14545.843
1224.HK,1,2025,20251231,Recent To Recent,,Consolidated Only,,Net Asset Value - Per Share - Basic - Total,True,False,No scaling,HKD,3.35e-06
1224.HK,1,2025,20251231,Original To Original,Original,Consolidated Only,HKG ARS,Net Asset Value (NAV) - Total (REIT/Real Estate),False,False,Units,HKD,14545.843
1224.HK,1,2025,20251231,Original To Original,Original,Consolidated Only,HKG ARS,Net Asset Value - Per Share - Basic - Total,True,False,No scaling,HKD,3.35e-06
1224.HK,1,2025,20251231,Recent To Recent,Original,Consolidated Only,HKG ARS,Net Asset Value (NAV) - Total (REIT/Real Estate),False,False,Units,HKD,14545.843
1224.HK,1,2025,20251231,Recent To Recent,Original,Consolidated Only,HKG ARS,Net Asset Value - Per Share - Basic - Total,True,False,No scaling,HKD,3.35e-06
1232.HK,1,2023,20231231,Original To Original,Original,Consolidated Only,HKG ARS,Net Asset Value (NAV) - Total (REIT/Real Estate),False,False,Units,CNY,732.998
1232.HK,1,2023,20231231,Original To Original,Original,Consolidated Only,HKG ARS,Occupancy Rate of Space Leased - Total - %,False,True,Percentage,,84.0
1232.HK,1,2023,20231231,Original To Original,Original,Consolidated Only,HKG ARS,Net Asset Value - Per Share - Basic - Total,True,False,No scaling,CNY,5.4e-06
1232.HK,1,2023,20231231,Recent To Recent,Original,Consolidated Only,HKG ARS,Net Asset Value (NAV) - Total (REIT/Real Estate),False,False,Units,CNY,732.998
1232.HK,1,2023,20231231,Recent To Recent,Original,Consolidated Only,HKG ARS,Occupancy Rate of Space Leased - Total - %,False,True,Percentage,,84.0
1232.HK,1,2023,20231231,Recent To Recent,Original,Consolidated Only,HKG ARS,Net Asset Value - Per Share - Basic - Total,True,False,No scaling,CNY,5.4e-06
1232.HK,1,2024,20241231,Original To Original,Original,Consolidated Only,HKG ARS,Occupancy Rate of Space Leased - Total - %,False,True,Percentage,,84.0
1232.HK,1,2024,20241231,Original To Original,Original,Consolidated Only,HKG ARS,Net Asset Value - Per Share - Basic - Total,True,False,No scaling,CNY,1.1e-06
1232.HK,1,2024,20241231,Recent To Recent,Original,Consolidated Only,HKG ARS,Occupancy Rate of Space Leased - Total - %,False,True,Percentage,,84.0
1232.HK,1,2024,20241231,Recent To Recent,Original,Consolidated Only,HKG ARS,Net Asset Value - Per Share - Basic - Total,True,False,No scaling,CNY,1.1e-06
1232.HK,1,2025,20251231,Original To Original,Original,Consolidated Only,HKG ARS,Occupancy Rate of Space Leased - Total - %,False,True,Percentage,,77.4
1232.HK,1,2025,20251231,Recent To Recent,Original,Consolidated Only,HKG ARS,Occupancy Rate of Space Leased - Total - %,False,True,Percentage,,77.4
1233.HK,1,2023,20231231,Original To Original,Original,Consolidated Only,HKG ARS,Net Asset Value (NAV) - Total (REIT/Real Estate),False,False,Units,CNY,633.383
1233.HK,1,2023,20231231,Recent To Recent,Original,Consolidated Only,HKG ARS,Net Asset Value (NAV) - Total (REIT/Real Estate),False,False,Units,CNY,633.383
1234.HK,1,2023,20231231,Original To Original,Original,Consolidated Only,HKG ARS,Stores Closed - Number - Total,False,False,No scaling,,258.0
1234.HK,1,2023,20231231,Original To Original,Original,Consolidated Only,HKG ARS,Stores Opened - Number - Total,False,False,No scaling,,309.0
1234.HK,1,2023,20231231,Recent To Recent,Original,Consolidated Only,HKG ARS,Stores Closed - Number - Total,False,False,No scaling,,258.0
1234.HK,1,2023,20231231,Recent To Recent,Original,Consolidated Only,HKG ARS,Stores Opened - Number - Total,False,False,No scaling,,309.0
1234.HK,1,2024,20241231,Original To Original,Original,Consolidated Only,HKG ARS,Stores Closed - Number - Total,False,False,No scaling,,456.0
1234.HK,1,2024,20241231,Original To Original,Original,Consolidated Only,HKG ARS,Stores Opened - Number - Total,False,False,No scaling,,534.0
1234.HK,1,2024,20241231,Recent To Recent,Original,Consolidated Only,HKG ARS,Stores Closed - Number - Total,False,False,No scaling,,456.0
1234.HK,1,2024,20241231,Recent To Recent,Original,Consolidated Only,HKG ARS,Stores Opened - Number - Total,False,False,No scaling,,534.0
1234.HK,1,2025,20251231,Original To Original,Original,Consolidated Only,HKG ARS,Stores Closed - Number - Total,False,False,No scaling,,302.0
1234.HK,1,2025,20251231,Original To Original,Original,Consolidated Only,HKG ARS,Stores Opened - Number - Total,False,False,No scaling,,346.0
1234.HK,1,2025,20251231,Recent To Recent,Original,Consolidated Only,HKG ARS,Stores Closed - Number - Total,False,False,No scaling,,302.0
1234.HK,1,2025,20251231,Recent To Recent,Original,Consolidated Only,HKG ARS,Stores Opened - Number - Total,False,False,No scaling,,346.0
1238.HK,1,2023,20231231,Original To Original,Original,Consolidated Only,HKG ARS,Net Asset Value (NAV) - Total (REIT/Real Estate),False,False,Units,CNY,38468.163
1238.HK,1,2023,20231231,Recent To Recent,Original,Consolidated Only,HKG ARS,Net Asset Value (NAV) - Total (REIT/Real Estate),False,False,Units,CNY,38468.163
1238.HK,1,2024,20241231,Original To Original,Original,Consolidated Only,HKG ARS,Net Asset Value (NAV) - Total (REIT/Real Estate),False,False,Units,CNY,33036.585
1238.HK,1,2024,20241231,Recent To Recent,Original,Consolidated Only,HKG ARS,Net Asset Value (NAV) - Total (REIT/Real Estate),False,False,Units,CNY,33036.585
1238.HK,1,2025,20251231,Original To Original,Original,Consolidated Only,HKG ARS,Net Asset Value (NAV) - Total (REIT/Real Estate),False,False,Units,CNY,26726.206
1238.HK,1,2025,20251231,Recent To Recent,Original,Consolidated Only,HKG ARS,Net Asset Value (NAV) - Total (REIT/Real Estate),False,False,Units,CNY,26726.206
1240.HK,1,2023,20231231,Original To Original,Original,Consolidated Only,HKG ARS,Net Asset Value (NAV) - Total (REIT/Real Estate),False,False,Units,HKD,2378.962
1240.HK,1,2023,20231231,Recent To Recent,Original,Consolidated Only,HKG ARS,Net Asset Value (NAV) - Total (REIT/Real Estate),False,False,Units,HKD,2378.962
1240.HK,1,2024,20241231,Original To Original,Original,Consolidated Only,HKG ARS,Net Asset Value (NAV) - Total (REIT/Real Estate),False,False,Units,HKD,2337.567
1240.HK,1,2024,20241231,Recent To Recent,Original,Consolidated Only,HKG ARS,Net Asset Value (NAV) - Total (REIT/Real Estate),False,False,Units,HKD,2337.567
1240.HK,1,2025,20251231,Original To Original,Original,Consolidated Only,HKG ARS,Net Asset Value (NAV) - Total (REIT/Real Estate),False,False,Units,HKD,2529.139
1240.HK,1,2025,20251231,Recent To Recent,Original,Consolidated Only,HKG ARS,Net Asset Value (NAV) - Total (REIT/Real Estate),False,False,Units,HKD,2529.139
1268.HK,1,2023,20231231,Original To Original,Original,Consolidated Only,HKG ARS,Stores Opened - Number - Total,False,False,No scaling,,2.0
1268.HK,1,2023,20231231,Recent To Recent,Original,Consolidated Only,HKG ARS,Stores Opened - Number - Total,False,False,No scaling,,2.0
1268.HK,1,2024,20241231,Original To Original,Original,Consolidated Only,HKG ARS,Stores Opened - Number - Total,False,False,No scaling,,0.0
1268.HK,1,2024,20241231,Recent To Recent,Original,Consolidated Only,HKG ARS,Stores Opened - Number - Total,False,False,No scaling,,0.0
1268.HK,1,2025,20251231,Original To Original,Original,Consolidated Only,HKG ARS,Stores Opened - Number - Total,False,False,No scaling,,0.0
1268.HK,1,2025,20251231,Recent To Recent,Original,Consolidated Only,HKG ARS,Stores Opened - Number - Total,False,False,No scaling,,0.0
1271.HK,1,2023,20230331,Original To Original,Original,Consolidated Only,HKG ARS,Home Sales - Value - Total,False,False,Units,HKD,4850.442
1271.HK,1,2023,20230331,Recent To Recent,Original,Consolidated Only,HKG ARS,Home Sales - Value - Total,False,False,Units,HKD,4850.442
1271.HK,1,2024,20240331,Original To Original,Original,Consolidated Only,HKG ARS,Home Sales - Value - Total,False,False,Units,HKD,178.512
1271.HK,1,2024,20240331,Recent To Recent,Original,Consolidated Only,HKG ARS,Home Sales - Value - Total,False,False,Units,HKD,178.512
1271.HK,1,2025,20250331,Original To Original,Original,Consolidated Only,HKG ARS,Home Sales - Value - Total,False,False,Units,HKD,850.058
1271.HK,1,2025,20250331,Recent To Recent,Original,Consolidated Only,HKG ARS,Home Sales - Value - Total,False,False,Units,HKD,850.058
1278.HK,1,2023,20231231,Original To Original,Original,Consolidated Only,HKG ARS,Net Asset Value (NAV) - Total (REIT/Real Estate),False,False,Units,CNY,4189.495
1278.HK,1,2023,20231231,Recent To Recent,Original,Consolidated Only,HKG ARS,Net Asset Value (NAV) - Total (REIT/Real Estate),False,False,Units,CNY,4189.495
1278.HK,1,2024,20241231,Original To Original,Original,Consolidated Only,HKG ARS,Net Asset Value (NAV) - Total (REIT/Real Estate),False,False,Units,CNY,4206.224
1278.HK,1,2024,20241231,Recent To Recent,Original,Consolidated Only,HKG ARS,Net Asset Value (NAV) - Total (REIT/Real Estate),False,False,Units,CNY,4206.224
1278.HK,1,2025,20251231,Original To Original,Original,Consolidated Only,HKG ARS,Net Asset Value (NAV) - Total (REIT/Real Estate),False,False,Units,CNY,4226.791
1278.HK,1,2025,20251231,Recent To Recent,Original,Consolidated Only,HKG ARS,Net Asset Value (NAV) - Total (REIT/Real Estate),False,False,Units,CNY,4226.791
1282.HK,1,2023,20231231,Original To Original,Original,Consolidated Only,HKG ARS,Net Asset Value (NAV) - Total (REIT/Real Estate),False,False,Units,HKD,5077.627
1282.HK,1,2023,20231231,Original To Original,Original,Consolidated Only,HKG ARS,Occupancy Rate of Space Leased - Total - %,False,True,Percentage,,94.92
1282.HK,1,2023,20231231,Recent To Recent,Original,Consolidated Only,HKG ARS,Net Asset Value (NAV) - Total (REIT/Real Estate),False,False,Units,HKD,5077.627
1282.HK,1,2023,20231231,Recent To Recent,Original,Consolidated Only,HKG ARS,Occupancy Rate of Space Leased - Total - %,False,True,Percentage,,94.92
1282.HK,1,2024,20241231,Original To Original,Original,Consolidated Only,HKG ARS,Net Asset Value (NAV) - Total (REIT/Real Estate),False,False,Units,HKD,5093.639
1282.HK,1,2024,20241231,Original To Original,Original,Consolidated Only,HKG ARS,Occupancy Rate of Space Leased - Total - %,False,True,Percentage,,100.0
1282.HK,1,2024,20241231,Recent To Recent,Original,Consolidated Only,HKG ARS,Net Asset Value (NAV) - Total (REIT/Real Estate),False,False,Units,HKD,5093.639
1282.HK,1,2024,20241231,Recent To Recent,Original,Consolidated Only,HKG ARS,Occupancy Rate of Space Leased - Total - %,False,True,Percentage,,100.0
1282.HK,1,2025,20251231,Original To Original,Original,Consolidated Only,HKG ARS,Net Asset Value (NAV) - Total (REIT/Real Estate),False,False,Units,HKD,5384.018
1282.HK,1,2025,20251231,Original To Original,Original,Consolidated Only,HKG ARS,Occupancy Rate of Space Leased - Total - %,False,True,Percentage,,83.6
1282.HK,1,2025,20251231,Recent To Recent,Original,Consolidated Only,HKG ARS,Net Asset Value (NAV) - Total (REIT/Real Estate),False,False,Units,HKD,5384.018
1282.HK,1,2025,20251231,Recent To Recent,Original,Consolidated Only,HKG ARS,Occupancy Rate of Space Leased - Total - %,False,True,Percentage,,83.6
1288.HK,1,2023,20231231,Original To Original,Original,Consolidated Only,HKG ARS,Net Interest Margin - Total - %,False,True,Percentage,,1.6
1288.HK,1,2023,20231231,Original To Original,Original,Consolidated Only,HKG ARS,Net Interest Spread - Total - %,False,True,Percentage,,1.45
1288.HK,1,2023,20231231,Original To Original,Original,Consolidated Only,HKG ARS,Efficiency Ratio - Total - %,False,True,Percentage,,3.386e-05
1288.HK,1,2023,20231231,Recent To Recent,Original,Consolidated Only,HKG ARS,Net Interest Margin - Total - %,False,True,Percentage,,1.6
1288.HK,1,2023,20231231,Recent To Recent,Original,Consolidated Only,HKG ARS,Net Interest Spread - Total - %,False,True,Percentage,,1.45
1288.HK,1,2023,20231231,Recent To Recent,Original,Consolidated Only,HKG ARS,Efficiency Ratio - Total - %,False,True,Percentage,,3.386e-05
1288.HK,1,2024,20241231,Original To Original,Original,Consolidated Only,HKG ARS,Net Interest Margin - Total - %,False,True,Percentage,,1.42
1288.HK,1,2024,20241231,Original To Original,Original,Consolidated Only,HKG ARS,Net Interest Spread - Total - %,False,True,Percentage,,1.27
1288.HK,1,2024,20241231,Original To Original,Original,Consolidated Only,HKG ARS,Efficiency Ratio - Total - %,False,True,Percentage,,3.44e-05
1288.HK,1,2024,20241231,Recent To Recent,Original,Consolidated Only,HKG ARS,Net Interest Margin - Total - %,False,True,Percentage,,1.42
1288.HK,1,2024,20241231,Recent To Recent,Original,Consolidated Only,HKG ARS,Net Interest Spread - Total - %,False,True,Percentage,,1.27
1288.HK,1,2024,20241231,Recent To Recent,Original,Consolidated Only,HKG ARS,Efficiency Ratio - Total - %,False,True,Percentage,,3.44e-05
1288.HK,1,2025,20251231,Original To Original,Original,Consolidated Only,HKG ARS,Net Interest Margin - Total - %,False,True,Percentage,,1.28
1288.HK,1,2025,20251231,Original To Original,Original,Consolidated Only,HKG ARS,Net Interest Spread - Total - %,False,True,Percentage,,1.16
1288.HK,1,2025,20251231,Original To Original,Original,Consolidated Only,HKG ARS,Efficiency Ratio - Total - %,False,True,Percentage,,3.518e-05
1288.HK,1,2025,20251231,Recent To Recent,Original,Consolidated Only,HKG ARS,Net Interest Margin - Total - %,False,True,Percentage,,1.28
1288.HK,1,2025,20251231,Recent To Recent,Original,Consolidated Only,HKG ARS,Net Interest Spread - Total - %,False,True,Percentage,,1.16
1288.HK,1,2025,20251231,Recent To Recent,Original,Consolidated Only,HKG ARS,Efficiency Ratio - Total - %,False,True,Percentage,,3.518e-05
1299.HK,1,2023,20231231,Original To Original,Original,Consolidated Only,HKG ARS,GAAP Expense Ratio - Total - %,False,True,Percentage,,9.4
1299.HK,1,2023,20231231,Recent To Recent,Original,Consolidated Only,HKG ARS,GAAP Expense Ratio - Total - %,False,True,Percentage,,9.4
1299.HK,1,2024,20241231,Original To Original,Original,Consolidated Only,HKG ARS,GAAP Expense Ratio - Total - %,False,True,Percentage,,8.8
1299.HK,1,2024,20241231,Recent To Recent,Original,Consolidated Only,HKG ARS,GAAP Expense Ratio - Total - %,False,True,Percentage,,8.8
1299.HK,1,2025,20251231,Original To Original,Original,Consolidated Only,HKG ARS,GAAP Expense Ratio - Total - %,False,True,Percentage,,8.1
1299.HK,1,2025,20251231,Recent To Recent,Original,Consolidated Only,HKG ARS,GAAP Expense Ratio - Total - %,False,True,Percentage,,8.1
1310.HK,1,2023,20230831,Original To Original,,Consolidated Only,,Subscribers - Connections - Number - Total,False,False,No scaling,,2.05
1310.HK,1,2023,20230831,Recent To Recent,,Consolidated Only,,Subscribers - Connections - Number - Total,False,False,No scaling,,2.05
1310.HK,1,2023,20230831,Original To Original,Original,Consolidated Only,HKG ARS,Subscribers - Connections - Number - Total,False,False,No scaling,,2.05
1310.HK,1,2023,20230831,Recent To Recent,Original,Consolidated Only,HKG ARS,Subscribers - Connections - Number - Total,False,False,No scaling,,2.05
1310.HK,1,2024,20240831,Original To Original,,Consolidated Only,,Subscribers - Connections - Number - Total,False,False,No scaling,,1.934
1310.HK,1,2024,20240831,Recent To Recent,,Consolidated Only,,Subscribers - Connections - Number - Total,False,False,No scaling,,1.934
1310.HK,1,2024,20240831,Original To Original,Original,Consolidated Only,HKG ARS,Subscribers - Connections - Number - Total,False,False,No scaling,,1.934
1310.HK,1,2024,20240831,Recent To Recent,Original,Consolidated Only,HKG ARS,Subscribers - Connections - Number - Total,False,False,No scaling,,1.934
1310.HK,1,2025,20250831,Original To Original,,Consolidated Only,,Subscribers - Connections - Number - Total,False,False,No scaling,,1.82
1310.HK,1,2025,20250831,Recent To Recent,,Consolidated Only,,Subscribers - Connections - Number - Total,False,False,No scaling,,1.82
1310.HK,1,2025,20250831,Original To Original,Original,Consolidated Only,HKG ARS,Subscribers - Connections - Number - Total,False,False,No scaling,,1.82
1310.HK,1,2025,20250831,Recent To Recent,Original,Consolidated Only,HKG ARS,Subscribers - Connections - Number - Total,False,False,No scaling,,1.82
1321.HK,1,2023,20231231,Original To Original,Original,Consolidated Only,HKG ARS,Net Asset Value (NAV) - Total (REIT/Real Estate),False,False,Units,CNY,4746.886
1321.HK,1,2023,20231231,Original To Original,Original,Consolidated Only,HKG ARS,Occupancy Rate of Space Leased - Total - %,False,True,Percentage,,86.0
1321.HK,1,2023,20231231,Original To Original,Original,Consolidated Only,HKG ARS,Net Asset Value - Per Share - Basic - Total,True,False,No scaling,CNY,2.41e-06
1321.HK,1,2023,20231231,Recent To Recent,Original,Consolidated Only,HKG ARS,Net Asset Value (NAV) - Total (REIT/Real Estate),False,False,Units,CNY,4746.886
1321.HK,1,2023,20231231,Recent To Recent,Original,Consolidated Only,HKG ARS,Occupancy Rate of Space Leased - Total - %,False,True,Percentage,,86.0
1321.HK,1,2023,20231231,Recent To Recent,Original,Consolidated Only,HKG ARS,Net Asset Value - Per Share - Basic - Total,True,False,No scaling,CNY,2.41e-06
1321.HK,1,2024,20241231,Original To Original,Original,Consolidated Only,HKG ARS,Net Asset Value (NAV) - Total (REIT/Real Estate),False,False,Units,CNY,5265.498
1321.HK,1,2024,20241231,Original To Original,Original,Consolidated Only,HKG ARS,Occupancy Rate of Space Leased - Total - %,False,True,Percentage,,81.0
1321.HK,1,2024,20241231,Original To Original,Original,Consolidated Only,HKG ARS,Net Asset Value - Per Share - Basic - Total,True,False,No scaling,CNY,2.66e-06
1321.HK,1,2024,20241231,Recent To Recent,Original,Consolidated Only,HKG ARS,Net Asset Value (NAV) - Total (REIT/Real Estate),False,False,Units,CNY,5265.498
1321.HK,1,2024,20241231,Recent To Recent,Original,Consolidated Only,HKG ARS,Occupancy Rate of Space Leased - Total - %,False,True,Percentage,,81.0
1321.HK,1,2024,20241231,Recent To Recent,Original,Consolidated Only,HKG ARS,Net Asset Value - Per Share - Basic - Total,True,False,No scaling,CNY,2.66e-06
1321.HK,1,2025,20251231,Original To Original,Original,Consolidated Only,HKG ARS,Net Asset Value (NAV) - Total (REIT/Real Estate),False,False,Units,CNY,4515.787
1321.HK,1,2025,20251231,Original To Original,Original,Consolidated Only,HKG ARS,Occupancy Rate of Space Leased - Total - %,False,True,Percentage,,83.0
1321.HK,1,2025,20251231,Original To Original,Original,Consolidated Only,HKG ARS,Net Asset Value - Per Share - Basic - Total,True,False,No scaling,CNY,2.48e-06
1321.HK,1,2025,20251231,Recent To Recent,Original,Consolidated Only,HKG ARS,Net Asset Value (NAV) - Total (REIT/Real Estate),False,False,Units,CNY,4515.787
1321.HK,1,2025,20251231,Recent To Recent,Original,Consolidated Only,HKG ARS,Occupancy Rate of Space Leased - Total - %,False,True,Percentage,,83.0
1321.HK,1,2025,20251231,Recent To Recent,Original,Consolidated Only,HKG ARS,Net Asset Value - Per Share - Basic - Total,True,False,No scaling,CNY,2.48e-06
1339.HK,1,2023,20231231,Original To Original,Original,Consolidated Only,HKG ARS,GAAP Combined Ratio (Insurance) - Total - %,False,True,Percentage,,97.8
1339.HK,1,2023,20231231,Original To Original,Original,Consolidated Only,HKG ARS,Underwriting Profit or Loss - Total,False,False,Units,CNY,10189.0
1339.HK,1,2023,20231231,Recent To Recent,Original,Consolidated Only,HKG ARS,GAAP Combined Ratio (Insurance) - Total - %,False,True,Percentage,,97.8
1339.HK,1,2023,20231231,Recent To Recent,Original,Consolidated Only,HKG ARS,Underwriting Profit or Loss - Total,False,False,Units,CNY,10189.0
1339.HK,1,2024,20241231,Original To Original,Original,Consolidated Only,HKG ARS,GAAP Expense Ratio - Total - %,False,True,Percentage,,33.3
1339.HK,1,2024,20241231,Original To Original,Original,Consolidated Only,HKG ARS,GAAP Loss Ratio - Total - %,False,True,Percentage,,73.0
1339.HK,1,2024,20241231,Original To Original,Original,Consolidated Only,HKG ARS,GAAP Combined Ratio (Insurance) - Total - %,False,True,Percentage,,98.8
1339.HK,1,2024,20241231,Original To Original,Original,Consolidated Only,HKG ARS,Underwriting Profit or Loss - Total,False,False,Units,CNY,5713.0
1339.HK,1,2024,20241231,Recent To Recent,Original,Consolidated Only,HKG ARS,GAAP Expense Ratio - Total - %,False,True,Percentage,,33.3
1339.HK,1,2024,20241231,Recent To Recent,Original,Consolidated Only,HKG ARS,GAAP Loss Ratio - Total - %,False,True,Percentage,,73.0
1339.HK,1,2024,20241231,Recent To Recent,Original,Consolidated Only,HKG ARS,GAAP Combined Ratio (Insurance) - Total - %,False,True,Percentage,,98.8
1339.HK,1,2024,20241231,Recent To Recent,Original,Consolidated Only,HKG ARS,Underwriting Profit or Loss - Total,False,False,Units,CNY,5713.0
1339.HK,1,2025,20251231,Original To Original,Original,Consolidated Only,HKG ARS,GAAP Expense Ratio - Total - %,False,True,Percentage,,23.6
1339.HK,1,2025,20251231,Original To Original,Original,Consolidated Only,HKG ARS,GAAP Loss Ratio - Total - %,False,True,Percentage,,73.9
1339.HK,1,2025,20251231,Original To Original,Original,Consolidated Only,HKG ARS,GAAP Combined Ratio (Insurance) - Total - %,False,True,Percentage,,97.5
1339.HK,1,2025,20251231,Original To Original,Original,Consolidated Only,HKG ARS,Underwriting Profit or Loss - Total,False,False,Units,CNY,12535.0
1339.HK,1,2025,20251231,Recent To Recent,Original,Consolidated Only,HKG ARS,GAAP Expense Ratio - Total - %,False,True,Percentage,,23.6
1339.HK,1,2025,20251231,Recent To Recent,Original,Consolidated Only,HKG ARS,GAAP Loss Ratio - Total - %,False,True,Percentage,,73.9
1339.HK,1,2025,20251231,Recent To Recent,Original,Consolidated Only,HKG ARS,GAAP Combined Ratio (Insurance) - Total - %,False,True,Percentage,,97.5
1339.HK,1,2025,20251231,Recent To Recent,Original,Consolidated Only,HKG ARS,Underwriting Profit or Loss - Total,False,False,Units,CNY,12535.0
1357.HK,1,2023,20231231,Original To Original,,Consolidated Only,,Advertisement Revenue - Total,False,False,Units,CNY,758.79
1357.HK,1,2023,20231231,Original To Original,,Consolidated Only,,Monthly Active Users (MAU) - Total,False,False,No scaling,,249.155
1357.HK,1,2023,20231231,Recent To Recent,,Consolidated Only,,Advertisement Revenue - Total,False,False,Units,CNY,758.79
1357.HK,1,2023,20231231,Recent To Recent,,Consolidated Only,,Monthly Active Users (MAU) - Total,False,False,No scaling,,249.155
1357.HK,1,2023,20231231,Original To Original,Original,Consolidated Only,HKG ARS,Advertisement Revenue - Total,False,False,Units,CNY,758.79
1357.HK,1,2023,20231231,Original To Original,Original,Consolidated Only,HKG ARS,Monthly Active Users (MAU) - Total,False,False,No scaling,,249.155
1357.HK,1,2023,20231231,Recent To Recent,Original,Consolidated Only,HKG ARS,Advertisement Revenue - Total,False,False,Units,CNY,758.79
1357.HK,1,2023,20231231,Recent To Recent,Original,Consolidated Only,HKG ARS,Monthly Active Users (MAU) - Total,False,False,No scaling,,249.155
1357.HK,1,2024,20241231,Original To Original,,Consolidated Only,,Advertisement Revenue - Total,False,False,Units,CNY,853.467
1357.HK,1,2024,20241231,Original To Original,,Consolidated Only,,Monthly Active Users (MAU) - Total,False,False,No scaling,,265.825
1357.HK,1,2024,20241231,Recent To Recent,,Consolidated Only,,Advertisement Revenue - Total,False,False,Units,CNY,853.467
1357.HK,1,2024,20241231,Recent To Recent,,Consolidated Only,,Monthly Active Users (MAU) - Total,False,False,No scaling,,265.825
1357.HK,1,2024,20241231,Original To Original,Original,Consolidated Only,HKG ARS,Advertisement Revenue - Total,False,False,Units,CNY,853.467
1357.HK,1,2024,20241231,Original To Original,Original,Consolidated Only,HKG ARS,Monthly Active Users (MAU) - Total,False,False,No scaling,,265.825
1357.HK,1,2024,20241231,Recent To Recent,Original,Consolidated Only,HKG ARS,Advertisement Revenue - Total,False,False,Units,CNY,853.467
1357.HK,1,2024,20241231,Recent To Recent,Original,Consolidated Only,HKG ARS,Monthly Active Users (MAU) - Total,False,False,No scaling,,265.825
1357.HK,1,2025,20251231,Original To Original,,Consolidated Only,,Advertisement Revenue - Total,False,False,Units,CNY,842.595
1357.HK,1,2025,20251231,Original To Original,,Consolidated Only,,Monthly Active Users (MAU) - Total,False,False,No scaling,,276.0
1357.HK,1,2025,20251231,Recent To Recent,,Consolidated Only,,Advertisement Revenue - Total,False,False,Units,CNY,842.595
1357.HK,1,2025,20251231,Recent To Recent,,Consolidated Only,,Monthly Active Users (MAU) - Total,False,False,No scaling,,276.0
1357.HK,1,2025,20251231,Original To Original,Original,Consolidated Only,HKG ARS,Advertisement Revenue - Total,False,False,Units,CNY,842.595
1357.HK,1,2025,20251231,Original To Original,Original,Consolidated Only,HKG ARS,Monthly Active Users (MAU) - Total,False,False,No scaling,,276.0
1357.HK,1,2025,20251231,Recent To Recent,Original,Consolidated Only,HKG ARS,Advertisement Revenue - Total,False,False,Units,CNY,842.595
1357.HK,1,2025,20251231,Recent To Recent,Original,Consolidated Only,HKG ARS,Monthly Active Users (MAU) - Total,False,False,No scaling,,276.0
1359.HK,1,2023,20231231,Original To Original,,Consolidated Only,,Net Interest Margin - Total - %,False,True,Percentage,,1.6
1359.HK,1,2023,20231231,Original To Original,,Consolidated Only,,Efficiency Ratio - Total - %,False,True,Percentage,,3.482e-05
1359.HK,1,2023,20231231,Recent To Recent,,Consolidated Only,,Net Interest Margin - Total - %,False,True,Percentage,,1.6
1359.HK,1,2023,20231231,Recent To Recent,,Consolidated Only,,Efficiency Ratio - Total - %,False,True,Percentage,,3.482e-05
1359.HK,1,2023,20231231,Original To Original,Original,Consolidated Only,HKG ARS,Net Interest Margin - Total - %,False,True,Percentage,,1.6
1359.HK,1,2023,20231231,Original To Original,Original,Consolidated Only,HKG ARS,Efficiency Ratio - Total - %,False,True,Percentage,,3.482e-05
1359.HK,1,2023,20231231,Recent To Recent,Original,Consolidated Only,HKG ARS,Net Interest Margin - Total - %,False,True,Percentage,,1.6
1359.HK,1,2023,20231231,Recent To Recent,Original,Consolidated Only,HKG ARS,Efficiency Ratio - Total - %,False,True,Percentage,,3.482e-05
1359.HK,1,2024,20241231,Original To Original,,Consolidated Only,,Net Interest Margin - Total - %,False,True,Percentage,,1.55
1359.HK,1,2024,20241231,Original To Original,,Consolidated Only,,Efficiency Ratio - Total - %,False,True,Percentage,,3.48e-05
1359.HK,1,2024,20241231,Recent To Recent,,Consolidated Only,,Net Interest Margin - Total - %,False,True,Percentage,,1.55
1359.HK,1,2024,20241231,Recent To Recent,,Consolidated Only,,Efficiency Ratio - Total - %,False,True,Percentage,,3.48e-05
1359.HK,1,2024,20241231,Original To Original,Original,Consolidated Only,HKG ARS,Net Interest Margin - Total - %,False,True,Percentage,,1.55
1359.HK,1,2024,20241231,Original To Original,Original,Consolidated Only,HKG ARS,Efficiency Ratio - Total - %,False,True,Percentage,,3.48e-05
1359.HK,1,2024,20241231,Recent To Recent,Original,Consolidated Only,HKG ARS,Net Interest Margin - Total - %,False,True,Percentage,,1.55
1359.HK,1,2024,20241231,Recent To Recent,Original,Consolidated Only,HKG ARS,Efficiency Ratio - Total - %,False,True,Percentage,,3.48e-05
1359.HK,1,2025,20251231,Original To Original,,Consolidated Only,,Net Interest Margin - Total - %,False,True,Percentage,,1.59
1359.HK,1,2025,20251231,Original To Original,,Consolidated Only,,Efficiency Ratio - Total - %,False,True,Percentage,,3.372e-05
1359.HK,1,2025,20251231,Recent To Recent,,Consolidated Only,,Net Interest Margin - Total - %,False,True,Percentage,,1.59
1359.HK,1,2025,20251231,Recent To Recent,,Consolidated Only,,Efficiency Ratio - Total - %,False,True,Percentage,,3.372e-05
1359.HK,1,2025,20251231,Original To Original,Original,Consolidated Only,HKG ARS,Net Interest Margin - Total - %,False,True,Percentage,,1.59
1359.HK,1,2025,20251231,Original To Original,Original,Consolidated Only,HKG ARS,Efficiency Ratio - Total - %,False,True,Percentage,,3.372e-05
1359.HK,1,2025,20251231,Recent To Recent,Original,Consolidated Only,HKG ARS,Net Interest Margin - Total - %,False,True,Percentage,,1.59
1359.HK,1,2025,20251231,Recent To Recent,Original,Consolidated Only,HKG ARS,Efficiency Ratio - Total - %,False,True,Percentage,,3.372e-05
1373.HK,1,2023,20230430,Original To Original,Original,Consolidated Only,HKG ARS,Stores Opened - Number - Total,False,False,No scaling,,3.0
1373.HK,1,2023,20230430,Recent To Recent,Original,Consolidated Only,HKG ARS,Stores Opened - Number - Total,False,False,No scaling,,3.0
1373.HK,1,2024,20240430,Original To Original,Original,Consolidated Only,HKG ARS,Stores Closed - Number - Total,False,False,No scaling,,8.0
1373.HK,1,2024,20240430,Original To Original,Original,Consolidated Only,HKG ARS,Stores Opened - Number - Total,False,False,No scaling,,3.0
1373.HK,1,2024,20240430,Recent To Recent,Original,Consolidated Only,HKG ARS,Stores Closed - Number - Total,False,False,No scaling,,8.0
1373.HK,1,2024,20240430,Recent To Recent,Original,Consolidated Only,HKG ARS,Stores Opened - Number - Total,False,False,No scaling,,3.0
1373.HK,1,2025,20250430,Original To Original,Original,Consolidated Only,HKG ARS,Stores Closed - Number - Total,False,False,No scaling,,1.0
1373.HK,1,2025,20250430,Original To Original,Original,Consolidated Only,HKG ARS,Stores Opened - Number - Total,False,False,No scaling,,1.0
1373.HK,1,2025,20250430,Recent To Recent,Original,Consolidated Only,HKG ARS,Stores Closed - Number - Total,False,False,No scaling,,1.0
1373.HK,1,2025,20250430,Recent To Recent,Original,Consolidated Only,HKG ARS,Stores Opened - Number - Total,False,False,No scaling,,1.0
1388.HK,1,2023,20231231,Original To Original,,Consolidated Only,,Stores Closed - Number - Total,False,False,No scaling,,77.0
1388.HK,1,2023,20231231,Recent To Recent,,Consolidated Only,,Stores Closed - Number - Total,False,False,No scaling,,77.0
1388.HK,1,2023,20231231,Original To Original,Original,Consolidated Only,HKG ARS,Stores Closed - Number - Total,False,False,No scaling,,77.0
1388.HK,1,2023,20231231,Recent To Recent,Original,Consolidated Only,HKG ARS,Stores Closed - Number - Total,False,False,No scaling,,77.0
1388.HK,1,2024,20241231,Original To Original,,Consolidated Only,,Stores Closed - Number - Total,False,False,No scaling,,196.0
1388.HK,1,2024,20241231,Recent To Recent,,Consolidated Only,,Stores Closed - Number - Total,False,False,No scaling,,196.0
1388.HK,1,2024,20241231,Original To Original,Original,Consolidated Only,HKG ARS,Stores Closed - Number - Total,False,False,No scaling,,196.0
1388.HK,1,2024,20241231,Recent To Recent,Original,Consolidated Only,HKG ARS,Stores Closed - Number - Total,False,False,No scaling,,196.0
1388.HK,1,2025,20251231,Original To Original,,Consolidated Only,,Stores Closed - Number - Total,False,False,No scaling,,95.0
1388.HK,1,2025,20251231,Recent To Recent,,Consolidated Only,,Stores Closed - Number - Total,False,False,No scaling,,95.0
1388.HK,1,2025,20251231,Original To Original,Original,Consolidated Only,HKG ARS,Stores Closed - Number - Total,False,False,No scaling,,95.0
1388.HK,1,2025,20251231,Recent To Recent,Original,Consolidated Only,HKG ARS,Stores Closed - Number - Total,False,False,No scaling,,95.0
1398.HK,1,2023,20231231,Original To Original,Original,Consolidated Only,HKG ARS,Net Interest Margin - Total - %,False,True,Percentage,,1.61
1398.HK,1,2023,20231231,Original To Original,Original,Consolidated Only,HKG ARS,Net Interest Spread - Total - %,False,True,Percentage,,1.41
1398.HK,1,2023,20231231,Original To Original,Original,Consolidated Only,HKG ARS,Solvency Margin - Total - %,False,True,Percentage,,7.67e-05
1398.HK,1,2023,20231231,Original To Original,Original,Consolidated Only,HKG ARS,Efficiency Ratio - Total - %,False,True,Percentage,,2.828e-05
1398.HK,1,2023,20231231,Recent To Recent,Original,Consolidated Only,HKG ARS,Net Interest Margin - Total - %,False,True,Percentage,,1.61
1398.HK,1,2023,20231231,Recent To Recent,Original,Consolidated Only,HKG ARS,Net Interest Spread - Total - %,False,True,Percentage,,1.41
1398.HK,1,2023,20231231,Recent To Recent,Original,Consolidated Only,HKG ARS,Solvency Margin - Total - %,False,True,Percentage,,7.67e-05
1398.HK,1,2023,20231231,Recent To Recent,Original,Consolidated Only,HKG ARS,Efficiency Ratio - Total - %,False,True,Percentage,,2.828e-05
1398.HK,1,2024,20241231,Original To Original,Original,Consolidated Only,HKG ARS,Net Interest Margin - Total - %,False,True,Percentage,,1.42
1398.HK,1,2024,20241231,Original To Original,Original,Consolidated Only,HKG ARS,Net Interest Spread - Total - %,False,True,Percentage,,1.23
1398.HK,1,2024,20241231,Original To Original,Original,Consolidated Only,HKG ARS,Efficiency Ratio - Total - %,False,True,Percentage,,2.943e-05
1398.HK,1,2024,20241231,Recent To Recent,Original,Consolidated Only,HKG ARS,Net Interest Margin - Total - %,False,True,Percentage,,1.42
1398.HK,1,2024,20241231,Recent To Recent,Original,Consolidated Only,HKG ARS,Net Interest Spread - Total - %,False,True,Percentage,,1.23
1398.HK,1,2024,20241231,Recent To Recent,Original,Consolidated Only,HKG ARS,Efficiency Ratio - Total - %,False,True,Percentage,,2.943e-05
1398.HK,1,2025,20251231,Original To Original,Original,Consolidated Only,HKG ARS,Net Interest Margin - Total - %,False,True,Percentage,,1.28
1398.HK,1,2025,20251231,Original To Original,Original,Consolidated Only,HKG ARS,Net Interest Spread - Total - %,False,True,Percentage,,1.15
1398.HK,1,2025,20251231,Original To Original,Original,Consolidated Only,HKG ARS,Efficiency Ratio - Total - %,False,True,Percentage,,2.948e-05
1398.HK,1,2025,20251231,Recent To Recent,Original,Consolidated Only,HKG ARS,Net Interest Margin - Total - %,False,True,Percentage,,1.28
1398.HK,1,2025,20251231,Recent To Recent,Original,Consolidated Only,HKG ARS,Net Interest Spread - Total - %,False,True,Percentage,,1.15
1398.HK,1,2025,20251231,Recent To Recent,Original,Consolidated Only,HKG ARS,Efficiency Ratio - Total - %,False,True,Percentage,,2.948e-05
1508.HK,1,2023,20231231,Original To Original,,Consolidated Only,,Underwriting Profit or Loss - Total,False,False,Units,CNY,610.0
1508.HK,1,2023,20231231,Recent To Recent,,Consolidated Only,,Underwriting Profit or Loss - Total,False,False,Units,CNY,610.0
1508.HK,1,2023,20231231,Original To Original,Original,Consolidated Only,HKG ARS,Underwriting Profit or Loss - Total,False,False,Units,CNY,610.0
1508.HK,1,2023,20231231,Recent To Recent,Original,Consolidated Only,HKG ARS,Underwriting Profit or Loss - Total,False,False,Units,CNY,610.0
1508.HK,1,2024,20241231,Original To Original,,Consolidated Only,,Underwriting Profit or Loss - Total,False,False,Units,CNY,601.0
1508.HK,1,2024,20241231,Recent To Recent,,Consolidated Only,,Underwriting Profit or Loss - Total,False,False,Units,CNY,601.0
1508.HK,1,2024,20241231,Original To Original,Original,Consolidated Only,HKG ARS,Underwriting Profit or Loss - Total,False,False,Units,CNY,601.0
1508.HK,1,2024,20241231,Recent To Recent,Original,Consolidated Only,HKG ARS,Underwriting Profit or Loss - Total,False,False,Units,CNY,601.0
1516.HK,1,2023,20231231,Original To Original,Original,Consolidated Only,HKG ARS,Net Asset Value (NAV) - Total (REIT/Real Estate),False,False,Units,CNY,6035.024
1516.HK,1,2023,20231231,Recent To Recent,Original,Consolidated Only,HKG ARS,Net Asset Value (NAV) - Total (REIT/Real Estate),False,False,Units,CNY,6035.024
1516.HK,1,2024,20241231,Original To Original,Original,Consolidated Only,HKG ARS,Net Asset Value (NAV) - Total (REIT/Real Estate),False,False,Units,CNY,5165.132
1516.HK,1,2024,20241231,Recent To Recent,Original,Consolidated Only,HKG ARS,Net Asset Value (NAV) - Total (REIT/Real Estate),False,False,Units,CNY,5165.132
1516.HK,1,2025,20251231,Original To Original,Original,Consolidated Only,HKG ARS,Net Asset Value (NAV) - Total (REIT/Real Estate),False,False,Units,CNY,5156.386
1516.HK,1,2025,20251231,Recent To Recent,Original,Consolidated Only,HKG ARS,Net Asset Value (NAV) - Total (REIT/Real Estate),False,False,Units,CNY,5156.386
1551.HK,1,2023,20231231,Original To Original,Original,Consolidated Only,HKG ARS,Net Interest Margin - Total - %,False,True,Percentage,,1.39
1551.HK,1,2023,20231231,Original To Original,Original,Consolidated Only,HKG ARS,Net Interest Spread - Total - %,False,True,Percentage,,1.33
1551.HK,1,2023,20231231,Original To Original,Original,Consolidated Only,HKG ARS,Solvency Margin - Total - %,False,True,Percentage,,7.721e-05
1551.HK,1,2023,20231231,Original To Original,Original,Consolidated Only,HKG ARS,Efficiency Ratio - Total - %,False,True,Percentage,,3.608e-05
1551.HK,1,2023,20231231,Recent To Recent,Original,Consolidated Only,HKG ARS,Net Interest Margin - Total - %,False,True,Percentage,,1.39
1551.HK,1,2023,20231231,Recent To Recent,Original,Consolidated Only,HKG ARS,Net Interest Spread - Total - %,False,True,Percentage,,1.33
1551.HK,1,2023,20231231,Recent To Recent,Original,Consolidated Only,HKG ARS,Solvency Margin - Total - %,False,True,Percentage,,7.721e-05
1551.HK,1,2023,20231231,Recent To Recent,Original,Consolidated Only,HKG ARS,Efficiency Ratio - Total - %,False,True,Percentage,,3.608e-05
1551.HK,1,2024,20241231,Original To Original,Original,Consolidated Only,HKG ARS,Net Interest Margin - Total - %,False,True,Percentage,,1.11
1551.HK,1,2024,20241231,Original To Original,Original,Consolidated Only,HKG ARS,Net Interest Spread - Total - %,False,True,Percentage,,1.06
1551.HK,1,2024,20241231,Original To Original,Original,Consolidated Only,HKG ARS,Solvency Margin - Total - %,False,True,Percentage,,7.353e-05
1551.HK,1,2024,20241231,Original To Original,Original,Consolidated Only,HKG ARS,Efficiency Ratio - Total - %,False,True,Percentage,,3.933e-05
1551.HK,1,2024,20241231,Recent To Recent,Original,Consolidated Only,HKG ARS,Net Interest Margin - Total - %,False,True,Percentage,,1.11
1551.HK,1,2024,20241231,Recent To Recent,Original,Consolidated Only,HKG ARS,Net Interest Spread - Total - %,False,True,Percentage,,1.06
1551.HK,1,2024,20241231,Recent To Recent,Original,Consolidated Only,HKG ARS,Solvency Margin - Total - %,False,True,Percentage,,7.353e-05
1551.HK,1,2024,20241231,Recent To Recent,Original,Consolidated Only,HKG ARS,Efficiency Ratio - Total - %,False,True,Percentage,,3.933e-05
1551.HK,1,2025,20251231,Original To Original,Original,Consolidated Only,HKG ARS,Net Interest Margin - Total - %,False,True,Percentage,,1.08
1551.HK,1,2025,20251231,Original To Original,Original,Consolidated Only,HKG ARS,Net Interest Spread - Total - %,False,True,Percentage,,1.03
1551.HK,1,2025,20251231,Original To Original,Original,Consolidated Only,HKG ARS,Solvency Margin - Total - %,False,True,Percentage,,7.003e-05
1551.HK,1,2025,20251231,Original To Original,Original,Consolidated Only,HKG ARS,Efficiency Ratio - Total - %,False,True,Percentage,,4e-05
1551.HK,1,2025,20251231,Recent To Recent,Original,Consolidated Only,HKG ARS,Net Interest Margin - Total - %,False,True,Percentage,,1.08
1551.HK,1,2025,20251231,Recent To Recent,Original,Consolidated Only,HKG ARS,Net Interest Spread - Total - %,False,True,Percentage,,1.03
1551.HK,1,2025,20251231,Recent To Recent,Original,Consolidated Only,HKG ARS,Solvency Margin - Total - %,False,True,Percentage,,7.003e-05
1551.HK,1,2025,20251231,Recent To Recent,Original,Consolidated Only,HKG ARS,Efficiency Ratio - Total - %,False,True,Percentage,,4e-05
1555.HK,1,2023,20231231,Original To Original,,Consolidated Only,,Oil Equivalent Production (Units/day) - Total,False,False,No scaling,,5262.0
1555.HK,1,2023,20231231,Recent To Recent,,Consolidated Only,,Oil Equivalent Production (Units/day) - Total,False,False,No scaling,,5262.0
1555.HK,1,2023,20231231,Original To Original,Original,Consolidated Only,HKG ARS,Oil Equivalent Production (Units/day) - Total,False,False,No scaling,,5262.0
1555.HK,1,2023,20231231,Recent To Recent,Original,Consolidated Only,HKG ARS,Oil Equivalent Production (Units/day) - Total,False,False,No scaling,,5262.0
1555.HK,1,2024,20241231,Original To Original,,Consolidated Only,,Oil Equivalent Production (Units/day) - Total,False,False,No scaling,,4323.0
1555.HK,1,2024,20241231,Original To Original,,Consolidated Only,,Crude Oil - Sales Price per Unit - Average - Total,False,False,No scaling,CNY,573.79225
1555.HK,1,2024,20241231,Recent To Recent,,Consolidated Only,,Oil Equivalent Production (Units/day) - Total,False,False,No scaling,,4323.0
1555.HK,1,2024,20241231,Recent To Recent,,Consolidated Only,,Crude Oil - Sales Price per Unit - Average - Total,False,False,No scaling,CNY,573.79225
1555.HK,1,2024,20241231,Original To Original,Original,Consolidated Only,HKG ARS,Oil Equivalent Production (Units/day) - Total,False,False,No scaling,,4323.0
1555.HK,1,2024,20241231,Original To Original,Original,Consolidated Only,HKG ARS,Crude Oil - Sales Price per Unit - Average - Total,False,False,No scaling,CNY,573.79225
1555.HK,1,2024,20241231,Recent To Recent,Original,Consolidated Only,HKG ARS,Oil Equivalent Production (Units/day) - Total,False,False,No scaling,,4323.0
1555.HK,1,2024,20241231,Recent To Recent,Original,Consolidated Only,HKG ARS,Crude Oil - Sales Price per Unit - Average - Total,False,False,No scaling,CNY,573.79225
1555.HK,1,2025,20251231,Original To Original,,Consolidated Only,,Oil Equivalent Production (Units/day) - Total,False,False,No scaling,,4088.0
1555.HK,1,2025,20251231,Original To Original,,Consolidated Only,,Crude Oil - Sales Price per Unit - Average - Total,False,False,No scaling,CNY,479.27938
1555.HK,1,2025,20251231,Recent To Recent,,Consolidated Only,,Oil Equivalent Production (Units/day) - Total,False,False,No scaling,,4088.0
1555.HK,1,2025,20251231,Recent To Recent,,Consolidated Only,,Crude Oil - Sales Price per Unit - Average - Total,False,False,No scaling,CNY,479.27938
1555.HK,1,2025,20251231,Original To Original,Original,Consolidated Only,HKG ARS,Oil Equivalent Production (Units/day) - Total,False,False,No scaling,,4088.0
1555.HK,1,2025,20251231,Original To Original,Original,Consolidated Only,HKG ARS,Crude Oil - Sales Price per Unit - Average - Total,False,False,No scaling,CNY,479.27938
1555.HK,1,2025,20251231,Recent To Recent,Original,Consolidated Only,HKG ARS,Oil Equivalent Production (Units/day) - Total,False,False,No scaling,,4088.0
1555.HK,1,2025,20251231,Recent To Recent,Original,Consolidated Only,HKG ARS,Crude Oil - Sales Price per Unit - Average - Total,False,False,No scaling,CNY,479.27938
1578.HK,1,2023,20231231,Original To Original,,Consolidated Only,,Net Interest Margin - Total - %,False,True,Percentage,,1.65
1578.HK,1,2023,20231231,Original To Original,,Consolidated Only,,Net Interest Spread - Total - %,False,True,Percentage,,1.75
1578.HK,1,2023,20231231,Original To Original,,Consolidated Only,,Solvency Margin - Total - %,False,True,Percentage,,9.072e-05
1578.HK,1,2023,20231231,Original To Original,,Consolidated Only,,Efficiency Ratio - Total - %,False,True,Percentage,,2.768e-05
1578.HK,1,2023,20231231,Recent To Recent,,Consolidated Only,,Net Interest Margin - Total - %,False,True,Percentage,,1.65
1578.HK,1,2023,20231231,Recent To Recent,,Consolidated Only,,Net Interest Spread - Total - %,False,True,Percentage,,1.75
1578.HK,1,2023,20231231,Recent To Recent,,Consolidated Only,,Solvency Margin - Total - %,False,True,Percentage,,9.072e-05
1578.HK,1,2023,20231231,Recent To Recent,,Consolidated Only,,Efficiency Ratio - Total - %,False,True,Percentage,,2.768e-05
1578.HK,1,2023,20231231,Original To Original,Original,Consolidated Only,HKG ARS,Net Interest Margin - Total - %,False,True,Percentage,,1.65
1578.HK,1,2023,20231231,Original To Original,Original,Consolidated Only,HKG ARS,Net Interest Spread - Total - %,False,True,Percentage,,1.75
1578.HK,1,2023,20231231,Original To Original,Original,Consolidated Only,HKG ARS,Solvency Margin - Total - %,False,True,Percentage,,9.072e-05
1578.HK,1,2023,20231231,Original To Original,Original,Consolidated Only,HKG ARS,Efficiency Ratio - Total - %,False,True,Percentage,,2.768e-05
1578.HK,1,2023,20231231,Recent To Recent,Original,Consolidated Only,HKG ARS,Net Interest Margin - Total - %,False,True,Percentage,,1.65
1578.HK,1,2023,20231231,Recent To Recent,Original,Consolidated Only,HKG ARS,Net Interest Spread - Total - %,False,True,Percentage,,1.75
1578.HK,1,2023,20231231,Recent To Recent,Original,Consolidated Only,HKG ARS,Solvency Margin - Total - %,False,True,Percentage,,9.072e-05
1578.HK,1,2023,20231231,Recent To Recent,Original,Consolidated Only,HKG ARS,Efficiency Ratio - Total - %,False,True,Percentage,,2.768e-05
1578.HK,1,2024,20241231,Original To Original,,Consolidated Only,,Net Interest Margin - Total - %,False,True,Percentage,,1.47
1578.HK,1,2024,20241231,Original To Original,,Consolidated Only,,Net Interest Spread - Total - %,False,True,Percentage,,1.55
1578.HK,1,2024,20241231,Original To Original,,Consolidated Only,,Solvency Margin - Total - %,False,True,Percentage,,9.086e-05
1578.HK,1,2024,20241231,Original To Original,,Consolidated Only,,Efficiency Ratio - Total - %,False,True,Percentage,,2.823e-05
1578.HK,1,2024,20241231,Recent To Recent,,Consolidated Only,,Net Interest Margin - Total - %,False,True,Percentage,,1.47
1578.HK,1,2024,20241231,Recent To Recent,,Consolidated Only,,Net Interest Spread - Total - %,False,True,Percentage,,1.55
1578.HK,1,2024,20241231,Recent To Recent,,Consolidated Only,,Solvency Margin - Total - %,False,True,Percentage,,9.086e-05
1578.HK,1,2024,20241231,Recent To Recent,,Consolidated Only,,Efficiency Ratio - Total - %,False,True,Percentage,,2.823e-05
1578.HK,1,2024,20241231,Original To Original,Original,Consolidated Only,HKG ARS,Net Interest Margin - Total - %,False,True,Percentage,,1.47
1578.HK,1,2024,20241231,Original To Original,Original,Consolidated Only,HKG ARS,Net Interest Spread - Total - %,False,True,Percentage,,1.55
1578.HK,1,2024,20241231,Original To Original,Original,Consolidated Only,HKG ARS,Solvency Margin - Total - %,False,True,Percentage,,9.086e-05
1578.HK,1,2024,20241231,Original To Original,Original,Consolidated Only,HKG ARS,Efficiency Ratio - Total - %,False,True,Percentage,,2.823e-05
1578.HK,1,2024,20241231,Recent To Recent,Original,Consolidated Only,HKG ARS,Net Interest Margin - Total - %,False,True,Percentage,,1.47
1578.HK,1,2024,20241231,Recent To Recent,Original,Consolidated Only,HKG ARS,Net Interest Spread - Total - %,False,True,Percentage,,1.55
1578.HK,1,2024,20241231,Recent To Recent,Original,Consolidated Only,HKG ARS,Solvency Margin - Total - %,False,True,Percentage,,9.086e-05
1578.HK,1,2024,20241231,Recent To Recent,Original,Consolidated Only,HKG ARS,Efficiency Ratio - Total - %,False,True,Percentage,,2.823e-05
1578.HK,1,2025,20251231,Original To Original,,Consolidated Only,,Net Interest Margin - Total - %,False,True,Percentage,,1.53
1578.HK,1,2025,20251231,Original To Original,,Consolidated Only,,Net Interest Spread - Total - %,False,True,Percentage,,1.61
1578.HK,1,2025,20251231,Recent To Recent,,Consolidated Only,,Net Interest Margin - Total - %,False,True,Percentage,,1.53
1578.HK,1,2025,20251231,Recent To Recent,,Consolidated Only,,Net Interest Spread - Total - %,False,True,Percentage,,1.61
1578.HK,1,2025,20251231,Original To Original,Original,Consolidated Only,HKG ARS,Net Interest Margin - Total - %,False,True,Percentage,,1.53
1578.HK,1,2025,20251231,Original To Original,Original,Consolidated Only,HKG ARS,Net Interest Spread - Total - %,False,True,Percentage,,1.61
1578.HK,1,2025,20251231,Recent To Recent,Original,Consolidated Only,HKG ARS,Net Interest Margin - Total - %,False,True,Percentage,,1.53
1578.HK,1,2025,20251231,Recent To Recent,Original,Consolidated Only,HKG ARS,Net Interest Spread - Total - %,False,True,Percentage,,1.61
1601.HK,1,2023,20231231,Original To Original,Original,Consolidated Only,HKG ARS,Net Interest Margin - Total - %,False,True,Percentage,,3.9
1601.HK,1,2023,20231231,Original To Original,Original,Consolidated Only,HKG ARS,Net Interest Spread - Total - %,False,True,Percentage,,2.9
1601.HK,1,2023,20231231,Recent To Recent,Original,Consolidated Only,HKG ARS,Net Interest Margin - Total - %,False,True,Percentage,,3.9
1601.HK,1,2023,20231231,Recent To Recent,Original,Consolidated Only,HKG ARS,Net Interest Spread - Total - %,False,True,Percentage,,2.9
1601.HK,1,2024,20241231,Original To Original,Original,Consolidated Only,HKG ARS,Net Interest Margin - Total - %,False,True,Percentage,,4.1
1601.HK,1,2024,20241231,Original To Original,Original,Consolidated Only,HKG ARS,Net Interest Spread - Total - %,False,True,Percentage,,3.2
1601.HK,1,2024,20241231,Recent To Recent,Original,Consolidated Only,HKG ARS,Net Interest Margin - Total - %,False,True,Percentage,,4.1
1601.HK,1,2024,20241231,Recent To Recent,Original,Consolidated Only,HKG ARS,Net Interest Spread - Total - %,False,True,Percentage,,3.2
1601.HK,1,2025,20251231,Original To Original,Original,Consolidated Only,HKG ARS,Net Interest Margin - Total - %,False,True,Percentage,,3.8
1601.HK,1,2025,20251231,Original To Original,Original,Consolidated Only,HKG ARS,Net Interest Spread - Total - %,False,True,Percentage,,3.0
1601.HK,1,2025,20251231,Recent To Recent,Original,Consolidated Only,HKG ARS,Net Interest Margin - Total - %,False,True,Percentage,,3.8
1601.HK,1,2025,20251231,Recent To Recent,Original,Consolidated Only,HKG ARS,Net Interest Spread - Total - %,False,True,Percentage,,3.0
1606.HK,1,2023,20231231,Original To Original,Original,Consolidated Only,HKG ARS,Efficiency Ratio - Total - %,False,True,Percentage,,9.55e-06
1606.HK,1,2023,20231231,Recent To Recent,Original,Consolidated Only,HKG ARS,Efficiency Ratio - Total - %,False,True,Percentage,,9.55e-06
1606.HK,1,2024,20241231,Original To Original,Original,Consolidated Only,HKG ARS,Efficiency Ratio - Total - %,False,True,Percentage,,9.35e-06
1606.HK,1,2024,20241231,Recent To Recent,Original,Consolidated Only,HKG ARS,Efficiency Ratio - Total - %,False,True,Percentage,,9.35e-06
1606.HK,1,2025,20251231,Original To Original,Original,Consolidated Only,HKG ARS,Efficiency Ratio - Total - %,False,True,Percentage,,9.57e-06
1606.HK,1,2025,20251231,Recent To Recent,Original,Consolidated Only,HKG ARS,Efficiency Ratio - Total - %,False,True,Percentage,,9.57e-06
1622.HK,1,2023,20231231,Original To Original,,Consolidated Only,,Net Asset Value (NAV) - Total (REIT/Real Estate),False,False,Units,CNY,466.917
1622.HK,1,2023,20231231,Recent To Recent,,Consolidated Only,,Net Asset Value (NAV) - Total (REIT/Real Estate),False,False,Units,CNY,466.917
1622.HK,1,2023,20231231,Original To Original,Original,Consolidated Only,HKG ARS,Net Asset Value (NAV) - Total (REIT/Real Estate),False,False,Units,CNY,466.917
1622.HK,1,2023,20231231,Recent To Recent,Original,Consolidated Only,HKG ARS,Net Asset Value (NAV) - Total (REIT/Real Estate),False,False,Units,CNY,466.917
1622.HK,1,2024,20241231,Original To Original,,Consolidated Only,,Net Asset Value (NAV) - Total (REIT/Real Estate),False,False,Units,CNY,2557.786
1622.HK,1,2024,20241231,Recent To Recent,,Consolidated Only,,Net Asset Value (NAV) - Total (REIT/Real Estate),False,False,Units,CNY,2557.786
1622.HK,1,2024,20241231,Original To Original,Original,Consolidated Only,HKG ARS,Net Asset Value (NAV) - Total (REIT/Real Estate),False,False,Units,CNY,2557.786
1622.HK,1,2024,20241231,Recent To Recent,Original,Consolidated Only,HKG ARS,Net Asset Value (NAV) - Total (REIT/Real Estate),False,False,Units,CNY,2557.786
1622.HK,0,2025,20251231,Original To Original,,Consolidated Only,,Net Asset Value (NAV) - Total (REIT/Real Estate),False,False,Units,CNY,5186.874
1622.HK,0,2025,20251231,Recent To Recent,,Consolidated Only,,Net Asset Value (NAV) - Total (REIT/Real Estate),False,False,Units,CNY,5186.874
1622.HK,1,2025,20251231,Original To Original,Original,Consolidated Only,HKG ARS,Net Asset Value (NAV) - Total (REIT/Real Estate),False,False,Units,CNY,5186.874
1622.HK,1,2025,20251231,Recent To Recent,Original,Consolidated Only,HKG ARS,Net Asset Value (NAV) - Total (REIT/Real Estate),False,False,Units,CNY,5186.874
1628.HK,1,2023,20231231,Original To Original,,Consolidated Only,,Net Asset Value (NAV) - Total (REIT/Real Estate),False,False,Units,CNY,432.097
1628.HK,1,2023,20231231,Recent To Recent,,Consolidated Only,,Net Asset Value (NAV) - Total (REIT/Real Estate),False,False,Units,CNY,432.097
1628.HK,1,2023,20231231,Original To Original,Original,Consolidated Only,HKG ARS,Net Asset Value (NAV) - Total (REIT/Real Estate),False,False,Units,CNY,432.097
1628.HK,1,2023,20231231,Recent To Recent,Original,Consolidated Only,HKG ARS,Net Asset Value (NAV) - Total (REIT/Real Estate),False,False,Units,CNY,432.097
1658.HK,1,2023,20231231,Original To Original,Original,Consolidated Only,HKG ARS,Net Interest Margin - Total - %,False,True,Percentage,,2.01
1658.HK,1,2023,20231231,Original To Original,Original,Consolidated Only,HKG ARS,Net Interest Spread - Total - %,False,True,Percentage,,1.99
1658.HK,1,2023,20231231,Original To Original,Original,Consolidated Only,HKG ARS,Solvency Margin - Total - %,False,True,Percentage,,5.839e-05
1658.HK,1,2023,20231231,Original To Original,Original,Consolidated Only,HKG ARS,Efficiency Ratio - Total - %,False,True,Percentage,,6.487e-05
1658.HK,1,2023,20231231,Recent To Recent,Original,Consolidated Only,HKG ARS,Net Interest Margin - Total - %,False,True,Percentage,,2.01
1658.HK,1,2023,20231231,Recent To Recent,Original,Consolidated Only,HKG ARS,Net Interest Spread - Total - %,False,True,Percentage,,1.99
1658.HK,1,2023,20231231,Recent To Recent,Original,Consolidated Only,HKG ARS,Solvency Margin - Total - %,False,True,Percentage,,5.839e-05
1658.HK,1,2023,20231231,Recent To Recent,Original,Consolidated Only,HKG ARS,Efficiency Ratio - Total - %,False,True,Percentage,,6.487e-05
1658.HK,1,2024,20241231,Original To Original,Original,Consolidated Only,HKG ARS,Net Interest Margin - Total - %,False,True,Percentage,,1.87
1658.HK,1,2024,20241231,Original To Original,Original,Consolidated Only,HKG ARS,Net Interest Spread - Total - %,False,True,Percentage,,1.85
1658.HK,1,2024,20241231,Original To Original,Original,Consolidated Only,HKG ARS,Efficiency Ratio - Total - %,False,True,Percentage,,6.401e-05
1658.HK,1,2024,20241231,Recent To Recent,Original,Consolidated Only,HKG ARS,Net Interest Margin - Total - %,False,True,Percentage,,1.87
1658.HK,1,2024,20241231,Recent To Recent,Original,Consolidated Only,HKG ARS,Net Interest Spread - Total - %,False,True,Percentage,,1.85
1658.HK,1,2024,20241231,Recent To Recent,Original,Consolidated Only,HKG ARS,Efficiency Ratio - Total - %,False,True,Percentage,,6.401e-05
1658.HK,1,2025,20251231,Original To Original,Original,Consolidated Only,HKG ARS,Net Interest Margin - Total - %,False,True,Percentage,,1.66
1658.HK,1,2025,20251231,Original To Original,Original,Consolidated Only,HKG ARS,Net Interest Spread - Total - %,False,True,Percentage,,1.65
1658.HK,1,2025,20251231,Original To Original,Original,Consolidated Only,HKG ARS,Efficiency Ratio - Total - %,False,True,Percentage,,6.231e-05
1658.HK,1,2025,20251231,Recent To Recent,Original,Consolidated Only,HKG ARS,Net Interest Margin - Total - %,False,True,Percentage,,1.66
1658.HK,1,2025,20251231,Recent To Recent,Original,Consolidated Only,HKG ARS,Net Interest Spread - Total - %,False,True,Percentage,,1.65
1658.HK,1,2025,20251231,Recent To Recent,Original,Consolidated Only,HKG ARS,Efficiency Ratio - Total - %,False,True,Percentage,,6.231e-05
1668.HK,1,2023,20231231,Original To Original,,Consolidated Only,,Net Asset Value (NAV) - Total (REIT/Real Estate),False,False,Units,HKD,36431.814
1668.HK,1,2023,20231231,Recent To Recent,,Consolidated Only,,Net Asset Value (NAV) - Total (REIT/Real Estate),False,False,Units,HKD,36431.814
1668.HK,1,2023,20231231,Original To Original,Original,Consolidated Only,HKG ARS,Net Asset Value (NAV) - Total (REIT/Real Estate),False,False,Units,HKD,36431.814
1668.HK,1,2023,20231231,Recent To Recent,Original,Consolidated Only,HKG ARS,Net Asset Value (NAV) - Total (REIT/Real Estate),False,False,Units,HKD,36431.814
1668.HK,1,2024,20241231,Original To Original,,Consolidated Only,,Net Asset Value (NAV) - Total (REIT/Real Estate),False,False,Units,HKD,26592.769
1668.HK,1,2024,20241231,Recent To Recent,,Consolidated Only,,Net Asset Value (NAV) - Total (REIT/Real Estate),False,False,Units,HKD,26592.769
1668.HK,1,2024,20241231,Original To Original,Original,Consolidated Only,HKG ARS,Net Asset Value (NAV) - Total (REIT/Real Estate),False,False,Units,HKD,26592.769
1668.HK,1,2024,20241231,Recent To Recent,Original,Consolidated Only,HKG ARS,Net Asset Value (NAV) - Total (REIT/Real Estate),False,False,Units,HKD,26592.769
1698.HK,1,2023,20231231,Original To Original,Original,Consolidated Only,20-F,Monthly Active Users (MAU) - Total,False,False,No scaling,,715.0
1698.HK,1,2023,20231231,Recent To Recent,Original,Consolidated Only,20-F,Monthly Active Users (MAU) - Total,False,False,No scaling,,715.0
1698.HK,1,2024,20241231,Original To Original,Original,Consolidated Only,20-F,Monthly Active Users (MAU) - Total,False,False,No scaling,,661.0
1698.HK,1,2024,20241231,Recent To Recent,Original,Consolidated Only,20-F,Monthly Active Users (MAU) - Total,False,False,No scaling,,661.0
1698.HK,1,2025,20251231,Original To Original,Original,Consolidated Only,20-F,Monthly Active Users (MAU) - Total,False,False,No scaling,,547.0
1698.HK,1,2025,20251231,Recent To Recent,Original,Consolidated Only,20-F,Monthly Active Users (MAU) - Total,False,False,No scaling,,547.0
1728.HK,1,2024,20241231,Original To Original,Original,Consolidated Only,HKG ARS,Stores Opened - Number - Total,False,False,No scaling,,2.0
1728.HK,1,2024,20241231,Recent To Recent,Original,Consolidated Only,HKG ARS,Stores Opened - Number - Total,False,False,No scaling,,2.0
1728.HK,1,2025,20251231,Original To Original,Original,Consolidated Only,HKG ARS,Stores Opened - Number - Total,False,False,No scaling,,8.0
1728.HK,1,2025,20251231,Recent To Recent,Original,Consolidated Only,HKG ARS,Stores Opened - Number - Total,False,False,No scaling,,8.0
1753.HK,1,2023,20231231,Original To Original,Original,Consolidated Only,HKG ARS,Advertisement Revenue - Total,False,False,Units,CNY,838.859
1753.HK,1,2023,20231231,Original To Original,Original,Consolidated Only,HKG ARS,Monthly Active Users (MAU) - Total,False,False,No scaling,,373.0
1753.HK,1,2023,20231231,Recent To Recent,Original,Consolidated Only,HKG ARS,Advertisement Revenue - Total,False,False,Units,CNY,838.859
1753.HK,1,2023,20231231,Recent To Recent,Original,Consolidated Only,HKG ARS,Monthly Active Users (MAU) - Total,False,False,No scaling,,373.0
1753.HK,1,2024,20241231,Original To Original,Original,Consolidated Only,HKG ARS,Advertisement Revenue - Total,False,False,Units,CNY,607.363
1753.HK,1,2024,20241231,Recent To Recent,Original,Consolidated Only,HKG ARS,Advertisement Revenue - Total,False,False,Units,CNY,607.363
1753.HK,1,2025,20251231,Original To Original,Original,Consolidated Only,HKG ARS,Advertisement Revenue - Total,False,False,Units,CNY,377.208
1753.HK,1,2025,20251231,Recent To Recent,Original,Consolidated Only,HKG ARS,Advertisement Revenue - Total,False,False,Units,CNY,377.208
1755.HK,1,2023,20231231,Original To Original,Original,Consolidated Only,HKG ARS,Net Asset Value (NAV) - Total (REIT/Real Estate),False,False,Units,CNY,2903.765
1755.HK,1,2023,20231231,Recent To Recent,Original,Consolidated Only,HKG ARS,Net Asset Value (NAV) - Total (REIT/Real Estate),False,False,Units,CNY,2903.765
1755.HK,0,2024,20241231,Original To Original,Original,Consolidated Only,HKG PRESS,Net Asset Value (NAV) - Total (REIT/Real Estate),False,False,Units,CNY,1880.636
1755.HK,0,2024,20241231,Recent To Recent,Original,Consolidated Only,HKG PRESS,Net Asset Value (NAV) - Total (REIT/Real Estate),False,False,Units,CNY,1880.636
1755.HK,1,2025,20251231,Original To Original,Original,Consolidated Only,HKG ARS,Net Asset Value (NAV) - Total (REIT/Real Estate),False,False,Units,CNY,2033.054
1755.HK,1,2025,20251231,Recent To Recent,Original,Consolidated Only,HKG ARS,Net Asset Value (NAV) - Total (REIT/Real Estate),False,False,Units,CNY,2033.054
1778.HK,1,2023,20231231,Original To Original,Original,Consolidated Only,HKG ARS,Net Asset Value (NAV) - Total (REIT/Real Estate),False,False,Units,CNY,4271.14
1778.HK,1,2023,20231231,Recent To Recent,Original,Consolidated Only,HKG ARS,Net Asset Value (NAV) - Total (REIT/Real Estate),False,False,Units,CNY,4271.14
1778.HK,1,2024,20241231,Original To Original,Original,Consolidated Only,HKG ARS,Net Asset Value (NAV) - Total (REIT/Real Estate),False,False,Units,CNY,4286.798
1778.HK,1,2024,20241231,Recent To Recent,Original,Consolidated Only,HKG ARS,Net Asset Value (NAV) - Total (REIT/Real Estate),False,False,Units,CNY,4286.798
1778.HK,1,2025,20251231,Original To Original,Original,Consolidated Only,HKG ARS,Net Asset Value (NAV) - Total (REIT/Real Estate),False,False,Units,CNY,4353.544
1778.HK,1,2025,20251231,Recent To Recent,Original,Consolidated Only,HKG ARS,Net Asset Value (NAV) - Total (REIT/Real Estate),False,False,Units,CNY,4353.544
1787.HK,1,2023,20231231,Original To Original,Original,Consolidated Only,HKG ARS,Gold - Production - Total,False,False,No scaling,,1343190.0
1787.HK,1,2023,20231231,Recent To Recent,Original,Consolidated Only,HKG ARS,Gold - Production - Total,False,False,No scaling,,1343190.0
1813.HK,1,2023,20231231,Original To Original,Original,Consolidated Only,HKG ARS,Net Asset Value (NAV) - Total (REIT/Real Estate),False,False,Units,CNY,12731.934
1813.HK,1,2023,20231231,Recent To Recent,Original,Consolidated Only,HKG ARS,Net Asset Value (NAV) - Total (REIT/Real Estate),False,False,Units,CNY,12731.934
1813.HK,1,2024,20241231,Original To Original,Original,Consolidated Only,HKG ARS,Net Asset Value (NAV) - Total (REIT/Real Estate),False,False,Units,CNY,4002.277
1813.HK,1,2024,20241231,Recent To Recent,Original,Consolidated Only,HKG ARS,Net Asset Value (NAV) - Total (REIT/Real Estate),False,False,Units,CNY,4002.277
1813.HK,1,2025,20251231,Original To Original,Original,Consolidated Only,HKG ARS,Net Asset Value (NAV) - Total (REIT/Real Estate),False,False,Units,CNY,1700.317
1813.HK,1,2025,20251231,Recent To Recent,Original,Consolidated Only,HKG ARS,Net Asset Value (NAV) - Total (REIT/Real Estate),False,False,Units,CNY,1700.317
1815.HK,1,2023,20231231,Original To Original,,Consolidated Only,,Stores Closed - Number - Total,False,False,No scaling,,4.0
1815.HK,1,2023,20231231,Recent To Recent,,Consolidated Only,,Stores Closed - Number - Total,False,False,No scaling,,4.0
1815.HK,1,2023,20231231,Original To Original,Original,Consolidated Only,HKG ARS,Stores Closed - Number - Total,False,False,No scaling,,4.0
1815.HK,1,2023,20231231,Recent To Recent,Original,Consolidated Only,HKG ARS,Stores Closed - Number - Total,False,False,No scaling,,4.0
1818.HK,1,2023,20231231,Original To Original,,Consolidated Only,,Gold - Price per Unit - Average - Total,False,False,No scaling,CNY,13975.10316
1818.HK,1,2023,20231231,Original To Original,,Consolidated Only,,Gold - Production - Total,False,False,No scaling,,793632.9
1818.HK,1,2023,20231231,Recent To Recent,,Consolidated Only,,Gold - Price per Unit - Average - Total,False,False,No scaling,CNY,13975.10316
1818.HK,1,2023,20231231,Recent To Recent,,Consolidated Only,,Gold - Production - Total,False,False,No scaling,,793632.9
1818.HK,1,2023,20231231,Original To Original,Original,Consolidated Only,HKG ARS,Gold - Price per Unit - Average - Total,False,False,No scaling,CNY,13975.10316
1818.HK,1,2023,20231231,Original To Original,Original,Consolidated Only,HKG ARS,Gold - Production - Total,False,False,No scaling,,793632.9
1818.HK,1,2023,20231231,Recent To Recent,Original,Consolidated Only,HKG ARS,Gold - Price per Unit - Average - Total,False,False,No scaling,CNY,13975.10316
1818.HK,1,2023,20231231,Recent To Recent,Original,Consolidated Only,HKG ARS,Gold - Production - Total,False,False,No scaling,,793632.9
1818.HK,1,2024,20241231,Original To Original,,Consolidated Only,,Gold - Price per Unit - Average - Total,False,False,No scaling,CNY,17586.21682
1818.HK,1,2024,20241231,Original To Original,,Consolidated Only,,Gold - Production - Total,False,False,No scaling,,850377.84
1818.HK,1,2024,20241231,Recent To Recent,,Consolidated Only,,Gold - Price per Unit - Average - Total,False,False,No scaling,CNY,17586.21682
1818.HK,1,2024,20241231,Recent To Recent,,Consolidated Only,,Gold - Production - Total,False,False,No scaling,,850377.84
1818.HK,1,2024,20241231,Original To Original,Original,Consolidated Only,HKG ARS,Gold - Price per Unit - Average - Total,False,False,No scaling,CNY,17586.21682
1818.HK,1,2024,20241231,Original To Original,Original,Consolidated Only,HKG ARS,Gold - Production - Total,False,False,No scaling,,850377.84
1818.HK,1,2024,20241231,Recent To Recent,Original,Consolidated Only,HKG ARS,Gold - Price per Unit - Average - Total,False,False,No scaling,CNY,17586.21682
1818.HK,1,2024,20241231,Recent To Recent,Original,Consolidated Only,HKG ARS,Gold - Production - Total,False,False,No scaling,,850377.84
1818.HK,1,2025,20251231,Original To Original,,Consolidated Only,,Gold - Price per Unit - Average - Total,False,False,No scaling,CNY,181621.24962
1818.HK,1,2025,20251231,Original To Original,,Consolidated Only,,Gold - Production - Total,False,False,No scaling,,875325.2
1818.HK,1,2025,20251231,Recent To Recent,,Consolidated Only,,Gold - Price per Unit - Average - Total,False,False,No scaling,CNY,181621.24962
1818.HK,1,2025,20251231,Recent To Recent,,Consolidated Only,,Gold - Production - Total,False,False,No scaling,,875325.2
1818.HK,1,2025,20251231,Original To Original,Original,Consolidated Only,HKG ARS,Gold - Price per Unit - Average - Total,False,False,No scaling,CNY,181621.24962
1818.HK,1,2025,20251231,Original To Original,Original,Consolidated Only,HKG ARS,Gold - Production - Total,False,False,No scaling,,875325.2
1818.HK,1,2025,20251231,Recent To Recent,Original,Consolidated Only,HKG ARS,Gold - Price per Unit - Average - Total,False,False,No scaling,CNY,181621.24962
1818.HK,1,2025,20251231,Recent To Recent,Original,Consolidated Only,HKG ARS,Gold - Production - Total,False,False,No scaling,,875325.2
1860.HK,1,2023,20231231,Original To Original,Original,Consolidated Only,HKG ARS,Advertisement Revenue - Total,False,False,Units,USD,1038.491
1860.HK,1,2023,20231231,Recent To Recent,Original,Consolidated Only,HKG ARS,Advertisement Revenue - Total,False,False,Units,USD,1038.491
1860.HK,1,2024,20241231,Original To Original,Original,Consolidated Only,HKG ARS,Advertisement Revenue - Total,False,False,Units,USD,1490.25
1860.HK,1,2024,20241231,Recent To Recent,Original,Consolidated Only,HKG ARS,Advertisement Revenue - Total,False,False,Units,USD,1490.25
1860.HK,1,2025,20251231,Original To Original,Original,Consolidated Only,HKG ARS,Advertisement Revenue - Total,False,False,Units,USD,2028.755
1860.HK,1,2025,20251231,Recent To Recent,Original,Consolidated Only,HKG ARS,Advertisement Revenue - Total,False,False,Units,USD,2028.755
1862.HK,1,2023,20231231,Original To Original,,Consolidated Only,,Net Asset Value (NAV) - Total (REIT/Real Estate),False,False,Units,CNY,152.608
1862.HK,1,2023,20231231,Recent To Recent,,Consolidated Only,,Net Asset Value (NAV) - Total (REIT/Real Estate),False,False,Units,CNY,152.608
1862.HK,1,2023,20231231,Original To Original,Original,Consolidated Only,HKG ARS,Net Asset Value (NAV) - Total (REIT/Real Estate),False,False,Units,CNY,152.608
1862.HK,1,2023,20231231,Recent To Recent,Original,Consolidated Only,HKG ARS,Net Asset Value (NAV) - Total (REIT/Real Estate),False,False,Units,CNY,152.608
1883.HK,1,2023,20231231,Original To Original,,Consolidated Only,,Subscribers - Connections - Number - Total,False,False,No scaling,,0.869
1883.HK,1,2023,20231231,Recent To Recent,,Consolidated Only,,Subscribers - Connections - Number - Total,False,False,No scaling,,0.869
1883.HK,1,2023,20231231,Original To Original,Original,Consolidated Only,HKG ARS,Subscribers - Connections - Number - Total,False,False,No scaling,,0.869
1883.HK,1,2023,20231231,Recent To Recent,Original,Consolidated Only,HKG ARS,Subscribers - Connections - Number - Total,False,False,No scaling,,0.869
1883.HK,1,2024,20241231,Original To Original,,Consolidated Only,,Subscribers - Connections - Number - Total,False,False,No scaling,,0.979
1883.HK,1,2024,20241231,Recent To Recent,,Consolidated Only,,Subscribers - Connections - Number - Total,False,False,No scaling,,0.979
1883.HK,1,2024,20241231,Original To Original,Original,Consolidated Only,HKG ARS,Subscribers - Connections - Number - Total,False,False,No scaling,,0.979
1883.HK,1,2024,20241231,Recent To Recent,Original,Consolidated Only,HKG ARS,Subscribers - Connections - Number - Total,False,False,No scaling,,0.979
1883.HK,1,2025,20251231,Original To Original,,Consolidated Only,,Subscribers - Connections - Number - Total,False,False,No scaling,,1.027
1883.HK,1,2025,20251231,Recent To Recent,,Consolidated Only,,Subscribers - Connections - Number - Total,False,False,No scaling,,1.027
1883.HK,1,2025,20251231,Original To Original,Original,Consolidated Only,HKG ARS,Subscribers - Connections - Number - Total,False,False,No scaling,,1.027
1883.HK,1,2025,20251231,Recent To Recent,Original,Consolidated Only,HKG ARS,Subscribers - Connections - Number - Total,False,False,No scaling,,1.027
1896.HK,1,2023,20231231,Original To Original,,Consolidated Only,,Advertisement Revenue - Total,False,False,Units,CNY,198.4
1896.HK,1,2023,20231231,Recent To Recent,,Consolidated Only,,Advertisement Revenue - Total,False,False,Units,CNY,198.4
1896.HK,1,2023,20231231,Original To Original,Original,Consolidated Only,HKG ARS,Advertisement Revenue - Total,False,False,Units,CNY,198.4
1896.HK,1,2023,20231231,Recent To Recent,Original,Consolidated Only,HKG ARS,Advertisement Revenue - Total,False,False,Units,CNY,198.4
1896.HK,1,2024,20241231,Original To Original,,Consolidated Only,,Advertisement Revenue - Total,False,False,Units,CNY,200.843
1896.HK,1,2024,20241231,Recent To Recent,,Consolidated Only,,Advertisement Revenue - Total,False,False,Units,CNY,200.843
1896.HK,1,2024,20241231,Original To Original,Original,Consolidated Only,HKG ARS,Advertisement Revenue - Total,False,False,Units,CNY,200.843
1896.HK,1,2024,20241231,Recent To Recent,Original,Consolidated Only,HKG ARS,Advertisement Revenue - Total,False,False,Units,CNY,200.843
1896.HK,1,2025,20251231,Original To Original,,Consolidated Only,,Advertisement Revenue - Total,False,False,Units,CNY,210.719
1896.HK,1,2025,20251231,Recent To Recent,,Consolidated Only,,Advertisement Revenue - Total,False,False,Units,CNY,210.719
1896.HK,1,2025,20251231,Original To Original,Original,Consolidated Only,HKG ARS,Advertisement Revenue - Total,False,False,Units,CNY,210.719
1896.HK,1,2025,20251231,Recent To Recent,Original,Consolidated Only,HKG ARS,Advertisement Revenue - Total,False,False,Units,CNY,210.719
1905.HK,1,2023,20231231,Original To Original,Original,Consolidated Only,HKG ARS,Net Interest Margin - Total - %,False,True,Percentage,,3.66
1905.HK,1,2023,20231231,Original To Original,Original,Consolidated Only,HKG ARS,Net Interest Spread - Total - %,False,True,Percentage,,3.22
1905.HK,1,2023,20231231,Original To Original,Original,Consolidated Only,HKG ARS,Efficiency Ratio - Total - %,False,True,Percentage,,1.466e-05
1905.HK,1,2023,20231231,Recent To Recent,Original,Consolidated Only,HKG ARS,Net Interest Margin - Total - %,False,True,Percentage,,3.66
1905.HK,1,2023,20231231,Recent To Recent,Original,Consolidated Only,HKG ARS,Net Interest Spread - Total - %,False,True,Percentage,,3.22
1905.HK,1,2023,20231231,Recent To Recent,Original,Consolidated Only,HKG ARS,Efficiency Ratio - Total - %,False,True,Percentage,,1.466e-05
1905.HK,1,2024,20241231,Original To Original,Original,Consolidated Only,HKG ARS,Net Interest Margin - Total - %,False,True,Percentage,,3.44
1905.HK,1,2024,20241231,Original To Original,Original,Consolidated Only,HKG ARS,Net Interest Spread - Total - %,False,True,Percentage,,3.0
1905.HK,1,2024,20241231,Original To Original,Original,Consolidated Only,HKG ARS,Efficiency Ratio - Total - %,False,True,Percentage,,1.348e-05
1905.HK,1,2024,20241231,Recent To Recent,Original,Consolidated Only,HKG ARS,Net Interest Margin - Total - %,False,True,Percentage,,3.44
1905.HK,1,2024,20241231,Recent To Recent,Original,Consolidated Only,HKG ARS,Net Interest Spread - Total - %,False,True,Percentage,,3.0
1905.HK,1,2024,20241231,Recent To Recent,Original,Consolidated Only,HKG ARS,Efficiency Ratio - Total - %,False,True,Percentage,,1.348e-05
1905.HK,1,2025,20251231,Original To Original,Original,Consolidated Only,HKG ARS,Net Interest Margin - Total - %,False,True,Percentage,,3.96
1905.HK,1,2025,20251231,Original To Original,Original,Consolidated Only,HKG ARS,Net Interest Spread - Total - %,False,True,Percentage,,3.55
1905.HK,1,2025,20251231,Original To Original,Original,Consolidated Only,HKG ARS,Efficiency Ratio - Total - %,False,True,Percentage,,1.638e-05
1905.HK,1,2025,20251231,Recent To Recent,Original,Consolidated Only,HKG ARS,Net Interest Margin - Total - %,False,True,Percentage,,3.96
1905.HK,1,2025,20251231,Recent To Recent,Original,Consolidated Only,HKG ARS,Net Interest Spread - Total - %,False,True,Percentage,,3.55
1905.HK,1,2025,20251231,Recent To Recent,Original,Consolidated Only,HKG ARS,Efficiency Ratio - Total - %,False,True,Percentage,,1.638e-05
1908.HK,1,2023,20231231,Original To Original,,Consolidated Only,,Net Asset Value (NAV) - Total (REIT/Real Estate),False,False,Units,CNY,21456.479
1908.HK,1,2023,20231231,Recent To Recent,,Consolidated Only,,Net Asset Value (NAV) - Total (REIT/Real Estate),False,False,Units,CNY,21456.479
1908.HK,1,2023,20231231,Original To Original,Original,Consolidated Only,HKG ARS,Net Asset Value (NAV) - Total (REIT/Real Estate),False,False,Units,CNY,21456.479
1908.HK,1,2023,20231231,Recent To Recent,Original,Consolidated Only,HKG ARS,Net Asset Value (NAV) - Total (REIT/Real Estate),False,False,Units,CNY,21456.479
1908.HK,1,2024,20241231,Original To Original,,Consolidated Only,,Net Asset Value (NAV) - Total (REIT/Real Estate),False,False,Units,CNY,25559.87
1908.HK,1,2024,20241231,Recent To Recent,,Consolidated Only,,Net Asset Value (NAV) - Total (REIT/Real Estate),False,False,Units,CNY,25559.87
1908.HK,1,2024,20241231,Original To Original,Original,Consolidated Only,HKG ARS,Net Asset Value (NAV) - Total (REIT/Real Estate),False,False,Units,CNY,25559.87
1908.HK,1,2024,20241231,Recent To Recent,Original,Consolidated Only,HKG ARS,Net Asset Value (NAV) - Total (REIT/Real Estate),False,False,Units,CNY,25559.87
1908.HK,1,2025,20251231,Original To Original,,Consolidated Only,,Net Asset Value (NAV) - Total (REIT/Real Estate),False,False,Units,CNY,30096.85
1908.HK,1,2025,20251231,Recent To Recent,,Consolidated Only,,Net Asset Value (NAV) - Total (REIT/Real Estate),False,False,Units,CNY,30096.85
1908.HK,1,2025,20251231,Original To Original,Original,Consolidated Only,HKG ARS,Net Asset Value (NAV) - Total (REIT/Real Estate),False,False,Units,CNY,30096.85
1908.HK,1,2025,20251231,Recent To Recent,Original,Consolidated Only,HKG ARS,Net Asset Value (NAV) - Total (REIT/Real Estate),False,False,Units,CNY,30096.85
1910.HK,1,2023,20231231,Original To Original,,Consolidated Only,,Stores Closed - Number - Total,False,False,No scaling,,29.0
1910.HK,1,2023,20231231,Original To Original,,Consolidated Only,,Stores Opened - Number - Total,False,False,No scaling,,96.0
1910.HK,1,2023,20231231,Recent To Recent,,Consolidated Only,,Stores Closed - Number - Total,False,False,No scaling,,29.0
1910.HK,1,2023,20231231,Recent To Recent,,Consolidated Only,,Stores Opened - Number - Total,False,False,No scaling,,96.0
1910.HK,1,2023,20231231,Original To Original,Original,Consolidated Only,HKG ARS,Stores Closed - Number - Total,False,False,No scaling,,29.0
1910.HK,1,2023,20231231,Original To Original,Original,Consolidated Only,HKG ARS,Stores Opened - Number - Total,False,False,No scaling,,96.0
1910.HK,1,2023,20231231,Recent To Recent,Original,Consolidated Only,HKG ARS,Stores Closed - Number - Total,False,False,No scaling,,29.0
1910.HK,1,2023,20231231,Recent To Recent,Original,Consolidated Only,HKG ARS,Stores Opened - Number - Total,False,False,No scaling,,96.0
1910.HK,0,2025,20251231,Original To Original,,Consolidated Only,,Stores Closed - Number - Total,False,False,No scaling,,64.0
1910.HK,0,2025,20251231,Original To Original,,Consolidated Only,,Stores Opened - Number - Total,False,False,No scaling,,95.0
1910.HK,0,2025,20251231,Recent To Recent,,Consolidated Only,,Stores Closed - Number - Total,False,False,No scaling,,64.0
1910.HK,0,2025,20251231,Recent To Recent,,Consolidated Only,,Stores Opened - Number - Total,False,False,No scaling,,95.0
1910.HK,1,2025,20251231,Original To Original,Original,Consolidated Only,HKG ARS,Stores Closed - Number - Total,False,False,No scaling,,64.0
1910.HK,1,2025,20251231,Original To Original,Original,Consolidated Only,HKG ARS,Stores Opened - Number - Total,False,False,No scaling,,95.0
1910.HK,1,2025,20251231,Recent To Recent,Original,Consolidated Only,HKG ARS,Stores Closed - Number - Total,False,False,No scaling,,64.0
1910.HK,1,2025,20251231,Recent To Recent,Original,Consolidated Only,HKG ARS,Stores Opened - Number - Total,False,False,No scaling,,95.0
1913.HK,1,2023,20231231,Original To Original,Original,Consolidated Only,HKG ARS,Stores Closed - Number - Total,False,False,No scaling,,32.0
1913.HK,1,2023,20231231,Original To Original,Original,Consolidated Only,HKG ARS,Stores Opened - Number - Total,False,False,No scaling,,26.0
1913.HK,1,2023,20231231,Recent To Recent,Original,Consolidated Only,HKG ARS,Stores Closed - Number - Total,False,False,No scaling,,32.0
1913.HK,1,2023,20231231,Recent To Recent,Original,Consolidated Only,HKG ARS,Stores Opened - Number - Total,False,False,No scaling,,26.0
1913.HK,1,2024,20241231,Original To Original,Original,Consolidated Only,HKG ARS,Stores Closed - Number - Total,False,False,No scaling,,35.0
1913.HK,1,2024,20241231,Original To Original,Original,Consolidated Only,HKG ARS,Stores Opened - Number - Total,False,False,No scaling,,38.0
1913.HK,1,2024,20241231,Recent To Recent,Original,Consolidated Only,HKG ARS,Stores Closed - Number - Total,False,False,No scaling,,35.0
1913.HK,1,2024,20241231,Recent To Recent,Original,Consolidated Only,HKG ARS,Stores Opened - Number - Total,False,False,No scaling,,38.0
1913.HK,1,2025,20251231,Original To Original,Original,Consolidated Only,HKG ARS,Stores Closed - Number - Total,False,False,No scaling,,17.0
1913.HK,1,2025,20251231,Original To Original,Original,Consolidated Only,HKG ARS,Stores Opened - Number - Total,False,False,No scaling,,31.0
1913.HK,1,2025,20251231,Recent To Recent,Original,Consolidated Only,HKG ARS,Stores Closed - Number - Total,False,False,No scaling,,17.0
1913.HK,1,2025,20251231,Recent To Recent,Original,Consolidated Only,HKG ARS,Stores Opened - Number - Total,False,False,No scaling,,31.0
1916.HK,1,2023,20231231,Original To Original,Original,Consolidated Only,HKG ARS,Net Interest Margin - Total - %,False,True,Percentage,,1.75
1916.HK,1,2023,20231231,Original To Original,Original,Consolidated Only,HKG ARS,Net Interest Spread - Total - %,False,True,Percentage,,1.66
1916.HK,1,2023,20231231,Original To Original,Original,Consolidated Only,HKG ARS,Solvency Margin - Total - %,False,True,Percentage,,8.837e-05
1916.HK,1,2023,20231231,Original To Original,Original,Consolidated Only,HKG ARS,Efficiency Ratio - Total - %,False,True,Percentage,,3.06e-05
1916.HK,1,2023,20231231,Recent To Recent,Original,Consolidated Only,HKG ARS,Net Interest Margin - Total - %,False,True,Percentage,,1.75
1916.HK,1,2023,20231231,Recent To Recent,Original,Consolidated Only,HKG ARS,Net Interest Spread - Total - %,False,True,Percentage,,1.66
1916.HK,1,2023,20231231,Recent To Recent,Original,Consolidated Only,HKG ARS,Solvency Margin - Total - %,False,True,Percentage,,8.837e-05
1916.HK,1,2023,20231231,Recent To Recent,Original,Consolidated Only,HKG ARS,Efficiency Ratio - Total - %,False,True,Percentage,,3.06e-05
1916.HK,1,2024,20241231,Original To Original,Original,Consolidated Only,HKG ARS,Net Interest Margin - Total - %,False,True,Percentage,,1.64
1916.HK,1,2024,20241231,Original To Original,Original,Consolidated Only,HKG ARS,Net Interest Spread - Total - %,False,True,Percentage,,1.58
1916.HK,1,2024,20241231,Original To Original,Original,Consolidated Only,HKG ARS,Solvency Margin - Total - %,False,True,Percentage,,9.028e-05
1916.HK,1,2024,20241231,Original To Original,Original,Consolidated Only,HKG ARS,Efficiency Ratio - Total - %,False,True,Percentage,,2.848e-05
1916.HK,1,2024,20241231,Recent To Recent,Original,Consolidated Only,HKG ARS,Net Interest Margin - Total - %,False,True,Percentage,,1.64
1916.HK,1,2024,20241231,Recent To Recent,Original,Consolidated Only,HKG ARS,Net Interest Spread - Total - %,False,True,Percentage,,1.58
1916.HK,1,2024,20241231,Recent To Recent,Original,Consolidated Only,HKG ARS,Solvency Margin - Total - %,False,True,Percentage,,9.028e-05
1916.HK,1,2024,20241231,Recent To Recent,Original,Consolidated Only,HKG ARS,Efficiency Ratio - Total - %,False,True,Percentage,,2.848e-05
1916.HK,1,2025,20251231,Original To Original,Original,Consolidated Only,HKG ARS,Net Interest Margin - Total - %,False,True,Percentage,,1.41
1916.HK,1,2025,20251231,Original To Original,Original,Consolidated Only,HKG ARS,Net Interest Spread - Total - %,False,True,Percentage,,1.32
1916.HK,1,2025,20251231,Original To Original,Original,Consolidated Only,HKG ARS,Solvency Margin - Total - %,False,True,Percentage,,9.085e-05
1916.HK,1,2025,20251231,Original To Original,Original,Consolidated Only,HKG ARS,Efficiency Ratio - Total - %,False,True,Percentage,,3.333e-05
1916.HK,1,2025,20251231,Recent To Recent,Original,Consolidated Only,HKG ARS,Net Interest Margin - Total - %,False,True,Percentage,,1.41
1916.HK,1,2025,20251231,Recent To Recent,Original,Consolidated Only,HKG ARS,Net Interest Spread - Total - %,False,True,Percentage,,1.32
1916.HK,1,2025,20251231,Recent To Recent,Original,Consolidated Only,HKG ARS,Solvency Margin - Total - %,False,True,Percentage,,9.085e-05
1916.HK,1,2025,20251231,Recent To Recent,Original,Consolidated Only,HKG ARS,Efficiency Ratio - Total - %,False,True,Percentage,,3.333e-05
1918.HK,1,2023,20231231,Original To Original,,Consolidated Only,,Net Asset Value (NAV) - Total (REIT/Real Estate),False,False,Units,CNY,62428.917
1918.HK,1,2023,20231231,Recent To Recent,,Consolidated Only,,Net Asset Value (NAV) - Total (REIT/Real Estate),False,False,Units,CNY,62428.917
1918.HK,1,2023,20231231,Original To Original,Original,Consolidated Only,HKG ARS,Net Asset Value (NAV) - Total (REIT/Real Estate),False,False,Units,CNY,62428.917
1918.HK,1,2023,20231231,Recent To Recent,Original,Consolidated Only,HKG ARS,Net Asset Value (NAV) - Total (REIT/Real Estate),False,False,Units,CNY,62428.917
1918.HK,1,2024,20241231,Original To Original,,Consolidated Only,,Net Asset Value (NAV) - Total (REIT/Real Estate),False,False,Units,CNY,40521.108
1918.HK,1,2024,20241231,Recent To Recent,,Consolidated Only,,Net Asset Value (NAV) - Total (REIT/Real Estate),False,False,Units,CNY,40521.108
1918.HK,1,2024,20241231,Original To Original,Original,Consolidated Only,HKG ARS,Net Asset Value (NAV) - Total (REIT/Real Estate),False,False,Units,CNY,40521.108
1918.HK,1,2024,20241231,Recent To Recent,Original,Consolidated Only,HKG ARS,Net Asset Value (NAV) - Total (REIT/Real Estate),False,False,Units,CNY,40521.108
1918.HK,1,2025,20251231,Original To Original,,Consolidated Only,,Net Asset Value (NAV) - Total (REIT/Real Estate),False,False,Units,CNY,34165.011
1918.HK,1,2025,20251231,Recent To Recent,,Consolidated Only,,Net Asset Value (NAV) - Total (REIT/Real Estate),False,False,Units,CNY,34165.011
1918.HK,1,2025,20251231,Original To Original,Original,Consolidated Only,HKG ARS,Net Asset Value (NAV) - Total (REIT/Real Estate),False,False,Units,CNY,34165.011
1918.HK,1,2025,20251231,Recent To Recent,Original,Consolidated Only,HKG ARS,Net Asset Value (NAV) - Total (REIT/Real Estate),False,False,Units,CNY,34165.011
1929.HK,1,2023,20230331,Original To Original,Original,Consolidated Only,HKG ARS,Stores Closed - Number - Total,False,False,No scaling,,313.0
1929.HK,1,2023,20230331,Original To Original,Original,Consolidated Only,HKG ARS,Stores Opened - Number - Total,False,False,No scaling,,1887.0
1929.HK,1,2023,20230331,Recent To Recent,Original,Consolidated Only,HKG ARS,Stores Closed - Number - Total,False,False,No scaling,,313.0
1929.HK,1,2023,20230331,Recent To Recent,Original,Consolidated Only,HKG ARS,Stores Opened - Number - Total,False,False,No scaling,,1887.0
1929.HK,1,2024,20240331,Original To Original,Original,Consolidated Only,HKG ARS,Stores Closed - Number - Total,False,False,No scaling,,468.0
1929.HK,1,2024,20240331,Original To Original,Original,Consolidated Only,HKG ARS,Stores Opened - Number - Total,False,False,No scaling,,604.0
1929.HK,1,2024,20240331,Recent To Recent,Original,Consolidated Only,HKG ARS,Stores Closed - Number - Total,False,False,No scaling,,468.0
1929.HK,1,2024,20240331,Recent To Recent,Original,Consolidated Only,HKG ARS,Stores Opened - Number - Total,False,False,No scaling,,604.0
1929.HK,1,2025,20250331,Original To Original,Original,Consolidated Only,HKG ARS,Stores Closed - Number - Total,False,False,No scaling,,1194.0
1929.HK,1,2025,20250331,Original To Original,Original,Consolidated Only,HKG ARS,Stores Opened - Number - Total,False,False,No scaling,,289.0
1929.HK,1,2025,20250331,Recent To Recent,Original,Consolidated Only,HKG ARS,Stores Closed - Number - Total,False,False,No scaling,,1194.0
1929.HK,1,2025,20250331,Recent To Recent,Original,Consolidated Only,HKG ARS,Stores Opened - Number - Total,False,False,No scaling,,289.0
1963.HK,1,2023,20231231,Original To Original,,Consolidated Only,,Net Interest Margin - Total - %,False,True,Percentage,,1.52
1963.HK,1,2023,20231231,Original To Original,,Consolidated Only,,Net Interest Spread - Total - %,False,True,Percentage,,1.39
1963.HK,1,2023,20231231,Original To Original,,Consolidated Only,,Solvency Margin - Total - %,False,True,Percentage,,9.473e-05
1963.HK,1,2023,20231231,Original To Original,,Consolidated Only,,Efficiency Ratio - Total - %,False,True,Percentage,,2.884e-05
1963.HK,1,2023,20231231,Recent To Recent,,Consolidated Only,,Net Interest Margin - Total - %,False,True,Percentage,,1.52
1963.HK,1,2023,20231231,Recent To Recent,,Consolidated Only,,Net Interest Spread - Total - %,False,True,Percentage,,1.39
1963.HK,1,2023,20231231,Recent To Recent,,Consolidated Only,,Solvency Margin - Total - %,False,True,Percentage,,9.473e-05
1963.HK,1,2023,20231231,Recent To Recent,,Consolidated Only,,Efficiency Ratio - Total - %,False,True,Percentage,,2.884e-05
1963.HK,1,2023,20231231,Original To Original,Original,Consolidated Only,HKG ARS,Net Interest Margin - Total - %,False,True,Percentage,,1.52
1963.HK,1,2023,20231231,Original To Original,Original,Consolidated Only,HKG ARS,Net Interest Spread - Total - %,False,True,Percentage,,1.39
1963.HK,1,2023,20231231,Original To Original,Original,Consolidated Only,HKG ARS,Solvency Margin - Total - %,False,True,Percentage,,9.473e-05
1963.HK,1,2023,20231231,Original To Original,Original,Consolidated Only,HKG ARS,Efficiency Ratio - Total - %,False,True,Percentage,,2.884e-05
1963.HK,1,2023,20231231,Recent To Recent,Original,Consolidated Only,HKG ARS,Net Interest Margin - Total - %,False,True,Percentage,,1.52
1963.HK,1,2023,20231231,Recent To Recent,Original,Consolidated Only,HKG ARS,Net Interest Spread - Total - %,False,True,Percentage,,1.39
1963.HK,1,2023,20231231,Recent To Recent,Original,Consolidated Only,HKG ARS,Solvency Margin - Total - %,False,True,Percentage,,9.473e-05
1963.HK,1,2023,20231231,Recent To Recent,Original,Consolidated Only,HKG ARS,Efficiency Ratio - Total - %,False,True,Percentage,,2.884e-05
1963.HK,1,2024,20241231,Original To Original,,Consolidated Only,,Net Interest Margin - Total - %,False,True,Percentage,,1.35
1963.HK,1,2024,20241231,Original To Original,,Consolidated Only,,Net Interest Spread - Total - %,False,True,Percentage,,1.22
1963.HK,1,2024,20241231,Original To Original,,Consolidated Only,,Solvency Margin - Total - %,False,True,Percentage,,9.293e-05
1963.HK,1,2024,20241231,Original To Original,,Consolidated Only,,Efficiency Ratio - Total - %,False,True,Percentage,,2.953e-05
1963.HK,1,2024,20241231,Recent To Recent,,Consolidated Only,,Net Interest Margin - Total - %,False,True,Percentage,,1.35
1963.HK,1,2024,20241231,Recent To Recent,,Consolidated Only,,Net Interest Spread - Total - %,False,True,Percentage,,1.22
1963.HK,1,2024,20241231,Recent To Recent,,Consolidated Only,,Solvency Margin - Total - %,False,True,Percentage,,9.293e-05
1963.HK,1,2024,20241231,Recent To Recent,,Consolidated Only,,Efficiency Ratio - Total - %,False,True,Percentage,,2.953e-05
1963.HK,1,2024,20241231,Original To Original,Original,Consolidated Only,HKG ARS,Net Interest Margin - Total - %,False,True,Percentage,,1.35
1963.HK,1,2024,20241231,Original To Original,Original,Consolidated Only,HKG ARS,Net Interest Spread - Total - %,False,True,Percentage,,1.22
1963.HK,1,2024,20241231,Original To Original,Original,Consolidated Only,HKG ARS,Solvency Margin - Total - %,False,True,Percentage,,9.293e-05
1963.HK,1,2024,20241231,Original To Original,Original,Consolidated Only,HKG ARS,Efficiency Ratio - Total - %,False,True,Percentage,,2.953e-05
1963.HK,1,2024,20241231,Recent To Recent,Original,Consolidated Only,HKG ARS,Net Interest Margin - Total - %,False,True,Percentage,,1.35
1963.HK,1,2024,20241231,Recent To Recent,Original,Consolidated Only,HKG ARS,Net Interest Spread - Total - %,False,True,Percentage,,1.22
1963.HK,1,2024,20241231,Recent To Recent,Original,Consolidated Only,HKG ARS,Solvency Margin - Total - %,False,True,Percentage,,9.293e-05
1963.HK,1,2024,20241231,Recent To Recent,Original,Consolidated Only,HKG ARS,Efficiency Ratio - Total - %,False,True,Percentage,,2.953e-05
1963.HK,1,2025,20251231,Original To Original,,Consolidated Only,,Net Interest Margin - Total - %,False,True,Percentage,,1.39
1963.HK,1,2025,20251231,Original To Original,,Consolidated Only,,Net Interest Spread - Total - %,False,True,Percentage,,1.35
1963.HK,1,2025,20251231,Original To Original,,Consolidated Only,,Solvency Margin - Total - %,False,True,Percentage,,9.392e-05
1963.HK,1,2025,20251231,Original To Original,,Consolidated Only,,Efficiency Ratio - Total - %,False,True,Percentage,,2.921e-05
1963.HK,1,2025,20251231,Recent To Recent,,Consolidated Only,,Net Interest Margin - Total - %,False,True,Percentage,,1.39
1963.HK,1,2025,20251231,Recent To Recent,,Consolidated Only,,Net Interest Spread - Total - %,False,True,Percentage,,1.35
1963.HK,1,2025,20251231,Recent To Recent,,Consolidated Only,,Solvency Margin - Total - %,False,True,Percentage,,9.392e-05
1963.HK,1,2025,20251231,Recent To Recent,,Consolidated Only,,Efficiency Ratio - Total - %,False,True,Percentage,,2.921e-05
1963.HK,1,2025,20251231,Original To Original,Original,Consolidated Only,HKG ARS,Net Interest Margin - Total - %,False,True,Percentage,,1.39
1963.HK,1,2025,20251231,Original To Original,Original,Consolidated Only,HKG ARS,Net Interest Spread - Total - %,False,True,Percentage,,1.35
1963.HK,1,2025,20251231,Original To Original,Original,Consolidated Only,HKG ARS,Solvency Margin - Total - %,False,True,Percentage,,9.392e-05
1963.HK,1,2025,20251231,Original To Original,Original,Consolidated Only,HKG ARS,Efficiency Ratio - Total - %,False,True,Percentage,,2.921e-05
1963.HK,1,2025,20251231,Recent To Recent,Original,Consolidated Only,HKG ARS,Net Interest Margin - Total - %,False,True,Percentage,,1.39
1963.HK,1,2025,20251231,Recent To Recent,Original,Consolidated Only,HKG ARS,Net Interest Spread - Total - %,False,True,Percentage,,1.35
1963.HK,1,2025,20251231,Recent To Recent,Original,Consolidated Only,HKG ARS,Solvency Margin - Total - %,False,True,Percentage,,9.392e-05
1963.HK,1,2025,20251231,Recent To Recent,Original,Consolidated Only,HKG ARS,Efficiency Ratio - Total - %,False,True,Percentage,,2.921e-05
1966.HK,1,2023,20231231,Original To Original,Original,Consolidated Only,HKG ARS,Net Asset Value (NAV) - Total (REIT/Real Estate),False,False,Units,CNY,9723.749
1966.HK,1,2023,20231231,Recent To Recent,Original,Consolidated Only,HKG ARS,Net Asset Value (NAV) - Total (REIT/Real Estate),False,False,Units,CNY,9723.749
1966.HK,1,2024,20241231,Original To Original,Original,Consolidated Only,HKG ARS,Net Asset Value (NAV) - Total (REIT/Real Estate),False,False,Units,CNY,1696.028
1966.HK,1,2024,20241231,Recent To Recent,Original,Consolidated Only,HKG ARS,Net Asset Value (NAV) - Total (REIT/Real Estate),False,False,Units,CNY,1696.028
1972.HK,1,2023,20231231,Original To Original,,Consolidated Only,,Net Asset Value (NAV) - Total (REIT/Real Estate),False,False,Units,HKD,285082.0
1972.HK,1,2023,20231231,Original To Original,,Consolidated Only,,Net Asset Value - Per Share - Basic - Total,True,False,No scaling,HKD,4.873e-05
1972.HK,1,2023,20231231,Recent To Recent,,Consolidated Only,,Net Asset Value (NAV) - Total (REIT/Real Estate),False,False,Units,HKD,285082.0
1972.HK,1,2023,20231231,Recent To Recent,,Consolidated Only,,Net Asset Value - Per Share - Basic - Total,True,False,No scaling,HKD,4.873e-05
1972.HK,1,2023,20231231,Original To Original,Original,Consolidated Only,HKG ARS,Net Asset Value (NAV) - Total (REIT/Real Estate),False,False,Units,HKD,285082.0
1972.HK,1,2023,20231231,Original To Original,Original,Consolidated Only,HKG ARS,Net Asset Value - Per Share - Basic - Total,True,False,No scaling,HKD,4.873e-05
1972.HK,1,2023,20231231,Recent To Recent,Original,Consolidated Only,HKG ARS,Net Asset Value (NAV) - Total (REIT/Real Estate),False,False,Units,HKD,285082.0
1972.HK,1,2023,20231231,Recent To Recent,Original,Consolidated Only,HKG ARS,Net Asset Value - Per Share - Basic - Total,True,False,No scaling,HKD,4.873e-05
1972.HK,1,2024,20241231,Original To Original,,Consolidated Only,,Net Asset Value (NAV) - Total (REIT/Real Estate),False,False,Units,HKD,275326.0
1972.HK,1,2024,20241231,Original To Original,,Consolidated Only,,Net Asset Value - Per Share - Basic - Total,True,False,No scaling,HKD,4.735e-05
1972.HK,1,2024,20241231,Recent To Recent,,Consolidated Only,,Net Asset Value (NAV) - Total (REIT/Real Estate),False,False,Units,HKD,275326.0
1972.HK,1,2024,20241231,Recent To Recent,,Consolidated Only,,Net Asset Value - Per Share - Basic - Total,True,False,No scaling,HKD,4.735e-05
1972.HK,1,2024,20241231,Original To Original,Original,Consolidated Only,HKG ARS,Net Asset Value (NAV) - Total (REIT/Real Estate),False,False,Units,HKD,275326.0
1972.HK,1,2024,20241231,Original To Original,Original,Consolidated Only,HKG ARS,Net Asset Value - Per Share - Basic - Total,True,False,No scaling,HKD,4.735e-05
1972.HK,1,2024,20241231,Recent To Recent,Original,Consolidated Only,HKG ARS,Net Asset Value (NAV) - Total (REIT/Real Estate),False,False,Units,HKD,275326.0
1972.HK,1,2024,20241231,Recent To Recent,Original,Consolidated Only,HKG ARS,Net Asset Value - Per Share - Basic - Total,True,False,No scaling,HKD,4.735e-05
1972.HK,1,2025,20251231,Original To Original,,Consolidated Only,,Net Asset Value (NAV) - Total (REIT/Real Estate),False,False,Units,HKD,269460.0
1972.HK,1,2025,20251231,Original To Original,,Consolidated Only,,Net Asset Value - Per Share - Basic - Total,True,False,No scaling,HKD,4.68e-05
1972.HK,1,2025,20251231,Recent To Recent,,Consolidated Only,,Net Asset Value (NAV) - Total (REIT/Real Estate),False,False,Units,HKD,269460.0
1972.HK,1,2025,20251231,Recent To Recent,,Consolidated Only,,Net Asset Value - Per Share - Basic - Total,True,False,No scaling,HKD,4.68e-05
1972.HK,1,2025,20251231,Original To Original,Original,Consolidated Only,HKG ARS,Net Asset Value (NAV) - Total (REIT/Real Estate),False,False,Units,HKD,269460.0
1972.HK,1,2025,20251231,Original To Original,Original,Consolidated Only,HKG ARS,Net Asset Value - Per Share - Basic - Total,True,False,No scaling,HKD,4.68e-05
1972.HK,1,2025,20251231,Recent To Recent,Original,Consolidated Only,HKG ARS,Net Asset Value (NAV) - Total (REIT/Real Estate),False,False,Units,HKD,269460.0
1972.HK,1,2025,20251231,Recent To Recent,Original,Consolidated Only,HKG ARS,Net Asset Value - Per Share - Basic - Total,True,False,No scaling,HKD,4.68e-05
1980.HK,1,2023,20231231,Original To Original,Original,Consolidated Only,HKG ARS,Monthly Active Users (MAU) - Total,False,False,No scaling,,0.708
1980.HK,1,2023,20231231,Recent To Recent,Original,Consolidated Only,HKG ARS,Monthly Active Users (MAU) - Total,False,False,No scaling,,0.708
1980.HK,1,2024,20241231,Original To Original,Original,Consolidated Only,HKG ARS,Monthly Active Users (MAU) - Total,False,False,No scaling,,0.087
1980.HK,1,2024,20241231,Recent To Recent,Original,Consolidated Only,HKG ARS,Monthly Active Users (MAU) - Total,False,False,No scaling,,0.087
1980.HK,1,2025,20251231,Original To Original,Original,Consolidated Only,HKG ARS,Monthly Active Users (MAU) - Total,False,False,No scaling,,0.063
1980.HK,1,2025,20251231,Recent To Recent,Original,Consolidated Only,HKG ARS,Monthly Active Users (MAU) - Total,False,False,No scaling,,0.063
1983.HK,1,2023,20231231,Original To Original,,Consolidated Only,,Net Interest Margin - Total - %,False,True,Percentage,,2.39
1983.HK,1,2023,20231231,Original To Original,,Consolidated Only,,Net Interest Spread - Total - %,False,True,Percentage,,2.69
1983.HK,1,2023,20231231,Original To Original,,Consolidated Only,,Efficiency Ratio - Total - %,False,True,Percentage,,3.486e-05
1983.HK,1,2023,20231231,Recent To Recent,,Consolidated Only,,Net Interest Margin - Total - %,False,True,Percentage,,2.39
1983.HK,1,2023,20231231,Recent To Recent,,Consolidated Only,,Net Interest Spread - Total - %,False,True,Percentage,,2.69
1983.HK,1,2023,20231231,Recent To Recent,,Consolidated Only,,Efficiency Ratio - Total - %,False,True,Percentage,,3.486e-05
1983.HK,1,2023,20231231,Original To Original,Original,Consolidated Only,HKG ARS,Net Interest Margin - Total - %,False,True,Percentage,,2.39
1983.HK,1,2023,20231231,Original To Original,Original,Consolidated Only,HKG ARS,Net Interest Spread - Total - %,False,True,Percentage,,2.69
1983.HK,1,2023,20231231,Original To Original,Original,Consolidated Only,HKG ARS,Efficiency Ratio - Total - %,False,True,Percentage,,3.486e-05
1983.HK,1,2023,20231231,Recent To Recent,Original,Consolidated Only,HKG ARS,Net Interest Margin - Total - %,False,True,Percentage,,2.39
1983.HK,1,2023,20231231,Recent To Recent,Original,Consolidated Only,HKG ARS,Net Interest Spread - Total - %,False,True,Percentage,,2.69
1983.HK,1,2023,20231231,Recent To Recent,Original,Consolidated Only,HKG ARS,Efficiency Ratio - Total - %,False,True,Percentage,,3.486e-05
1983.HK,1,2024,20241231,Original To Original,,Consolidated Only,,Net Interest Margin - Total - %,False,True,Percentage,,2.49
1983.HK,1,2024,20241231,Original To Original,,Consolidated Only,,Net Interest Spread - Total - %,False,True,Percentage,,2.71
1983.HK,1,2024,20241231,Original To Original,,Consolidated Only,,Efficiency Ratio - Total - %,False,True,Percentage,,3.257e-05
1983.HK,1,2024,20241231,Recent To Recent,,Consolidated Only,,Net Interest Margin - Total - %,False,True,Percentage,,2.49
1983.HK,1,2024,20241231,Recent To Recent,,Consolidated Only,,Net Interest Spread - Total - %,False,True,Percentage,,2.71
1983.HK,1,2024,20241231,Recent To Recent,,Consolidated Only,,Efficiency Ratio - Total - %,False,True,Percentage,,3.257e-05
1983.HK,1,2024,20241231,Original To Original,Original,Consolidated Only,HKG ARS,Net Interest Margin - Total - %,False,True,Percentage,,2.49
1983.HK,1,2024,20241231,Original To Original,Original,Consolidated Only,HKG ARS,Net Interest Spread - Total - %,False,True,Percentage,,2.71
1983.HK,1,2024,20241231,Original To Original,Original,Consolidated Only,HKG ARS,Efficiency Ratio - Total - %,False,True,Percentage,,3.257e-05
1983.HK,1,2024,20241231,Recent To Recent,Original,Consolidated Only,HKG ARS,Net Interest Margin - Total - %,False,True,Percentage,,2.49
1983.HK,1,2024,20241231,Recent To Recent,Original,Consolidated Only,HKG ARS,Net Interest Spread - Total - %,False,True,Percentage,,2.71
1983.HK,1,2024,20241231,Recent To Recent,Original,Consolidated Only,HKG ARS,Efficiency Ratio - Total - %,False,True,Percentage,,3.257e-05
1983.HK,1,2025,20251231,Original To Original,,Consolidated Only,,Net Interest Margin - Total - %,False,True,Percentage,,2.49
1983.HK,1,2025,20251231,Original To Original,,Consolidated Only,,Net Interest Spread - Total - %,False,True,Percentage,,2.71
1983.HK,1,2025,20251231,Original To Original,,Consolidated Only,,Efficiency Ratio - Total - %,False,True,Percentage,,4.067e-05
1983.HK,1,2025,20251231,Recent To Recent,,Consolidated Only,,Net Interest Margin - Total - %,False,True,Percentage,,2.49
1983.HK,1,2025,20251231,Recent To Recent,,Consolidated Only,,Net Interest Spread - Total - %,False,True,Percentage,,2.71
1983.HK,1,2025,20251231,Recent To Recent,,Consolidated Only,,Efficiency Ratio - Total - %,False,True,Percentage,,4.067e-05
1983.HK,1,2025,20251231,Original To Original,Original,Consolidated Only,HKG ARS,Net Interest Margin - Total - %,False,True,Percentage,,2.49
1983.HK,1,2025,20251231,Original To Original,Original,Consolidated Only,HKG ARS,Net Interest Spread - Total - %,False,True,Percentage,,2.71
1983.HK,1,2025,20251231,Original To Original,Original,Consolidated Only,HKG ARS,Efficiency Ratio - Total - %,False,True,Percentage,,4.067e-05
1983.HK,1,2025,20251231,Recent To Recent,Original,Consolidated Only,HKG ARS,Net Interest Margin - Total - %,False,True,Percentage,,2.49
1983.HK,1,2025,20251231,Recent To Recent,Original,Consolidated Only,HKG ARS,Net Interest Spread - Total - %,False,True,Percentage,,2.71
1983.HK,1,2025,20251231,Recent To Recent,Original,Consolidated Only,HKG ARS,Efficiency Ratio - Total - %,False,True,Percentage,,4.067e-05
1988.HK,1,2023,20231231,Original To Original,Original,Consolidated Only,HKG ARS,Net Interest Margin - Total - %,False,True,Percentage,,1.46
1988.HK,1,2023,20231231,Original To Original,Original,Consolidated Only,HKG ARS,Net Interest Spread - Total - %,False,True,Percentage,,1.37
1988.HK,1,2023,20231231,Original To Original,Original,Consolidated Only,HKG ARS,Efficiency Ratio - Total - %,False,True,Percentage,,3.7e-05
1988.HK,1,2023,20231231,Recent To Recent,Original,Consolidated Only,HKG ARS,Net Interest Margin - Total - %,False,True,Percentage,,1.46
1988.HK,1,2023,20231231,Recent To Recent,Original,Consolidated Only,HKG ARS,Net Interest Spread - Total - %,False,True,Percentage,,1.37
1988.HK,1,2023,20231231,Recent To Recent,Original,Consolidated Only,HKG ARS,Efficiency Ratio - Total - %,False,True,Percentage,,3.7e-05
1988.HK,1,2024,20241231,Original To Original,Original,Consolidated Only,HKG ARS,Net Interest Margin - Total - %,False,True,Percentage,,1.39
1988.HK,1,2024,20241231,Original To Original,Original,Consolidated Only,HKG ARS,Net Interest Spread - Total - %,False,True,Percentage,,1.28
1988.HK,1,2024,20241231,Original To Original,Original,Consolidated Only,HKG ARS,Efficiency Ratio - Total - %,False,True,Percentage,,3.855e-05
1988.HK,1,2024,20241231,Recent To Recent,Original,Consolidated Only,HKG ARS,Net Interest Margin - Total - %,False,True,Percentage,,1.39
1988.HK,1,2024,20241231,Recent To Recent,Original,Consolidated Only,HKG ARS,Net Interest Spread - Total - %,False,True,Percentage,,1.28
1988.HK,1,2024,20241231,Recent To Recent,Original,Consolidated Only,HKG ARS,Efficiency Ratio - Total - %,False,True,Percentage,,3.855e-05
1988.HK,1,2025,20251231,Original To Original,Original,Consolidated Only,HKG ARS,Net Interest Margin - Total - %,False,True,Percentage,,1.4
1988.HK,1,2025,20251231,Original To Original,Original,Consolidated Only,HKG ARS,Net Interest Spread - Total - %,False,True,Percentage,,1.31
1988.HK,1,2025,20251231,Original To Original,Original,Consolidated Only,HKG ARS,Efficiency Ratio - Total - %,False,True,Percentage,,3.652e-05
1988.HK,1,2025,20251231,Recent To Recent,Original,Consolidated Only,HKG ARS,Net Interest Margin - Total - %,False,True,Percentage,,1.4
1988.HK,1,2025,20251231,Recent To Recent,Original,Consolidated Only,HKG ARS,Net Interest Spread - Total - %,False,True,Percentage,,1.31
1988.HK,1,2025,20251231,Recent To Recent,Original,Consolidated Only,HKG ARS,Efficiency Ratio - Total - %,False,True,Percentage,,3.652e-05
1995.HK,1,2023,20231231,Original To Original,Original,Consolidated Only,HKG ARS,Net Asset Value (NAV) - Total (REIT/Real Estate),False,False,Units,CNY,4873.066
1995.HK,1,2023,20231231,Recent To Recent,Original,Consolidated Only,HKG ARS,Net Asset Value (NAV) - Total (REIT/Real Estate),False,False,Units,CNY,4873.066
1995.HK,1,2024,20241231,Original To Original,Original,Consolidated Only,HKG ARS,Net Asset Value (NAV) - Total (REIT/Real Estate),False,False,Units,CNY,5001.126
1995.HK,1,2024,20241231,Recent To Recent,Original,Consolidated Only,HKG ARS,Net Asset Value (NAV) - Total (REIT/Real Estate),False,False,Units,CNY,5001.126
1995.HK,1,2025,20251231,Original To Original,Original,Consolidated Only,HKG ARS,Net Asset Value (NAV) - Total (REIT/Real Estate),False,False,Units,CNY,5178.998
1995.HK,1,2025,20251231,Recent To Recent,Original,Consolidated Only,HKG ARS,Net Asset Value (NAV) - Total (REIT/Real Estate),False,False,Units,CNY,5178.998
1996.HK,1,2023,20231231,Original To Original,,Consolidated Only,,Net Asset Value (NAV) - Total (REIT/Real Estate),False,False,Units,CNY,4685.159
1996.HK,1,2023,20231231,Recent To Recent,,Consolidated Only,,Net Asset Value (NAV) - Total (REIT/Real Estate),False,False,Units,CNY,4685.159
1996.HK,1,2023,20231231,Original To Original,Original,Consolidated Only,HKG ARS,Net Asset Value (NAV) - Total (REIT/Real Estate),False,False,Units,CNY,4685.159
1996.HK,1,2023,20231231,Recent To Recent,Original,Consolidated Only,HKG ARS,Net Asset Value (NAV) - Total (REIT/Real Estate),False,False,Units,CNY,4685.159
1997.HK,1,2023,20231231,Original To Original,,Consolidated Only,,Net Asset Value (NAV) - Total (REIT/Real Estate),False,False,Units,HKD,191412.0
1997.HK,1,2023,20231231,Original To Original,,Consolidated Only,,Net Asset Value - Per Share - Basic - Total,True,False,No scaling,HKD,6.305e-05
1997.HK,1,2023,20231231,Recent To Recent,,Consolidated Only,,Net Asset Value (NAV) - Total (REIT/Real Estate),False,False,Units,HKD,191412.0
1997.HK,1,2023,20231231,Recent To Recent,,Consolidated Only,,Net Asset Value - Per Share - Basic - Total,True,False,No scaling,HKD,6.305e-05
1997.HK,1,2023,20231231,Original To Original,Original,Consolidated Only,HKG ARS,Net Asset Value (NAV) - Total (REIT/Real Estate),False,False,Units,HKD,191412.0
1997.HK,1,2023,20231231,Original To Original,Original,Consolidated Only,HKG ARS,Net Asset Value - Per Share - Basic - Total,True,False,No scaling,HKD,6.305e-05
1997.HK,1,2023,20231231,Recent To Recent,Original,Consolidated Only,HKG ARS,Net Asset Value (NAV) - Total (REIT/Real Estate),False,False,Units,HKD,191412.0
1997.HK,1,2023,20231231,Recent To Recent,Original,Consolidated Only,HKG ARS,Net Asset Value - Per Share - Basic - Total,True,False,No scaling,HKD,6.305e-05
1997.HK,1,2024,20241231,Original To Original,,Consolidated Only,,Net Asset Value (NAV) - Total (REIT/Real Estate),False,False,Units,HKD,187820.0
1997.HK,1,2024,20241231,Original To Original,,Consolidated Only,,Net Asset Value - Per Share - Basic - Total,True,False,No scaling,HKD,6.186e-05
1997.HK,1,2024,20241231,Recent To Recent,,Consolidated Only,,Net Asset Value (NAV) - Total (REIT/Real Estate),False,False,Units,HKD,187820.0
1997.HK,1,2024,20241231,Recent To Recent,,Consolidated Only,,Net Asset Value - Per Share - Basic - Total,True,False,No scaling,HKD,6.186e-05
1997.HK,1,2024,20241231,Original To Original,Original,Consolidated Only,HKG ARS,Net Asset Value (NAV) - Total (REIT/Real Estate),False,False,Units,HKD,187820.0
1997.HK,1,2024,20241231,Original To Original,Original,Consolidated Only,HKG ARS,Net Asset Value - Per Share - Basic - Total,True,False,No scaling,HKD,6.186e-05
1997.HK,1,2024,20241231,Recent To Recent,Original,Consolidated Only,HKG ARS,Net Asset Value (NAV) - Total (REIT/Real Estate),False,False,Units,HKD,187820.0
1997.HK,1,2024,20241231,Recent To Recent,Original,Consolidated Only,HKG ARS,Net Asset Value - Per Share - Basic - Total,True,False,No scaling,HKD,6.186e-05
1997.HK,1,2025,20251231,Original To Original,,Consolidated Only,,Net Asset Value (NAV) - Total (REIT/Real Estate),False,False,Units,HKD,181705.0
1997.HK,1,2025,20251231,Original To Original,,Consolidated Only,,Net Asset Value - Per Share - Basic - Total,True,False,No scaling,HKD,5.985e-05
1997.HK,1,2025,20251231,Recent To Recent,,Consolidated Only,,Net Asset Value (NAV) - Total (REIT/Real Estate),False,False,Units,HKD,181705.0
1997.HK,1,2025,20251231,Recent To Recent,,Consolidated Only,,Net Asset Value - Per Share - Basic - Total,True,False,No scaling,HKD,5.985e-05
1997.HK,1,2025,20251231,Original To Original,Original,Consolidated Only,HKG ARS,Net Asset Value (NAV) - Total (REIT/Real Estate),False,False,Units,HKD,181705.0
1997.HK,1,2025,20251231,Original To Original,Original,Consolidated Only,HKG ARS,Net Asset Value - Per Share - Basic - Total,True,False,No scaling,HKD,5.985e-05
1997.HK,1,2025,20251231,Recent To Recent,Original,Consolidated Only,HKG ARS,Net Asset Value (NAV) - Total (REIT/Real Estate),False,False,Units,HKD,181705.0
1997.HK,1,2025,20251231,Recent To Recent,Original,Consolidated Only,HKG ARS,Net Asset Value - Per Share - Basic - Total,True,False,No scaling,HKD,5.985e-05
2007.HK,1,2023,20231231,Original To Original,Original,Consolidated Only,HKG ARS,Net Asset Value (NAV) - Total (REIT/Real Estate),False,False,Units,CNY,25947.0
2007.HK,1,2023,20231231,Recent To Recent,Original,Consolidated Only,HKG ARS,Net Asset Value (NAV) - Total (REIT/Real Estate),False,False,Units,CNY,25947.0
2012.HK,1,2023,20231231,Original To Original,,Consolidated Only,,Crude Oil - Sales Price per Unit - Average - Total,False,False,No scaling,CAD,42.24
2012.HK,1,2023,20231231,Recent To Recent,,Consolidated Only,,Crude Oil - Sales Price per Unit - Average - Total,False,False,No scaling,CAD,42.24
2012.HK,1,2023,20231231,Original To Original,Original,Consolidated Only,HKG ARS,Crude Oil - Sales Price per Unit - Average - Total,False,False,No scaling,CAD,42.24
2012.HK,1,2023,20231231,Recent To Recent,Original,Consolidated Only,HKG ARS,Crude Oil - Sales Price per Unit - Average - Total,False,False,No scaling,CAD,42.24
2012.HK,1,2024,20241231,Original To Original,,Consolidated Only,,Crude Oil - Sales Price per Unit - Average - Total,False,False,No scaling,CAD,46.27
2012.HK,1,2024,20241231,Recent To Recent,,Consolidated Only,,Crude Oil - Sales Price per Unit - Average - Total,False,False,No scaling,CAD,46.27
2012.HK,1,2024,20241231,Original To Original,Original,Consolidated Only,HKG ARS,Crude Oil - Sales Price per Unit - Average - Total,False,False,No scaling,CAD,46.27
2012.HK,1,2024,20241231,Recent To Recent,Original,Consolidated Only,HKG ARS,Crude Oil - Sales Price per Unit - Average - Total,False,False,No scaling,CAD,46.27
2012.HK,1,2025,20251231,Original To Original,,Consolidated Only,,Crude Oil - Sales Price per Unit - Average - Total,False,False,No scaling,CAD,0.0
2012.HK,1,2025,20251231,Recent To Recent,,Consolidated Only,,Crude Oil - Sales Price per Unit - Average - Total,False,False,No scaling,CAD,0.0
2012.HK,1,2025,20251231,Original To Original,Original,Consolidated Only,HKG ARS,Crude Oil - Sales Price per Unit - Average - Total,False,False,No scaling,CAD,0.0
2012.HK,1,2025,20251231,Recent To Recent,Original,Consolidated Only,HKG ARS,Crude Oil - Sales Price per Unit - Average - Total,False,False,No scaling,CAD,0.0
2013.HK,1,2023,20231231,Original To Original,Original,Consolidated Only,HKG ARS,Value of Billings - Total,False,False,Units,CNY,14465.8
2013.HK,1,2023,20231231,Recent To Recent,Original,Consolidated Only,HKG ARS,Value of Billings - Total,False,False,Units,CNY,14465.8
2013.HK,1,2024,20241231,Original To Original,Original,Consolidated Only,HKG ARS,Value of Billings - Total,False,False,Units,CNY,18014.5
2013.HK,1,2024,20241231,Recent To Recent,Original,Consolidated Only,HKG ARS,Value of Billings - Total,False,False,Units,CNY,18014.5
2013.HK,1,2025,20251231,Original To Original,Original,Consolidated Only,HKG ARS,Value of Billings - Total,False,False,Units,CNY,16694.3
2013.HK,1,2025,20251231,Recent To Recent,Original,Consolidated Only,HKG ARS,Value of Billings - Total,False,False,Units,CNY,16694.3
2016.HK,1,2023,20231231,Original To Original,Original,Consolidated Only,HKG ARS,Net Interest Margin - Total - %,False,True,Percentage,,2.01
2016.HK,1,2023,20231231,Original To Original,Original,Consolidated Only,HKG ARS,Net Interest Spread - Total - %,False,True,Percentage,,1.81
2016.HK,1,2023,20231231,Original To Original,Original,Consolidated Only,HKG ARS,Efficiency Ratio - Total - %,False,True,Percentage,,3.043e-05
2016.HK,1,2023,20231231,Recent To Recent,Original,Consolidated Only,HKG ARS,Net Interest Margin - Total - %,False,True,Percentage,,2.01
2016.HK,1,2023,20231231,Recent To Recent,Original,Consolidated Only,HKG ARS,Net Interest Spread - Total - %,False,True,Percentage,,1.81
2016.HK,1,2023,20231231,Recent To Recent,Original,Consolidated Only,HKG ARS,Efficiency Ratio - Total - %,False,True,Percentage,,3.043e-05
2016.HK,1,2024,20241231,Original To Original,Original,Consolidated Only,HKG ARS,Net Interest Margin - Total - %,False,True,Percentage,,1.71
2016.HK,1,2024,20241231,Original To Original,Original,Consolidated Only,HKG ARS,Net Interest Spread - Total - %,False,True,Percentage,,1.52
2016.HK,1,2024,20241231,Original To Original,Original,Consolidated Only,HKG ARS,Efficiency Ratio - Total - %,False,True,Percentage,,3.116e-05
2016.HK,1,2024,20241231,Recent To Recent,Original,Consolidated Only,HKG ARS,Net Interest Margin - Total - %,False,True,Percentage,,1.71
2016.HK,1,2024,20241231,Recent To Recent,Original,Consolidated Only,HKG ARS,Net Interest Spread - Total - %,False,True,Percentage,,1.52
2016.HK,1,2024,20241231,Recent To Recent,Original,Consolidated Only,HKG ARS,Efficiency Ratio - Total - %,False,True,Percentage,,3.116e-05
2016.HK,0,2025,20251231,Original To Original,Original,Consolidated Only,HKG PRESS,Net Interest Margin - Total - %,False,True,Percentage,,1.6
2016.HK,0,2025,20251231,Original To Original,Original,Consolidated Only,HKG PRESS,Net Interest Spread - Total - %,False,True,Percentage,,1.46
2016.HK,0,2025,20251231,Original To Original,Original,Consolidated Only,HKG PRESS,Efficiency Ratio - Total - %,False,True,Percentage,,3.404e-05
2016.HK,0,2025,20251231,Recent To Recent,Original,Consolidated Only,HKG PRESS,Net Interest Margin - Total - %,False,True,Percentage,,1.6
2016.HK,0,2025,20251231,Recent To Recent,Original,Consolidated Only,HKG PRESS,Net Interest Spread - Total - %,False,True,Percentage,,1.46
2016.HK,0,2025,20251231,Recent To Recent,Original,Consolidated Only,HKG PRESS,Efficiency Ratio - Total - %,False,True,Percentage,,3.404e-05
2019.HK,1,2023,20231231,Original To Original,,Consolidated Only,,Net Asset Value (NAV) - Total (REIT/Real Estate),False,False,Units,CNY,4352.218
2019.HK,1,2023,20231231,Recent To Recent,,Consolidated Only,,Net Asset Value (NAV) - Total (REIT/Real Estate),False,False,Units,CNY,4352.218
2019.HK,1,2023,20231231,Original To Original,Original,Consolidated Only,HKG ARS,Net Asset Value (NAV) - Total (REIT/Real Estate),False,False,Units,CNY,4352.218
2019.HK,1,2023,20231231,Recent To Recent,Original,Consolidated Only,HKG ARS,Net Asset Value (NAV) - Total (REIT/Real Estate),False,False,Units,CNY,4352.218
2066.HK,1,2023,20231231,Original To Original,,Consolidated Only,,Net Interest Margin - Total - %,False,True,Percentage,,0.96
2066.HK,1,2023,20231231,Original To Original,,Consolidated Only,,Net Interest Spread - Total - %,False,True,Percentage,,1.14
2066.HK,1,2023,20231231,Original To Original,,Consolidated Only,,Solvency Margin - Total - %,False,True,Percentage,,6.278e-05
2066.HK,1,2023,20231231,Original To Original,,Consolidated Only,,Efficiency Ratio - Total - %,False,True,Percentage,,5.641e-05
2066.HK,1,2023,20231231,Recent To Recent,,Consolidated Only,,Net Interest Margin - Total - %,False,True,Percentage,,0.96
2066.HK,1,2023,20231231,Recent To Recent,,Consolidated Only,,Net Interest Spread - Total - %,False,True,Percentage,,1.14
2066.HK,1,2023,20231231,Recent To Recent,,Consolidated Only,,Solvency Margin - Total - %,False,True,Percentage,,6.278e-05
2066.HK,1,2023,20231231,Recent To Recent,,Consolidated Only,,Efficiency Ratio - Total - %,False,True,Percentage,,5.641e-05
2066.HK,1,2023,20231231,Original To Original,Original,Consolidated Only,HKG ARS,Net Interest Margin - Total - %,False,True,Percentage,,0.96
2066.HK,1,2023,20231231,Original To Original,Original,Consolidated Only,HKG ARS,Net Interest Spread - Total - %,False,True,Percentage,,1.14
2066.HK,1,2023,20231231,Original To Original,Original,Consolidated Only,HKG ARS,Solvency Margin - Total - %,False,True,Percentage,,6.278e-05
2066.HK,1,2023,20231231,Original To Original,Original,Consolidated Only,HKG ARS,Efficiency Ratio - Total - %,False,True,Percentage,,5.641e-05
2066.HK,1,2023,20231231,Recent To Recent,Original,Consolidated Only,HKG ARS,Net Interest Margin - Total - %,False,True,Percentage,,0.96
2066.HK,1,2023,20231231,Recent To Recent,Original,Consolidated Only,HKG ARS,Net Interest Spread - Total - %,False,True,Percentage,,1.14
2066.HK,1,2023,20231231,Recent To Recent,Original,Consolidated Only,HKG ARS,Solvency Margin - Total - %,False,True,Percentage,,6.278e-05
2066.HK,1,2023,20231231,Recent To Recent,Original,Consolidated Only,HKG ARS,Efficiency Ratio - Total - %,False,True,Percentage,,5.641e-05
2066.HK,1,2024,20241231,Original To Original,,Consolidated Only,,Net Interest Margin - Total - %,False,True,Percentage,,0.8
2066.HK,1,2024,20241231,Original To Original,,Consolidated Only,,Net Interest Spread - Total - %,False,True,Percentage,,1.02
2066.HK,1,2024,20241231,Original To Original,,Consolidated Only,,Solvency Margin - Total - %,False,True,Percentage,,6.413e-05
2066.HK,1,2024,20241231,Original To Original,,Consolidated Only,,Efficiency Ratio - Total - %,False,True,Percentage,,6.428e-05
2066.HK,1,2024,20241231,Recent To Recent,,Consolidated Only,,Net Interest Margin - Total - %,False,True,Percentage,,0.8
2066.HK,1,2024,20241231,Recent To Recent,,Consolidated Only,,Net Interest Spread - Total - %,False,True,Percentage,,1.02
2066.HK,1,2024,20241231,Recent To Recent,,Consolidated Only,,Solvency Margin - Total - %,False,True,Percentage,,6.413e-05
2066.HK,1,2024,20241231,Recent To Recent,,Consolidated Only,,Efficiency Ratio - Total - %,False,True,Percentage,,6.428e-05
2066.HK,1,2024,20241231,Original To Original,Original,Consolidated Only,HKG ARS,Net Interest Margin - Total - %,False,True,Percentage,,0.8
2066.HK,1,2024,20241231,Original To Original,Original,Consolidated Only,HKG ARS,Net Interest Spread - Total - %,False,True,Percentage,,1.02
2066.HK,1,2024,20241231,Original To Original,Original,Consolidated Only,HKG ARS,Solvency Margin - Total - %,False,True,Percentage,,6.413e-05
2066.HK,1,2024,20241231,Original To Original,Original,Consolidated Only,HKG ARS,Efficiency Ratio - Total - %,False,True,Percentage,,6.428e-05
2066.HK,1,2024,20241231,Recent To Recent,Original,Consolidated Only,HKG ARS,Net Interest Margin - Total - %,False,True,Percentage,,0.8
2066.HK,1,2024,20241231,Recent To Recent,Original,Consolidated Only,HKG ARS,Net Interest Spread - Total - %,False,True,Percentage,,1.02
2066.HK,1,2024,20241231,Recent To Recent,Original,Consolidated Only,HKG ARS,Solvency Margin - Total - %,False,True,Percentage,,6.413e-05
2066.HK,1,2024,20241231,Recent To Recent,Original,Consolidated Only,HKG ARS,Efficiency Ratio - Total - %,False,True,Percentage,,6.428e-05
2098.HK,1,2023,20231231,Original To Original,Original,Consolidated Only,HKG ARS,Net Asset Value (NAV) - Total (REIT/Real Estate),False,False,Units,CNY,13804.261
2098.HK,1,2023,20231231,Recent To Recent,Original,Consolidated Only,HKG ARS,Net Asset Value (NAV) - Total (REIT/Real Estate),False,False,Units,CNY,13804.261
2098.HK,1,2024,20241231,Original To Original,Original,Consolidated Only,HKG ARS,Net Asset Value (NAV) - Total (REIT/Real Estate),False,False,Units,CNY,13951.217
2098.HK,1,2024,20241231,Recent To Recent,Original,Consolidated Only,HKG ARS,Net Asset Value (NAV) - Total (REIT/Real Estate),False,False,Units,CNY,13951.217
2098.HK,1,2025,20251231,Original To Original,Original,Consolidated Only,HKG ARS,Net Asset Value (NAV) - Total (REIT/Real Estate),False,False,Units,CNY,14082.294
2098.HK,1,2025,20251231,Recent To Recent,Original,Consolidated Only,HKG ARS,Net Asset Value (NAV) - Total (REIT/Real Estate),False,False,Units,CNY,14082.294
2099.HK,1,2023,20231231,Original To Original,Original,Consolidated Only,Annual MD&A,Gold - Production - Total,False,False,No scaling,,147963.0
2099.HK,1,2023,20231231,Recent To Recent,Original,Consolidated Only,Annual MD&A,Gold - Production - Total,False,False,No scaling,,147963.0
2099.HK,1,2024,20241231,Original To Original,Original,Consolidated Only,Annual MD&A,Gold - Production - Total,False,False,No scaling,,162652.0
2099.HK,1,2024,20241231,Recent To Recent,Original,Consolidated Only,Annual MD&A,Gold - Production - Total,False,False,No scaling,,162652.0
2099.HK,1,2025,20251231,Original To Original,Original,Consolidated Only,Annual MD&A,Gold - Production - Total,False,False,No scaling,,177225.0
2099.HK,1,2025,20251231,Recent To Recent,Original,Consolidated Only,Annual MD&A,Gold - Production - Total,False,False,No scaling,,177225.0
2139.HK,1,2023,20231231,Original To Original,Original,Consolidated Only,HKG ARS,Net Interest Margin - Total - %,False,True,Percentage,,1.48
2139.HK,1,2023,20231231,Original To Original,Original,Consolidated Only,HKG ARS,Net Interest Spread - Total - %,False,True,Percentage,,1.26
2139.HK,1,2023,20231231,Original To Original,Original,Consolidated Only,HKG ARS,Solvency Margin - Total - %,False,True,Percentage,,7.464e-05
2139.HK,1,2023,20231231,Original To Original,Original,Consolidated Only,HKG ARS,Efficiency Ratio - Total - %,False,True,Percentage,,3.429e-05
2139.HK,1,2023,20231231,Recent To Recent,Original,Consolidated Only,HKG ARS,Net Interest Margin - Total - %,False,True,Percentage,,1.48
2139.HK,1,2023,20231231,Recent To Recent,Original,Consolidated Only,HKG ARS,Net Interest Spread - Total - %,False,True,Percentage,,1.26
2139.HK,1,2023,20231231,Recent To Recent,Original,Consolidated Only,HKG ARS,Solvency Margin - Total - %,False,True,Percentage,,7.464e-05
2139.HK,1,2023,20231231,Recent To Recent,Original,Consolidated Only,HKG ARS,Efficiency Ratio - Total - %,False,True,Percentage,,3.429e-05
2139.HK,1,2024,20241231,Original To Original,Original,Consolidated Only,HKG ARS,Net Interest Margin - Total - %,False,True,Percentage,,1.18
2139.HK,1,2024,20241231,Original To Original,Original,Consolidated Only,HKG ARS,Net Interest Spread - Total - %,False,True,Percentage,,1.02
2139.HK,1,2024,20241231,Original To Original,Original,Consolidated Only,HKG ARS,Solvency Margin - Total - %,False,True,Percentage,,7.013e-05
2139.HK,1,2024,20241231,Original To Original,Original,Consolidated Only,HKG ARS,Efficiency Ratio - Total - %,False,True,Percentage,,3.82e-05
2139.HK,1,2024,20241231,Recent To Recent,Original,Consolidated Only,HKG ARS,Net Interest Margin - Total - %,False,True,Percentage,,1.18
2139.HK,1,2024,20241231,Recent To Recent,Original,Consolidated Only,HKG ARS,Net Interest Spread - Total - %,False,True,Percentage,,1.02
2139.HK,1,2024,20241231,Recent To Recent,Original,Consolidated Only,HKG ARS,Solvency Margin - Total - %,False,True,Percentage,,7.013e-05
2139.HK,1,2024,20241231,Recent To Recent,Original,Consolidated Only,HKG ARS,Efficiency Ratio - Total - %,False,True,Percentage,,3.82e-05
2139.HK,1,2025,20251231,Original To Original,Original,Consolidated Only,HKG ARS,Net Interest Margin - Total - %,False,True,Percentage,,1.09
2139.HK,1,2025,20251231,Original To Original,Original,Consolidated Only,HKG ARS,Net Interest Spread - Total - %,False,True,Percentage,,0.95
2139.HK,1,2025,20251231,Original To Original,Original,Consolidated Only,HKG ARS,Solvency Margin - Total - %,False,True,Percentage,,6.656e-05
2139.HK,1,2025,20251231,Original To Original,Original,Consolidated Only,HKG ARS,Efficiency Ratio - Total - %,False,True,Percentage,,4.16e-05
2139.HK,1,2025,20251231,Recent To Recent,Original,Consolidated Only,HKG ARS,Net Interest Margin - Total - %,False,True,Percentage,,1.09
2139.HK,1,2025,20251231,Recent To Recent,Original,Consolidated Only,HKG ARS,Net Interest Spread - Total - %,False,True,Percentage,,0.95
2139.HK,1,2025,20251231,Recent To Recent,Original,Consolidated Only,HKG ARS,Solvency Margin - Total - %,False,True,Percentage,,6.656e-05
2139.HK,1,2025,20251231,Recent To Recent,Original,Consolidated Only,HKG ARS,Efficiency Ratio - Total - %,False,True,Percentage,,4.16e-05
2150.HK,1,2023,20231231,Original To Original,,Consolidated Only,,Stores Opened - Number - Total,False,False,No scaling,,506.0
2150.HK,1,2023,20231231,Recent To Recent,,Consolidated Only,,Stores Opened - Number - Total,False,False,No scaling,,506.0
2150.HK,1,2023,20231231,Original To Original,Original,Consolidated Only,HKG ARS,Stores Opened - Number - Total,False,False,No scaling,,506.0
2150.HK,1,2023,20231231,Recent To Recent,Original,Consolidated Only,HKG ARS,Stores Opened - Number - Total,False,False,No scaling,,506.0
2150.HK,1,2024,20241231,Original To Original,,Consolidated Only,,Stores Opened - Number - Total,False,False,No scaling,,143.0
2150.HK,1,2024,20241231,Recent To Recent,,Consolidated Only,,Stores Opened - Number - Total,False,False,No scaling,,143.0
2150.HK,1,2024,20241231,Original To Original,Original,Consolidated Only,HKG ARS,Stores Opened - Number - Total,False,False,No scaling,,143.0
2150.HK,1,2024,20241231,Recent To Recent,Original,Consolidated Only,HKG ARS,Stores Opened - Number - Total,False,False,No scaling,,143.0
2150.HK,1,2025,20251231,Original To Original,,Consolidated Only,,Stores Opened - Number - Total,False,False,No scaling,,13.0
2150.HK,1,2025,20251231,Recent To Recent,,Consolidated Only,,Stores Opened - Number - Total,False,False,No scaling,,13.0
2150.HK,1,2025,20251231,Original To Original,Original,Consolidated Only,HKG ARS,Stores Opened - Number - Total,False,False,No scaling,,13.0
2150.HK,1,2025,20251231,Recent To Recent,Original,Consolidated Only,HKG ARS,Stores Opened - Number - Total,False,False,No scaling,,13.0
2156.HK,1,2023,20231231,Original To Original,Original,Consolidated Only,HKG ARS,Net Asset Value (NAV) - Total (REIT/Real Estate),False,False,Units,CNY,1726.141
2156.HK,1,2023,20231231,Recent To Recent,Original,Consolidated Only,HKG ARS,Net Asset Value (NAV) - Total (REIT/Real Estate),False,False,Units,CNY,1726.141
2156.HK,1,2024,20241231,Original To Original,Original,Consolidated Only,HKG ARS,Net Asset Value (NAV) - Total (REIT/Real Estate),False,False,Units,CNY,1762.216
2156.HK,1,2024,20241231,Recent To Recent,Original,Consolidated Only,HKG ARS,Net Asset Value (NAV) - Total (REIT/Real Estate),False,False,Units,CNY,1762.216
2156.HK,1,2025,20251231,Original To Original,Original,Consolidated Only,HKG ARS,Net Asset Value (NAV) - Total (REIT/Real Estate),False,False,Units,CNY,2006.742
2156.HK,1,2025,20251231,Recent To Recent,Original,Consolidated Only,HKG ARS,Net Asset Value (NAV) - Total (REIT/Real Estate),False,False,Units,CNY,2006.742
2202.HK,1,2023,20231231,Original To Original,,Consolidated Only,,Net Asset Value (NAV) - Total (REIT/Real Estate),False,False,Units,CNY,250784.613
2202.HK,1,2023,20231231,Original To Original,,Consolidated Only,,Net Asset Value - Per Share - Basic - Total,True,False,No scaling,CNY,2.115e-05
2202.HK,1,2023,20231231,Recent To Recent,,Consolidated Only,,Net Asset Value (NAV) - Total (REIT/Real Estate),False,False,Units,CNY,250784.613
2202.HK,1,2023,20231231,Recent To Recent,,Consolidated Only,,Net Asset Value - Per Share - Basic - Total,True,False,No scaling,CNY,2.115e-05
2202.HK,1,2023,20231231,Original To Original,Original,Consolidated Only,HKG ARS,Net Asset Value (NAV) - Total (REIT/Real Estate),False,False,Units,CNY,250784.613
2202.HK,1,2023,20231231,Original To Original,Original,Consolidated Only,HKG ARS,Net Asset Value - Per Share - Basic - Total,True,False,No scaling,CNY,2.115e-05
2202.HK,1,2023,20231231,Recent To Recent,Original,Consolidated Only,HKG ARS,Net Asset Value (NAV) - Total (REIT/Real Estate),False,False,Units,CNY,250784.613
2202.HK,1,2023,20231231,Recent To Recent,Original,Consolidated Only,HKG ARS,Net Asset Value - Per Share - Basic - Total,True,False,No scaling,CNY,2.115e-05
2202.HK,1,2024,20241231,Original To Original,,Consolidated Only,,Net Asset Value (NAV) - Total (REIT/Real Estate),False,False,Units,CNY,202666.488
2202.HK,1,2024,20241231,Original To Original,,Consolidated Only,,Net Asset Value - Per Share - Basic - Total,True,False,No scaling,CNY,1.709e-05
2202.HK,1,2024,20241231,Recent To Recent,,Consolidated Only,,Net Asset Value (NAV) - Total (REIT/Real Estate),False,False,Units,CNY,202666.488
2202.HK,1,2024,20241231,Recent To Recent,,Consolidated Only,,Net Asset Value - Per Share - Basic - Total,True,False,No scaling,CNY,1.709e-05
2202.HK,1,2024,20241231,Original To Original,Original,Consolidated Only,HKG ARS,Net Asset Value (NAV) - Total (REIT/Real Estate),False,False,Units,CNY,202666.488
2202.HK,1,2024,20241231,Original To Original,Original,Consolidated Only,HKG ARS,Net Asset Value - Per Share - Basic - Total,True,False,No scaling,CNY,1.709e-05
2202.HK,1,2024,20241231,Recent To Recent,Original,Consolidated Only,HKG ARS,Net Asset Value (NAV) - Total (REIT/Real Estate),False,False,Units,CNY,202666.488
2202.HK,1,2024,20241231,Recent To Recent,Original,Consolidated Only,HKG ARS,Net Asset Value - Per Share - Basic - Total,True,False,No scaling,CNY,1.709e-05
2202.HK,1,2025,20251231,Original To Original,,Consolidated Only,,Net Asset Value (NAV) - Total (REIT/Real Estate),False,False,Units,CNY,116905.224
2202.HK,1,2025,20251231,Original To Original,,Consolidated Only,,Net Asset Value - Per Share - Basic - Total,True,False,No scaling,CNY,9.8e-06
2202.HK,1,2025,20251231,Recent To Recent,,Consolidated Only,,Net Asset Value (NAV) - Total (REIT/Real Estate),False,False,Units,CNY,116905.224
2202.HK,1,2025,20251231,Recent To Recent,,Consolidated Only,,Net Asset Value - Per Share - Basic - Total,True,False,No scaling,CNY,9.8e-06
2202.HK,1,2025,20251231,Original To Original,Original,Consolidated Only,HKG ARS,Net Asset Value (NAV) - Total (REIT/Real Estate),False,False,Units,CNY,116905.224
2202.HK,1,2025,20251231,Original To Original,Original,Consolidated Only,HKG ARS,Net Asset Value - Per Share - Basic - Total,True,False,No scaling,CNY,9.8e-06
2202.HK,1,2025,20251231,Recent To Recent,Original,Consolidated Only,HKG ARS,Net Asset Value (NAV) - Total (REIT/Real Estate),False,False,Units,CNY,116905.224
2202.HK,1,2025,20251231,Recent To Recent,Original,Consolidated Only,HKG ARS,Net Asset Value - Per Share - Basic - Total,True,False,No scaling,CNY,9.8e-06
2207.HK,1,2023,20231231,Original To Original,,Consolidated Only,,Net Asset Value (NAV) - Total (REIT/Real Estate),False,False,Units,CNY,712.397
2207.HK,1,2023,20231231,Recent To Recent,,Consolidated Only,,Net Asset Value (NAV) - Total (REIT/Real Estate),False,False,Units,CNY,712.397
2207.HK,1,2023,20231231,Original To Original,Original,Consolidated Only,HKG ARS,Net Asset Value (NAV) - Total (REIT/Real Estate),False,False,Units,CNY,712.397
2207.HK,1,2023,20231231,Recent To Recent,Original,Consolidated Only,HKG ARS,Net Asset Value (NAV) - Total (REIT/Real Estate),False,False,Units,CNY,712.397
2211.HK,1,2025,20250630,Original To Original,Original,Consolidated Only,HKG ARS,Stores Closed - Number - Total,False,False,No scaling,,83.0
2211.HK,1,2025,20250630,Recent To Recent,Original,Consolidated Only,HKG ARS,Stores Closed - Number - Total,False,False,No scaling,,83.0
2231.HK,1,2023,20231231,Original To Original,Original,Consolidated Only,HKG ARS,Net Asset Value (NAV) - Total (REIT/Real Estate),False,False,Units,CNY,392.414
2231.HK,1,2023,20231231,Recent To Recent,Original,Consolidated Only,HKG ARS,Net Asset Value (NAV) - Total (REIT/Real Estate),False,False,Units,CNY,392.414
2318.HK,1,2023,20231231,Original To Original,Original,Consolidated Only,HKG ARS,Net Interest Margin - Total - %,False,True,Percentage,,2.38
2318.HK,1,2023,20231231,Original To Original,Original,Consolidated Only,HKG ARS,GAAP Expense Ratio - Total - %,False,True,Percentage,,29.2
2318.HK,1,2023,20231231,Original To Original,Original,Consolidated Only,HKG ARS,GAAP Loss Ratio - Total - %,False,True,Percentage,,71.5
2318.HK,1,2023,20231231,Original To Original,Original,Consolidated Only,HKG ARS,GAAP Combined Ratio (Insurance) - Total - %,False,True,Percentage,,100.7
2318.HK,1,2023,20231231,Original To Original,Original,Consolidated Only,HKG ARS,Underwriting Profit or Loss - Total,False,False,Units,CNY,-2083.0
2318.HK,1,2023,20231231,Recent To Recent,Original,Consolidated Only,HKG ARS,Net Interest Margin - Total - %,False,True,Percentage,,2.38
2318.HK,1,2023,20231231,Recent To Recent,Original,Consolidated Only,HKG ARS,GAAP Expense Ratio - Total - %,False,True,Percentage,,29.2
2318.HK,1,2023,20231231,Recent To Recent,Original,Consolidated Only,HKG ARS,GAAP Loss Ratio - Total - %,False,True,Percentage,,71.5
2318.HK,1,2023,20231231,Recent To Recent,Original,Consolidated Only,HKG ARS,GAAP Combined Ratio (Insurance) - Total - %,False,True,Percentage,,100.7
2318.HK,1,2023,20231231,Recent To Recent,Original,Consolidated Only,HKG ARS,Underwriting Profit or Loss - Total,False,False,Units,CNY,-2083.0
2318.HK,1,2024,20241231,Original To Original,Original,Consolidated Only,HKG ARS,Net Interest Margin - Total - %,False,True,Percentage,,1.87
2318.HK,1,2024,20241231,Original To Original,Original,Consolidated Only,HKG ARS,GAAP Expense Ratio - Total - %,False,True,Percentage,,27.3
2318.HK,1,2024,20241231,Original To Original,Original,Consolidated Only,HKG ARS,GAAP Loss Ratio - Total - %,False,True,Percentage,,71.0
2318.HK,1,2024,20241231,Original To Original,Original,Consolidated Only,HKG ARS,GAAP Combined Ratio (Insurance) - Total - %,False,True,Percentage,,98.3
2318.HK,1,2024,20241231,Original To Original,Original,Consolidated Only,HKG ARS,Underwriting Profit or Loss - Total,False,False,Units,CNY,5463.0
2318.HK,1,2024,20241231,Recent To Recent,Original,Consolidated Only,HKG ARS,Net Interest Margin - Total - %,False,True,Percentage,,1.87
2318.HK,1,2024,20241231,Recent To Recent,Original,Consolidated Only,HKG ARS,GAAP Expense Ratio - Total - %,False,True,Percentage,,27.3
2318.HK,1,2024,20241231,Recent To Recent,Original,Consolidated Only,HKG ARS,GAAP Loss Ratio - Total - %,False,True,Percentage,,71.0
2318.HK,1,2024,20241231,Recent To Recent,Original,Consolidated Only,HKG ARS,GAAP Combined Ratio (Insurance) - Total - %,False,True,Percentage,,98.3
2318.HK,1,2024,20241231,Recent To Recent,Original,Consolidated Only,HKG ARS,Underwriting Profit or Loss - Total,False,False,Units,CNY,5463.0
2318.HK,1,2025,20251231,Original To Original,Original,Consolidated Only,HKG ARS,Net Interest Margin - Total - %,False,True,Percentage,,1.78
2318.HK,1,2025,20251231,Original To Original,Original,Consolidated Only,HKG ARS,GAAP Expense Ratio - Total - %,False,True,Percentage,,26.4
2318.HK,1,2025,20251231,Original To Original,Original,Consolidated Only,HKG ARS,GAAP Loss Ratio - Total - %,False,True,Percentage,,70.4
2318.HK,1,2025,20251231,Original To Original,Original,Consolidated Only,HKG ARS,GAAP Combined Ratio (Insurance) - Total - %,False,True,Percentage,,96.8
2318.HK,1,2025,20251231,Original To Original,Original,Consolidated Only,HKG ARS,Underwriting Profit or Loss - Total,False,False,Units,CNY,10717.0
2318.HK,1,2025,20251231,Recent To Recent,Original,Consolidated Only,HKG ARS,Net Interest Margin - Total - %,False,True,Percentage,,1.78
2318.HK,1,2025,20251231,Recent To Recent,Original,Consolidated Only,HKG ARS,GAAP Expense Ratio - Total - %,False,True,Percentage,,26.4
2318.HK,1,2025,20251231,Recent To Recent,Original,Consolidated Only,HKG ARS,GAAP Loss Ratio - Total - %,False,True,Percentage,,70.4
2318.HK,1,2025,20251231,Recent To Recent,Original,Consolidated Only,HKG ARS,GAAP Combined Ratio (Insurance) - Total - %,False,True,Percentage,,96.8
2318.HK,1,2025,20251231,Recent To Recent,Original,Consolidated Only,HKG ARS,Underwriting Profit or Loss - Total,False,False,Units,CNY,10717.0
2328.HK,1,2023,20231231,Original To Original,Original,Consolidated Only,HKG ARS,GAAP Expense Ratio - Total - %,False,True,Percentage,,27.2
2328.HK,1,2023,20231231,Original To Original,Original,Consolidated Only,HKG ARS,GAAP Loss Ratio - Total - %,False,True,Percentage,,70.6
2328.HK,1,2023,20231231,Original To Original,Original,Consolidated Only,HKG ARS,GAAP Combined Ratio (Insurance) - Total - %,False,True,Percentage,,97.8
2328.HK,1,2023,20231231,Original To Original,Original,Consolidated Only,HKG ARS,Underwriting Profit or Loss - Total,False,False,Units,CNY,10189.0
2328.HK,1,2023,20231231,Recent To Recent,Original,Consolidated Only,HKG ARS,GAAP Expense Ratio - Total - %,False,True,Percentage,,27.2
2328.HK,1,2023,20231231,Recent To Recent,Original,Consolidated Only,HKG ARS,GAAP Loss Ratio - Total - %,False,True,Percentage,,70.6
2328.HK,1,2023,20231231,Recent To Recent,Original,Consolidated Only,HKG ARS,GAAP Combined Ratio (Insurance) - Total - %,False,True,Percentage,,97.8
2328.HK,1,2023,20231231,Recent To Recent,Original,Consolidated Only,HKG ARS,Underwriting Profit or Loss - Total,False,False,Units,CNY,10189.0
2328.HK,1,2024,20241231,Original To Original,Original,Consolidated Only,HKG ARS,GAAP Expense Ratio - Total - %,False,True,Percentage,,25.8
2328.HK,1,2024,20241231,Original To Original,Original,Consolidated Only,HKG ARS,GAAP Loss Ratio - Total - %,False,True,Percentage,,73.0
2328.HK,1,2024,20241231,Original To Original,Original,Consolidated Only,HKG ARS,GAAP Combined Ratio (Insurance) - Total - %,False,True,Percentage,,98.8
2328.HK,1,2024,20241231,Original To Original,Original,Consolidated Only,HKG ARS,Underwriting Profit or Loss - Total,False,False,Units,CNY,5268.0140876341
2328.HK,1,2024,20241231,Recent To Recent,Original,Consolidated Only,HKG ARS,GAAP Expense Ratio - Total - %,False,True,Percentage,,25.8
2328.HK,1,2024,20241231,Recent To Recent,Original,Consolidated Only,HKG ARS,GAAP Loss Ratio - Total - %,False,True,Percentage,,73.0
2328.HK,1,2024,20241231,Recent To Recent,Original,Consolidated Only,HKG ARS,GAAP Combined Ratio (Insurance) - Total - %,False,True,Percentage,,98.8
2328.HK,1,2024,20241231,Recent To Recent,Original,Consolidated Only,HKG ARS,Underwriting Profit or Loss - Total,False,False,Units,CNY,5268.0140876341
2328.HK,1,2025,20251231,Original To Original,Original,Consolidated Only,HKG ARS,GAAP Expense Ratio - Total - %,False,True,Percentage,,23.6
2328.HK,1,2025,20251231,Original To Original,Original,Consolidated Only,HKG ARS,GAAP Loss Ratio - Total - %,False,True,Percentage,,73.9
2328.HK,1,2025,20251231,Original To Original,Original,Consolidated Only,HKG ARS,GAAP Combined Ratio (Insurance) - Total - %,False,True,Percentage,,97.5
2328.HK,1,2025,20251231,Original To Original,Original,Consolidated Only,HKG ARS,Underwriting Profit or Loss - Total,False,False,Units,CNY,12535.0
2328.HK,1,2025,20251231,Recent To Recent,Original,Consolidated Only,HKG ARS,GAAP Expense Ratio - Total - %,False,True,Percentage,,23.6
2328.HK,1,2025,20251231,Recent To Recent,Original,Consolidated Only,HKG ARS,GAAP Loss Ratio - Total - %,False,True,Percentage,,73.9
2328.HK,1,2025,20251231,Recent To Recent,Original,Consolidated Only,HKG ARS,GAAP Combined Ratio (Insurance) - Total - %,False,True,Percentage,,97.5
2328.HK,1,2025,20251231,Recent To Recent,Original,Consolidated Only,HKG ARS,Underwriting Profit or Loss - Total,False,False,Units,CNY,12535.0
2329.HK,1,2023,20231231,Original To Original,Original,Consolidated Only,HKG ARS,Net Asset Value (NAV) - Total (REIT/Real Estate),False,False,Units,CNY,11169.12
2329.HK,1,2023,20231231,Recent To Recent,Original,Consolidated Only,HKG ARS,Net Asset Value (NAV) - Total (REIT/Real Estate),False,False,Units,CNY,11169.12
2329.HK,1,2024,20241231,Original To Original,Original,Consolidated Only,HKG ARS,Net Asset Value (NAV) - Total (REIT/Real Estate),False,False,Units,CNY,9928.691
2329.HK,1,2024,20241231,Recent To Recent,Original,Consolidated Only,HKG ARS,Net Asset Value (NAV) - Total (REIT/Real Estate),False,False,Units,CNY,9928.691
2329.HK,1,2025,20251231,Original To Original,Original,Consolidated Only,HKG ARS,Net Asset Value (NAV) - Total (REIT/Real Estate),False,False,Units,CNY,8106.219
2329.HK,1,2025,20251231,Recent To Recent,Original,Consolidated Only,HKG ARS,Net Asset Value (NAV) - Total (REIT/Real Estate),False,False,Units,CNY,8106.219
2356.HK,1,2023,20231231,Original To Original,Original,Consolidated Only,HKG ARS,Net Interest Margin - Total - %,False,True,Percentage,,2.01
2356.HK,1,2023,20231231,Original To Original,Original,Consolidated Only,HKG ARS,Solvency Margin - Total - %,False,True,Percentage,,6.82e-05
2356.HK,1,2023,20231231,Original To Original,Original,Consolidated Only,HKG ARS,Efficiency Ratio - Total - %,False,True,Percentage,,5.36e-05
2356.HK,1,2023,20231231,Recent To Recent,Original,Consolidated Only,HKG ARS,Net Interest Margin - Total - %,False,True,Percentage,,2.01
2356.HK,1,2023,20231231,Recent To Recent,Original,Consolidated Only,HKG ARS,Solvency Margin - Total - %,False,True,Percentage,,6.82e-05
2356.HK,1,2023,20231231,Recent To Recent,Original,Consolidated Only,HKG ARS,Efficiency Ratio - Total - %,False,True,Percentage,,5.36e-05
2356.HK,1,2024,20241231,Original To Original,Original,Consolidated Only,HKG ARS,Net Interest Margin - Total - %,False,True,Percentage,,2.17
2356.HK,1,2024,20241231,Original To Original,Original,Consolidated Only,HKG ARS,Solvency Margin - Total - %,False,True,Percentage,,6.72e-05
2356.HK,1,2024,20241231,Original To Original,Original,Consolidated Only,HKG ARS,Efficiency Ratio - Total - %,False,True,Percentage,,4.82e-05
2356.HK,1,2024,20241231,Recent To Recent,Original,Consolidated Only,HKG ARS,Net Interest Margin - Total - %,False,True,Percentage,,2.17
2356.HK,1,2024,20241231,Recent To Recent,Original,Consolidated Only,HKG ARS,Solvency Margin - Total - %,False,True,Percentage,,6.72e-05
2356.HK,1,2024,20241231,Recent To Recent,Original,Consolidated Only,HKG ARS,Efficiency Ratio - Total - %,False,True,Percentage,,4.82e-05
2356.HK,1,2025,20251231,Original To Original,Original,Consolidated Only,HKG ARS,Net Interest Margin - Total - %,False,True,Percentage,,2.41
2356.HK,1,2025,20251231,Original To Original,Original,Consolidated Only,HKG ARS,Solvency Margin - Total - %,False,True,Percentage,,6.8e-05
2356.HK,1,2025,20251231,Original To Original,Original,Consolidated Only,HKG ARS,Efficiency Ratio - Total - %,False,True,Percentage,,4.35e-05
2356.HK,1,2025,20251231,Recent To Recent,Original,Consolidated Only,HKG ARS,Net Interest Margin - Total - %,False,True,Percentage,,2.41
2356.HK,1,2025,20251231,Recent To Recent,Original,Consolidated Only,HKG ARS,Solvency Margin - Total - %,False,True,Percentage,,6.8e-05
2356.HK,1,2025,20251231,Recent To Recent,Original,Consolidated Only,HKG ARS,Efficiency Ratio - Total - %,False,True,Percentage,,4.35e-05
2360.HK,1,2023,20231231,Original To Original,Original,Consolidated Only,HKG ARS,Stores Closed - Number - Total,False,False,No scaling,,6.0
2360.HK,1,2023,20231231,Original To Original,Original,Consolidated Only,HKG ARS,Stores Opened - Number - Total,False,False,No scaling,,19.0
2360.HK,1,2023,20231231,Recent To Recent,Original,Consolidated Only,HKG ARS,Stores Closed - Number - Total,False,False,No scaling,,6.0
2360.HK,1,2023,20231231,Recent To Recent,Original,Consolidated Only,HKG ARS,Stores Opened - Number - Total,False,False,No scaling,,19.0
2360.HK,1,2024,20241231,Original To Original,Original,Consolidated Only,HKG ARS,Stores Closed - Number - Total,False,False,No scaling,,6.0
2360.HK,1,2024,20241231,Original To Original,Original,Consolidated Only,HKG ARS,Stores Opened - Number - Total,False,False,No scaling,,15.0
2360.HK,1,2024,20241231,Recent To Recent,Original,Consolidated Only,HKG ARS,Stores Closed - Number - Total,False,False,No scaling,,6.0
2360.HK,1,2024,20241231,Recent To Recent,Original,Consolidated Only,HKG ARS,Stores Opened - Number - Total,False,False,No scaling,,15.0
2360.HK,0,2025,20251231,Original To Original,Original,Consolidated Only,HKG PRESS,Stores Opened - Number - Total,False,False,No scaling,,10.0
2360.HK,0,2025,20251231,Recent To Recent,Original,Consolidated Only,HKG PRESS,Stores Opened - Number - Total,False,False,No scaling,,10.0
2360.HK,1,2025,20251231,Original To Original,Original,Consolidated Only,HKG ARS,Stores Closed - Number - Total,False,False,No scaling,,3.0
2360.HK,1,2025,20251231,Recent To Recent,Original,Consolidated Only,HKG ARS,Stores Closed - Number - Total,False,False,No scaling,,3.0
2383.HK,1,2023,20231231,Original To Original,,Consolidated Only,,Advertisement Revenue - Total,False,False,Units,HKD,14.739
2383.HK,1,2023,20231231,Recent To Recent,,Consolidated Only,,Advertisement Revenue - Total,False,False,Units,HKD,14.739
2383.HK,1,2023,20231231,Original To Original,Original,Consolidated Only,HKG ARS,Advertisement Revenue - Total,False,False,Units,HKD,14.739
2383.HK,1,2023,20231231,Recent To Recent,Original,Consolidated Only,HKG ARS,Advertisement Revenue - Total,False,False,Units,HKD,14.739
2383.HK,1,2024,20241231,Original To Original,,Consolidated Only,,Advertisement Revenue - Total,False,False,Units,HKD,23.882
2383.HK,1,2024,20241231,Recent To Recent,,Consolidated Only,,Advertisement Revenue - Total,False,False,Units,HKD,23.882
2383.HK,1,2024,20241231,Original To Original,Original,Consolidated Only,HKG ARS,Advertisement Revenue - Total,False,False,Units,HKD,23.882
2383.HK,1,2024,20241231,Recent To Recent,Original,Consolidated Only,HKG ARS,Advertisement Revenue - Total,False,False,Units,HKD,23.882
2383.HK,1,2025,20251231,Original To Original,,Consolidated Only,,Advertisement Revenue - Total,False,False,Units,HKD,15.599
2383.HK,1,2025,20251231,Recent To Recent,,Consolidated Only,,Advertisement Revenue - Total,False,False,Units,HKD,15.599
2383.HK,1,2025,20251231,Original To Original,Original,Consolidated Only,HKG ARS,Advertisement Revenue - Total,False,False,Units,HKD,15.599
2383.HK,1,2025,20251231,Recent To Recent,Original,Consolidated Only,HKG ARS,Advertisement Revenue - Total,False,False,Units,HKD,15.599
2388.HK,1,2023,20231231,Original To Original,Original,Consolidated Only,HKG ARS,Net Interest Margin - Total - %,False,True,Percentage,,1.53
2388.HK,1,2023,20231231,Original To Original,Original,Consolidated Only,HKG ARS,Net Interest Spread - Total - %,False,True,Percentage,,1.12
2388.HK,1,2023,20231231,Original To Original,Original,Consolidated Only,HKG ARS,Solvency Margin - Total - %,False,True,Percentage,,6.799e-05
2388.HK,1,2023,20231231,Original To Original,Original,Consolidated Only,HKG ARS,Efficiency Ratio - Total - %,False,True,Percentage,,2.535e-05
2388.HK,1,2023,20231231,Recent To Recent,Original,Consolidated Only,HKG ARS,Net Interest Margin - Total - %,False,True,Percentage,,1.53
2388.HK,1,2023,20231231,Recent To Recent,Original,Consolidated Only,HKG ARS,Net Interest Spread - Total - %,False,True,Percentage,,1.12
2388.HK,1,2023,20231231,Recent To Recent,Original,Consolidated Only,HKG ARS,Solvency Margin - Total - %,False,True,Percentage,,6.799e-05
2388.HK,1,2023,20231231,Recent To Recent,Original,Consolidated Only,HKG ARS,Efficiency Ratio - Total - %,False,True,Percentage,,2.535e-05
2388.HK,1,2024,20241231,Original To Original,Original,Consolidated Only,HKG ARS,Net Interest Margin - Total - %,False,True,Percentage,,1.46
2388.HK,1,2024,20241231,Original To Original,Original,Consolidated Only,HKG ARS,Net Interest Spread - Total - %,False,True,Percentage,,1.07
2388.HK,1,2024,20241231,Original To Original,Original,Consolidated Only,HKG ARS,Solvency Margin - Total - %,False,True,Percentage,,6.155e-05
2388.HK,1,2024,20241231,Original To Original,Original,Consolidated Only,HKG ARS,Efficiency Ratio - Total - %,False,True,Percentage,,2.455e-05
2388.HK,1,2024,20241231,Recent To Recent,Original,Consolidated Only,HKG ARS,Net Interest Margin - Total - %,False,True,Percentage,,1.46
2388.HK,1,2024,20241231,Recent To Recent,Original,Consolidated Only,HKG ARS,Net Interest Spread - Total - %,False,True,Percentage,,1.07
2388.HK,1,2024,20241231,Recent To Recent,Original,Consolidated Only,HKG ARS,Solvency Margin - Total - %,False,True,Percentage,,6.155e-05
2388.HK,1,2024,20241231,Recent To Recent,Original,Consolidated Only,HKG ARS,Efficiency Ratio - Total - %,False,True,Percentage,,2.455e-05
2388.HK,1,2025,20251231,Original To Original,Original,Consolidated Only,HKG ARS,Net Interest Margin - Total - %,False,True,Percentage,,1.58
2388.HK,1,2025,20251231,Original To Original,Original,Consolidated Only,HKG ARS,Net Interest Spread - Total - %,False,True,Percentage,,1.09
2388.HK,1,2025,20251231,Original To Original,Original,Consolidated Only,HKG ARS,Solvency Margin - Total - %,False,True,Percentage,,5.835e-05
2388.HK,1,2025,20251231,Original To Original,Original,Consolidated Only,HKG ARS,Efficiency Ratio - Total - %,False,True,Percentage,,2.362e-05
2388.HK,1,2025,20251231,Recent To Recent,Original,Consolidated Only,HKG ARS,Net Interest Margin - Total - %,False,True,Percentage,,1.58
2388.HK,1,2025,20251231,Recent To Recent,Original,Consolidated Only,HKG ARS,Net Interest Spread - Total - %,False,True,Percentage,,1.09
2388.HK,1,2025,20251231,Recent To Recent,Original,Consolidated Only,HKG ARS,Solvency Margin - Total - %,False,True,Percentage,,5.835e-05
2388.HK,1,2025,20251231,Recent To Recent,Original,Consolidated Only,HKG ARS,Efficiency Ratio - Total - %,False,True,Percentage,,2.362e-05
2399.HK,1,2023,20231231,Original To Original,Original,Consolidated Only,HKG ARS,Stores Opened - Number - Total,False,False,No scaling,,12.0
2399.HK,1,2023,20231231,Recent To Recent,Original,Consolidated Only,HKG ARS,Stores Opened - Number - Total,False,False,No scaling,,12.0
2399.HK,1,2024,20241231,Original To Original,Original,Consolidated Only,HKG ARS,Stores Opened - Number - Total,False,False,No scaling,,49.0
2399.HK,1,2024,20241231,Recent To Recent,Original,Consolidated Only,HKG ARS,Stores Opened - Number - Total,False,False,No scaling,,49.0
2399.HK,1,2025,20251231,Original To Original,Original,Consolidated Only,HKG ARS,Stores Closed - Number - Total,False,False,No scaling,,34.0
2399.HK,1,2025,20251231,Recent To Recent,Original,Consolidated Only,HKG ARS,Stores Closed - Number - Total,False,False,No scaling,,34.0
2400.HK,1,2023,20231231,Original To Original,Original,Consolidated Only,HKG ARS,Monthly Active Users (MAU) - Total,False,False,No scaling,,54.046
2400.HK,1,2023,20231231,Recent To Recent,Original,Consolidated Only,HKG ARS,Monthly Active Users (MAU) - Total,False,False,No scaling,,54.046
2400.HK,1,2024,20241231,Original To Original,Original,Consolidated Only,HKG ARS,Monthly Active Users (MAU) - Total,False,False,No scaling,,63.247
2400.HK,1,2024,20241231,Recent To Recent,Original,Consolidated Only,HKG ARS,Monthly Active Users (MAU) - Total,False,False,No scaling,,63.247
2400.HK,1,2025,20251231,Original To Original,Original,Consolidated Only,HKG ARS,Monthly Active Users (MAU) - Total,False,False,No scaling,,60.646
2400.HK,1,2025,20251231,Recent To Recent,Original,Consolidated Only,HKG ARS,Monthly Active Users (MAU) - Total,False,False,No scaling,,60.646
2411.HK,1,2023,20231231,Original To Original,Original,Consolidated Only,HKG ARS,Stores Opened - Number - Total,False,False,No scaling,,443.0
2411.HK,1,2023,20231231,Recent To Recent,Original,Consolidated Only,HKG ARS,Stores Opened - Number - Total,False,False,No scaling,,443.0
2411.HK,1,2024,20241231,Original To Original,Original,Consolidated Only,HKG ARS,Stores Closed - Number - Total,False,False,No scaling,,966.0
2411.HK,1,2024,20241231,Recent To Recent,Original,Consolidated Only,HKG ARS,Stores Closed - Number - Total,False,False,No scaling,,966.0
2518.HK,1,2023,20231231,Original To Original,Original,Consolidated Only,20-F,Advertisement Revenue - Total,False,False,Units,CNY,1870.819
2518.HK,1,2023,20231231,Recent To Recent,Original,Consolidated Only,20-F,Advertisement Revenue - Total,False,False,Units,CNY,1870.819
2518.HK,1,2024,20241231,Original To Original,Original,Consolidated Only,20-F,Advertisement Revenue - Total,False,False,Units,CNY,1523.075
2518.HK,1,2024,20241231,Recent To Recent,Original,Consolidated Only,20-F,Advertisement Revenue - Total,False,False,Units,CNY,1523.075
2518.HK,1,2025,20251231,Original To Original,Original,Consolidated Only,20-F,Advertisement Revenue - Total,False,False,Units,CNY,1523.075
2518.HK,1,2025,20251231,Recent To Recent,Original,Consolidated Only,20-F,Advertisement Revenue - Total,False,False,Units,CNY,1523.075
2558.HK,1,2023,20231231,Original To Original,,Consolidated Only,,Net Interest Margin - Total - %,False,True,Percentage,,1.36
2558.HK,1,2023,20231231,Original To Original,,Consolidated Only,,Net Interest Spread - Total - %,False,True,Percentage,,1.29
2558.HK,1,2023,20231231,Original To Original,,Consolidated Only,,Solvency Margin - Total - %,False,True,Percentage,,6.811e-05
2558.HK,1,2023,20231231,Original To Original,,Consolidated Only,,Efficiency Ratio - Total - %,False,True,Percentage,,3.894e-05
2558.HK,1,2023,20231231,Recent To Recent,,Consolidated Only,,Net Interest Margin - Total - %,False,True,Percentage,,1.36
2558.HK,1,2023,20231231,Recent To Recent,,Consolidated Only,,Net Interest Spread - Total - %,False,True,Percentage,,1.29
2558.HK,1,2023,20231231,Recent To Recent,,Consolidated Only,,Solvency Margin - Total - %,False,True,Percentage,,6.811e-05
2558.HK,1,2023,20231231,Recent To Recent,,Consolidated Only,,Efficiency Ratio - Total - %,False,True,Percentage,,3.894e-05
2558.HK,1,2023,20231231,Original To Original,Original,Consolidated Only,HKG ARS,Net Interest Margin - Total - %,False,True,Percentage,,1.36
2558.HK,1,2023,20231231,Original To Original,Original,Consolidated Only,HKG ARS,Net Interest Spread - Total - %,False,True,Percentage,,1.29
2558.HK,1,2023,20231231,Original To Original,Original,Consolidated Only,HKG ARS,Solvency Margin - Total - %,False,True,Percentage,,6.811e-05
2558.HK,1,2023,20231231,Original To Original,Original,Consolidated Only,HKG ARS,Efficiency Ratio - Total - %,False,True,Percentage,,3.894e-05
2558.HK,1,2023,20231231,Recent To Recent,Original,Consolidated Only,HKG ARS,Net Interest Margin - Total - %,False,True,Percentage,,1.36
2558.HK,1,2023,20231231,Recent To Recent,Original,Consolidated Only,HKG ARS,Net Interest Spread - Total - %,False,True,Percentage,,1.29
2558.HK,1,2023,20231231,Recent To Recent,Original,Consolidated Only,HKG ARS,Solvency Margin - Total - %,False,True,Percentage,,6.811e-05
2558.HK,1,2023,20231231,Recent To Recent,Original,Consolidated Only,HKG ARS,Efficiency Ratio - Total - %,False,True,Percentage,,3.894e-05
2558.HK,1,2024,20241231,Original To Original,,Consolidated Only,,Net Interest Margin - Total - %,False,True,Percentage,,1.2
2558.HK,1,2024,20241231,Original To Original,,Consolidated Only,,Net Interest Spread - Total - %,False,True,Percentage,,1.07
2558.HK,1,2024,20241231,Original To Original,,Consolidated Only,,Solvency Margin - Total - %,False,True,Percentage,,6.695e-05
2558.HK,1,2024,20241231,Original To Original,,Consolidated Only,,Efficiency Ratio - Total - %,False,True,Percentage,,3.813e-05
2558.HK,1,2024,20241231,Recent To Recent,,Consolidated Only,,Net Interest Margin - Total - %,False,True,Percentage,,1.2
2558.HK,1,2024,20241231,Recent To Recent,,Consolidated Only,,Net Interest Spread - Total - %,False,True,Percentage,,1.07
2558.HK,1,2024,20241231,Recent To Recent,,Consolidated Only,,Solvency Margin - Total - %,False,True,Percentage,,6.695e-05
2558.HK,1,2024,20241231,Recent To Recent,,Consolidated Only,,Efficiency Ratio - Total - %,False,True,Percentage,,3.813e-05
2558.HK,1,2024,20241231,Original To Original,Original,Consolidated Only,HKG ARS,Net Interest Margin - Total - %,False,True,Percentage,,1.2
2558.HK,1,2024,20241231,Original To Original,Original,Consolidated Only,HKG ARS,Net Interest Spread - Total - %,False,True,Percentage,,1.07
2558.HK,1,2024,20241231,Original To Original,Original,Consolidated Only,HKG ARS,Solvency Margin - Total - %,False,True,Percentage,,6.695e-05
2558.HK,1,2024,20241231,Original To Original,Original,Consolidated Only,HKG ARS,Efficiency Ratio - Total - %,False,True,Percentage,,3.813e-05
2558.HK,1,2024,20241231,Recent To Recent,Original,Consolidated Only,HKG ARS,Net Interest Margin - Total - %,False,True,Percentage,,1.2
2558.HK,1,2024,20241231,Recent To Recent,Original,Consolidated Only,HKG ARS,Net Interest Spread - Total - %,False,True,Percentage,,1.07
2558.HK,1,2024,20241231,Recent To Recent,Original,Consolidated Only,HKG ARS,Solvency Margin - Total - %,False,True,Percentage,,6.695e-05
2558.HK,1,2024,20241231,Recent To Recent,Original,Consolidated Only,HKG ARS,Efficiency Ratio - Total - %,False,True,Percentage,,3.813e-05
2558.HK,1,2025,20251231,Original To Original,,Consolidated Only,,Net Interest Margin - Total - %,False,True,Percentage,,1.07
2558.HK,1,2025,20251231,Original To Original,,Consolidated Only,,Net Interest Spread - Total - %,False,True,Percentage,,0.96
2558.HK,1,2025,20251231,Original To Original,,Consolidated Only,,Solvency Margin - Total - %,False,True,Percentage,,6.996e-05
2558.HK,1,2025,20251231,Original To Original,,Consolidated Only,,Efficiency Ratio - Total - %,False,True,Percentage,,3.811e-05
2558.HK,1,2025,20251231,Recent To Recent,,Consolidated Only,,Net Interest Margin - Total - %,False,True,Percentage,,1.07
2558.HK,1,2025,20251231,Recent To Recent,,Consolidated Only,,Net Interest Spread - Total - %,False,True,Percentage,,0.96
2558.HK,1,2025,20251231,Recent To Recent,,Consolidated Only,,Solvency Margin - Total - %,False,True,Percentage,,6.996e-05
2558.HK,1,2025,20251231,Recent To Recent,,Consolidated Only,,Efficiency Ratio - Total - %,False,True,Percentage,,3.811e-05
2558.HK,1,2025,20251231,Original To Original,Original,Consolidated Only,HKG ARS,Net Interest Margin - Total - %,False,True,Percentage,,1.07
2558.HK,1,2025,20251231,Original To Original,Original,Consolidated Only,HKG ARS,Net Interest Spread - Total - %,False,True,Percentage,,0.96
2558.HK,1,2025,20251231,Original To Original,Original,Consolidated Only,HKG ARS,Solvency Margin - Total - %,False,True,Percentage,,6.996e-05
2558.HK,1,2025,20251231,Original To Original,Original,Consolidated Only,HKG ARS,Efficiency Ratio - Total - %,False,True,Percentage,,3.811e-05
2558.HK,1,2025,20251231,Recent To Recent,Original,Consolidated Only,HKG ARS,Net Interest Margin - Total - %,False,True,Percentage,,1.07
2558.HK,1,2025,20251231,Recent To Recent,Original,Consolidated Only,HKG ARS,Net Interest Spread - Total - %,False,True,Percentage,,0.96
2558.HK,1,2025,20251231,Recent To Recent,Original,Consolidated Only,HKG ARS,Solvency Margin - Total - %,False,True,Percentage,,6.996e-05
2558.HK,1,2025,20251231,Recent To Recent,Original,Consolidated Only,HKG ARS,Efficiency Ratio - Total - %,False,True,Percentage,,3.811e-05
2601.HK,1,2023,20231231,Original To Original,,Consolidated Only,,Underwriting Profit or Loss - Total,False,False,Units,CNY,2773.0
2601.HK,1,2023,20231231,Recent To Recent,,Consolidated Only,,Underwriting Profit or Loss - Total,False,False,Units,CNY,2773.0
2601.HK,1,2023,20231231,Original To Original,Original,Consolidated Only,CHN ARS,Underwriting Profit or Loss - Total,False,False,Units,CNY,2773.0
2601.HK,1,2023,20231231,Recent To Recent,Original,Consolidated Only,CHN ARS,Underwriting Profit or Loss - Total,False,False,Units,CNY,2773.0
2601.HK,1,2024,20241231,Original To Original,,Consolidated Only,,Underwriting Profit or Loss - Total,False,False,Units,CNY,561.0
2601.HK,1,2024,20241231,Recent To Recent,,Consolidated Only,,Underwriting Profit or Loss - Total,False,False,Units,CNY,561.0
2601.HK,1,2024,20241231,Original To Original,Original,Consolidated Only,CHN ARS,Underwriting Profit or Loss - Total,False,False,Units,CNY,561.0
2601.HK,1,2024,20241231,Recent To Recent,Original,Consolidated Only,CHN ARS,Underwriting Profit or Loss - Total,False,False,Units,CNY,561.0
2666.HK,1,2023,20231231,Original To Original,,Consolidated Only,,Net Interest Margin - Total - %,False,True,Percentage,,3.16
2666.HK,1,2023,20231231,Original To Original,,Consolidated Only,,Net Interest Spread - Total - %,False,True,Percentage,,2.64
2666.HK,1,2023,20231231,Recent To Recent,,Consolidated Only,,Net Interest Margin - Total - %,False,True,Percentage,,3.16
2666.HK,1,2023,20231231,Recent To Recent,,Consolidated Only,,Net Interest Spread - Total - %,False,True,Percentage,,2.64
2666.HK,1,2023,20231231,Original To Original,Original,Consolidated Only,HKG ARS,Net Interest Margin - Total - %,False,True,Percentage,,3.16
2666.HK,1,2023,20231231,Original To Original,Original,Consolidated Only,HKG ARS,Net Interest Spread - Total - %,False,True,Percentage,,2.64
2666.HK,1,2023,20231231,Recent To Recent,Original,Consolidated Only,HKG ARS,Net Interest Margin - Total - %,False,True,Percentage,,3.16
2666.HK,1,2023,20231231,Recent To Recent,Original,Consolidated Only,HKG ARS,Net Interest Spread - Total - %,False,True,Percentage,,2.64
2666.HK,1,2024,20241231,Original To Original,,Consolidated Only,,Net Interest Margin - Total - %,False,True,Percentage,,3.58
2666.HK,1,2024,20241231,Original To Original,,Consolidated Only,,Net Interest Spread - Total - %,False,True,Percentage,,3.01
2666.HK,1,2024,20241231,Recent To Recent,,Consolidated Only,,Net Interest Margin - Total - %,False,True,Percentage,,3.58
2666.HK,1,2024,20241231,Recent To Recent,,Consolidated Only,,Net Interest Spread - Total - %,False,True,Percentage,,3.01
2666.HK,1,2024,20241231,Original To Original,Original,Consolidated Only,HKG ARS,Net Interest Margin - Total - %,False,True,Percentage,,3.58
2666.HK,1,2024,20241231,Original To Original,Original,Consolidated Only,HKG ARS,Net Interest Spread - Total - %,False,True,Percentage,,3.01
2666.HK,1,2024,20241231,Recent To Recent,Original,Consolidated Only,HKG ARS,Net Interest Margin - Total - %,False,True,Percentage,,3.58
2666.HK,1,2024,20241231,Recent To Recent,Original,Consolidated Only,HKG ARS,Net Interest Spread - Total - %,False,True,Percentage,,3.01
2666.HK,1,2025,20251231,Original To Original,,Consolidated Only,,Net Interest Margin - Total - %,False,True,Percentage,,4.34
2666.HK,1,2025,20251231,Original To Original,,Consolidated Only,,Net Interest Spread - Total - %,False,True,Percentage,,3.8
2666.HK,1,2025,20251231,Recent To Recent,,Consolidated Only,,Net Interest Margin - Total - %,False,True,Percentage,,4.34
2666.HK,1,2025,20251231,Recent To Recent,,Consolidated Only,,Net Interest Spread - Total - %,False,True,Percentage,,3.8
2666.HK,1,2025,20251231,Original To Original,Original,Consolidated Only,HKG ARS,Net Interest Margin - Total - %,False,True,Percentage,,4.34
2666.HK,1,2025,20251231,Original To Original,Original,Consolidated Only,HKG ARS,Net Interest Spread - Total - %,False,True,Percentage,,3.8
2666.HK,1,2025,20251231,Recent To Recent,Original,Consolidated Only,HKG ARS,Net Interest Margin - Total - %,False,True,Percentage,,4.34
2666.HK,1,2025,20251231,Recent To Recent,Original,Consolidated Only,HKG ARS,Net Interest Spread - Total - %,False,True,Percentage,,3.8
2772.HK,1,2023,20231231,Original To Original,Original,Consolidated Only,HKG ARS,Net Asset Value (NAV) - Total (REIT/Real Estate),False,False,Units,CNY,6889.458
2772.HK,1,2023,20231231,Recent To Recent,Original,Consolidated Only,HKG ARS,Net Asset Value (NAV) - Total (REIT/Real Estate),False,False,Units,CNY,6889.458
2772.HK,1,2024,20241231,Original To Original,Original,Consolidated Only,HKG ARS,Net Asset Value (NAV) - Total (REIT/Real Estate),False,False,Units,CNY,4535.098
2772.HK,1,2024,20241231,Recent To Recent,Original,Consolidated Only,HKG ARS,Net Asset Value (NAV) - Total (REIT/Real Estate),False,False,Units,CNY,4535.098
2772.HK,1,2025,20251231,Original To Original,Original,Consolidated Only,HKG ARS,Net Asset Value (NAV) - Total (REIT/Real Estate),False,False,Units,CNY,420.147
2772.HK,1,2025,20251231,Recent To Recent,Original,Consolidated Only,HKG ARS,Net Asset Value (NAV) - Total (REIT/Real Estate),False,False,Units,CNY,420.147
2777.HK,1,2023,20231231,Original To Original,Original,Consolidated Only,HKG ARS,Net Asset Value (NAV) - Total (REIT/Real Estate),False,False,Units,CNY,33695.87
2777.HK,1,2023,20231231,Original To Original,Original,Consolidated Only,HKG ARS,Net Asset Value - Per Share - Basic - Total,True,False,No scaling,CNY,9e-06
2777.HK,1,2023,20231231,Recent To Recent,Original,Consolidated Only,HKG ARS,Net Asset Value (NAV) - Total (REIT/Real Estate),False,False,Units,CNY,33695.87
2777.HK,1,2023,20231231,Recent To Recent,Original,Consolidated Only,HKG ARS,Net Asset Value - Per Share - Basic - Total,True,False,No scaling,CNY,9e-06
2777.HK,1,2024,20241231,Original To Original,Original,Consolidated Only,HKG ARS,Net Asset Value (NAV) - Total (REIT/Real Estate),False,False,Units,CNY,15922.439
2777.HK,1,2024,20241231,Original To Original,Original,Consolidated Only,HKG ARS,Net Asset Value - Per Share - Basic - Total,True,False,No scaling,CNY,4.2e-06
2777.HK,1,2024,20241231,Recent To Recent,Original,Consolidated Only,HKG ARS,Net Asset Value (NAV) - Total (REIT/Real Estate),False,False,Units,CNY,15922.439
2777.HK,1,2024,20241231,Recent To Recent,Original,Consolidated Only,HKG ARS,Net Asset Value - Per Share - Basic - Total,True,False,No scaling,CNY,4.2e-06
2858.HK,1,2023,20231231,Original To Original,Original,Consolidated Only,HKG ARS,Net Interest Margin - Total - %,False,True,Percentage,,4.1
2858.HK,1,2023,20231231,Recent To Recent,Original,Consolidated Only,HKG ARS,Net Interest Margin - Total - %,False,True,Percentage,,4.1
2858.HK,1,2024,20241231,Original To Original,Original,Consolidated Only,HKG ARS,Net Interest Spread - Total - %,False,True,Percentage,,4.9
2858.HK,1,2024,20241231,Recent To Recent,Original,Consolidated Only,HKG ARS,Net Interest Spread - Total - %,False,True,Percentage,,4.9
2858.HK,1,2025,20251231,Original To Original,Original,Consolidated Only,HKG ARS,Net Interest Spread - Total - %,False,True,Percentage,,6.0
2858.HK,1,2025,20251231,Recent To Recent,Original,Consolidated Only,HKG ARS,Net Interest Spread - Total - %,False,True,Percentage,,6.0
2869.HK,1,2023,20231231,Original To Original,,Consolidated Only,,Net Asset Value (NAV) - Total (REIT/Real Estate),False,False,Units,CNY,7405.535
2869.HK,1,2023,20231231,Recent To Recent,,Consolidated Only,,Net Asset Value (NAV) - Total (REIT/Real Estate),False,False,Units,CNY,7405.535
2869.HK,1,2023,20231231,Original To Original,Original,Consolidated Only,HKG ARS,Net Asset Value (NAV) - Total (REIT/Real Estate),False,False,Units,CNY,7405.535
2869.HK,1,2023,20231231,Recent To Recent,Original,Consolidated Only,HKG ARS,Net Asset Value (NAV) - Total (REIT/Real Estate),False,False,Units,CNY,7405.535
2869.HK,1,2024,20241231,Original To Original,,Consolidated Only,,Net Asset Value (NAV) - Total (REIT/Real Estate),False,False,Units,CNY,7788.687
2869.HK,1,2024,20241231,Recent To Recent,,Consolidated Only,,Net Asset Value (NAV) - Total (REIT/Real Estate),False,False,Units,CNY,7788.687
2869.HK,1,2024,20241231,Original To Original,Original,Consolidated Only,HKG ARS,Net Asset Value (NAV) - Total (REIT/Real Estate),False,False,Units,CNY,7788.687
2869.HK,1,2024,20241231,Recent To Recent,Original,Consolidated Only,HKG ARS,Net Asset Value (NAV) - Total (REIT/Real Estate),False,False,Units,CNY,7788.687
2869.HK,1,2025,20251231,Original To Original,,Consolidated Only,,Net Asset Value (NAV) - Total (REIT/Real Estate),False,False,Units,CNY,7960.426
2869.HK,1,2025,20251231,Recent To Recent,,Consolidated Only,,Net Asset Value (NAV) - Total (REIT/Real Estate),False,False,Units,CNY,7960.426
2869.HK,1,2025,20251231,Original To Original,Original,Consolidated Only,HKG ARS,Net Asset Value (NAV) - Total (REIT/Real Estate),False,False,Units,CNY,7960.426
2869.HK,1,2025,20251231,Recent To Recent,Original,Consolidated Only,HKG ARS,Net Asset Value (NAV) - Total (REIT/Real Estate),False,False,Units,CNY,7960.426
2888.HK,1,2023,20231231,Original To Original,Original,Consolidated Only,GBR ARS,Net Interest Margin - Total - %,False,True,Percentage,,1.67
2888.HK,1,2023,20231231,Original To Original,Original,Consolidated Only,GBR ARS,Solvency Margin - Total - %,False,True,Percentage,,5.33e-05
2888.HK,1,2023,20231231,Original To Original,Original,Consolidated Only,GBR ARS,Efficiency Ratio - Total - %,False,True,Percentage,,6.34e-05
2888.HK,1,2023,20231231,Recent To Recent,Original,Consolidated Only,GBR ARS,Net Interest Margin - Total - %,False,True,Percentage,,1.67
2888.HK,1,2023,20231231,Recent To Recent,Original,Consolidated Only,GBR ARS,Solvency Margin - Total - %,False,True,Percentage,,5.33e-05
2888.HK,1,2023,20231231,Recent To Recent,Original,Consolidated Only,GBR ARS,Efficiency Ratio - Total - %,False,True,Percentage,,6.34e-05
2888.HK,1,2024,20241231,Original To Original,Original,Consolidated Only,GBR ARS,Net Interest Margin - Total - %,False,True,Percentage,,1.94
2888.HK,1,2024,20241231,Original To Original,Original,Consolidated Only,GBR ARS,Solvency Margin - Total - %,False,True,Percentage,,5.33e-05
2888.HK,1,2024,20241231,Original To Original,Original,Consolidated Only,GBR ARS,Efficiency Ratio - Total - %,False,True,Percentage,,5.94e-05
2888.HK,1,2024,20241231,Recent To Recent,Original,Consolidated Only,GBR ARS,Net Interest Margin - Total - %,False,True,Percentage,,1.94
2888.HK,1,2024,20241231,Recent To Recent,Original,Consolidated Only,GBR ARS,Solvency Margin - Total - %,False,True,Percentage,,5.33e-05
2888.HK,1,2024,20241231,Recent To Recent,Original,Consolidated Only,GBR ARS,Efficiency Ratio - Total - %,False,True,Percentage,,5.94e-05
2888.HK,1,2025,20251231,Original To Original,Original,Consolidated Only,GBR ARS,Net Interest Margin - Total - %,False,True,Percentage,,2.03
2888.HK,1,2025,20251231,Original To Original,Original,Consolidated Only,GBR ARS,Solvency Margin - Total - %,False,True,Percentage,,5.14e-05
2888.HK,1,2025,20251231,Original To Original,Original,Consolidated Only,GBR ARS,Efficiency Ratio - Total - %,False,True,Percentage,,6.35e-05
2888.HK,1,2025,20251231,Recent To Recent,Original,Consolidated Only,GBR ARS,Net Interest Margin - Total - %,False,True,Percentage,,2.03
2888.HK,1,2025,20251231,Recent To Recent,Original,Consolidated Only,GBR ARS,Solvency Margin - Total - %,False,True,Percentage,,5.14e-05
2888.HK,1,2025,20251231,Recent To Recent,Original,Consolidated Only,GBR ARS,Efficiency Ratio - Total - %,False,True,Percentage,,6.35e-05
2899.HK,1,2023,20231231,Original To Original,,Consolidated Only,,Gold - Production - Total,False,False,No scaling,,10199663.59516
2899.HK,1,2023,20231231,Recent To Recent,,Consolidated Only,,Gold - Production - Total,False,False,No scaling,,10199663.59516
2899.HK,1,2023,20231231,Original To Original,Original,Consolidated Only,CHN ARS,Gold - Production - Total,False,False,No scaling,,10199663.59516
2899.HK,1,2023,20231231,Recent To Recent,Original,Consolidated Only,CHN ARS,Gold - Production - Total,False,False,No scaling,,10199663.59516
2899.HK,1,2024,20241231,Original To Original,,Consolidated Only,,Gold - Production - Total,False,False,No scaling,,2345011.15322
2899.HK,1,2024,20241231,Recent To Recent,,Consolidated Only,,Gold - Production - Total,False,False,No scaling,,2345011.15322
2899.HK,1,2024,20241231,Original To Original,Original,Consolidated Only,CHN ARS,Gold - Production - Total,False,False,No scaling,,2345011.15322
2899.HK,1,2024,20241231,Recent To Recent,Original,Consolidated Only,CHN ARS,Gold - Production - Total,False,False,No scaling,,2345011.15322
2899.HK,1,2025,20251231,Original To Original,,Consolidated Only,,Gold - Production - Total,False,False,No scaling,,8129477.02361
2899.HK,1,2025,20251231,Recent To Recent,,Consolidated Only,,Gold - Production - Total,False,False,No scaling,,8129477.02361
2899.HK,1,2025,20251231,Original To Original,Original,Consolidated Only,CHN ARS,Gold - Production - Total,False,False,No scaling,,8129477.02361
2899.HK,1,2025,20251231,Recent To Recent,Original,Consolidated Only,CHN ARS,Gold - Production - Total,False,False,No scaling,,8129477.02361
3301.HK,1,2023,20231231,Original To Original,Original,Consolidated Only,HKG ARS,Net Asset Value (NAV) - Total (REIT/Real Estate),False,False,Units,CNY,248.534
3301.HK,1,2023,20231231,Recent To Recent,Original,Consolidated Only,HKG ARS,Net Asset Value (NAV) - Total (REIT/Real Estate),False,False,Units,CNY,248.534
3316.HK,1,2023,20231231,Original To Original,,Consolidated Only,,Net Asset Value (NAV) - Total (REIT/Real Estate),False,False,Units,CNY,1488.447
3316.HK,1,2023,20231231,Recent To Recent,,Consolidated Only,,Net Asset Value (NAV) - Total (REIT/Real Estate),False,False,Units,CNY,1488.447
3316.HK,1,2023,20231231,Original To Original,Original,Consolidated Only,HKG ARS,Net Asset Value (NAV) - Total (REIT/Real Estate),False,False,Units,CNY,1488.447
3316.HK,1,2023,20231231,Recent To Recent,Original,Consolidated Only,HKG ARS,Net Asset Value (NAV) - Total (REIT/Real Estate),False,False,Units,CNY,1488.447
3316.HK,1,2024,20241231,Original To Original,,Consolidated Only,,Net Asset Value (NAV) - Total (REIT/Real Estate),False,False,Units,CNY,1528.96
3316.HK,1,2024,20241231,Recent To Recent,,Consolidated Only,,Net Asset Value (NAV) - Total (REIT/Real Estate),False,False,Units,CNY,1528.96
3316.HK,1,2024,20241231,Original To Original,Original,Consolidated Only,HKG ARS,Net Asset Value (NAV) - Total (REIT/Real Estate),False,False,Units,CNY,1528.96
3316.HK,1,2024,20241231,Recent To Recent,Original,Consolidated Only,HKG ARS,Net Asset Value (NAV) - Total (REIT/Real Estate),False,False,Units,CNY,1528.96
3316.HK,1,2025,20251231,Original To Original,,Consolidated Only,,Net Asset Value (NAV) - Total (REIT/Real Estate),False,False,Units,CNY,1672.406
3316.HK,1,2025,20251231,Recent To Recent,,Consolidated Only,,Net Asset Value (NAV) - Total (REIT/Real Estate),False,False,Units,CNY,1672.406
3316.HK,1,2025,20251231,Original To Original,Original,Consolidated Only,HKG ARS,Net Asset Value (NAV) - Total (REIT/Real Estate),False,False,Units,CNY,1672.406
3316.HK,1,2025,20251231,Recent To Recent,Original,Consolidated Only,HKG ARS,Net Asset Value (NAV) - Total (REIT/Real Estate),False,False,Units,CNY,1672.406
3328.HK,1,2023,20231231,Original To Original,,Consolidated Only,,Net Interest Margin - Total - %,False,True,Percentage,,1.28
3328.HK,1,2023,20231231,Original To Original,,Consolidated Only,,Net Interest Spread - Total - %,False,True,Percentage,,1.14
3328.HK,1,2023,20231231,Original To Original,,Consolidated Only,,Efficiency Ratio - Total - %,False,True,Percentage,,3.004e-05
3328.HK,1,2023,20231231,Recent To Recent,,Consolidated Only,,Net Interest Margin - Total - %,False,True,Percentage,,1.28
3328.HK,1,2023,20231231,Recent To Recent,,Consolidated Only,,Net Interest Spread - Total - %,False,True,Percentage,,1.14
3328.HK,1,2023,20231231,Recent To Recent,,Consolidated Only,,Efficiency Ratio - Total - %,False,True,Percentage,,3.004e-05
3328.HK,1,2023,20231231,Original To Original,Original,Consolidated Only,HKG ARS,Net Interest Margin - Total - %,False,True,Percentage,,1.28
3328.HK,1,2023,20231231,Original To Original,Original,Consolidated Only,HKG ARS,Net Interest Spread - Total - %,False,True,Percentage,,1.14
3328.HK,1,2023,20231231,Original To Original,Original,Consolidated Only,HKG ARS,Efficiency Ratio - Total - %,False,True,Percentage,,3.004e-05
3328.HK,1,2023,20231231,Recent To Recent,Original,Consolidated Only,HKG ARS,Net Interest Margin - Total - %,False,True,Percentage,,1.28
3328.HK,1,2023,20231231,Recent To Recent,Original,Consolidated Only,HKG ARS,Net Interest Spread - Total - %,False,True,Percentage,,1.14
3328.HK,1,2023,20231231,Recent To Recent,Original,Consolidated Only,HKG ARS,Efficiency Ratio - Total - %,False,True,Percentage,,3.004e-05
3328.HK,1,2024,20241231,Original To Original,,Consolidated Only,,Net Interest Margin - Total - %,False,True,Percentage,,1.27
3328.HK,1,2024,20241231,Original To Original,,Consolidated Only,,Net Interest Spread - Total - %,False,True,Percentage,,1.11
3328.HK,1,2024,20241231,Original To Original,,Consolidated Only,,Efficiency Ratio - Total - %,False,True,Percentage,,2.99e-05
3328.HK,1,2024,20241231,Recent To Recent,,Consolidated Only,,Net Interest Margin - Total - %,False,True,Percentage,,1.27
3328.HK,1,2024,20241231,Recent To Recent,,Consolidated Only,,Net Interest Spread - Total - %,False,True,Percentage,,1.11
3328.HK,1,2024,20241231,Recent To Recent,,Consolidated Only,,Efficiency Ratio - Total - %,False,True,Percentage,,2.99e-05
3328.HK,1,2024,20241231,Original To Original,Original,Consolidated Only,HKG ARS,Net Interest Margin - Total - %,False,True,Percentage,,1.27
3328.HK,1,2024,20241231,Original To Original,Original,Consolidated Only,HKG ARS,Net Interest Spread - Total - %,False,True,Percentage,,1.11
3328.HK,1,2024,20241231,Original To Original,Original,Consolidated Only,HKG ARS,Efficiency Ratio - Total - %,False,True,Percentage,,2.99e-05
3328.HK,1,2024,20241231,Recent To Recent,Original,Consolidated Only,HKG ARS,Net Interest Margin - Total - %,False,True,Percentage,,1.27
3328.HK,1,2024,20241231,Recent To Recent,Original,Consolidated Only,HKG ARS,Net Interest Spread - Total - %,False,True,Percentage,,1.11
3328.HK,1,2024,20241231,Recent To Recent,Original,Consolidated Only,HKG ARS,Efficiency Ratio - Total - %,False,True,Percentage,,2.99e-05
3328.HK,1,2025,20251231,Original To Original,,Consolidated Only,,Net Interest Margin - Total - %,False,True,Percentage,,1.23
3328.HK,1,2025,20251231,Original To Original,,Consolidated Only,,Net Interest Spread - Total - %,False,True,Percentage,,1.08
3328.HK,1,2025,20251231,Original To Original,,Consolidated Only,,Efficiency Ratio - Total - %,False,True,Percentage,,2.93e-05
3328.HK,1,2025,20251231,Recent To Recent,,Consolidated Only,,Net Interest Margin - Total - %,False,True,Percentage,,1.23
3328.HK,1,2025,20251231,Recent To Recent,,Consolidated Only,,Net Interest Spread - Total - %,False,True,Percentage,,1.08
3328.HK,1,2025,20251231,Recent To Recent,,Consolidated Only,,Efficiency Ratio - Total - %,False,True,Percentage,,2.93e-05
3328.HK,1,2025,20251231,Original To Original,Original,Consolidated Only,HKG ARS,Net Interest Margin - Total - %,False,True,Percentage,,1.23
3328.HK,1,2025,20251231,Original To Original,Original,Consolidated Only,HKG ARS,Net Interest Spread - Total - %,False,True,Percentage,,1.08
3328.HK,1,2025,20251231,Original To Original,Original,Consolidated Only,HKG ARS,Efficiency Ratio - Total - %,False,True,Percentage,,2.93e-05
3328.HK,1,2025,20251231,Recent To Recent,Original,Consolidated Only,HKG ARS,Net Interest Margin - Total - %,False,True,Percentage,,1.23
3328.HK,1,2025,20251231,Recent To Recent,Original,Consolidated Only,HKG ARS,Net Interest Spread - Total - %,False,True,Percentage,,1.08
3328.HK,1,2025,20251231,Recent To Recent,Original,Consolidated Only,HKG ARS,Efficiency Ratio - Total - %,False,True,Percentage,,2.93e-05
3330.HK,1,2023,20231231,Original To Original,Original,Consolidated Only,HKG ARS,Gold - Production - Total,False,False,No scaling,,373302.31841
3330.HK,1,2023,20231231,Recent To Recent,Restatement,Consolidated Only,HKG ARS,Gold - Production - Total,False,False,No scaling,,750237.67118
3330.HK,1,2024,20241231,Original To Original,Original,Consolidated Only,HKG ARS,Gold - Production - Total,False,False,No scaling,,685293.16311
3330.HK,1,2024,20241231,Recent To Recent,Original,Consolidated Only,HKG ARS,Gold - Production - Total,False,False,No scaling,,685293.16311
3330.HK,1,2025,20251231,Original To Original,Original,Consolidated Only,HKG ARS,Gold - Production - Total,False,False,No scaling,,546594.84241
3330.HK,1,2025,20251231,Recent To Recent,Original,Consolidated Only,HKG ARS,Gold - Production - Total,False,False,No scaling,,546594.84241
3360.HK,1,2023,20231231,Original To Original,Original,Consolidated Only,HKG ARS,Net Interest Margin - Total - %,False,True,Percentage,,4.58
3360.HK,1,2023,20231231,Original To Original,Original,Consolidated Only,HKG ARS,Net Interest Spread - Total - %,False,True,Percentage,,3.98
3360.HK,1,2023,20231231,Original To Original,Original,Consolidated Only,HKG ARS,Efficiency Ratio - Total - %,False,True,Percentage,,4.512e-05
3360.HK,1,2023,20231231,Recent To Recent,Original,Consolidated Only,HKG ARS,Net Interest Margin - Total - %,False,True,Percentage,,4.58
3360.HK,1,2023,20231231,Recent To Recent,Original,Consolidated Only,HKG ARS,Net Interest Spread - Total - %,False,True,Percentage,,3.98
3360.HK,1,2023,20231231,Recent To Recent,Original,Consolidated Only,HKG ARS,Efficiency Ratio - Total - %,False,True,Percentage,,4.512e-05
3360.HK,1,2024,20241231,Original To Original,Original,Consolidated Only,HKG ARS,Net Interest Margin - Total - %,False,True,Percentage,,4.48
3360.HK,1,2024,20241231,Original To Original,Original,Consolidated Only,HKG ARS,Net Interest Spread - Total - %,False,True,Percentage,,4.0
3360.HK,1,2024,20241231,Original To Original,Original,Consolidated Only,HKG ARS,Efficiency Ratio - Total - %,False,True,Percentage,,4.898e-05
3360.HK,1,2024,20241231,Recent To Recent,Original,Consolidated Only,HKG ARS,Net Interest Margin - Total - %,False,True,Percentage,,4.48
3360.HK,1,2024,20241231,Recent To Recent,Original,Consolidated Only,HKG ARS,Net Interest Spread - Total - %,False,True,Percentage,,4.0
3360.HK,1,2024,20241231,Recent To Recent,Original,Consolidated Only,HKG ARS,Efficiency Ratio - Total - %,False,True,Percentage,,4.898e-05
3360.HK,1,2025,20251231,Original To Original,Original,Consolidated Only,HKG ARS,Net Interest Margin - Total - %,False,True,Percentage,,4.83
3360.HK,1,2025,20251231,Original To Original,Original,Consolidated Only,HKG ARS,Net Interest Spread - Total - %,False,True,Percentage,,4.39
3360.HK,1,2025,20251231,Original To Original,Original,Consolidated Only,HKG ARS,Efficiency Ratio - Total - %,False,True,Percentage,,4.889e-05
3360.HK,1,2025,20251231,Recent To Recent,Original,Consolidated Only,HKG ARS,Net Interest Margin - Total - %,False,True,Percentage,,4.83
3360.HK,1,2025,20251231,Recent To Recent,Original,Consolidated Only,HKG ARS,Net Interest Spread - Total - %,False,True,Percentage,,4.39
3360.HK,1,2025,20251231,Recent To Recent,Original,Consolidated Only,HKG ARS,Efficiency Ratio - Total - %,False,True,Percentage,,4.889e-05
3366.HK,1,2023,20231231,Original To Original,Original,Consolidated Only,HKG ARS,Occupancy Rate of Space Leased - Total - %,False,True,Percentage,,96.65
3366.HK,1,2023,20231231,Recent To Recent,Original,Consolidated Only,HKG ARS,Occupancy Rate of Space Leased - Total - %,False,True,Percentage,,96.65
3366.HK,1,2024,20241231,Original To Original,Original,Consolidated Only,HKG ARS,Occupancy Rate of Space Leased - Total - %,False,True,Percentage,,96.3
3366.HK,1,2024,20241231,Recent To Recent,Original,Consolidated Only,HKG ARS,Occupancy Rate of Space Leased - Total - %,False,True,Percentage,,96.3
3366.HK,1,2025,20251231,Original To Original,Original,Consolidated Only,HKG ARS,Occupancy Rate of Space Leased - Total - %,False,True,Percentage,,94.64
3366.HK,1,2025,20251231,Recent To Recent,Original,Consolidated Only,HKG ARS,Occupancy Rate of Space Leased - Total - %,False,True,Percentage,,94.64
3368.HK,1,2023,20231231,Original To Original,,Consolidated Only,,Stores Opened - Number - Total,False,False,No scaling,,2.0
3368.HK,1,2023,20231231,Recent To Recent,,Consolidated Only,,Stores Opened - Number - Total,False,False,No scaling,,2.0
3368.HK,1,2023,20231231,Original To Original,Original,Consolidated Only,HKG ARS,Stores Opened - Number - Total,False,False,No scaling,,2.0
3368.HK,1,2023,20231231,Recent To Recent,Original,Consolidated Only,HKG ARS,Stores Opened - Number - Total,False,False,No scaling,,2.0
3368.HK,1,2024,20241231,Original To Original,,Consolidated Only,,Stores Opened - Number - Total,False,False,No scaling,,2.0
3368.HK,1,2024,20241231,Recent To Recent,,Consolidated Only,,Stores Opened - Number - Total,False,False,No scaling,,2.0
3368.HK,1,2024,20241231,Original To Original,Original,Consolidated Only,HKG ARS,Stores Opened - Number - Total,False,False,No scaling,,2.0
3368.HK,1,2024,20241231,Recent To Recent,Original,Consolidated Only,HKG ARS,Stores Opened - Number - Total,False,False,No scaling,,2.0
3377.HK,1,2023,20231231,Original To Original,Original,Consolidated Only,HKG ARS,Net Asset Value (NAV) - Total (REIT/Real Estate),False,False,Units,CNY,7028.557
3377.HK,1,2023,20231231,Recent To Recent,Original,Consolidated Only,HKG ARS,Net Asset Value (NAV) - Total (REIT/Real Estate),False,False,Units,CNY,7028.557
3380.HK,1,2023,20231231,Original To Original,,Consolidated Only,,Net Asset Value (NAV) - Total (REIT/Real Estate),False,False,Units,CNY,27482.946
3380.HK,1,2023,20231231,Recent To Recent,,Consolidated Only,,Net Asset Value (NAV) - Total (REIT/Real Estate),False,False,Units,CNY,27482.946
3380.HK,1,2023,20231231,Original To Original,Original,Consolidated Only,HKG ARS,Net Asset Value (NAV) - Total (REIT/Real Estate),False,False,Units,CNY,27482.946
3380.HK,1,2023,20231231,Recent To Recent,Original,Consolidated Only,HKG ARS,Net Asset Value (NAV) - Total (REIT/Real Estate),False,False,Units,CNY,27482.946
3380.HK,1,2024,20241231,Original To Original,,Consolidated Only,,Net Asset Value (NAV) - Total (REIT/Real Estate),False,False,Units,CNY,20237.421
3380.HK,1,2024,20241231,Recent To Recent,,Consolidated Only,,Net Asset Value (NAV) - Total (REIT/Real Estate),False,False,Units,CNY,20237.421
3380.HK,1,2024,20241231,Original To Original,Original,Consolidated Only,HKG ARS,Net Asset Value (NAV) - Total (REIT/Real Estate),False,False,Units,CNY,20237.421
3380.HK,1,2024,20241231,Recent To Recent,Original,Consolidated Only,HKG ARS,Net Asset Value (NAV) - Total (REIT/Real Estate),False,False,Units,CNY,20237.421
3380.HK,1,2025,20251231,Original To Original,,Consolidated Only,,Net Asset Value (NAV) - Total (REIT/Real Estate),False,False,Units,CNY,16451.542
3380.HK,1,2025,20251231,Recent To Recent,,Consolidated Only,,Net Asset Value (NAV) - Total (REIT/Real Estate),False,False,Units,CNY,16451.542
3380.HK,1,2025,20251231,Original To Original,Original,Consolidated Only,HKG ARS,Net Asset Value (NAV) - Total (REIT/Real Estate),False,False,Units,CNY,16451.542
3380.HK,1,2025,20251231,Recent To Recent,Original,Consolidated Only,HKG ARS,Net Asset Value (NAV) - Total (REIT/Real Estate),False,False,Units,CNY,16451.542
3383.HK,1,2023,20231231,Original To Original,Original,Consolidated Only,HKG ARS,Net Asset Value (NAV) - Total (REIT/Real Estate),False,False,Units,CNY,41707.642
3383.HK,1,2023,20231231,Recent To Recent,Original,Consolidated Only,HKG ARS,Net Asset Value (NAV) - Total (REIT/Real Estate),False,False,Units,CNY,41707.642
3383.HK,1,2024,20241231,Original To Original,Original,Consolidated Only,HKG ARS,Net Asset Value (NAV) - Total (REIT/Real Estate),False,False,Units,CNY,25660.881
3383.HK,1,2024,20241231,Recent To Recent,Original,Consolidated Only,HKG ARS,Net Asset Value (NAV) - Total (REIT/Real Estate),False,False,Units,CNY,25660.881
3383.HK,1,2025,20251231,Original To Original,Original,Consolidated Only,HKG ARS,Net Asset Value (NAV) - Total (REIT/Real Estate),False,False,Units,CNY,3702.905
3383.HK,1,2025,20251231,Recent To Recent,Original,Consolidated Only,HKG ARS,Net Asset Value (NAV) - Total (REIT/Real Estate),False,False,Units,CNY,3702.905
3393.HK,1,2023,20231231,Original To Original,Original,Consolidated Only,HKG ARS,Value of Bookings - Total,False,False,Units,CNY,11452.0
3393.HK,1,2023,20231231,Recent To Recent,Original,Consolidated Only,HKG ARS,Value of Bookings - Total,False,False,Units,CNY,11452.0
3393.HK,1,2024,20241231,Original To Original,Original,Consolidated Only,HKG ARS,Value of Bookings - Total,False,False,Units,CNY,13522.0
3393.HK,1,2024,20241231,Recent To Recent,Original,Consolidated Only,HKG ARS,Value of Bookings - Total,False,False,Units,CNY,13522.0
3393.HK,1,2025,20251231,Original To Original,Original,Consolidated Only,HKG ARS,Value of Bookings - Total,False,False,Units,CNY,14387.0
3393.HK,1,2025,20251231,Recent To Recent,Original,Consolidated Only,HKG ARS,Value of Bookings - Total,False,False,Units,CNY,14387.0
3603.HK,1,2023,20231231,Original To Original,Original,Consolidated Only,HKG ARS,Net Asset Value (NAV) - Total (REIT/Real Estate),False,False,Units,CNY,1337.787
3603.HK,1,2023,20231231,Recent To Recent,Original,Consolidated Only,HKG ARS,Net Asset Value (NAV) - Total (REIT/Real Estate),False,False,Units,CNY,1337.787
3603.HK,1,2024,20241231,Original To Original,Original,Consolidated Only,HKG ARS,Net Asset Value (NAV) - Total (REIT/Real Estate),False,False,Units,CNY,1175.064
3603.HK,1,2024,20241231,Recent To Recent,Original,Consolidated Only,HKG ARS,Net Asset Value (NAV) - Total (REIT/Real Estate),False,False,Units,CNY,1175.064
3603.HK,1,2025,20251231,Original To Original,Original,Consolidated Only,HKG ARS,Net Asset Value (NAV) - Total (REIT/Real Estate),False,False,Units,CNY,1147.379
3603.HK,1,2025,20251231,Recent To Recent,Original,Consolidated Only,HKG ARS,Net Asset Value (NAV) - Total (REIT/Real Estate),False,False,Units,CNY,1147.379
3618.HK,1,2023,20231231,Original To Original,,Consolidated Only,,Net Interest Margin - Total - %,False,True,Percentage,,1.73
3618.HK,1,2023,20231231,Original To Original,,Consolidated Only,,Net Interest Spread - Total - %,False,True,Percentage,,1.64
3618.HK,1,2023,20231231,Original To Original,,Consolidated Only,,Solvency Margin - Total - %,False,True,Percentage,,7.551e-05
3618.HK,1,2023,20231231,Original To Original,,Consolidated Only,,Efficiency Ratio - Total - %,False,True,Percentage,,3.394e-05
3618.HK,1,2023,20231231,Recent To Recent,,Consolidated Only,,Net Interest Margin - Total - %,False,True,Percentage,,1.73
3618.HK,1,2023,20231231,Recent To Recent,,Consolidated Only,,Net Interest Spread - Total - %,False,True,Percentage,,1.64
3618.HK,1,2023,20231231,Recent To Recent,,Consolidated Only,,Solvency Margin - Total - %,False,True,Percentage,,7.551e-05
3618.HK,1,2023,20231231,Recent To Recent,,Consolidated Only,,Efficiency Ratio - Total - %,False,True,Percentage,,3.394e-05
3618.HK,1,2023,20231231,Original To Original,Original,Consolidated Only,HKG ARS,Net Interest Margin - Total - %,False,True,Percentage,,1.73
3618.HK,1,2023,20231231,Original To Original,Original,Consolidated Only,HKG ARS,Net Interest Spread - Total - %,False,True,Percentage,,1.64
3618.HK,1,2023,20231231,Original To Original,Original,Consolidated Only,HKG ARS,Solvency Margin - Total - %,False,True,Percentage,,7.551e-05
3618.HK,1,2023,20231231,Original To Original,Original,Consolidated Only,HKG ARS,Efficiency Ratio - Total - %,False,True,Percentage,,3.394e-05
3618.HK,1,2023,20231231,Recent To Recent,Original,Consolidated Only,HKG ARS,Net Interest Margin - Total - %,False,True,Percentage,,1.73
3618.HK,1,2023,20231231,Recent To Recent,Original,Consolidated Only,HKG ARS,Net Interest Spread - Total - %,False,True,Percentage,,1.64
3618.HK,1,2023,20231231,Recent To Recent,Original,Consolidated Only,HKG ARS,Solvency Margin - Total - %,False,True,Percentage,,7.551e-05
3618.HK,1,2023,20231231,Recent To Recent,Original,Consolidated Only,HKG ARS,Efficiency Ratio - Total - %,False,True,Percentage,,3.394e-05
3618.HK,1,2024,20241231,Original To Original,,Consolidated Only,,Net Interest Margin - Total - %,False,True,Percentage,,1.61
3618.HK,1,2024,20241231,Original To Original,,Consolidated Only,,Net Interest Spread - Total - %,False,True,Percentage,,1.51
3618.HK,1,2024,20241231,Original To Original,,Consolidated Only,,Solvency Margin - Total - %,False,True,Percentage,,7.583e-05
3618.HK,1,2024,20241231,Original To Original,,Consolidated Only,,Efficiency Ratio - Total - %,False,True,Percentage,,3.19e-05
3618.HK,1,2024,20241231,Recent To Recent,,Consolidated Only,,Net Interest Margin - Total - %,False,True,Percentage,,1.61
3618.HK,1,2024,20241231,Recent To Recent,,Consolidated Only,,Net Interest Spread - Total - %,False,True,Percentage,,1.51
3618.HK,1,2024,20241231,Recent To Recent,,Consolidated Only,,Solvency Margin - Total - %,False,True,Percentage,,7.583e-05
3618.HK,1,2024,20241231,Recent To Recent,,Consolidated Only,,Efficiency Ratio - Total - %,False,True,Percentage,,3.19e-05
3618.HK,1,2024,20241231,Original To Original,Original,Consolidated Only,HKG ARS,Net Interest Margin - Total - %,False,True,Percentage,,1.61
3618.HK,1,2024,20241231,Original To Original,Original,Consolidated Only,HKG ARS,Net Interest Spread - Total - %,False,True,Percentage,,1.51
3618.HK,1,2024,20241231,Original To Original,Original,Consolidated Only,HKG ARS,Solvency Margin - Total - %,False,True,Percentage,,7.583e-05
3618.HK,1,2024,20241231,Original To Original,Original,Consolidated Only,HKG ARS,Efficiency Ratio - Total - %,False,True,Percentage,,3.19e-05
3618.HK,1,2024,20241231,Recent To Recent,Original,Consolidated Only,HKG ARS,Net Interest Margin - Total - %,False,True,Percentage,,1.61
3618.HK,1,2024,20241231,Recent To Recent,Original,Consolidated Only,HKG ARS,Net Interest Spread - Total - %,False,True,Percentage,,1.51
3618.HK,1,2024,20241231,Recent To Recent,Original,Consolidated Only,HKG ARS,Solvency Margin - Total - %,False,True,Percentage,,7.583e-05
3618.HK,1,2024,20241231,Recent To Recent,Original,Consolidated Only,HKG ARS,Efficiency Ratio - Total - %,False,True,Percentage,,3.19e-05
3618.HK,1,2025,20251231,Original To Original,,Consolidated Only,,Net Interest Margin - Total - %,False,True,Percentage,,1.6
3618.HK,1,2025,20251231,Original To Original,,Consolidated Only,,Net Interest Spread - Total - %,False,True,Percentage,,1.51
3618.HK,1,2025,20251231,Original To Original,,Consolidated Only,,Solvency Margin - Total - %,False,True,Percentage,,7.75e-05
3618.HK,1,2025,20251231,Original To Original,,Consolidated Only,,Efficiency Ratio - Total - %,False,True,Percentage,,3.125e-05
3618.HK,1,2025,20251231,Recent To Recent,,Consolidated Only,,Net Interest Margin - Total - %,False,True,Percentage,,1.6
3618.HK,1,2025,20251231,Recent To Recent,,Consolidated Only,,Net Interest Spread - Total - %,False,True,Percentage,,1.51
3618.HK,1,2025,20251231,Recent To Recent,,Consolidated Only,,Solvency Margin - Total - %,False,True,Percentage,,7.75e-05
3618.HK,1,2025,20251231,Recent To Recent,,Consolidated Only,,Efficiency Ratio - Total - %,False,True,Percentage,,3.125e-05
3618.HK,1,2025,20251231,Original To Original,Original,Consolidated Only,HKG ARS,Net Interest Margin - Total - %,False,True,Percentage,,1.6
3618.HK,1,2025,20251231,Original To Original,Original,Consolidated Only,HKG ARS,Net Interest Spread - Total - %,False,True,Percentage,,1.51
3618.HK,1,2025,20251231,Original To Original,Original,Consolidated Only,HKG ARS,Solvency Margin - Total - %,False,True,Percentage,,7.75e-05
3618.HK,1,2025,20251231,Original To Original,Original,Consolidated Only,HKG ARS,Efficiency Ratio - Total - %,False,True,Percentage,,3.125e-05
3618.HK,1,2025,20251231,Recent To Recent,Original,Consolidated Only,HKG ARS,Net Interest Margin - Total - %,False,True,Percentage,,1.6
3618.HK,1,2025,20251231,Recent To Recent,Original,Consolidated Only,HKG ARS,Net Interest Spread - Total - %,False,True,Percentage,,1.51
3618.HK,1,2025,20251231,Recent To Recent,Original,Consolidated Only,HKG ARS,Solvency Margin - Total - %,False,True,Percentage,,7.75e-05
3618.HK,1,2025,20251231,Recent To Recent,Original,Consolidated Only,HKG ARS,Efficiency Ratio - Total - %,False,True,Percentage,,3.125e-05
3639.HK,0,2023,20231231,Original To Original,Original,Consolidated Only,HKG PRESS,Net Asset Value (NAV) - Total (REIT/Real Estate),False,False,Units,CNY,9600.607
3639.HK,0,2023,20231231,Recent To Recent,Original,Consolidated Only,HKG PRESS,Net Asset Value (NAV) - Total (REIT/Real Estate),False,False,Units,CNY,9600.607
3639.HK,1,2024,20241231,Original To Original,Original,Consolidated Only,HKG ARS,Net Asset Value (NAV) - Total (REIT/Real Estate),False,False,Units,CNY,7265.501
3639.HK,1,2024,20241231,Recent To Recent,Original,Consolidated Only,HKG ARS,Net Asset Value (NAV) - Total (REIT/Real Estate),False,False,Units,CNY,7265.501
3639.HK,1,2025,20251231,Original To Original,Original,Consolidated Only,HKG ARS,Net Asset Value (NAV) - Total (REIT/Real Estate),False,False,Units,CNY,4189.265
3639.HK,1,2025,20251231,Recent To Recent,Original,Consolidated Only,HKG ARS,Net Asset Value (NAV) - Total (REIT/Real Estate),False,False,Units,CNY,4189.265
3688.HK,1,2023,20231231,Original To Original,,Consolidated Only,,Net Asset Value (NAV) - Total (REIT/Real Estate),False,False,Units,HKD,8092.201
3688.HK,1,2023,20231231,Original To Original,,Consolidated Only,,Occupancy Rate of Space Leased - Total - %,False,True,Percentage,,82.5
3688.HK,1,2023,20231231,Original To Original,,Consolidated Only,,Net Asset Value - Per Share - Basic - Total,True,False,No scaling,HKD,5.3e-06
3688.HK,1,2023,20231231,Recent To Recent,,Consolidated Only,,Net Asset Value (NAV) - Total (REIT/Real Estate),False,False,Units,HKD,8092.201
3688.HK,1,2023,20231231,Recent To Recent,,Consolidated Only,,Occupancy Rate of Space Leased - Total - %,False,True,Percentage,,82.5
3688.HK,1,2023,20231231,Recent To Recent,,Consolidated Only,,Net Asset Value - Per Share - Basic - Total,True,False,No scaling,HKD,5.3e-06
3688.HK,1,2023,20231231,Original To Original,Original,Consolidated Only,HKG ARS,Net Asset Value (NAV) - Total (REIT/Real Estate),False,False,Units,HKD,8092.201
3688.HK,1,2023,20231231,Original To Original,Original,Consolidated Only,HKG ARS,Occupancy Rate of Space Leased - Total - %,False,True,Percentage,,82.5
3688.HK,1,2023,20231231,Original To Original,Original,Consolidated Only,HKG ARS,Net Asset Value - Per Share - Basic - Total,True,False,No scaling,HKD,5.3e-06
3688.HK,1,2023,20231231,Recent To Recent,Original,Consolidated Only,HKG ARS,Net Asset Value (NAV) - Total (REIT/Real Estate),False,False,Units,HKD,8092.201
3688.HK,1,2023,20231231,Recent To Recent,Original,Consolidated Only,HKG ARS,Occupancy Rate of Space Leased - Total - %,False,True,Percentage,,82.5
3688.HK,1,2023,20231231,Recent To Recent,Original,Consolidated Only,HKG ARS,Net Asset Value - Per Share - Basic - Total,True,False,No scaling,HKD,5.3e-06
3688.HK,1,2024,20241231,Original To Original,,Consolidated Only,,Net Asset Value (NAV) - Total (REIT/Real Estate),False,False,Units,HKD,6068.736
3688.HK,1,2024,20241231,Original To Original,,Consolidated Only,,Occupancy Rate of Space Leased - Total - %,False,True,Percentage,,88.0
3688.HK,1,2024,20241231,Original To Original,,Consolidated Only,,Net Asset Value - Per Share - Basic - Total,True,False,No scaling,HKD,4e-06
3688.HK,1,2024,20241231,Recent To Recent,,Consolidated Only,,Net Asset Value (NAV) - Total (REIT/Real Estate),False,False,Units,HKD,6068.736
3688.HK,1,2024,20241231,Recent To Recent,,Consolidated Only,,Occupancy Rate of Space Leased - Total - %,False,True,Percentage,,88.0
3688.HK,1,2024,20241231,Recent To Recent,,Consolidated Only,,Net Asset Value - Per Share - Basic - Total,True,False,No scaling,HKD,4e-06
3688.HK,1,2024,20241231,Original To Original,Original,Consolidated Only,HKG ARS,Net Asset Value (NAV) - Total (REIT/Real Estate),False,False,Units,HKD,6068.736
3688.HK,1,2024,20241231,Original To Original,Original,Consolidated Only,HKG ARS,Occupancy Rate of Space Leased - Total - %,False,True,Percentage,,88.0
3688.HK,1,2024,20241231,Original To Original,Original,Consolidated Only,HKG ARS,Net Asset Value - Per Share - Basic - Total,True,False,No scaling,HKD,4e-06
3688.HK,1,2024,20241231,Recent To Recent,Original,Consolidated Only,HKG ARS,Net Asset Value (NAV) - Total (REIT/Real Estate),False,False,Units,HKD,6068.736
3688.HK,1,2024,20241231,Recent To Recent,Original,Consolidated Only,HKG ARS,Occupancy Rate of Space Leased - Total - %,False,True,Percentage,,88.0
3688.HK,1,2024,20241231,Recent To Recent,Original,Consolidated Only,HKG ARS,Net Asset Value - Per Share - Basic - Total,True,False,No scaling,HKD,4e-06
3688.HK,1,2025,20251231,Original To Original,,Consolidated Only,,Net Asset Value (NAV) - Total (REIT/Real Estate),False,False,Units,HKD,3297.646
3688.HK,1,2025,20251231,Original To Original,,Consolidated Only,,Occupancy Rate of Space Leased - Total - %,False,True,Percentage,,89.3
3688.HK,1,2025,20251231,Original To Original,,Consolidated Only,,Net Asset Value - Per Share - Basic - Total,True,False,No scaling,HKD,2.2e-06
3688.HK,1,2025,20251231,Recent To Recent,,Consolidated Only,,Net Asset Value (NAV) - Total (REIT/Real Estate),False,False,Units,HKD,3297.646
3688.HK,1,2025,20251231,Recent To Recent,,Consolidated Only,,Occupancy Rate of Space Leased - Total - %,False,True,Percentage,,89.3
3688.HK,1,2025,20251231,Recent To Recent,,Consolidated Only,,Net Asset Value - Per Share - Basic - Total,True,False,No scaling,HKD,2.2e-06
3688.HK,1,2025,20251231,Original To Original,Original,Consolidated Only,HKG ARS,Net Asset Value (NAV) - Total (REIT/Real Estate),False,False,Units,HKD,3297.646
3688.HK,1,2025,20251231,Original To Original,Original,Consolidated Only,HKG ARS,Occupancy Rate of Space Leased - Total - %,False,True,Percentage,,89.3
3688.HK,1,2025,20251231,Original To Original,Original,Consolidated Only,HKG ARS,Net Asset Value - Per Share - Basic - Total,True,False,No scaling,HKD,2.2e-06
3688.HK,1,2025,20251231,Recent To Recent,Original,Consolidated Only,HKG ARS,Net Asset Value (NAV) - Total (REIT/Real Estate),False,False,Units,HKD,3297.646
3688.HK,1,2025,20251231,Recent To Recent,Original,Consolidated Only,HKG ARS,Occupancy Rate of Space Leased - Total - %,False,True,Percentage,,89.3
3688.HK,1,2025,20251231,Recent To Recent,Original,Consolidated Only,HKG ARS,Net Asset Value - Per Share - Basic - Total,True,False,No scaling,HKD,2.2e-06
3698.HK,1,2023,20231231,Original To Original,,Consolidated Only,,Net Interest Margin - Total - %,False,True,Percentage,,1.88
3698.HK,1,2023,20231231,Original To Original,,Consolidated Only,,Net Interest Spread - Total - %,False,True,Percentage,,1.65
3698.HK,1,2023,20231231,Original To Original,,Consolidated Only,,Efficiency Ratio - Total - %,False,True,Percentage,,2.805e-05
3698.HK,1,2023,20231231,Recent To Recent,,Consolidated Only,,Net Interest Margin - Total - %,False,True,Percentage,,1.88
3698.HK,1,2023,20231231,Recent To Recent,,Consolidated Only,,Net Interest Spread - Total - %,False,True,Percentage,,1.65
3698.HK,1,2023,20231231,Recent To Recent,,Consolidated Only,,Efficiency Ratio - Total - %,False,True,Percentage,,2.805e-05
3698.HK,1,2023,20231231,Original To Original,Original,Consolidated Only,HKG ARS,Net Interest Margin - Total - %,False,True,Percentage,,1.88
3698.HK,1,2023,20231231,Original To Original,Original,Consolidated Only,HKG ARS,Net Interest Spread - Total - %,False,True,Percentage,,1.65
3698.HK,1,2023,20231231,Original To Original,Original,Consolidated Only,HKG ARS,Efficiency Ratio - Total - %,False,True,Percentage,,2.805e-05
3698.HK,1,2023,20231231,Recent To Recent,Original,Consolidated Only,HKG ARS,Net Interest Margin - Total - %,False,True,Percentage,,1.88
3698.HK,1,2023,20231231,Recent To Recent,Original,Consolidated Only,HKG ARS,Net Interest Spread - Total - %,False,True,Percentage,,1.65
3698.HK,1,2023,20231231,Recent To Recent,Original,Consolidated Only,HKG ARS,Efficiency Ratio - Total - %,False,True,Percentage,,2.805e-05
3698.HK,1,2024,20241231,Original To Original,,Consolidated Only,,Net Interest Margin - Total - %,False,True,Percentage,,1.71
3698.HK,1,2024,20241231,Original To Original,,Consolidated Only,,Net Interest Spread - Total - %,False,True,Percentage,,1.49
3698.HK,1,2024,20241231,Original To Original,,Consolidated Only,,Efficiency Ratio - Total - %,False,True,Percentage,,2.88e-05
3698.HK,1,2024,20241231,Recent To Recent,,Consolidated Only,,Net Interest Margin - Total - %,False,True,Percentage,,1.71
3698.HK,1,2024,20241231,Recent To Recent,,Consolidated Only,,Net Interest Spread - Total - %,False,True,Percentage,,1.49
3698.HK,1,2024,20241231,Recent To Recent,,Consolidated Only,,Efficiency Ratio - Total - %,False,True,Percentage,,2.88e-05
3698.HK,1,2024,20241231,Original To Original,Original,Consolidated Only,HKG ARS,Net Interest Margin - Total - %,False,True,Percentage,,1.71
3698.HK,1,2024,20241231,Original To Original,Original,Consolidated Only,HKG ARS,Net Interest Spread - Total - %,False,True,Percentage,,1.49
3698.HK,1,2024,20241231,Original To Original,Original,Consolidated Only,HKG ARS,Efficiency Ratio - Total - %,False,True,Percentage,,2.88e-05
3698.HK,1,2024,20241231,Recent To Recent,Original,Consolidated Only,HKG ARS,Net Interest Margin - Total - %,False,True,Percentage,,1.71
3698.HK,1,2024,20241231,Recent To Recent,Original,Consolidated Only,HKG ARS,Net Interest Spread - Total - %,False,True,Percentage,,1.49
3698.HK,1,2024,20241231,Recent To Recent,Original,Consolidated Only,HKG ARS,Efficiency Ratio - Total - %,False,True,Percentage,,2.88e-05
3698.HK,1,2025,20251231,Original To Original,,Consolidated Only,,Net Interest Margin - Total - %,False,True,Percentage,,1.49
3698.HK,1,2025,20251231,Original To Original,,Consolidated Only,,Net Interest Spread - Total - %,False,True,Percentage,,1.31
3698.HK,1,2025,20251231,Recent To Recent,,Consolidated Only,,Net Interest Margin - Total - %,False,True,Percentage,,1.49
3698.HK,1,2025,20251231,Recent To Recent,,Consolidated Only,,Net Interest Spread - Total - %,False,True,Percentage,,1.31
3698.HK,1,2025,20251231,Original To Original,Original,Consolidated Only,HKG ARS,Net Interest Margin - Total - %,False,True,Percentage,,1.49
3698.HK,1,2025,20251231,Original To Original,Original,Consolidated Only,HKG ARS,Net Interest Spread - Total - %,False,True,Percentage,,1.31
3698.HK,1,2025,20251231,Recent To Recent,Original,Consolidated Only,HKG ARS,Net Interest Margin - Total - %,False,True,Percentage,,1.49
3698.HK,1,2025,20251231,Recent To Recent,Original,Consolidated Only,HKG ARS,Net Interest Spread - Total - %,False,True,Percentage,,1.31
3700.HK,1,2023,20231231,Original To Original,,Consolidated Only,,Monthly Active Users (MAU) - Total,False,False,No scaling,,22.808
3700.HK,1,2023,20231231,Recent To Recent,,Consolidated Only,,Monthly Active Users (MAU) - Total,False,False,No scaling,,22.808
3700.HK,1,2023,20231231,Original To Original,Original,Consolidated Only,HKG ARS,Monthly Active Users (MAU) - Total,False,False,No scaling,,22.808
3700.HK,1,2023,20231231,Recent To Recent,Original,Consolidated Only,HKG ARS,Monthly Active Users (MAU) - Total,False,False,No scaling,,22.808
3700.HK,1,2024,20241231,Original To Original,,Consolidated Only,,Monthly Active Users (MAU) - Total,False,False,No scaling,,20.836
3700.HK,1,2024,20241231,Recent To Recent,,Consolidated Only,,Monthly Active Users (MAU) - Total,False,False,No scaling,,20.836
3700.HK,1,2024,20241231,Original To Original,Original,Consolidated Only,HKG ARS,Monthly Active Users (MAU) - Total,False,False,No scaling,,20.836
3700.HK,1,2024,20241231,Recent To Recent,Original,Consolidated Only,HKG ARS,Monthly Active Users (MAU) - Total,False,False,No scaling,,20.836
3700.HK,1,2025,20251231,Original To Original,,Consolidated Only,,Monthly Active Users (MAU) - Total,False,False,No scaling,,18.583
3700.HK,1,2025,20251231,Recent To Recent,,Consolidated Only,,Monthly Active Users (MAU) - Total,False,False,No scaling,,18.583
3700.HK,1,2025,20251231,Original To Original,Original,Consolidated Only,HKG ARS,Monthly Active Users (MAU) - Total,False,False,No scaling,,18.583
3700.HK,1,2025,20251231,Recent To Recent,Original,Consolidated Only,HKG ARS,Monthly Active Users (MAU) - Total,False,False,No scaling,,18.583
3709.HK,1,2023,20231231,Original To Original,,Consolidated Only,,Stores Closed - Number - Total,False,False,No scaling,,287.0
3709.HK,1,2023,20231231,Original To Original,,Consolidated Only,,Stores Opened - Number - Total,False,False,No scaling,,245.0
3709.HK,1,2023,20231231,Recent To Recent,,Consolidated Only,,Stores Closed - Number - Total,False,False,No scaling,,287.0
3709.HK,1,2023,20231231,Recent To Recent,,Consolidated Only,,Stores Opened - Number - Total,False,False,No scaling,,245.0
3709.HK,1,2023,20231231,Original To Original,Original,Consolidated Only,HKG ARS,Stores Closed - Number - Total,False,False,No scaling,,287.0
3709.HK,1,2023,20231231,Original To Original,Original,Consolidated Only,HKG ARS,Stores Opened - Number - Total,False,False,No scaling,,245.0
3709.HK,1,2023,20231231,Recent To Recent,Original,Consolidated Only,HKG ARS,Stores Closed - Number - Total,False,False,No scaling,,287.0
3709.HK,1,2023,20231231,Recent To Recent,Original,Consolidated Only,HKG ARS,Stores Opened - Number - Total,False,False,No scaling,,245.0
3709.HK,1,2024,20241231,Original To Original,,Consolidated Only,,Stores Closed - Number - Total,False,False,No scaling,,322.0
3709.HK,1,2024,20241231,Original To Original,,Consolidated Only,,Stores Opened - Number - Total,False,False,No scaling,,197.0
3709.HK,1,2024,20241231,Recent To Recent,,Consolidated Only,,Stores Closed - Number - Total,False,False,No scaling,,322.0
3709.HK,1,2024,20241231,Recent To Recent,,Consolidated Only,,Stores Opened - Number - Total,False,False,No scaling,,197.0
3709.HK,1,2024,20241231,Original To Original,Original,Consolidated Only,HKG ARS,Stores Closed - Number - Total,False,False,No scaling,,322.0
3709.HK,1,2024,20241231,Original To Original,Original,Consolidated Only,HKG ARS,Stores Opened - Number - Total,False,False,No scaling,,197.0
3709.HK,1,2024,20241231,Recent To Recent,Original,Consolidated Only,HKG ARS,Stores Closed - Number - Total,False,False,No scaling,,322.0
3709.HK,1,2024,20241231,Recent To Recent,Original,Consolidated Only,HKG ARS,Stores Opened - Number - Total,False,False,No scaling,,197.0
3709.HK,0,2025,20251231,Original To Original,,Consolidated Only,,Stores Closed - Number - Total,False,False,No scaling,,270.0
3709.HK,0,2025,20251231,Original To Original,,Consolidated Only,,Stores Opened - Number - Total,False,False,No scaling,,170.0
3709.HK,0,2025,20251231,Recent To Recent,,Consolidated Only,,Stores Closed - Number - Total,False,False,No scaling,,270.0
3709.HK,0,2025,20251231,Recent To Recent,,Consolidated Only,,Stores Opened - Number - Total,False,False,No scaling,,170.0
3709.HK,1,2025,20251231,Original To Original,Original,Consolidated Only,HKG ARS,Stores Closed - Number - Total,False,False,No scaling,,270.0
3709.HK,1,2025,20251231,Original To Original,Original,Consolidated Only,HKG ARS,Stores Opened - Number - Total,False,False,No scaling,,170.0
3709.HK,1,2025,20251231,Recent To Recent,Original,Consolidated Only,HKG ARS,Stores Closed - Number - Total,False,False,No scaling,,270.0
3709.HK,1,2025,20251231,Recent To Recent,Original,Consolidated Only,HKG ARS,Stores Opened - Number - Total,False,False,No scaling,,170.0
3813.HK,1,2023,20231231,Original To Original,Original,Consolidated Only,HKG ARS,Stores Closed - Number - Total,False,False,No scaling,,570.0
3813.HK,1,2023,20231231,Recent To Recent,Original,Consolidated Only,HKG ARS,Stores Closed - Number - Total,False,False,No scaling,,570.0
3813.HK,1,2024,20241231,Original To Original,Original,Consolidated Only,HKG ARS,Stores Closed - Number - Total,False,False,No scaling,,75.0
3813.HK,1,2024,20241231,Recent To Recent,Original,Consolidated Only,HKG ARS,Stores Closed - Number - Total,False,False,No scaling,,75.0
3813.HK,1,2025,20251231,Original To Original,Original,Consolidated Only,HKG ARS,Stores Closed - Number - Total,False,False,No scaling,,138.0
3813.HK,1,2025,20251231,Recent To Recent,Original,Consolidated Only,HKG ARS,Stores Closed - Number - Total,False,False,No scaling,,138.0
3818.HK,1,2023,20230331,Original To Original,Original,Consolidated Only,HKG ARS,Stores Closed - Number - Total,False,False,No scaling,,158.0
3818.HK,1,2023,20230331,Recent To Recent,Original,Consolidated Only,HKG ARS,Stores Closed - Number - Total,False,False,No scaling,,158.0
3818.HK,1,2024,20240331,Original To Original,Original,Consolidated Only,HKG ARS,Stores Closed - Number - Total,False,False,No scaling,,11.0
3818.HK,1,2024,20240331,Recent To Recent,Original,Consolidated Only,HKG ARS,Stores Closed - Number - Total,False,False,No scaling,,11.0
3818.HK,1,2025,20250331,Original To Original,Original,Consolidated Only,HKG ARS,Stores Closed - Number - Total,False,False,No scaling,,7.0
3818.HK,1,2025,20250331,Recent To Recent,Original,Consolidated Only,HKG ARS,Stores Closed - Number - Total,False,False,No scaling,,7.0
3866.HK,1,2023,20231231,Original To Original,Original,Consolidated Only,HKG ARS,Net Interest Margin - Total - %,False,True,Percentage,,1.83
3866.HK,1,2023,20231231,Original To Original,Original,Consolidated Only,HKG ARS,Net Interest Spread - Total - %,False,True,Percentage,,1.85
3866.HK,1,2023,20231231,Original To Original,Original,Consolidated Only,HKG ARS,Efficiency Ratio - Total - %,False,True,Percentage,,3.493e-05
3866.HK,1,2023,20231231,Recent To Recent,Original,Consolidated Only,HKG ARS,Net Interest Margin - Total - %,False,True,Percentage,,1.83
3866.HK,1,2023,20231231,Recent To Recent,Original,Consolidated Only,HKG ARS,Net Interest Spread - Total - %,False,True,Percentage,,1.85
3866.HK,1,2023,20231231,Recent To Recent,Original,Consolidated Only,HKG ARS,Efficiency Ratio - Total - %,False,True,Percentage,,3.493e-05
3866.HK,1,2024,20241231,Original To Original,Original,Consolidated Only,HKG ARS,Net Interest Margin - Total - %,False,True,Percentage,,1.73
3866.HK,1,2024,20241231,Original To Original,Original,Consolidated Only,HKG ARS,Net Interest Spread - Total - %,False,True,Percentage,,1.76
3866.HK,1,2024,20241231,Original To Original,Original,Consolidated Only,HKG ARS,Efficiency Ratio - Total - %,False,True,Percentage,,3.516e-05
3866.HK,1,2024,20241231,Recent To Recent,Original,Consolidated Only,HKG ARS,Net Interest Margin - Total - %,False,True,Percentage,,1.73
3866.HK,1,2024,20241231,Recent To Recent,Original,Consolidated Only,HKG ARS,Net Interest Spread - Total - %,False,True,Percentage,,1.76
3866.HK,1,2024,20241231,Recent To Recent,Original,Consolidated Only,HKG ARS,Efficiency Ratio - Total - %,False,True,Percentage,,3.516e-05
3866.HK,1,2025,20251231,Original To Original,Original,Consolidated Only,HKG ARS,Net Interest Margin - Total - %,False,True,Percentage,,1.66
3866.HK,1,2025,20251231,Original To Original,Original,Consolidated Only,HKG ARS,Net Interest Spread - Total - %,False,True,Percentage,,1.68
3866.HK,1,2025,20251231,Original To Original,Original,Consolidated Only,HKG ARS,Efficiency Ratio - Total - %,False,True,Percentage,,3.165e-05
3866.HK,1,2025,20251231,Recent To Recent,Original,Consolidated Only,HKG ARS,Net Interest Margin - Total - %,False,True,Percentage,,1.66
3866.HK,1,2025,20251231,Recent To Recent,Original,Consolidated Only,HKG ARS,Net Interest Spread - Total - %,False,True,Percentage,,1.68
3866.HK,1,2025,20251231,Recent To Recent,Original,Consolidated Only,HKG ARS,Efficiency Ratio - Total - %,False,True,Percentage,,3.165e-05
3888.HK,1,2023,20231231,Original To Original,,Consolidated Only,,Monthly Active Users (MAU) - Total,False,False,No scaling,,598.0
3888.HK,1,2023,20231231,Recent To Recent,,Consolidated Only,,Monthly Active Users (MAU) - Total,False,False,No scaling,,598.0
3888.HK,1,2023,20231231,Original To Original,Original,Consolidated Only,HKG ARS,Monthly Active Users (MAU) - Total,False,False,No scaling,,598.0
3888.HK,1,2023,20231231,Recent To Recent,Original,Consolidated Only,HKG ARS,Monthly Active Users (MAU) - Total,False,False,No scaling,,598.0
3888.HK,1,2024,20241231,Original To Original,,Consolidated Only,,Monthly Active Users (MAU) - Total,False,False,No scaling,,632.0
3888.HK,1,2024,20241231,Recent To Recent,,Consolidated Only,,Monthly Active Users (MAU) - Total,False,False,No scaling,,632.0
3888.HK,1,2024,20241231,Original To Original,Original,Consolidated Only,HKG ARS,Monthly Active Users (MAU) - Total,False,False,No scaling,,632.0
3888.HK,1,2024,20241231,Recent To Recent,Original,Consolidated Only,HKG ARS,Monthly Active Users (MAU) - Total,False,False,No scaling,,632.0
3888.HK,1,2025,20251231,Original To Original,,Consolidated Only,,Monthly Active Users (MAU) - Total,False,False,No scaling,,678.0
3888.HK,1,2025,20251231,Recent To Recent,,Consolidated Only,,Monthly Active Users (MAU) - Total,False,False,No scaling,,678.0
3888.HK,1,2025,20251231,Original To Original,Original,Consolidated Only,HKG ARS,Monthly Active Users (MAU) - Total,False,False,No scaling,,678.0
3888.HK,1,2025,20251231,Recent To Recent,Original,Consolidated Only,HKG ARS,Monthly Active Users (MAU) - Total,False,False,No scaling,,678.0
3900.HK,1,2023,20231231,Original To Original,Original,Consolidated Only,HKG ARS,Net Asset Value (NAV) - Total (REIT/Real Estate),False,False,Units,CNY,36130.383
3900.HK,1,2023,20231231,Original To Original,Original,Consolidated Only,HKG ARS,Occupancy Rate of Space Leased - Total - %,False,True,Percentage,,93.0
3900.HK,1,2023,20231231,Recent To Recent,Original,Consolidated Only,HKG ARS,Net Asset Value (NAV) - Total (REIT/Real Estate),False,False,Units,CNY,36130.383
3900.HK,1,2023,20231231,Recent To Recent,Original,Consolidated Only,HKG ARS,Occupancy Rate of Space Leased - Total - %,False,True,Percentage,,93.0
3900.HK,1,2024,20241231,Original To Original,Original,Consolidated Only,HKG ARS,Net Asset Value (NAV) - Total (REIT/Real Estate),False,False,Units,CNY,36327.605
3900.HK,1,2024,20241231,Recent To Recent,Original,Consolidated Only,HKG ARS,Net Asset Value (NAV) - Total (REIT/Real Estate),False,False,Units,CNY,36327.605
3900.HK,1,2025,20251231,Original To Original,Original,Consolidated Only,HKG ARS,Net Asset Value (NAV) - Total (REIT/Real Estate),False,False,Units,CNY,35184.133
3900.HK,1,2025,20251231,Recent To Recent,Original,Consolidated Only,HKG ARS,Net Asset Value (NAV) - Total (REIT/Real Estate),False,False,Units,CNY,35184.133
3913.HK,1,2023,20231231,Original To Original,Original,Consolidated Only,HKG ARS,Net Asset Value (NAV) - Total (REIT/Real Estate),False,False,Units,CNY,3395.461
3913.HK,1,2023,20231231,Recent To Recent,Original,Consolidated Only,HKG ARS,Net Asset Value (NAV) - Total (REIT/Real Estate),False,False,Units,CNY,3395.461
3913.HK,1,2024,20241231,Original To Original,Original,Consolidated Only,HKG ARS,Net Asset Value (NAV) - Total (REIT/Real Estate),False,False,Units,CNY,2838.416
3913.HK,1,2024,20241231,Recent To Recent,Original,Consolidated Only,HKG ARS,Net Asset Value (NAV) - Total (REIT/Real Estate),False,False,Units,CNY,2838.416
3913.HK,1,2025,20251231,Original To Original,Original,Consolidated Only,HKG ARS,Net Asset Value (NAV) - Total (REIT/Real Estate),False,False,Units,CNY,2504.702
3913.HK,1,2025,20251231,Recent To Recent,Original,Consolidated Only,HKG ARS,Net Asset Value (NAV) - Total (REIT/Real Estate),False,False,Units,CNY,2504.702
3939.HK,1,2023,20231231,Original To Original,Original,Consolidated Only,HKG ARS,Gold - Production - Total,False,False,No scaling,,7748.32992
3939.HK,1,2023,20231231,Recent To Recent,Original,Consolidated Only,HKG ARS,Gold - Production - Total,False,False,No scaling,,7748.32992
3939.HK,1,2024,20241231,Original To Original,Original,Consolidated Only,HKG ARS,Gold - Production - Total,False,False,No scaling,,5722.83289
3939.HK,1,2024,20241231,Recent To Recent,Original,Consolidated Only,HKG ARS,Gold - Production - Total,False,False,No scaling,,5722.83289
3939.HK,1,2025,20251231,Original To Original,Original,Consolidated Only,HKG ARS,Gold - Production - Total,False,False,No scaling,,4404.65228
3939.HK,1,2025,20251231,Recent To Recent,Original,Consolidated Only,HKG ARS,Gold - Production - Total,False,False,No scaling,,4404.65228
3968.HK,1,2023,20231231,Original To Original,Original,Consolidated Only,HKG ARS,Net Interest Margin - Total - %,False,True,Percentage,,2.15
3968.HK,1,2023,20231231,Original To Original,Original,Consolidated Only,HKG ARS,Net Interest Spread - Total - %,False,True,Percentage,,2.03
3968.HK,1,2023,20231231,Original To Original,Original,Consolidated Only,HKG ARS,Efficiency Ratio - Total - %,False,True,Percentage,,3.297e-05
3968.HK,1,2023,20231231,Recent To Recent,Original,Consolidated Only,HKG ARS,Net Interest Margin - Total - %,False,True,Percentage,,2.15
3968.HK,1,2023,20231231,Recent To Recent,Original,Consolidated Only,HKG ARS,Net Interest Spread - Total - %,False,True,Percentage,,2.03
3968.HK,1,2023,20231231,Recent To Recent,Original,Consolidated Only,HKG ARS,Efficiency Ratio - Total - %,False,True,Percentage,,3.297e-05
3968.HK,1,2024,20241231,Original To Original,Original,Consolidated Only,HKG ARS,Net Interest Margin - Total - %,False,True,Percentage,,1.98
3968.HK,1,2024,20241231,Original To Original,Original,Consolidated Only,HKG ARS,Net Interest Spread - Total - %,False,True,Percentage,,1.86
3968.HK,1,2024,20241231,Original To Original,Original,Consolidated Only,HKG ARS,Efficiency Ratio - Total - %,False,True,Percentage,,3.192e-05
3968.HK,1,2024,20241231,Recent To Recent,Original,Consolidated Only,HKG ARS,Net Interest Margin - Total - %,False,True,Percentage,,1.98
3968.HK,1,2024,20241231,Recent To Recent,Original,Consolidated Only,HKG ARS,Net Interest Spread - Total - %,False,True,Percentage,,1.86
3968.HK,1,2024,20241231,Recent To Recent,Original,Consolidated Only,HKG ARS,Efficiency Ratio - Total - %,False,True,Percentage,,3.192e-05
3968.HK,1,2025,20251231,Original To Original,Original,Consolidated Only,HKG ARS,Net Interest Margin - Total - %,False,True,Percentage,,1.87
3968.HK,1,2025,20251231,Original To Original,Original,Consolidated Only,HKG ARS,Net Interest Spread - Total - %,False,True,Percentage,,1.78
3968.HK,1,2025,20251231,Original To Original,Original,Consolidated Only,HKG ARS,Efficiency Ratio - Total - %,False,True,Percentage,,3.201e-05
3968.HK,1,2025,20251231,Recent To Recent,Original,Consolidated Only,HKG ARS,Net Interest Margin - Total - %,False,True,Percentage,,1.87
3968.HK,1,2025,20251231,Recent To Recent,Original,Consolidated Only,HKG ARS,Net Interest Spread - Total - %,False,True,Percentage,,1.78
3968.HK,1,2025,20251231,Recent To Recent,Original,Consolidated Only,HKG ARS,Efficiency Ratio - Total - %,False,True,Percentage,,3.201e-05
3988.HK,1,2023,20231231,Original To Original,Original,Consolidated Only,HKG ARS,Net Interest Margin - Total - %,False,True,Percentage,,1.59
3988.HK,1,2023,20231231,Original To Original,Original,Consolidated Only,HKG ARS,Efficiency Ratio - Total - %,False,True,Percentage,,2.85e-05
3988.HK,1,2023,20231231,Recent To Recent,Original,Consolidated Only,HKG ARS,Net Interest Margin - Total - %,False,True,Percentage,,1.59
3988.HK,1,2023,20231231,Recent To Recent,Original,Consolidated Only,HKG ARS,Efficiency Ratio - Total - %,False,True,Percentage,,2.85e-05
3988.HK,1,2024,20241231,Original To Original,Original,Consolidated Only,HKG ARS,Net Interest Margin - Total - %,False,True,Percentage,,1.4
3988.HK,1,2024,20241231,Original To Original,Original,Consolidated Only,HKG ARS,Efficiency Ratio - Total - %,False,True,Percentage,,2.877e-05
3988.HK,1,2024,20241231,Recent To Recent,Original,Consolidated Only,HKG ARS,Net Interest Margin - Total - %,False,True,Percentage,,1.4
3988.HK,1,2024,20241231,Recent To Recent,Original,Consolidated Only,HKG ARS,Efficiency Ratio - Total - %,False,True,Percentage,,2.877e-05
3988.HK,1,2025,20251231,Original To Original,Original,Consolidated Only,HKG ARS,Net Interest Margin - Total - %,False,True,Percentage,,1.26
3988.HK,1,2025,20251231,Original To Original,Original,Consolidated Only,HKG ARS,Efficiency Ratio - Total - %,False,True,Percentage,,2.784e-05
3988.HK,1,2025,20251231,Recent To Recent,Original,Consolidated Only,HKG ARS,Net Interest Margin - Total - %,False,True,Percentage,,1.26
3988.HK,1,2025,20251231,Recent To Recent,Original,Consolidated Only,HKG ARS,Efficiency Ratio - Total - %,False,True,Percentage,,2.784e-05
3990.HK,1,2023,20231231,Original To Original,Original,Consolidated Only,HKG ARS,Net Asset Value (NAV) - Total (REIT/Real Estate),False,False,Units,CNY,25309.314
3990.HK,1,2023,20231231,Recent To Recent,Original,Consolidated Only,HKG ARS,Net Asset Value (NAV) - Total (REIT/Real Estate),False,False,Units,CNY,25309.314
3990.HK,1,2024,20241231,Original To Original,Original,Consolidated Only,HKG ARS,Net Asset Value (NAV) - Total (REIT/Real Estate),False,False,Units,CNY,4896.757
3990.HK,1,2024,20241231,Recent To Recent,Original,Consolidated Only,HKG ARS,Net Asset Value (NAV) - Total (REIT/Real Estate),False,False,Units,CNY,4896.757
3990.HK,1,2025,20251231,Original To Original,Original,Consolidated Only,HKG ARS,Net Asset Value (NAV) - Total (REIT/Real Estate),False,False,Units,CNY,4905.783
3990.HK,1,2025,20251231,Recent To Recent,Original,Consolidated Only,HKG ARS,Net Asset Value (NAV) - Total (REIT/Real Estate),False,False,Units,CNY,4905.783
3993.HK,1,2023,20231231,Original To Original,,Consolidated Only,,Gold - Production - Total,False,False,No scaling,,18772.0
3993.HK,1,2023,20231231,Recent To Recent,,Consolidated Only,,Gold - Production - Total,False,False,No scaling,,18772.0
3993.HK,1,2023,20231231,Original To Original,Original,Consolidated Only,CHN ARS,Gold - Production - Total,False,False,No scaling,,18772.0
3993.HK,1,2023,20231231,Recent To Recent,Original,Consolidated Only,CHN ARS,Gold - Production - Total,False,False,No scaling,,18772.0
3998.HK,1,2023,20230331,Original To Original,,Consolidated Only,,Stores Closed - Number - Total,False,False,No scaling,,449.0
3998.HK,1,2023,20230331,Original To Original,,Consolidated Only,,Stores Opened - Number - Total,False,False,No scaling,,58.0
3998.HK,1,2023,20230331,Recent To Recent,,Consolidated Only,,Stores Closed - Number - Total,False,False,No scaling,,449.0
3998.HK,1,2023,20230331,Recent To Recent,,Consolidated Only,,Stores Opened - Number - Total,False,False,No scaling,,58.0
3998.HK,1,2023,20230331,Original To Original,Original,Consolidated Only,HKG ARS,Stores Closed - Number - Total,False,False,No scaling,,449.0
3998.HK,1,2023,20230331,Original To Original,Original,Consolidated Only,HKG ARS,Stores Opened - Number - Total,False,False,No scaling,,58.0
3998.HK,1,2023,20230331,Recent To Recent,Original,Consolidated Only,HKG ARS,Stores Closed - Number - Total,False,False,No scaling,,449.0
3998.HK,1,2023,20230331,Recent To Recent,Original,Consolidated Only,HKG ARS,Stores Opened - Number - Total,False,False,No scaling,,58.0
3998.HK,1,2024,20240331,Original To Original,,Consolidated Only,,Stores Closed - Number - Total,False,False,No scaling,,299.0
3998.HK,1,2024,20240331,Original To Original,,Consolidated Only,,Stores Opened - Number - Total,False,False,No scaling,,61.0
3998.HK,1,2024,20240331,Recent To Recent,,Consolidated Only,,Stores Closed - Number - Total,False,False,No scaling,,299.0
3998.HK,1,2024,20240331,Recent To Recent,,Consolidated Only,,Stores Opened - Number - Total,False,False,No scaling,,61.0
3998.HK,1,2024,20240331,Original To Original,Original,Consolidated Only,HKG ARS,Stores Closed - Number - Total,False,False,No scaling,,299.0
3998.HK,1,2024,20240331,Original To Original,Original,Consolidated Only,HKG ARS,Stores Opened - Number - Total,False,False,No scaling,,61.0
3998.HK,1,2024,20240331,Recent To Recent,Original,Consolidated Only,HKG ARS,Stores Closed - Number - Total,False,False,No scaling,,299.0
3998.HK,1,2024,20240331,Recent To Recent,Original,Consolidated Only,HKG ARS,Stores Opened - Number - Total,False,False,No scaling,,61.0
3998.HK,1,2025,20250331,Original To Original,,Consolidated Only,,Stores Closed - Number - Total,False,False,No scaling,,52.0
3998.HK,1,2025,20250331,Original To Original,,Consolidated Only,,Stores Opened - Number - Total,False,False,No scaling,,253.0
3998.HK,1,2025,20250331,Recent To Recent,,Consolidated Only,,Stores Closed - Number - Total,False,False,No scaling,,52.0
3998.HK,1,2025,20250331,Recent To Recent,,Consolidated Only,,Stores Opened - Number - Total,False,False,No scaling,,253.0
3998.HK,1,2025,20250331,Original To Original,Original,Consolidated Only,HKG ARS,Stores Closed - Number - Total,False,False,No scaling,,52.0
3998.HK,1,2025,20250331,Original To Original,Original,Consolidated Only,HKG ARS,Stores Opened - Number - Total,False,False,No scaling,,253.0
3998.HK,1,2025,20250331,Recent To Recent,Original,Consolidated Only,HKG ARS,Stores Closed - Number - Total,False,False,No scaling,,52.0
3998.HK,1,2025,20250331,Recent To Recent,Original,Consolidated Only,HKG ARS,Stores Opened - Number - Total,False,False,No scaling,,253.0
6049.HK,1,2023,20231231,Original To Original,Original,Consolidated Only,HKG ARS,Net Asset Value (NAV) - Total (REIT/Real Estate),False,False,Units,CNY,8719.905
6049.HK,1,2023,20231231,Recent To Recent,Original,Consolidated Only,HKG ARS,Net Asset Value (NAV) - Total (REIT/Real Estate),False,False,Units,CNY,8719.905
6049.HK,1,2024,20241231,Original To Original,Original,Consolidated Only,HKG ARS,Net Asset Value (NAV) - Total (REIT/Real Estate),False,False,Units,CNY,9701.014
6049.HK,1,2024,20241231,Recent To Recent,Original,Consolidated Only,HKG ARS,Net Asset Value (NAV) - Total (REIT/Real Estate),False,False,Units,CNY,9701.014
6049.HK,1,2025,20251231,Original To Original,Original,Consolidated Only,HKG ARS,Net Asset Value (NAV) - Total (REIT/Real Estate),False,False,Units,CNY,10553.375
6049.HK,1,2025,20251231,Recent To Recent,Original,Consolidated Only,HKG ARS,Net Asset Value (NAV) - Total (REIT/Real Estate),False,False,Units,CNY,10553.375
6060.HK,1,2023,20231231,Original To Original,,Consolidated Only,,GAAP Expense Ratio - Total - %,False,True,Percentage,,38.4
6060.HK,1,2023,20231231,Original To Original,,Consolidated Only,,GAAP Loss Ratio - Total - %,False,True,Percentage,,56.8
6060.HK,1,2023,20231231,Original To Original,,Consolidated Only,,GAAP Combined Ratio (Insurance) - Total - %,False,True,Percentage,,95.2
6060.HK,1,2023,20231231,Original To Original,,Consolidated Only,,Underwriting Profit or Loss - Total,False,False,Units,CNY,1309.909
6060.HK,1,2023,20231231,Recent To Recent,,Consolidated Only,,GAAP Expense Ratio - Total - %,False,True,Percentage,,38.4
6060.HK,1,2023,20231231,Recent To Recent,,Consolidated Only,,GAAP Loss Ratio - Total - %,False,True,Percentage,,56.8
6060.HK,1,2023,20231231,Recent To Recent,,Consolidated Only,,GAAP Combined Ratio (Insurance) - Total - %,False,True,Percentage,,95.2
6060.HK,1,2023,20231231,Recent To Recent,,Consolidated Only,,Underwriting Profit or Loss - Total,False,False,Units,CNY,1309.909
6060.HK,1,2023,20231231,Original To Original,Original,Consolidated Only,HKG ARS,GAAP Expense Ratio - Total - %,False,True,Percentage,,38.4
6060.HK,1,2023,20231231,Original To Original,Original,Consolidated Only,HKG ARS,GAAP Loss Ratio - Total - %,False,True,Percentage,,56.8
6060.HK,1,2023,20231231,Original To Original,Original,Consolidated Only,HKG ARS,GAAP Combined Ratio (Insurance) - Total - %,False,True,Percentage,,95.2
6060.HK,1,2023,20231231,Original To Original,Original,Consolidated Only,HKG ARS,Underwriting Profit or Loss - Total,False,False,Units,CNY,1309.909
6060.HK,1,2023,20231231,Recent To Recent,Original,Consolidated Only,HKG ARS,GAAP Expense Ratio - Total - %,False,True,Percentage,,38.4
6060.HK,1,2023,20231231,Recent To Recent,Original,Consolidated Only,HKG ARS,GAAP Loss Ratio - Total - %,False,True,Percentage,,56.8
6060.HK,1,2023,20231231,Recent To Recent,Original,Consolidated Only,HKG ARS,GAAP Combined Ratio (Insurance) - Total - %,False,True,Percentage,,95.2
6060.HK,1,2023,20231231,Recent To Recent,Original,Consolidated Only,HKG ARS,Underwriting Profit or Loss - Total,False,False,Units,CNY,1309.909
6060.HK,1,2024,20241231,Original To Original,,Consolidated Only,,GAAP Expense Ratio - Total - %,False,True,Percentage,,38.6
6060.HK,1,2024,20241231,Original To Original,,Consolidated Only,,GAAP Loss Ratio - Total - %,False,True,Percentage,,58.3
6060.HK,1,2024,20241231,Original To Original,,Consolidated Only,,GAAP Combined Ratio (Insurance) - Total - %,False,True,Percentage,,96.9
6060.HK,1,2024,20241231,Original To Original,,Consolidated Only,,Underwriting Profit or Loss - Total,False,False,Units,CNY,990.257
6060.HK,1,2024,20241231,Recent To Recent,,Consolidated Only,,GAAP Expense Ratio - Total - %,False,True,Percentage,,38.6
6060.HK,1,2024,20241231,Recent To Recent,,Consolidated Only,,GAAP Loss Ratio - Total - %,False,True,Percentage,,58.3
6060.HK,1,2024,20241231,Recent To Recent,,Consolidated Only,,GAAP Combined Ratio (Insurance) - Total - %,False,True,Percentage,,96.9
6060.HK,1,2024,20241231,Recent To Recent,,Consolidated Only,,Underwriting Profit or Loss - Total,False,False,Units,CNY,990.257
6060.HK,1,2024,20241231,Original To Original,Original,Consolidated Only,HKG ARS,GAAP Expense Ratio - Total - %,False,True,Percentage,,38.6
6060.HK,1,2024,20241231,Original To Original,Original,Consolidated Only,HKG ARS,GAAP Loss Ratio - Total - %,False,True,Percentage,,58.3
6060.HK,1,2024,20241231,Original To Original,Original,Consolidated Only,HKG ARS,GAAP Combined Ratio (Insurance) - Total - %,False,True,Percentage,,96.9
6060.HK,1,2024,20241231,Original To Original,Original,Consolidated Only,HKG ARS,Underwriting Profit or Loss - Total,False,False,Units,CNY,990.257
6060.HK,1,2024,20241231,Recent To Recent,Original,Consolidated Only,HKG ARS,GAAP Expense Ratio - Total - %,False,True,Percentage,,38.6
6060.HK,1,2024,20241231,Recent To Recent,Original,Consolidated Only,HKG ARS,GAAP Loss Ratio - Total - %,False,True,Percentage,,58.3
6060.HK,1,2024,20241231,Recent To Recent,Original,Consolidated Only,HKG ARS,GAAP Combined Ratio (Insurance) - Total - %,False,True,Percentage,,96.9
6060.HK,1,2024,20241231,Recent To Recent,Original,Consolidated Only,HKG ARS,Underwriting Profit or Loss - Total,False,False,Units,CNY,990.257
6060.HK,1,2025,20251231,Original To Original,,Consolidated Only,,GAAP Expense Ratio - Total - %,False,True,Percentage,,38.7
6060.HK,1,2025,20251231,Original To Original,,Consolidated Only,,Underwriting Profit or Loss - Total,False,False,Units,CNY,1411.55
6060.HK,1,2025,20251231,Recent To Recent,,Consolidated Only,,GAAP Expense Ratio - Total - %,False,True,Percentage,,38.7
6060.HK,1,2025,20251231,Recent To Recent,,Consolidated Only,,Underwriting Profit or Loss - Total,False,False,Units,CNY,1411.55
6060.HK,1,2025,20251231,Original To Original,Original,Consolidated Only,HKG ARS,GAAP Expense Ratio - Total - %,False,True,Percentage,,38.7
6060.HK,1,2025,20251231,Original To Original,Original,Consolidated Only,HKG ARS,Underwriting Profit or Loss - Total,False,False,Units,CNY,1411.55
6060.HK,1,2025,20251231,Recent To Recent,Original,Consolidated Only,HKG ARS,GAAP Expense Ratio - Total - %,False,True,Percentage,,38.7
6060.HK,1,2025,20251231,Recent To Recent,Original,Consolidated Only,HKG ARS,Underwriting Profit or Loss - Total,False,False,Units,CNY,1411.55
6093.HK,1,2023,20231231,Original To Original,Original,Consolidated Only,HKG ARS,Net Asset Value (NAV) - Total (REIT/Real Estate),False,False,Units,CNY,696.954
6093.HK,1,2023,20231231,Recent To Recent,Original,Consolidated Only,HKG ARS,Net Asset Value (NAV) - Total (REIT/Real Estate),False,False,Units,CNY,696.954
6093.HK,1,2024,20241231,Original To Original,Original,Consolidated Only,HKG ARS,Net Asset Value (NAV) - Total (REIT/Real Estate),False,False,Units,CNY,693.085
6093.HK,1,2024,20241231,Recent To Recent,Original,Consolidated Only,HKG ARS,Net Asset Value (NAV) - Total (REIT/Real Estate),False,False,Units,CNY,693.085
6093.HK,1,2025,20251231,Original To Original,Original,Consolidated Only,HKG ARS,Net Asset Value (NAV) - Total (REIT/Real Estate),False,False,Units,CNY,575.447
6093.HK,1,2025,20251231,Recent To Recent,Original,Consolidated Only,HKG ARS,Net Asset Value (NAV) - Total (REIT/Real Estate),False,False,Units,CNY,575.447
6098.HK,1,2023,20231231,Original To Original,Original,Consolidated Only,HKG ARS,Net Asset Value (NAV) - Total (REIT/Real Estate),False,False,Units,CNY,36155.873
6098.HK,1,2023,20231231,Recent To Recent,Original,Consolidated Only,HKG ARS,Net Asset Value (NAV) - Total (REIT/Real Estate),False,False,Units,CNY,36155.873
6098.HK,1,2024,20241231,Original To Original,Original,Consolidated Only,HKG ARS,Net Asset Value (NAV) - Total (REIT/Real Estate),False,False,Units,CNY,36617.03
6098.HK,1,2024,20241231,Recent To Recent,Original,Consolidated Only,HKG ARS,Net Asset Value (NAV) - Total (REIT/Real Estate),False,False,Units,CNY,36617.03
6098.HK,1,2025,20251231,Original To Original,Original,Consolidated Only,HKG ARS,Net Asset Value (NAV) - Total (REIT/Real Estate),False,False,Units,CNY,35958.29
6098.HK,1,2025,20251231,Recent To Recent,Original,Consolidated Only,HKG ARS,Net Asset Value (NAV) - Total (REIT/Real Estate),False,False,Units,CNY,35958.29
6110.HK,1,2023,20230228,Original To Original,Original,Consolidated Only,HKG ARS,Stores Closed - Number - Total,False,False,No scaling,,1559.0
6110.HK,1,2023,20230228,Original To Original,Original,Consolidated Only,HKG ARS,Stores Opened - Number - Total,False,False,No scaling,,429.0
6110.HK,1,2023,20230228,Recent To Recent,Original,Consolidated Only,HKG ARS,Stores Closed - Number - Total,False,False,No scaling,,1559.0
6110.HK,1,2023,20230228,Recent To Recent,Original,Consolidated Only,HKG ARS,Stores Opened - Number - Total,False,False,No scaling,,429.0
6110.HK,1,2024,20240229,Original To Original,Original,Consolidated Only,HKG ARS,Stores Closed - Number - Total,False,False,No scaling,,947.0
6110.HK,1,2024,20240229,Original To Original,Original,Consolidated Only,HKG ARS,Stores Opened - Number - Total,False,False,No scaling,,526.0
6110.HK,1,2024,20240229,Recent To Recent,Original,Consolidated Only,HKG ARS,Stores Closed - Number - Total,False,False,No scaling,,947.0
6110.HK,1,2024,20240229,Recent To Recent,Original,Consolidated Only,HKG ARS,Stores Opened - Number - Total,False,False,No scaling,,526.0
6110.HK,1,2025,20250228,Original To Original,Original,Consolidated Only,HKG ARS,Stores Closed - Number - Total,False,False,No scaling,,1382.0
6110.HK,1,2025,20250228,Original To Original,Original,Consolidated Only,HKG ARS,Stores Opened - Number - Total,False,False,No scaling,,258.0
6110.HK,1,2025,20250228,Recent To Recent,Original,Consolidated Only,HKG ARS,Stores Closed - Number - Total,False,False,No scaling,,1382.0
6110.HK,1,2025,20250228,Recent To Recent,Original,Consolidated Only,HKG ARS,Stores Opened - Number - Total,False,False,No scaling,,258.0
6122.HK,1,2023,20231231,Original To Original,,Consolidated Only,,Net Interest Margin - Total - %,False,True,Percentage,,2.08
6122.HK,1,2023,20231231,Original To Original,,Consolidated Only,,Net Interest Spread - Total - %,False,True,Percentage,,1.99
6122.HK,1,2023,20231231,Original To Original,,Consolidated Only,,Solvency Margin - Total - %,False,True,Percentage,,7.526e-05
6122.HK,1,2023,20231231,Original To Original,,Consolidated Only,,Efficiency Ratio - Total - %,False,True,Percentage,,5.878e-05
6122.HK,1,2023,20231231,Recent To Recent,,Consolidated Only,,Net Interest Margin - Total - %,False,True,Percentage,,2.08
6122.HK,1,2023,20231231,Recent To Recent,,Consolidated Only,,Net Interest Spread - Total - %,False,True,Percentage,,1.99
6122.HK,1,2023,20231231,Recent To Recent,,Consolidated Only,,Solvency Margin - Total - %,False,True,Percentage,,7.526e-05
6122.HK,1,2023,20231231,Recent To Recent,,Consolidated Only,,Efficiency Ratio - Total - %,False,True,Percentage,,5.878e-05
6122.HK,1,2023,20231231,Original To Original,Original,Consolidated Only,HKG ARS,Net Interest Margin - Total - %,False,True,Percentage,,2.08
6122.HK,1,2023,20231231,Original To Original,Original,Consolidated Only,HKG ARS,Net Interest Spread - Total - %,False,True,Percentage,,1.99
6122.HK,1,2023,20231231,Original To Original,Original,Consolidated Only,HKG ARS,Solvency Margin - Total - %,False,True,Percentage,,7.526e-05
6122.HK,1,2023,20231231,Original To Original,Original,Consolidated Only,HKG ARS,Efficiency Ratio - Total - %,False,True,Percentage,,5.878e-05
6122.HK,1,2023,20231231,Recent To Recent,Original,Consolidated Only,HKG ARS,Net Interest Margin - Total - %,False,True,Percentage,,2.08
6122.HK,1,2023,20231231,Recent To Recent,Original,Consolidated Only,HKG ARS,Net Interest Spread - Total - %,False,True,Percentage,,1.99
6122.HK,1,2023,20231231,Recent To Recent,Original,Consolidated Only,HKG ARS,Solvency Margin - Total - %,False,True,Percentage,,7.526e-05
6122.HK,1,2023,20231231,Recent To Recent,Original,Consolidated Only,HKG ARS,Efficiency Ratio - Total - %,False,True,Percentage,,5.878e-05
6138.HK,1,2023,20231231,Original To Original,Original,Consolidated Only,HKG ARS,Net Interest Margin - Total - %,False,True,Percentage,,1.43
6138.HK,1,2023,20231231,Original To Original,Original,Consolidated Only,HKG ARS,Net Interest Spread - Total - %,False,True,Percentage,,1.56
6138.HK,1,2023,20231231,Original To Original,Original,Consolidated Only,HKG ARS,Solvency Margin - Total - %,False,True,Percentage,,5.03e-05
6138.HK,1,2023,20231231,Original To Original,Original,Consolidated Only,HKG ARS,Efficiency Ratio - Total - %,False,True,Percentage,,4.201e-05
6138.HK,1,2023,20231231,Recent To Recent,Original,Consolidated Only,HKG ARS,Net Interest Margin - Total - %,False,True,Percentage,,1.43
6138.HK,1,2023,20231231,Recent To Recent,Original,Consolidated Only,HKG ARS,Net Interest Spread - Total - %,False,True,Percentage,,1.56
6138.HK,1,2023,20231231,Recent To Recent,Original,Consolidated Only,HKG ARS,Solvency Margin - Total - %,False,True,Percentage,,5.03e-05
6138.HK,1,2023,20231231,Recent To Recent,Original,Consolidated Only,HKG ARS,Efficiency Ratio - Total - %,False,True,Percentage,,4.201e-05
6138.HK,1,2024,20241231,Original To Original,Original,Consolidated Only,HKG ARS,Net Interest Margin - Total - %,False,True,Percentage,,1.31
6138.HK,1,2024,20241231,Original To Original,Original,Consolidated Only,HKG ARS,Net Interest Spread - Total - %,False,True,Percentage,,1.38
6138.HK,1,2024,20241231,Original To Original,Original,Consolidated Only,HKG ARS,Solvency Margin - Total - %,False,True,Percentage,,5.465e-05
6138.HK,1,2024,20241231,Original To Original,Original,Consolidated Only,HKG ARS,Efficiency Ratio - Total - %,False,True,Percentage,,3.61e-05
6138.HK,1,2024,20241231,Recent To Recent,Original,Consolidated Only,HKG ARS,Net Interest Margin - Total - %,False,True,Percentage,,1.31
6138.HK,1,2024,20241231,Recent To Recent,Original,Consolidated Only,HKG ARS,Net Interest Spread - Total - %,False,True,Percentage,,1.38
6138.HK,1,2024,20241231,Recent To Recent,Original,Consolidated Only,HKG ARS,Solvency Margin - Total - %,False,True,Percentage,,5.465e-05
6138.HK,1,2024,20241231,Recent To Recent,Original,Consolidated Only,HKG ARS,Efficiency Ratio - Total - %,False,True,Percentage,,3.61e-05
6138.HK,1,2025,20251231,Original To Original,Original,Consolidated Only,HKG ARS,Net Interest Margin - Total - %,False,True,Percentage,,1.2
6138.HK,1,2025,20251231,Original To Original,Original,Consolidated Only,HKG ARS,Net Interest Spread - Total - %,False,True,Percentage,,1.22
6138.HK,1,2025,20251231,Original To Original,Original,Consolidated Only,HKG ARS,Solvency Margin - Total - %,False,True,Percentage,,5.709e-05
6138.HK,1,2025,20251231,Original To Original,Original,Consolidated Only,HKG ARS,Efficiency Ratio - Total - %,False,True,Percentage,,3.559e-05
6138.HK,1,2025,20251231,Recent To Recent,Original,Consolidated Only,HKG ARS,Net Interest Margin - Total - %,False,True,Percentage,,1.2
6138.HK,1,2025,20251231,Recent To Recent,Original,Consolidated Only,HKG ARS,Net Interest Spread - Total - %,False,True,Percentage,,1.22
6138.HK,1,2025,20251231,Recent To Recent,Original,Consolidated Only,HKG ARS,Solvency Margin - Total - %,False,True,Percentage,,5.709e-05
6138.HK,1,2025,20251231,Recent To Recent,Original,Consolidated Only,HKG ARS,Efficiency Ratio - Total - %,False,True,Percentage,,3.559e-05
6158.HK,1,2023,20231231,Original To Original,Original,Consolidated Only,HKG ARS,Net Asset Value (NAV) - Total (REIT/Real Estate),False,False,Units,CNY,6151.529
6158.HK,1,2023,20231231,Recent To Recent,Original,Consolidated Only,HKG ARS,Net Asset Value (NAV) - Total (REIT/Real Estate),False,False,Units,CNY,6151.529
6190.HK,1,2023,20231231,Original To Original,,Consolidated Only,,Net Interest Margin - Total - %,False,True,Percentage,,1.76
6190.HK,1,2023,20231231,Original To Original,,Consolidated Only,,Net Interest Spread - Total - %,False,True,Percentage,,1.72
6190.HK,1,2023,20231231,Original To Original,,Consolidated Only,,Solvency Margin - Total - %,False,True,Percentage,,8.136e-05
6190.HK,1,2023,20231231,Original To Original,,Consolidated Only,,Efficiency Ratio - Total - %,False,True,Percentage,,3.156e-05
6190.HK,1,2023,20231231,Recent To Recent,,Consolidated Only,,Net Interest Margin - Total - %,False,True,Percentage,,1.76
6190.HK,1,2023,20231231,Recent To Recent,,Consolidated Only,,Net Interest Spread - Total - %,False,True,Percentage,,1.72
6190.HK,1,2023,20231231,Recent To Recent,,Consolidated Only,,Solvency Margin - Total - %,False,True,Percentage,,8.136e-05
6190.HK,1,2023,20231231,Recent To Recent,,Consolidated Only,,Efficiency Ratio - Total - %,False,True,Percentage,,3.156e-05
6190.HK,1,2023,20231231,Original To Original,Original,Consolidated Only,HKG ARS,Net Interest Margin - Total - %,False,True,Percentage,,1.76
6190.HK,1,2023,20231231,Original To Original,Original,Consolidated Only,HKG ARS,Net Interest Spread - Total - %,False,True,Percentage,,1.72
6190.HK,1,2023,20231231,Original To Original,Original,Consolidated Only,HKG ARS,Solvency Margin - Total - %,False,True,Percentage,,8.136e-05
6190.HK,1,2023,20231231,Original To Original,Original,Consolidated Only,HKG ARS,Efficiency Ratio - Total - %,False,True,Percentage,,3.156e-05
6190.HK,1,2023,20231231,Recent To Recent,Original,Consolidated Only,HKG ARS,Net Interest Margin - Total - %,False,True,Percentage,,1.76
6190.HK,1,2023,20231231,Recent To Recent,Original,Consolidated Only,HKG ARS,Net Interest Spread - Total - %,False,True,Percentage,,1.72
6190.HK,1,2023,20231231,Recent To Recent,Original,Consolidated Only,HKG ARS,Solvency Margin - Total - %,False,True,Percentage,,8.136e-05
6190.HK,1,2023,20231231,Recent To Recent,Original,Consolidated Only,HKG ARS,Efficiency Ratio - Total - %,False,True,Percentage,,3.156e-05
6190.HK,1,2024,20241231,Original To Original,,Consolidated Only,,Net Interest Margin - Total - %,False,True,Percentage,,1.92
6190.HK,1,2024,20241231,Original To Original,,Consolidated Only,,Net Interest Spread - Total - %,False,True,Percentage,,1.85
6190.HK,1,2024,20241231,Original To Original,,Consolidated Only,,Solvency Margin - Total - %,False,True,Percentage,,8.291e-05
6190.HK,1,2024,20241231,Original To Original,,Consolidated Only,,Efficiency Ratio - Total - %,False,True,Percentage,,3.368e-05
6190.HK,1,2024,20241231,Recent To Recent,,Consolidated Only,,Net Interest Margin - Total - %,False,True,Percentage,,1.92
6190.HK,1,2024,20241231,Recent To Recent,,Consolidated Only,,Net Interest Spread - Total - %,False,True,Percentage,,1.85
6190.HK,1,2024,20241231,Recent To Recent,,Consolidated Only,,Solvency Margin - Total - %,False,True,Percentage,,8.291e-05
6190.HK,1,2024,20241231,Recent To Recent,,Consolidated Only,,Efficiency Ratio - Total - %,False,True,Percentage,,3.368e-05
6190.HK,1,2024,20241231,Original To Original,Original,Consolidated Only,HKG ARS,Net Interest Margin - Total - %,False,True,Percentage,,1.92
6190.HK,1,2024,20241231,Original To Original,Original,Consolidated Only,HKG ARS,Net Interest Spread - Total - %,False,True,Percentage,,1.85
6190.HK,1,2024,20241231,Original To Original,Original,Consolidated Only,HKG ARS,Solvency Margin - Total - %,False,True,Percentage,,8.291e-05
6190.HK,1,2024,20241231,Original To Original,Original,Consolidated Only,HKG ARS,Efficiency Ratio - Total - %,False,True,Percentage,,3.368e-05
6190.HK,1,2024,20241231,Recent To Recent,Original,Consolidated Only,HKG ARS,Net Interest Margin - Total - %,False,True,Percentage,,1.92
6190.HK,1,2024,20241231,Recent To Recent,Original,Consolidated Only,HKG ARS,Net Interest Spread - Total - %,False,True,Percentage,,1.85
6190.HK,1,2024,20241231,Recent To Recent,Original,Consolidated Only,HKG ARS,Solvency Margin - Total - %,False,True,Percentage,,8.291e-05
6190.HK,1,2024,20241231,Recent To Recent,Original,Consolidated Only,HKG ARS,Efficiency Ratio - Total - %,False,True,Percentage,,3.368e-05
6190.HK,1,2025,20251231,Original To Original,,Consolidated Only,,Net Interest Margin - Total - %,False,True,Percentage,,1.75
6190.HK,1,2025,20251231,Original To Original,,Consolidated Only,,Net Interest Spread - Total - %,False,True,Percentage,,1.71
6190.HK,1,2025,20251231,Original To Original,,Consolidated Only,,Solvency Margin - Total - %,False,True,Percentage,,8.118e-05
6190.HK,1,2025,20251231,Original To Original,,Consolidated Only,,Efficiency Ratio - Total - %,False,True,Percentage,,3.414e-05
6190.HK,1,2025,20251231,Recent To Recent,,Consolidated Only,,Net Interest Margin - Total - %,False,True,Percentage,,1.75
6190.HK,1,2025,20251231,Recent To Recent,,Consolidated Only,,Net Interest Spread - Total - %,False,True,Percentage,,1.71
6190.HK,1,2025,20251231,Recent To Recent,,Consolidated Only,,Solvency Margin - Total - %,False,True,Percentage,,8.118e-05
6190.HK,1,2025,20251231,Recent To Recent,,Consolidated Only,,Efficiency Ratio - Total - %,False,True,Percentage,,3.414e-05
6190.HK,1,2025,20251231,Original To Original,Original,Consolidated Only,HKG ARS,Net Interest Margin - Total - %,False,True,Percentage,,1.75
6190.HK,1,2025,20251231,Original To Original,Original,Consolidated Only,HKG ARS,Net Interest Spread - Total - %,False,True,Percentage,,1.71
6190.HK,1,2025,20251231,Original To Original,Original,Consolidated Only,HKG ARS,Solvency Margin - Total - %,False,True,Percentage,,8.118e-05
6190.HK,1,2025,20251231,Original To Original,Original,Consolidated Only,HKG ARS,Efficiency Ratio - Total - %,False,True,Percentage,,3.414e-05
6190.HK,1,2025,20251231,Recent To Recent,Original,Consolidated Only,HKG ARS,Net Interest Margin - Total - %,False,True,Percentage,,1.75
6190.HK,1,2025,20251231,Recent To Recent,Original,Consolidated Only,HKG ARS,Net Interest Spread - Total - %,False,True,Percentage,,1.71
6190.HK,1,2025,20251231,Recent To Recent,Original,Consolidated Only,HKG ARS,Solvency Margin - Total - %,False,True,Percentage,,8.118e-05
6190.HK,1,2025,20251231,Recent To Recent,Original,Consolidated Only,HKG ARS,Efficiency Ratio - Total - %,False,True,Percentage,,3.414e-05
6196.HK,1,2023,20231231,Original To Original,Original,Consolidated Only,HKG ARS,Net Interest Margin - Total - %,False,True,Percentage,,2.08
6196.HK,1,2023,20231231,Original To Original,Original,Consolidated Only,HKG ARS,Net Interest Spread - Total - %,False,True,Percentage,,2.0
6196.HK,1,2023,20231231,Original To Original,Original,Consolidated Only,HKG ARS,Solvency Margin - Total - %,False,True,Percentage,,9.99e-05
6196.HK,1,2023,20231231,Original To Original,Original,Consolidated Only,HKG ARS,Efficiency Ratio - Total - %,False,True,Percentage,,2.705e-05
6196.HK,1,2023,20231231,Recent To Recent,Original,Consolidated Only,HKG ARS,Net Interest Margin - Total - %,False,True,Percentage,,2.08
6196.HK,1,2023,20231231,Recent To Recent,Original,Consolidated Only,HKG ARS,Net Interest Spread - Total - %,False,True,Percentage,,2.0
6196.HK,1,2023,20231231,Recent To Recent,Original,Consolidated Only,HKG ARS,Solvency Margin - Total - %,False,True,Percentage,,9.99e-05
6196.HK,1,2023,20231231,Recent To Recent,Original,Consolidated Only,HKG ARS,Efficiency Ratio - Total - %,False,True,Percentage,,2.705e-05
6196.HK,1,2024,20241231,Original To Original,Original,Consolidated Only,HKG ARS,Net Interest Margin - Total - %,False,True,Percentage,,2.0
6196.HK,1,2024,20241231,Original To Original,Original,Consolidated Only,HKG ARS,Net Interest Spread - Total - %,False,True,Percentage,,1.63
6196.HK,1,2024,20241231,Original To Original,Original,Consolidated Only,HKG ARS,Solvency Margin - Total - %,False,True,Percentage,,9.584e-05
6196.HK,1,2024,20241231,Original To Original,Original,Consolidated Only,HKG ARS,Efficiency Ratio - Total - %,False,True,Percentage,,2.9e-05
6196.HK,1,2024,20241231,Recent To Recent,Original,Consolidated Only,HKG ARS,Net Interest Margin - Total - %,False,True,Percentage,,2.0
6196.HK,1,2024,20241231,Recent To Recent,Original,Consolidated Only,HKG ARS,Net Interest Spread - Total - %,False,True,Percentage,,1.63
6196.HK,1,2024,20241231,Recent To Recent,Original,Consolidated Only,HKG ARS,Solvency Margin - Total - %,False,True,Percentage,,9.584e-05
6196.HK,1,2024,20241231,Recent To Recent,Original,Consolidated Only,HKG ARS,Efficiency Ratio - Total - %,False,True,Percentage,,2.9e-05
6196.HK,1,2025,20251231,Original To Original,Original,Consolidated Only,HKG ARS,Net Interest Margin - Total - %,False,True,Percentage,,1.61
6196.HK,1,2025,20251231,Original To Original,Original,Consolidated Only,HKG ARS,Net Interest Spread - Total - %,False,True,Percentage,,1.54
6196.HK,1,2025,20251231,Original To Original,Original,Consolidated Only,HKG ARS,Solvency Margin - Total - %,False,True,Percentage,,8.86e-05
6196.HK,1,2025,20251231,Original To Original,Original,Consolidated Only,HKG ARS,Efficiency Ratio - Total - %,False,True,Percentage,,2.762e-05
6196.HK,1,2025,20251231,Recent To Recent,Original,Consolidated Only,HKG ARS,Net Interest Margin - Total - %,False,True,Percentage,,1.61
6196.HK,1,2025,20251231,Recent To Recent,Original,Consolidated Only,HKG ARS,Net Interest Spread - Total - %,False,True,Percentage,,1.54
6196.HK,1,2025,20251231,Recent To Recent,Original,Consolidated Only,HKG ARS,Solvency Margin - Total - %,False,True,Percentage,,8.86e-05
6196.HK,1,2025,20251231,Recent To Recent,Original,Consolidated Only,HKG ARS,Efficiency Ratio - Total - %,False,True,Percentage,,2.762e-05
6199.HK,1,2023,20231231,Original To Original,,Consolidated Only,,Net Interest Margin - Total - %,False,True,Percentage,,1.77
6199.HK,1,2023,20231231,Original To Original,,Consolidated Only,,Net Interest Spread - Total - %,False,True,Percentage,,1.86
6199.HK,1,2023,20231231,Original To Original,,Consolidated Only,,Solvency Margin - Total - %,False,True,Percentage,,9.501e-05
6199.HK,1,2023,20231231,Original To Original,,Consolidated Only,,Efficiency Ratio - Total - %,False,True,Percentage,,3.35e-05
6199.HK,1,2023,20231231,Recent To Recent,,Consolidated Only,,Net Interest Margin - Total - %,False,True,Percentage,,1.77
6199.HK,1,2023,20231231,Recent To Recent,,Consolidated Only,,Net Interest Spread - Total - %,False,True,Percentage,,1.86
6199.HK,1,2023,20231231,Recent To Recent,,Consolidated Only,,Solvency Margin - Total - %,False,True,Percentage,,9.501e-05
6199.HK,1,2023,20231231,Recent To Recent,,Consolidated Only,,Efficiency Ratio - Total - %,False,True,Percentage,,3.35e-05
6199.HK,1,2023,20231231,Original To Original,Original,Consolidated Only,HKG ARS,Net Interest Margin - Total - %,False,True,Percentage,,1.77
6199.HK,1,2023,20231231,Original To Original,Original,Consolidated Only,HKG ARS,Net Interest Spread - Total - %,False,True,Percentage,,1.86
6199.HK,1,2023,20231231,Original To Original,Original,Consolidated Only,HKG ARS,Solvency Margin - Total - %,False,True,Percentage,,9.501e-05
6199.HK,1,2023,20231231,Original To Original,Original,Consolidated Only,HKG ARS,Efficiency Ratio - Total - %,False,True,Percentage,,3.35e-05
6199.HK,1,2023,20231231,Recent To Recent,Original,Consolidated Only,HKG ARS,Net Interest Margin - Total - %,False,True,Percentage,,1.77
6199.HK,1,2023,20231231,Recent To Recent,Original,Consolidated Only,HKG ARS,Net Interest Spread - Total - %,False,True,Percentage,,1.86
6199.HK,1,2023,20231231,Recent To Recent,Original,Consolidated Only,HKG ARS,Solvency Margin - Total - %,False,True,Percentage,,9.501e-05
6199.HK,1,2023,20231231,Recent To Recent,Original,Consolidated Only,HKG ARS,Efficiency Ratio - Total - %,False,True,Percentage,,3.35e-05
6199.HK,1,2024,20241231,Original To Original,,Consolidated Only,,Net Interest Margin - Total - %,False,True,Percentage,,1.77
6199.HK,1,2024,20241231,Original To Original,,Consolidated Only,,Net Interest Spread - Total - %,False,True,Percentage,,1.81
6199.HK,1,2024,20241231,Original To Original,,Consolidated Only,,Solvency Margin - Total - %,False,True,Percentage,,9.456e-05
6199.HK,1,2024,20241231,Original To Original,,Consolidated Only,,Efficiency Ratio - Total - %,False,True,Percentage,,2.855e-05
6199.HK,1,2024,20241231,Recent To Recent,,Consolidated Only,,Net Interest Margin - Total - %,False,True,Percentage,,1.77
6199.HK,1,2024,20241231,Recent To Recent,,Consolidated Only,,Net Interest Spread - Total - %,False,True,Percentage,,1.81
6199.HK,1,2024,20241231,Recent To Recent,,Consolidated Only,,Solvency Margin - Total - %,False,True,Percentage,,9.456e-05
6199.HK,1,2024,20241231,Recent To Recent,,Consolidated Only,,Efficiency Ratio - Total - %,False,True,Percentage,,2.855e-05
6199.HK,1,2024,20241231,Original To Original,Original,Consolidated Only,HKG ARS,Net Interest Margin - Total - %,False,True,Percentage,,1.77
6199.HK,1,2024,20241231,Original To Original,Original,Consolidated Only,HKG ARS,Net Interest Spread - Total - %,False,True,Percentage,,1.81
6199.HK,1,2024,20241231,Original To Original,Original,Consolidated Only,HKG ARS,Solvency Margin - Total - %,False,True,Percentage,,9.456e-05
6199.HK,1,2024,20241231,Original To Original,Original,Consolidated Only,HKG ARS,Efficiency Ratio - Total - %,False,True,Percentage,,2.855e-05
6199.HK,1,2024,20241231,Recent To Recent,Original,Consolidated Only,HKG ARS,Net Interest Margin - Total - %,False,True,Percentage,,1.77
6199.HK,1,2024,20241231,Recent To Recent,Original,Consolidated Only,HKG ARS,Net Interest Spread - Total - %,False,True,Percentage,,1.81
6199.HK,1,2024,20241231,Recent To Recent,Original,Consolidated Only,HKG ARS,Solvency Margin - Total - %,False,True,Percentage,,9.456e-05
6199.HK,1,2024,20241231,Recent To Recent,Original,Consolidated Only,HKG ARS,Efficiency Ratio - Total - %,False,True,Percentage,,2.855e-05
6199.HK,1,2025,20251231,Original To Original,,Consolidated Only,,Net Interest Margin - Total - %,False,True,Percentage,,1.88
6199.HK,1,2025,20251231,Original To Original,,Consolidated Only,,Net Interest Spread - Total - %,False,True,Percentage,,1.89
6199.HK,1,2025,20251231,Original To Original,,Consolidated Only,,Solvency Margin - Total - %,False,True,Percentage,,0.00010058
6199.HK,1,2025,20251231,Original To Original,,Consolidated Only,,Efficiency Ratio - Total - %,False,True,Percentage,,2.89e-05
6199.HK,1,2025,20251231,Recent To Recent,,Consolidated Only,,Net Interest Margin - Total - %,False,True,Percentage,,1.88
6199.HK,1,2025,20251231,Recent To Recent,,Consolidated Only,,Net Interest Spread - Total - %,False,True,Percentage,,1.89
6199.HK,1,2025,20251231,Recent To Recent,,Consolidated Only,,Solvency Margin - Total - %,False,True,Percentage,,0.00010058
6199.HK,1,2025,20251231,Recent To Recent,,Consolidated Only,,Efficiency Ratio - Total - %,False,True,Percentage,,2.89e-05
6199.HK,1,2025,20251231,Original To Original,Original,Consolidated Only,HKG ARS,Net Interest Margin - Total - %,False,True,Percentage,,1.88
6199.HK,1,2025,20251231,Original To Original,Original,Consolidated Only,HKG ARS,Net Interest Spread - Total - %,False,True,Percentage,,1.89
6199.HK,1,2025,20251231,Original To Original,Original,Consolidated Only,HKG ARS,Solvency Margin - Total - %,False,True,Percentage,,0.00010058
6199.HK,1,2025,20251231,Original To Original,Original,Consolidated Only,HKG ARS,Efficiency Ratio - Total - %,False,True,Percentage,,2.89e-05
6199.HK,1,2025,20251231,Recent To Recent,Original,Consolidated Only,HKG ARS,Net Interest Margin - Total - %,False,True,Percentage,,1.88
6199.HK,1,2025,20251231,Recent To Recent,Original,Consolidated Only,HKG ARS,Net Interest Spread - Total - %,False,True,Percentage,,1.89
6199.HK,1,2025,20251231,Recent To Recent,Original,Consolidated Only,HKG ARS,Solvency Margin - Total - %,False,True,Percentage,,0.00010058
6199.HK,1,2025,20251231,Recent To Recent,Original,Consolidated Only,HKG ARS,Efficiency Ratio - Total - %,False,True,Percentage,,2.89e-05
6288.HK,1,2023,20230831,Original To Original,,Blended,,Stores Opened - Number - Total,False,False,No scaling,,93.0
6288.HK,1,2023,20230831,Recent To Recent,,Blended,,Stores Opened - Number - Total,False,False,No scaling,,93.0
6288.HK,1,2023,20230831,Original To Original,Original,Blended,Yuho,Stores Opened - Number - Total,False,False,No scaling,,93.0
6288.HK,1,2023,20230831,Recent To Recent,Original,Blended,Yuho,Stores Opened - Number - Total,False,False,No scaling,,93.0
6288.HK,1,2024,20240831,Original To Original,,Blended,,Stores Opened - Number - Total,False,False,No scaling,,84.0
6288.HK,1,2024,20240831,Recent To Recent,,Blended,,Stores Opened - Number - Total,False,False,No scaling,,84.0
6288.HK,1,2024,20240831,Original To Original,Original,Blended,Yuho,Stores Opened - Number - Total,False,False,No scaling,,84.0
6288.HK,1,2024,20240831,Recent To Recent,Original,Blended,Yuho,Stores Opened - Number - Total,False,False,No scaling,,84.0
6288.HK,1,2025,20250831,Original To Original,,Blended,,Stores Opened - Number - Total,False,False,No scaling,,85.0
6288.HK,1,2025,20250831,Recent To Recent,,Blended,,Stores Opened - Number - Total,False,False,No scaling,,85.0
6288.HK,1,2025,20250831,Original To Original,Original,Blended,Yuho,Stores Opened - Number - Total,False,False,No scaling,,85.0
6288.HK,1,2025,20250831,Recent To Recent,Original,Blended,Yuho,Stores Opened - Number - Total,False,False,No scaling,,85.0
6668.HK,1,2023,20231231,Original To Original,Original,Consolidated Only,HKG ARS,Net Asset Value (NAV) - Total (REIT/Real Estate),False,False,Units,CNY,1256.765
6668.HK,1,2023,20231231,Original To Original,Original,Consolidated Only,HKG ARS,Occupancy Rate of Space Leased - Total - %,False,True,Percentage,,92.8
6668.HK,1,2023,20231231,Recent To Recent,Original,Consolidated Only,HKG ARS,Net Asset Value (NAV) - Total (REIT/Real Estate),False,False,Units,CNY,1256.765
6668.HK,1,2023,20231231,Recent To Recent,Original,Consolidated Only,HKG ARS,Occupancy Rate of Space Leased - Total - %,False,True,Percentage,,92.8
6668.HK,1,2024,20241231,Original To Original,Original,Consolidated Only,HKG ARS,Net Asset Value (NAV) - Total (REIT/Real Estate),False,False,Units,CNY,1246.877
6668.HK,1,2024,20241231,Original To Original,Original,Consolidated Only,HKG ARS,Occupancy Rate of Space Leased - Total - %,False,True,Percentage,,92.4
6668.HK,1,2024,20241231,Recent To Recent,Original,Consolidated Only,HKG ARS,Net Asset Value (NAV) - Total (REIT/Real Estate),False,False,Units,CNY,1246.877
6668.HK,1,2024,20241231,Recent To Recent,Original,Consolidated Only,HKG ARS,Occupancy Rate of Space Leased - Total - %,False,True,Percentage,,92.4
6668.HK,1,2025,20251231,Original To Original,Original,Consolidated Only,HKG ARS,Net Asset Value (NAV) - Total (REIT/Real Estate),False,False,Units,CNY,1267.464
6668.HK,1,2025,20251231,Original To Original,Original,Consolidated Only,HKG ARS,Occupancy Rate of Space Leased - Total - %,False,True,Percentage,,93.6
6668.HK,1,2025,20251231,Recent To Recent,Original,Consolidated Only,HKG ARS,Net Asset Value (NAV) - Total (REIT/Real Estate),False,False,Units,CNY,1267.464
6668.HK,1,2025,20251231,Recent To Recent,Original,Consolidated Only,HKG ARS,Occupancy Rate of Space Leased - Total - %,False,True,Percentage,,93.6
6677.HK,1,2023,20231231,Original To Original,Original,Consolidated Only,HKG ARS,Net Asset Value (NAV) - Total (REIT/Real Estate),False,False,Units,CNY,2099.197
6677.HK,1,2023,20231231,Recent To Recent,Original,Consolidated Only,HKG ARS,Net Asset Value (NAV) - Total (REIT/Real Estate),False,False,Units,CNY,2099.197
6677.HK,1,2024,20241231,Original To Original,Original,Consolidated Only,HKG ARS,Net Asset Value (NAV) - Total (REIT/Real Estate),False,False,Units,CNY,2096.267
6677.HK,1,2024,20241231,Recent To Recent,Original,Consolidated Only,HKG ARS,Net Asset Value (NAV) - Total (REIT/Real Estate),False,False,Units,CNY,2096.267
6677.HK,1,2025,20251231,Original To Original,Original,Consolidated Only,HKG ARS,Net Asset Value (NAV) - Total (REIT/Real Estate),False,False,Units,CNY,725.035
6677.HK,1,2025,20251231,Recent To Recent,Original,Consolidated Only,HKG ARS,Net Asset Value (NAV) - Total (REIT/Real Estate),False,False,Units,CNY,725.035
6693.HK,1,2024,20241231,Original To Original,Original,Consolidated Only,CHN ARS,Gold - Production - Total,False,False,No scaling,,487343.58855
6693.HK,1,2024,20241231,Recent To Recent,Original,Consolidated Only,CHN ARS,Gold - Production - Total,False,False,No scaling,,487343.58855
6693.HK,1,2025,20251231,Original To Original,Original,Consolidated Only,CHN ARS,Gold - Production - Total,False,False,No scaling,,466525.98014
6693.HK,1,2025,20251231,Recent To Recent,Original,Consolidated Only,CHN ARS,Gold - Production - Total,False,False,No scaling,,466525.98014
6808.HK,1,2023,20230331,Original To Original,Original,Consolidated Only,HKG ARS,Stores Closed - Number - Total,False,False,No scaling,,7.0
6808.HK,1,2023,20230331,Original To Original,Original,Consolidated Only,HKG ARS,Stores Opened - Number - Total,False,False,No scaling,,27.0
6808.HK,1,2023,20230331,Recent To Recent,Original,Consolidated Only,HKG ARS,Stores Closed - Number - Total,False,False,No scaling,,7.0
6808.HK,1,2023,20230331,Recent To Recent,Original,Consolidated Only,HKG ARS,Stores Opened - Number - Total,False,False,No scaling,,27.0
6808.HK,1,2024,20240331,Original To Original,Original,Consolidated Only,HKG ARS,Stores Closed - Number - Total,False,False,No scaling,,20.0
6808.HK,1,2024,20240331,Original To Original,Original,Consolidated Only,HKG ARS,Stores Opened - Number - Total,False,False,No scaling,,23.0
6808.HK,1,2024,20240331,Recent To Recent,Original,Consolidated Only,HKG ARS,Stores Closed - Number - Total,False,False,No scaling,,20.0
6808.HK,1,2024,20240331,Recent To Recent,Original,Consolidated Only,HKG ARS,Stores Opened - Number - Total,False,False,No scaling,,23.0
6808.HK,1,2025,20250331,Original To Original,Original,Consolidated Only,HKG ARS,Stores Closed - Number - Total,False,False,No scaling,,9.0
6808.HK,1,2025,20250331,Original To Original,Original,Consolidated Only,HKG ARS,Stores Opened - Number - Total,False,False,No scaling,,9.0
6808.HK,1,2025,20250331,Recent To Recent,Original,Consolidated Only,HKG ARS,Stores Closed - Number - Total,False,False,No scaling,,9.0
6808.HK,1,2025,20250331,Recent To Recent,Original,Consolidated Only,HKG ARS,Stores Opened - Number - Total,False,False,No scaling,,9.0
6818.HK,1,2023,20231231,Original To Original,Original,Consolidated Only,HKG ARS,Net Interest Margin - Total - %,False,True,Percentage,,1.74
6818.HK,1,2023,20231231,Original To Original,Original,Consolidated Only,HKG ARS,Net Interest Spread - Total - %,False,True,Percentage,,1.68
6818.HK,1,2023,20231231,Original To Original,Original,Consolidated Only,HKG ARS,Efficiency Ratio - Total - %,False,True,Percentage,,2.895e-05
6818.HK,1,2023,20231231,Recent To Recent,Original,Consolidated Only,HKG ARS,Net Interest Margin - Total - %,False,True,Percentage,,1.74
6818.HK,1,2023,20231231,Recent To Recent,Original,Consolidated Only,HKG ARS,Net Interest Spread - Total - %,False,True,Percentage,,1.68
6818.HK,1,2023,20231231,Recent To Recent,Original,Consolidated Only,HKG ARS,Efficiency Ratio - Total - %,False,True,Percentage,,2.895e-05
6818.HK,1,2024,20241231,Original To Original,Original,Consolidated Only,HKG ARS,Net Interest Margin - Total - %,False,True,Percentage,,1.54
6818.HK,1,2024,20241231,Original To Original,Original,Consolidated Only,HKG ARS,Net Interest Spread - Total - %,False,True,Percentage,,1.45
6818.HK,1,2024,20241231,Original To Original,Original,Consolidated Only,HKG ARS,Efficiency Ratio - Total - %,False,True,Percentage,,3.091e-05
6818.HK,1,2024,20241231,Recent To Recent,Original,Consolidated Only,HKG ARS,Net Interest Margin - Total - %,False,True,Percentage,,1.54
6818.HK,1,2024,20241231,Recent To Recent,Original,Consolidated Only,HKG ARS,Net Interest Spread - Total - %,False,True,Percentage,,1.45
6818.HK,1,2024,20241231,Recent To Recent,Original,Consolidated Only,HKG ARS,Efficiency Ratio - Total - %,False,True,Percentage,,3.091e-05
6818.HK,1,2025,20251231,Original To Original,Original,Consolidated Only,HKG ARS,Net Interest Margin - Total - %,False,True,Percentage,,1.4
6818.HK,1,2025,20251231,Original To Original,Original,Consolidated Only,HKG ARS,Net Interest Spread - Total - %,False,True,Percentage,,1.32
6818.HK,1,2025,20251231,Original To Original,Original,Consolidated Only,HKG ARS,Efficiency Ratio - Total - %,False,True,Percentage,,3.067e-05
6818.HK,1,2025,20251231,Recent To Recent,Original,Consolidated Only,HKG ARS,Net Interest Margin - Total - %,False,True,Percentage,,1.4
6818.HK,1,2025,20251231,Recent To Recent,Original,Consolidated Only,HKG ARS,Net Interest Spread - Total - %,False,True,Percentage,,1.32
6818.HK,1,2025,20251231,Recent To Recent,Original,Consolidated Only,HKG ARS,Efficiency Ratio - Total - %,False,True,Percentage,,3.067e-05
6823.HK,1,2023,20231231,Original To Original,Original,Consolidated Only,HKG ARS,Subscribers - Connections - Number - Total,False,False,No scaling,,6.193
6823.HK,1,2023,20231231,Recent To Recent,Original,Consolidated Only,HKG ARS,Subscribers - Connections - Number - Total,False,False,No scaling,,6.193
6823.HK,1,2024,20241231,Original To Original,Original,Consolidated Only,HKG ARS,Subscribers - Connections - Number - Total,False,False,No scaling,,6.238
6823.HK,1,2024,20241231,Recent To Recent,Original,Consolidated Only,HKG ARS,Subscribers - Connections - Number - Total,False,False,No scaling,,6.238
6823.HK,1,2025,20251231,Original To Original,Original,Consolidated Only,HKG ARS,Subscribers - Connections - Number - Total,False,False,No scaling,,6.281
6823.HK,1,2025,20251231,Recent To Recent,Original,Consolidated Only,HKG ARS,Subscribers - Connections - Number - Total,False,False,No scaling,,6.281
6886.HK,0,2023,20231231,Original To Original,Original,Consolidated Only,HKG PRESS,Efficiency Ratio - Total - %,False,True,Percentage,,7.78e-05
6886.HK,0,2023,20231231,Recent To Recent,Original,Consolidated Only,HKG PRESS,Efficiency Ratio - Total - %,False,True,Percentage,,7.78e-05
6958.HK,1,2023,20231231,Original To Original,,Consolidated Only,,Net Asset Value (NAV) - Total (REIT/Real Estate),False,False,Units,CNY,1082.431
6958.HK,1,2023,20231231,Recent To Recent,,Consolidated Only,,Net Asset Value (NAV) - Total (REIT/Real Estate),False,False,Units,CNY,1082.431
6958.HK,1,2023,20231231,Original To Original,Original,Consolidated Only,HKG ARS,Net Asset Value (NAV) - Total (REIT/Real Estate),False,False,Units,CNY,1082.431
6958.HK,1,2023,20231231,Recent To Recent,Original,Consolidated Only,HKG ARS,Net Asset Value (NAV) - Total (REIT/Real Estate),False,False,Units,CNY,1082.431
6958.HK,1,2024,20241231,Original To Original,,Consolidated Only,,Net Asset Value (NAV) - Total (REIT/Real Estate),False,False,Units,CNY,841.72
6958.HK,1,2024,20241231,Recent To Recent,,Consolidated Only,,Net Asset Value (NAV) - Total (REIT/Real Estate),False,False,Units,CNY,841.72
6958.HK,1,2024,20241231,Original To Original,Original,Consolidated Only,HKG ARS,Net Asset Value (NAV) - Total (REIT/Real Estate),False,False,Units,CNY,841.72
6958.HK,1,2024,20241231,Recent To Recent,Original,Consolidated Only,HKG ARS,Net Asset Value (NAV) - Total (REIT/Real Estate),False,False,Units,CNY,841.72
6958.HK,1,2025,20251231,Original To Original,,Consolidated Only,,Net Asset Value (NAV) - Total (REIT/Real Estate),False,False,Units,CNY,611.233
6958.HK,1,2025,20251231,Recent To Recent,,Consolidated Only,,Net Asset Value (NAV) - Total (REIT/Real Estate),False,False,Units,CNY,611.233
6958.HK,1,2025,20251231,Original To Original,Original,Consolidated Only,HKG ARS,Net Asset Value (NAV) - Total (REIT/Real Estate),False,False,Units,CNY,611.233
6958.HK,1,2025,20251231,Recent To Recent,Original,Consolidated Only,HKG ARS,Net Asset Value (NAV) - Total (REIT/Real Estate),False,False,Units,CNY,611.233
6968.HK,1,2023,20231231,Original To Original,,Consolidated Only,,Net Asset Value (NAV) - Total (REIT/Real Estate),False,False,Units,CNY,4093.684
6968.HK,1,2023,20231231,Recent To Recent,,Consolidated Only,,Net Asset Value (NAV) - Total (REIT/Real Estate),False,False,Units,CNY,4093.684
6968.HK,1,2023,20231231,Original To Original,Original,Consolidated Only,HKG ARS,Net Asset Value (NAV) - Total (REIT/Real Estate),False,False,Units,CNY,4093.684
6968.HK,1,2023,20231231,Recent To Recent,Original,Consolidated Only,HKG ARS,Net Asset Value (NAV) - Total (REIT/Real Estate),False,False,Units,CNY,4093.684
6968.HK,1,2024,20241231,Original To Original,,Consolidated Only,,Net Asset Value (NAV) - Total (REIT/Real Estate),False,False,Units,CNY,3435.44
6968.HK,1,2024,20241231,Recent To Recent,,Consolidated Only,,Net Asset Value (NAV) - Total (REIT/Real Estate),False,False,Units,CNY,3435.44
6968.HK,1,2024,20241231,Original To Original,Original,Consolidated Only,HKG ARS,Net Asset Value (NAV) - Total (REIT/Real Estate),False,False,Units,CNY,3435.44
6968.HK,1,2024,20241231,Recent To Recent,Original,Consolidated Only,HKG ARS,Net Asset Value (NAV) - Total (REIT/Real Estate),False,False,Units,CNY,3435.44
6968.HK,1,2025,20251231,Original To Original,,Consolidated Only,,Net Asset Value (NAV) - Total (REIT/Real Estate),False,False,Units,CNY,2142.258
6968.HK,1,2025,20251231,Recent To Recent,,Consolidated Only,,Net Asset Value (NAV) - Total (REIT/Real Estate),False,False,Units,CNY,2142.258
6968.HK,1,2025,20251231,Original To Original,Original,Consolidated Only,HKG ARS,Net Asset Value (NAV) - Total (REIT/Real Estate),False,False,Units,CNY,2142.258
6968.HK,1,2025,20251231,Recent To Recent,Original,Consolidated Only,HKG ARS,Net Asset Value (NAV) - Total (REIT/Real Estate),False,False,Units,CNY,2142.258
80011.HK,1,2023,20231231,Original To Original,Original,Consolidated Only,HKG ARS,Net Interest Margin - Total - %,False,True,Percentage,,2.3
80011.HK,1,2023,20231231,Original To Original,Original,Consolidated Only,HKG ARS,Net Interest Spread - Total - %,False,True,Percentage,,1.89
80011.HK,1,2023,20231231,Original To Original,Original,Consolidated Only,HKG ARS,Solvency Margin - Total - %,False,True,Percentage,,7.29e-05
80011.HK,1,2023,20231231,Original To Original,Original,Consolidated Only,HKG ARS,Efficiency Ratio - Total - %,False,True,Percentage,,3.58e-05
80011.HK,1,2023,20231231,Recent To Recent,Original,Consolidated Only,HKG ARS,Net Interest Margin - Total - %,False,True,Percentage,,2.3
80011.HK,1,2023,20231231,Recent To Recent,Original,Consolidated Only,HKG ARS,Net Interest Spread - Total - %,False,True,Percentage,,1.89
80011.HK,1,2023,20231231,Recent To Recent,Original,Consolidated Only,HKG ARS,Solvency Margin - Total - %,False,True,Percentage,,7.29e-05
80011.HK,1,2023,20231231,Recent To Recent,Original,Consolidated Only,HKG ARS,Efficiency Ratio - Total - %,False,True,Percentage,,3.58e-05
80011.HK,1,2024,20241231,Original To Original,Original,Consolidated Only,HKG ARS,Net Interest Margin - Total - %,False,True,Percentage,,2.2
80011.HK,1,2024,20241231,Original To Original,Original,Consolidated Only,HKG ARS,Net Interest Spread - Total - %,False,True,Percentage,,1.78
80011.HK,1,2024,20241231,Original To Original,Original,Consolidated Only,HKG ARS,Solvency Margin - Total - %,False,True,Percentage,,6.47e-05
80011.HK,1,2024,20241231,Original To Original,Original,Consolidated Only,HKG ARS,Efficiency Ratio - Total - %,False,True,Percentage,,3.66e-05
80011.HK,1,2024,20241231,Recent To Recent,Original,Consolidated Only,HKG ARS,Net Interest Margin - Total - %,False,True,Percentage,,2.2
80011.HK,1,2024,20241231,Recent To Recent,Original,Consolidated Only,HKG ARS,Net Interest Spread - Total - %,False,True,Percentage,,1.78
80011.HK,1,2024,20241231,Recent To Recent,Original,Consolidated Only,HKG ARS,Solvency Margin - Total - %,False,True,Percentage,,6.47e-05
80011.HK,1,2024,20241231,Recent To Recent,Original,Consolidated Only,HKG ARS,Efficiency Ratio - Total - %,False,True,Percentage,,3.66e-05
80016.HK,1,2023,20230630,Original To Original,,Consolidated Only,,Net Asset Value (NAV) - Total (REIT/Real Estate),False,False,Units,HKD,602055.0
80016.HK,1,2023,20230630,Recent To Recent,,Consolidated Only,,Net Asset Value (NAV) - Total (REIT/Real Estate),False,False,Units,HKD,602055.0
80016.HK,1,2023,20230630,Original To Original,Original,Consolidated Only,HKG ARS,Net Asset Value (NAV) - Total (REIT/Real Estate),False,False,Units,HKD,602055.0
80016.HK,1,2023,20230630,Recent To Recent,Original,Consolidated Only,HKG ARS,Net Asset Value (NAV) - Total (REIT/Real Estate),False,False,Units,HKD,602055.0
80016.HK,1,2024,20240630,Original To Original,,Consolidated Only,,Net Asset Value (NAV) - Total (REIT/Real Estate),False,False,Units,HKD,606717.0
80016.HK,1,2024,20240630,Recent To Recent,,Consolidated Only,,Net Asset Value (NAV) - Total (REIT/Real Estate),False,False,Units,HKD,606717.0
80016.HK,1,2024,20240630,Original To Original,Original,Consolidated Only,HKG ARS,Net Asset Value (NAV) - Total (REIT/Real Estate),False,False,Units,HKD,606717.0
80016.HK,1,2024,20240630,Recent To Recent,Original,Consolidated Only,HKG ARS,Net Asset Value (NAV) - Total (REIT/Real Estate),False,False,Units,HKD,606717.0
80016.HK,1,2025,20250630,Original To Original,,Consolidated Only,,Net Asset Value (NAV) - Total (REIT/Real Estate),False,False,Units,HKD,617851.0
80016.HK,1,2025,20250630,Recent To Recent,,Consolidated Only,,Net Asset Value (NAV) - Total (REIT/Real Estate),False,False,Units,HKD,617851.0
80016.HK,1,2025,20250630,Original To Original,Original,Consolidated Only,HKG ARS,Net Asset Value (NAV) - Total (REIT/Real Estate),False,False,Units,HKD,617851.0
80016.HK,1,2025,20250630,Recent To Recent,Original,Consolidated Only,HKG ARS,Net Asset Value (NAV) - Total (REIT/Real Estate),False,False,Units,HKD,617851.0
80388.HK,1,2023,20231231,Original To Original,Original,Consolidated Only,HKG ARS,Efficiency Ratio - Total - %,False,True,Percentage,,2.7e-05
80388.HK,1,2023,20231231,Recent To Recent,Original,Consolidated Only,HKG ARS,Efficiency Ratio - Total - %,False,True,Percentage,,2.7e-05
80388.HK,1,2024,20241231,Original To Original,Original,Consolidated Only,HKG ARS,Efficiency Ratio - Total - %,False,True,Percentage,,2.6e-05
80388.HK,1,2024,20241231,Recent To Recent,Original,Consolidated Only,HKG ARS,Efficiency Ratio - Total - %,False,True,Percentage,,2.6e-05
80388.HK,1,2025,20251231,Original To Original,Original,Consolidated Only,HKG ARS,Efficiency Ratio - Total - %,False,True,Percentage,,2.1e-05
80388.HK,1,2025,20251231,Recent To Recent,Original,Consolidated Only,HKG ARS,Efficiency Ratio - Total - %,False,True,Percentage,,2.1e-05
80700.HK,1,2023,20231231,Original To Original,,Consolidated Only,,Advertisement Revenue - Total,False,False,Units,CNY,101482.0
80700.HK,1,2023,20231231,Original To Original,,Consolidated Only,,Monthly Active Users (MAU) - Total,False,False,No scaling,,1897.0
80700.HK,1,2023,20231231,Recent To Recent,,Consolidated Only,,Advertisement Revenue - Total,False,False,Units,CNY,101482.0
80700.HK,1,2023,20231231,Recent To Recent,,Consolidated Only,,Monthly Active Users (MAU) - Total,False,False,No scaling,,1897.0
80700.HK,1,2023,20231231,Original To Original,Original,Consolidated Only,HKG ARS,Advertisement Revenue - Total,False,False,Units,CNY,101482.0
80700.HK,1,2023,20231231,Original To Original,Original,Consolidated Only,HKG ARS,Monthly Active Users (MAU) - Total,False,False,No scaling,,1897.0
80700.HK,1,2023,20231231,Recent To Recent,Original,Consolidated Only,HKG ARS,Advertisement Revenue - Total,False,False,Units,CNY,101482.0
80700.HK,1,2023,20231231,Recent To Recent,Original,Consolidated Only,HKG ARS,Monthly Active Users (MAU) - Total,False,False,No scaling,,1897.0
80700.HK,1,2024,20241231,Original To Original,,Consolidated Only,,Advertisement Revenue - Total,False,False,Units,CNY,121374.0
80700.HK,1,2024,20241231,Original To Original,,Consolidated Only,,Monthly Active Users (MAU) - Total,False,False,No scaling,,1909.0
80700.HK,1,2024,20241231,Recent To Recent,,Consolidated Only,,Advertisement Revenue - Total,False,False,Units,CNY,121374.0
80700.HK,1,2024,20241231,Recent To Recent,,Consolidated Only,,Monthly Active Users (MAU) - Total,False,False,No scaling,,1909.0
80700.HK,1,2024,20241231,Original To Original,Original,Consolidated Only,HKG ARS,Advertisement Revenue - Total,False,False,Units,CNY,121374.0
80700.HK,1,2024,20241231,Original To Original,Original,Consolidated Only,HKG ARS,Monthly Active Users (MAU) - Total,False,False,No scaling,,1909.0
80700.HK,1,2024,20241231,Recent To Recent,Original,Consolidated Only,HKG ARS,Advertisement Revenue - Total,False,False,Units,CNY,121374.0
80700.HK,1,2024,20241231,Recent To Recent,Original,Consolidated Only,HKG ARS,Monthly Active Users (MAU) - Total,False,False,No scaling,,1909.0
80700.HK,1,2025,20251231,Original To Original,,Consolidated Only,,Advertisement Revenue - Total,False,False,Units,CNY,144973.0
80700.HK,1,2025,20251231,Original To Original,,Consolidated Only,,Monthly Active Users (MAU) - Total,False,False,No scaling,,1926.0
80700.HK,1,2025,20251231,Recent To Recent,,Consolidated Only,,Advertisement Revenue - Total,False,False,Units,CNY,144973.0
80700.HK,1,2025,20251231,Recent To Recent,,Consolidated Only,,Monthly Active Users (MAU) - Total,False,False,No scaling,,1926.0
80700.HK,1,2025,20251231,Original To Original,Original,Consolidated Only,HKG ARS,Advertisement Revenue - Total,False,False,Units,CNY,144973.0
80700.HK,1,2025,20251231,Original To Original,Original,Consolidated Only,HKG ARS,Monthly Active Users (MAU) - Total,False,False,No scaling,,1926.0
80700.HK,1,2025,20251231,Recent To Recent,Original,Consolidated Only,HKG ARS,Advertisement Revenue - Total,False,False,Units,CNY,144973.0
80700.HK,1,2025,20251231,Recent To Recent,Original,Consolidated Only,HKG ARS,Monthly Active Users (MAU) - Total,False,False,No scaling,,1926.0
80883.HK,1,2023,20231231,Original To Original,,Consolidated Only,,Oil Equivalent Production (Units/day) - Total,False,False,No scaling,,1857619.0
80883.HK,1,2023,20231231,Original To Original,,Consolidated Only,,Crude Oil - Sales Price per Unit - Average - Total,False,False,No scaling,CNY,551.92604
80883.HK,1,2023,20231231,Recent To Recent,,Consolidated Only,,Oil Equivalent Production (Units/day) - Total,False,False,No scaling,,1857619.0
80883.HK,1,2023,20231231,Recent To Recent,,Consolidated Only,,Crude Oil - Sales Price per Unit - Average - Total,False,False,No scaling,CNY,551.92604
80883.HK,1,2023,20231231,Original To Original,Original,Consolidated Only,HKG ARS,Oil Equivalent Production (Units/day) - Total,False,False,No scaling,,1857619.0
80883.HK,1,2023,20231231,Original To Original,Original,Consolidated Only,HKG ARS,Crude Oil - Sales Price per Unit - Average - Total,False,False,No scaling,CNY,551.92604
80883.HK,1,2023,20231231,Recent To Recent,Original,Consolidated Only,HKG ARS,Oil Equivalent Production (Units/day) - Total,False,False,No scaling,,1857619.0
80883.HK,1,2023,20231231,Recent To Recent,Original,Consolidated Only,HKG ARS,Crude Oil - Sales Price per Unit - Average - Total,False,False,No scaling,CNY,551.92604
80883.HK,1,2024,20241231,Original To Original,,Consolidated Only,,Oil Equivalent Production (Units/day) - Total,False,False,No scaling,,1985677.0
80883.HK,1,2024,20241231,Original To Original,,Consolidated Only,,Crude Oil - Sales Price per Unit - Average - Total,False,False,No scaling,CNY,552.20759
80883.HK,1,2024,20241231,Recent To Recent,,Consolidated Only,,Oil Equivalent Production (Units/day) - Total,False,False,No scaling,,1985677.0
80883.HK,1,2024,20241231,Recent To Recent,,Consolidated Only,,Crude Oil - Sales Price per Unit - Average - Total,False,False,No scaling,CNY,552.20759
80883.HK,1,2024,20241231,Original To Original,Original,Consolidated Only,HKG ARS,Oil Equivalent Production (Units/day) - Total,False,False,No scaling,,1985677.0
80883.HK,1,2024,20241231,Original To Original,Original,Consolidated Only,HKG ARS,Crude Oil - Sales Price per Unit - Average - Total,False,False,No scaling,CNY,552.20759
80883.HK,1,2024,20241231,Recent To Recent,Original,Consolidated Only,HKG ARS,Oil Equivalent Production (Units/day) - Total,False,False,No scaling,,1985677.0
80883.HK,1,2024,20241231,Recent To Recent,Original,Consolidated Only,HKG ARS,Crude Oil - Sales Price per Unit - Average - Total,False,False,No scaling,CNY,552.20759
80883.HK,1,2025,20251231,Original To Original,,Consolidated Only,,Oil Equivalent Production (Units/day) - Total,False,False,No scaling,,2123770.4918
80883.HK,1,2025,20251231,Original To Original,,Consolidated Only,,Crude Oil - Sales Price per Unit - Average - Total,False,False,No scaling,CNY,477.76995
80883.HK,1,2025,20251231,Recent To Recent,,Consolidated Only,,Oil Equivalent Production (Units/day) - Total,False,False,No scaling,,2123770.4918
80883.HK,1,2025,20251231,Recent To Recent,,Consolidated Only,,Crude Oil - Sales Price per Unit - Average - Total,False,False,No scaling,CNY,477.76995
80883.HK,1,2025,20251231,Original To Original,Original,Consolidated Only,HKG ARS,Oil Equivalent Production (Units/day) - Total,False,False,No scaling,,2123770.4918
80883.HK,1,2025,20251231,Original To Original,Original,Consolidated Only,HKG ARS,Crude Oil - Sales Price per Unit - Average - Total,False,False,No scaling,CNY,477.76995
80883.HK,1,2025,20251231,Recent To Recent,Original,Consolidated Only,HKG ARS,Oil Equivalent Production (Units/day) - Total,False,False,No scaling,,2123770.4918
80883.HK,1,2025,20251231,Recent To Recent,Original,Consolidated Only,HKG ARS,Crude Oil - Sales Price per Unit - Average - Total,False,False,No scaling,CNY,477.76995
80941.HK,1,2023,20231231,Original To Original,,Consolidated Only,,Subscribers - Connections - Number - Total,False,False,No scaling,,1317.37
80941.HK,1,2023,20231231,Recent To Recent,,Consolidated Only,,Subscribers - Connections - Number - Total,False,False,No scaling,,1317.37
80941.HK,1,2023,20231231,Original To Original,Original,Consolidated Only,HKG ARS,Subscribers - Connections - Number - Total,False,False,No scaling,,1317.37
80941.HK,1,2023,20231231,Recent To Recent,Original,Consolidated Only,HKG ARS,Subscribers - Connections - Number - Total,False,False,No scaling,,1317.37
80941.HK,1,2024,20241231,Original To Original,,Consolidated Only,,Subscribers - Connections - Number - Total,False,False,No scaling,,1351.59
80941.HK,1,2024,20241231,Recent To Recent,,Consolidated Only,,Subscribers - Connections - Number - Total,False,False,No scaling,,1351.59
80941.HK,1,2024,20241231,Original To Original,Original,Consolidated Only,HKG ARS,Subscribers - Connections - Number - Total,False,False,No scaling,,1351.59
80941.HK,1,2024,20241231,Recent To Recent,Original,Consolidated Only,HKG ARS,Subscribers - Connections - Number - Total,False,False,No scaling,,1351.59
80941.HK,1,2025,20251231,Original To Original,,Consolidated Only,,Subscribers - Connections - Number - Total,False,False,No scaling,,1334.0
80941.HK,1,2025,20251231,Recent To Recent,,Consolidated Only,,Subscribers - Connections - Number - Total,False,False,No scaling,,1334.0
80941.HK,1,2025,20251231,Original To Original,Original,Consolidated Only,HKG ARS,Subscribers - Connections - Number - Total,False,False,No scaling,,1334.0
80941.HK,1,2025,20251231,Recent To Recent,Original,Consolidated Only,HKG ARS,Subscribers - Connections - Number - Total,False,False,No scaling,,1334.0
81299.HK,1,2023,20231231,Original To Original,Original,Consolidated Only,HKG ARS,GAAP Expense Ratio - Total - %,False,True,Percentage,,9.4
81299.HK,1,2023,20231231,Recent To Recent,Original,Consolidated Only,HKG ARS,GAAP Expense Ratio - Total - %,False,True,Percentage,,9.4
81299.HK,1,2024,20241231,Original To Original,Original,Consolidated Only,HKG ARS,GAAP Expense Ratio - Total - %,False,True,Percentage,,8.8
81299.HK,1,2024,20241231,Recent To Recent,Original,Consolidated Only,HKG ARS,GAAP Expense Ratio - Total - %,False,True,Percentage,,8.8
81299.HK,1,2025,20251231,Original To Original,Original,Consolidated Only,HKG ARS,GAAP Expense Ratio - Total - %,False,True,Percentage,,8.1
81299.HK,1,2025,20251231,Recent To Recent,Original,Consolidated Only,HKG ARS,GAAP Expense Ratio - Total - %,False,True,Percentage,,8.1
82318.HK,1,2023,20231231,Original To Original,,Consolidated Only,,Net Interest Margin - Total - %,False,True,Percentage,,2.38
82318.HK,1,2023,20231231,Original To Original,,Consolidated Only,,GAAP Expense Ratio - Total - %,False,True,Percentage,,29.2
82318.HK,1,2023,20231231,Original To Original,,Consolidated Only,,GAAP Loss Ratio - Total - %,False,True,Percentage,,71.5
82318.HK,1,2023,20231231,Original To Original,,Consolidated Only,,GAAP Combined Ratio (Insurance) - Total - %,False,True,Percentage,,100.7
82318.HK,1,2023,20231231,Original To Original,,Consolidated Only,,Underwriting Profit or Loss - Total,False,False,Units,CNY,-2083.0
82318.HK,1,2023,20231231,Recent To Recent,,Consolidated Only,,Net Interest Margin - Total - %,False,True,Percentage,,2.38
82318.HK,1,2023,20231231,Recent To Recent,,Consolidated Only,,GAAP Expense Ratio - Total - %,False,True,Percentage,,29.2
82318.HK,1,2023,20231231,Recent To Recent,,Consolidated Only,,GAAP Loss Ratio - Total - %,False,True,Percentage,,71.5
82318.HK,1,2023,20231231,Recent To Recent,,Consolidated Only,,GAAP Combined Ratio (Insurance) - Total - %,False,True,Percentage,,100.7
82318.HK,1,2023,20231231,Recent To Recent,,Consolidated Only,,Underwriting Profit or Loss - Total,False,False,Units,CNY,-2083.0
82318.HK,1,2023,20231231,Original To Original,Original,Consolidated Only,HKG ARS,Net Interest Margin - Total - %,False,True,Percentage,,2.38
82318.HK,1,2023,20231231,Original To Original,Original,Consolidated Only,HKG ARS,GAAP Expense Ratio - Total - %,False,True,Percentage,,29.2
82318.HK,1,2023,20231231,Original To Original,Original,Consolidated Only,HKG ARS,GAAP Loss Ratio - Total - %,False,True,Percentage,,71.5
82318.HK,1,2023,20231231,Original To Original,Original,Consolidated Only,HKG ARS,GAAP Combined Ratio (Insurance) - Total - %,False,True,Percentage,,100.7
82318.HK,1,2023,20231231,Original To Original,Original,Consolidated Only,HKG ARS,Underwriting Profit or Loss - Total,False,False,Units,CNY,-2083.0
82318.HK,1,2023,20231231,Recent To Recent,Original,Consolidated Only,HKG ARS,Net Interest Margin - Total - %,False,True,Percentage,,2.38
82318.HK,1,2023,20231231,Recent To Recent,Original,Consolidated Only,HKG ARS,GAAP Expense Ratio - Total - %,False,True,Percentage,,29.2
82318.HK,1,2023,20231231,Recent To Recent,Original,Consolidated Only,HKG ARS,GAAP Loss Ratio - Total - %,False,True,Percentage,,71.5
82318.HK,1,2023,20231231,Recent To Recent,Original,Consolidated Only,HKG ARS,GAAP Combined Ratio (Insurance) - Total - %,False,True,Percentage,,100.7
82318.HK,1,2023,20231231,Recent To Recent,Original,Consolidated Only,HKG ARS,Underwriting Profit or Loss - Total,False,False,Units,CNY,-2083.0
82318.HK,1,2024,20241231,Original To Original,,Consolidated Only,,Net Interest Margin - Total - %,False,True,Percentage,,1.87
82318.HK,1,2024,20241231,Original To Original,,Consolidated Only,,GAAP Expense Ratio - Total - %,False,True,Percentage,,27.3
82318.HK,1,2024,20241231,Original To Original,,Consolidated Only,,GAAP Loss Ratio - Total - %,False,True,Percentage,,71.0
82318.HK,1,2024,20241231,Original To Original,,Consolidated Only,,GAAP Combined Ratio (Insurance) - Total - %,False,True,Percentage,,98.3
82318.HK,1,2024,20241231,Original To Original,,Consolidated Only,,Underwriting Profit or Loss - Total,False,False,Units,CNY,5463.0
82318.HK,1,2024,20241231,Recent To Recent,,Consolidated Only,,Net Interest Margin - Total - %,False,True,Percentage,,1.87
82318.HK,1,2024,20241231,Recent To Recent,,Consolidated Only,,GAAP Expense Ratio - Total - %,False,True,Percentage,,27.3
82318.HK,1,2024,20241231,Recent To Recent,,Consolidated Only,,GAAP Loss Ratio - Total - %,False,True,Percentage,,71.0
82318.HK,1,2024,20241231,Recent To Recent,,Consolidated Only,,GAAP Combined Ratio (Insurance) - Total - %,False,True,Percentage,,98.3
82318.HK,1,2024,20241231,Recent To Recent,,Consolidated Only,,Underwriting Profit or Loss - Total,False,False,Units,CNY,5463.0
82318.HK,1,2024,20241231,Original To Original,Original,Consolidated Only,HKG ARS,Net Interest Margin - Total - %,False,True,Percentage,,1.87
82318.HK,1,2024,20241231,Original To Original,Original,Consolidated Only,HKG ARS,GAAP Expense Ratio - Total - %,False,True,Percentage,,27.3
82318.HK,1,2024,20241231,Original To Original,Original,Consolidated Only,HKG ARS,GAAP Loss Ratio - Total - %,False,True,Percentage,,71.0
82318.HK,1,2024,20241231,Original To Original,Original,Consolidated Only,HKG ARS,GAAP Combined Ratio (Insurance) - Total - %,False,True,Percentage,,98.3
82318.HK,1,2024,20241231,Original To Original,Original,Consolidated Only,HKG ARS,Underwriting Profit or Loss - Total,False,False,Units,CNY,5463.0
82318.HK,1,2024,20241231,Recent To Recent,Original,Consolidated Only,HKG ARS,Net Interest Margin - Total - %,False,True,Percentage,,1.87
82318.HK,1,2024,20241231,Recent To Recent,Original,Consolidated Only,HKG ARS,GAAP Expense Ratio - Total - %,False,True,Percentage,,27.3
82318.HK,1,2024,20241231,Recent To Recent,Original,Consolidated Only,HKG ARS,GAAP Loss Ratio - Total - %,False,True,Percentage,,71.0
82318.HK,1,2024,20241231,Recent To Recent,Original,Consolidated Only,HKG ARS,GAAP Combined Ratio (Insurance) - Total - %,False,True,Percentage,,98.3
82318.HK,1,2024,20241231,Recent To Recent,Original,Consolidated Only,HKG ARS,Underwriting Profit or Loss - Total,False,False,Units,CNY,5463.0
82318.HK,1,2025,20251231,Original To Original,,Consolidated Only,,Net Interest Margin - Total - %,False,True,Percentage,,1.78
82318.HK,1,2025,20251231,Original To Original,,Consolidated Only,,GAAP Expense Ratio - Total - %,False,True,Percentage,,26.4
82318.HK,1,2025,20251231,Original To Original,,Consolidated Only,,GAAP Loss Ratio - Total - %,False,True,Percentage,,70.4
82318.HK,1,2025,20251231,Original To Original,,Consolidated Only,,GAAP Combined Ratio (Insurance) - Total - %,False,True,Percentage,,96.8
82318.HK,1,2025,20251231,Original To Original,,Consolidated Only,,Underwriting Profit or Loss - Total,False,False,Units,CNY,10717.0
82318.HK,1,2025,20251231,Recent To Recent,,Consolidated Only,,Net Interest Margin - Total - %,False,True,Percentage,,1.78
82318.HK,1,2025,20251231,Recent To Recent,,Consolidated Only,,GAAP Expense Ratio - Total - %,False,True,Percentage,,26.4
82318.HK,1,2025,20251231,Recent To Recent,,Consolidated Only,,GAAP Loss Ratio - Total - %,False,True,Percentage,,70.4
82318.HK,1,2025,20251231,Recent To Recent,,Consolidated Only,,GAAP Combined Ratio (Insurance) - Total - %,False,True,Percentage,,96.8
82318.HK,1,2025,20251231,Recent To Recent,,Consolidated Only,,Underwriting Profit or Loss - Total,False,False,Units,CNY,10717.0
82318.HK,1,2025,20251231,Original To Original,Original,Consolidated Only,HKG ARS,Net Interest Margin - Total - %,False,True,Percentage,,1.78
82318.HK,1,2025,20251231,Original To Original,Original,Consolidated Only,HKG ARS,GAAP Expense Ratio - Total - %,False,True,Percentage,,26.4
82318.HK,1,2025,20251231,Original To Original,Original,Consolidated Only,HKG ARS,GAAP Loss Ratio - Total - %,False,True,Percentage,,70.4
82318.HK,1,2025,20251231,Original To Original,Original,Consolidated Only,HKG ARS,GAAP Combined Ratio (Insurance) - Total - %,False,True,Percentage,,96.8
82318.HK,1,2025,20251231,Original To Original,Original,Consolidated Only,HKG ARS,Underwriting Profit or Loss - Total,False,False,Units,CNY,10717.0
82318.HK,1,2025,20251231,Recent To Recent,Original,Consolidated Only,HKG ARS,Net Interest Margin - Total - %,False,True,Percentage,,1.78
82318.HK,1,2025,20251231,Recent To Recent,Original,Consolidated Only,HKG ARS,GAAP Expense Ratio - Total - %,False,True,Percentage,,26.4
82318.HK,1,2025,20251231,Recent To Recent,Original,Consolidated Only,HKG ARS,GAAP Loss Ratio - Total - %,False,True,Percentage,,70.4
82318.HK,1,2025,20251231,Recent To Recent,Original,Consolidated Only,HKG ARS,GAAP Combined Ratio (Insurance) - Total - %,False,True,Percentage,,96.8
82318.HK,1,2025,20251231,Recent To Recent,Original,Consolidated Only,HKG ARS,Underwriting Profit or Loss - Total,False,False,Units,CNY,10717.0
82388.HK,1,2023,20231231,Original To Original,Original,Consolidated Only,HKG ARS,Net Interest Margin - Total - %,False,True,Percentage,,1.53
82388.HK,1,2023,20231231,Original To Original,Original,Consolidated Only,HKG ARS,Net Interest Spread - Total - %,False,True,Percentage,,1.12
82388.HK,1,2023,20231231,Original To Original,Original,Consolidated Only,HKG ARS,Solvency Margin - Total - %,False,True,Percentage,,6.799e-05
82388.HK,1,2023,20231231,Original To Original,Original,Consolidated Only,HKG ARS,Efficiency Ratio - Total - %,False,True,Percentage,,2.535e-05
82388.HK,1,2023,20231231,Recent To Recent,Original,Consolidated Only,HKG ARS,Net Interest Margin - Total - %,False,True,Percentage,,1.53
82388.HK,1,2023,20231231,Recent To Recent,Original,Consolidated Only,HKG ARS,Net Interest Spread - Total - %,False,True,Percentage,,1.12
82388.HK,1,2023,20231231,Recent To Recent,Original,Consolidated Only,HKG ARS,Solvency Margin - Total - %,False,True,Percentage,,6.799e-05
82388.HK,1,2023,20231231,Recent To Recent,Original,Consolidated Only,HKG ARS,Efficiency Ratio - Total - %,False,True,Percentage,,2.535e-05
82388.HK,1,2024,20241231,Original To Original,Original,Consolidated Only,HKG ARS,Net Interest Margin - Total - %,False,True,Percentage,,1.46
82388.HK,1,2024,20241231,Original To Original,Original,Consolidated Only,HKG ARS,Net Interest Spread - Total - %,False,True,Percentage,,1.07
82388.HK,1,2024,20241231,Original To Original,Original,Consolidated Only,HKG ARS,Solvency Margin - Total - %,False,True,Percentage,,6.155e-05
82388.HK,1,2024,20241231,Original To Original,Original,Consolidated Only,HKG ARS,Efficiency Ratio - Total - %,False,True,Percentage,,2.455e-05
82388.HK,1,2024,20241231,Recent To Recent,Original,Consolidated Only,HKG ARS,Net Interest Margin - Total - %,False,True,Percentage,,1.46
82388.HK,1,2024,20241231,Recent To Recent,Original,Consolidated Only,HKG ARS,Net Interest Spread - Total - %,False,True,Percentage,,1.07
82388.HK,1,2024,20241231,Recent To Recent,Original,Consolidated Only,HKG ARS,Solvency Margin - Total - %,False,True,Percentage,,6.155e-05
82388.HK,1,2024,20241231,Recent To Recent,Original,Consolidated Only,HKG ARS,Efficiency Ratio - Total - %,False,True,Percentage,,2.455e-05
82388.HK,1,2025,20251231,Original To Original,Original,Consolidated Only,HKG ARS,Net Interest Margin - Total - %,False,True,Percentage,,1.58
82388.HK,1,2025,20251231,Original To Original,Original,Consolidated Only,HKG ARS,Net Interest Spread - Total - %,False,True,Percentage,,1.09
82388.HK,1,2025,20251231,Original To Original,Original,Consolidated Only,HKG ARS,Solvency Margin - Total - %,False,True,Percentage,,5.835e-05
82388.HK,1,2025,20251231,Original To Original,Original,Consolidated Only,HKG ARS,Efficiency Ratio - Total - %,False,True,Percentage,,2.362e-05
82388.HK,1,2025,20251231,Recent To Recent,Original,Consolidated Only,HKG ARS,Net Interest Margin - Total - %,False,True,Percentage,,1.58
82388.HK,1,2025,20251231,Recent To Recent,Original,Consolidated Only,HKG ARS,Net Interest Spread - Total - %,False,True,Percentage,,1.09
82388.HK,1,2025,20251231,Recent To Recent,Original,Consolidated Only,HKG ARS,Solvency Margin - Total - %,False,True,Percentage,,5.835e-05
82388.HK,1,2025,20251231,Recent To Recent,Original,Consolidated Only,HKG ARS,Efficiency Ratio - Total - %,False,True,Percentage,,2.362e-05
8525.HK,1,2023,20231231,Original To Original,,Consolidated Only,,Net Interest Margin - Total - %,False,True,Percentage,,4.9
8525.HK,1,2023,20231231,Recent To Recent,,Consolidated Only,,Net Interest Margin - Total - %,False,True,Percentage,,4.9
8525.HK,1,2023,20231231,Original To Original,Original,Consolidated Only,HKG ARS,Net Interest Margin - Total - %,False,True,Percentage,,4.9
8525.HK,1,2023,20231231,Recent To Recent,Original,Consolidated Only,HKG ARS,Net Interest Margin - Total - %,False,True,Percentage,,4.9
8525.HK,1,2024,20241231,Original To Original,,Consolidated Only,,Net Interest Margin - Total - %,False,True,Percentage,,4.3
8525.HK,1,2024,20241231,Recent To Recent,,Consolidated Only,,Net Interest Margin - Total - %,False,True,Percentage,,4.3
8525.HK,1,2024,20241231,Original To Original,Original,Consolidated Only,HKG ARS,Net Interest Margin - Total - %,False,True,Percentage,,4.3
8525.HK,1,2024,20241231,Recent To Recent,Original,Consolidated Only,HKG ARS,Net Interest Margin - Total - %,False,True,Percentage,,4.3
8525.HK,1,2025,20251231,Original To Original,,Consolidated Only,,Net Interest Margin - Total - %,False,True,Percentage,,5.99
8525.HK,1,2025,20251231,Recent To Recent,,Consolidated Only,,Net Interest Margin - Total - %,False,True,Percentage,,5.99
8525.HK,1,2025,20251231,Original To Original,Original,Consolidated Only,HKG ARS,Net Interest Margin - Total - %,False,True,Percentage,,5.99
8525.HK,1,2025,20251231,Recent To Recent,Original,Consolidated Only,HKG ARS,Net Interest Margin - Total - %,False,True,Percentage,,5.99
89888.HK,1,2023,20231231,Original To Original,Original,Consolidated Only,20-F,Advertisement Revenue - Total,False,False,Units,CNY,6224.0
89888.HK,1,2023,20231231,Original To Original,Original,Consolidated Only,20-F,Monthly Active Users (MAU) - Total,False,False,No scaling,,667.0
89888.HK,1,2023,20231231,Recent To Recent,Original,Consolidated Only,20-F,Advertisement Revenue - Total,False,False,Units,CNY,6224.0
89888.HK,1,2023,20231231,Recent To Recent,Original,Consolidated Only,20-F,Monthly Active Users (MAU) - Total,False,False,No scaling,,667.0
89888.HK,1,2024,20241231,Original To Original,Original,Consolidated Only,20-F,Advertisement Revenue - Total,False,False,Units,CNY,5714.0
89888.HK,1,2024,20241231,Original To Original,Original,Consolidated Only,20-F,Monthly Active Users (MAU) - Total,False,False,No scaling,,679.0
89888.HK,1,2024,20241231,Recent To Recent,Original,Consolidated Only,20-F,Advertisement Revenue - Total,False,False,Units,CNY,5714.0
89888.HK,1,2024,20241231,Recent To Recent,Original,Consolidated Only,20-F,Monthly Active Users (MAU) - Total,False,False,No scaling,,679.0
89888.HK,1,2025,20251231,Original To Original,Original,Consolidated Only,20-F,Monthly Active Users (MAU) - Total,False,False,No scaling,,881.0
89888.HK,1,2025,20251231,Recent To Recent,Original,Consolidated Only,20-F,Monthly Active Users (MAU) - Total,False,False,No scaling,,881.0
9626.HK,1,2023,20231231,Original To Original,,Consolidated Only,,Advertisement Revenue - Total,False,False,Units,CNY,6412.04
9626.HK,1,2023,20231231,Original To Original,,Consolidated Only,,Monthly Active Users (MAU) - Total,False,False,No scaling,,329.0
9626.HK,1,2023,20231231,Recent To Recent,,Consolidated Only,,Advertisement Revenue - Total,False,False,Units,CNY,6412.04
9626.HK,1,2023,20231231,Recent To Recent,,Consolidated Only,,Monthly Active Users (MAU) - Total,False,False,No scaling,,329.0
9626.HK,1,2023,20231231,Original To Original,Original,Consolidated Only,20-F,Advertisement Revenue - Total,False,False,Units,CNY,6412.04
9626.HK,1,2023,20231231,Original To Original,Original,Consolidated Only,20-F,Monthly Active Users (MAU) - Total,False,False,No scaling,,329.0
9626.HK,1,2023,20231231,Recent To Recent,Original,Consolidated Only,20-F,Advertisement Revenue - Total,False,False,Units,CNY,6412.04
9626.HK,1,2023,20231231,Recent To Recent,Original,Consolidated Only,20-F,Monthly Active Users (MAU) - Total,False,False,No scaling,,329.0
9626.HK,1,2024,20241231,Original To Original,,Consolidated Only,,Advertisement Revenue - Total,False,False,Units,CNY,8189.175
9626.HK,1,2024,20241231,Original To Original,,Consolidated Only,,Monthly Active Users (MAU) - Total,False,False,No scaling,,341.0
9626.HK,1,2024,20241231,Recent To Recent,,Consolidated Only,,Advertisement Revenue - Total,False,False,Units,CNY,8189.175
9626.HK,1,2024,20241231,Recent To Recent,,Consolidated Only,,Monthly Active Users (MAU) - Total,False,False,No scaling,,341.0
9626.HK,1,2024,20241231,Original To Original,Original,Consolidated Only,20-F,Advertisement Revenue - Total,False,False,Units,CNY,8189.175
9626.HK,1,2024,20241231,Original To Original,Original,Consolidated Only,20-F,Monthly Active Users (MAU) - Total,False,False,No scaling,,341.0
9626.HK,1,2024,20241231,Recent To Recent,Original,Consolidated Only,20-F,Advertisement Revenue - Total,False,False,Units,CNY,8189.175
9626.HK,1,2024,20241231,Recent To Recent,Original,Consolidated Only,20-F,Monthly Active Users (MAU) - Total,False,False,No scaling,,341.0
9626.HK,1,2025,20251231,Original To Original,,Consolidated Only,,Advertisement Revenue - Total,False,False,Units,CNY,10058.43
9626.HK,1,2025,20251231,Original To Original,,Consolidated Only,,Monthly Active Users (MAU) - Total,False,False,No scaling,,368.0
9626.HK,1,2025,20251231,Recent To Recent,,Consolidated Only,,Advertisement Revenue - Total,False,False,Units,CNY,10058.43
9626.HK,1,2025,20251231,Recent To Recent,,Consolidated Only,,Monthly Active Users (MAU) - Total,False,False,No scaling,,368.0
9626.HK,1,2025,20251231,Original To Original,Original,Consolidated Only,20-F,Advertisement Revenue - Total,False,False,Units,CNY,10058.43
9626.HK,1,2025,20251231,Original To Original,Original,Consolidated Only,20-F,Monthly Active Users (MAU) - Total,False,False,No scaling,,368.0
9626.HK,1,2025,20251231,Recent To Recent,Original,Consolidated Only,20-F,Advertisement Revenue - Total,False,False,Units,CNY,10058.43
9626.HK,1,2025,20251231,Recent To Recent,Original,Consolidated Only,20-F,Monthly Active Users (MAU) - Total,False,False,No scaling,,368.0
9668.HK,1,2023,20231231,Original To Original,Original,Consolidated Only,HKG ARS,Net Interest Margin - Total - %,False,True,Percentage,,1.14
9668.HK,1,2023,20231231,Original To Original,Original,Consolidated Only,HKG ARS,Net Interest Spread - Total - %,False,True,Percentage,,1.19
9668.HK,1,2023,20231231,Original To Original,Original,Consolidated Only,HKG ARS,Efficiency Ratio - Total - %,False,True,Percentage,,4.051e-05
9668.HK,1,2023,20231231,Recent To Recent,Original,Consolidated Only,HKG ARS,Net Interest Margin - Total - %,False,True,Percentage,,1.14
9668.HK,1,2023,20231231,Recent To Recent,Original,Consolidated Only,HKG ARS,Net Interest Spread - Total - %,False,True,Percentage,,1.19
9668.HK,1,2023,20231231,Recent To Recent,Original,Consolidated Only,HKG ARS,Efficiency Ratio - Total - %,False,True,Percentage,,4.051e-05
9668.HK,1,2024,20241231,Original To Original,Original,Consolidated Only,HKG ARS,Net Interest Margin - Total - %,False,True,Percentage,,1.31
9668.HK,1,2024,20241231,Original To Original,Original,Consolidated Only,HKG ARS,Net Interest Spread - Total - %,False,True,Percentage,,1.12
9668.HK,1,2024,20241231,Original To Original,Original,Consolidated Only,HKG ARS,Efficiency Ratio - Total - %,False,True,Percentage,,3.901e-05
9668.HK,1,2024,20241231,Recent To Recent,Original,Consolidated Only,HKG ARS,Net Interest Margin - Total - %,False,True,Percentage,,1.31
9668.HK,1,2024,20241231,Recent To Recent,Original,Consolidated Only,HKG ARS,Net Interest Spread - Total - %,False,True,Percentage,,1.12
9668.HK,1,2024,20241231,Recent To Recent,Original,Consolidated Only,HKG ARS,Efficiency Ratio - Total - %,False,True,Percentage,,3.901e-05
9668.HK,1,2025,20251231,Original To Original,Original,Consolidated Only,HKG ARS,Net Interest Margin - Total - %,False,True,Percentage,,1.37
9668.HK,1,2025,20251231,Original To Original,Original,Consolidated Only,HKG ARS,Net Interest Spread - Total - %,False,True,Percentage,,1.26
9668.HK,1,2025,20251231,Recent To Recent,Original,Consolidated Only,HKG ARS,Net Interest Margin - Total - %,False,True,Percentage,,1.37
9668.HK,1,2025,20251231,Recent To Recent,Original,Consolidated Only,HKG ARS,Net Interest Spread - Total - %,False,True,Percentage,,1.26
9677.HK,1,2023,20231231,Original To Original,Original,Consolidated Only,HKG ARS,Net Interest Margin - Total - %,False,True,Percentage,,1.89
9677.HK,1,2023,20231231,Original To Original,Original,Consolidated Only,HKG ARS,Net Interest Spread - Total - %,False,True,Percentage,,1.76
9677.HK,1,2023,20231231,Original To Original,Original,Consolidated Only,HKG ARS,Solvency Margin - Total - %,False,True,Percentage,,7.126e-05
9677.HK,1,2023,20231231,Original To Original,Original,Consolidated Only,HKG ARS,Efficiency Ratio - Total - %,False,True,Percentage,,2.131e-05
9677.HK,1,2023,20231231,Recent To Recent,Original,Consolidated Only,HKG ARS,Net Interest Margin - Total - %,False,True,Percentage,,1.89
9677.HK,1,2023,20231231,Recent To Recent,Original,Consolidated Only,HKG ARS,Net Interest Spread - Total - %,False,True,Percentage,,1.76
9677.HK,1,2023,20231231,Recent To Recent,Original,Consolidated Only,HKG ARS,Solvency Margin - Total - %,False,True,Percentage,,7.126e-05
9677.HK,1,2023,20231231,Recent To Recent,Original,Consolidated Only,HKG ARS,Efficiency Ratio - Total - %,False,True,Percentage,,2.131e-05
9677.HK,1,2024,20241231,Original To Original,Original,Consolidated Only,HKG ARS,Net Interest Margin - Total - %,False,True,Percentage,,1.77
9677.HK,1,2024,20241231,Original To Original,Original,Consolidated Only,HKG ARS,Net Interest Spread - Total - %,False,True,Percentage,,1.63
9677.HK,1,2024,20241231,Original To Original,Original,Consolidated Only,HKG ARS,Solvency Margin - Total - %,False,True,Percentage,,7.167e-05
9677.HK,1,2024,20241231,Original To Original,Original,Consolidated Only,HKG ARS,Efficiency Ratio - Total - %,False,True,Percentage,,2.288e-05
9677.HK,1,2024,20241231,Recent To Recent,Original,Consolidated Only,HKG ARS,Net Interest Margin - Total - %,False,True,Percentage,,1.77
9677.HK,1,2024,20241231,Recent To Recent,Original,Consolidated Only,HKG ARS,Net Interest Spread - Total - %,False,True,Percentage,,1.63
9677.HK,1,2024,20241231,Recent To Recent,Original,Consolidated Only,HKG ARS,Solvency Margin - Total - %,False,True,Percentage,,7.167e-05
9677.HK,1,2024,20241231,Recent To Recent,Original,Consolidated Only,HKG ARS,Efficiency Ratio - Total - %,False,True,Percentage,,2.288e-05
9677.HK,1,2025,20251231,Original To Original,Original,Consolidated Only,HKG ARS,Net Interest Margin - Total - %,False,True,Percentage,,1.68
9677.HK,1,2025,20251231,Original To Original,Original,Consolidated Only,HKG ARS,Net Interest Spread - Total - %,False,True,Percentage,,1.56
9677.HK,1,2025,20251231,Original To Original,Original,Consolidated Only,HKG ARS,Solvency Margin - Total - %,False,True,Percentage,,6.631e-05
9677.HK,1,2025,20251231,Original To Original,Original,Consolidated Only,HKG ARS,Efficiency Ratio - Total - %,False,True,Percentage,,2.284e-05
9677.HK,1,2025,20251231,Recent To Recent,Original,Consolidated Only,HKG ARS,Net Interest Margin - Total - %,False,True,Percentage,,1.68
9677.HK,1,2025,20251231,Recent To Recent,Original,Consolidated Only,HKG ARS,Net Interest Spread - Total - %,False,True,Percentage,,1.56
9677.HK,1,2025,20251231,Recent To Recent,Original,Consolidated Only,HKG ARS,Solvency Margin - Total - %,False,True,Percentage,,6.631e-05
9677.HK,1,2025,20251231,Recent To Recent,Original,Consolidated Only,HKG ARS,Efficiency Ratio - Total - %,False,True,Percentage,,2.284e-05
9888.HK,1,2023,20231231,Original To Original,Original,Consolidated Only,20-F,Advertisement Revenue - Total,False,False,Units,CNY,6224.0
9888.HK,1,2023,20231231,Original To Original,Original,Consolidated Only,20-F,Monthly Active Users (MAU) - Total,False,False,No scaling,,667.0
9888.HK,1,2023,20231231,Recent To Recent,Original,Consolidated Only,20-F,Advertisement Revenue - Total,False,False,Units,CNY,6224.0
9888.HK,1,2023,20231231,Recent To Recent,Original,Consolidated Only,20-F,Monthly Active Users (MAU) - Total,False,False,No scaling,,667.0
9888.HK,1,2024,20241231,Original To Original,Original,Consolidated Only,20-F,Advertisement Revenue - Total,False,False,Units,CNY,5714.0
9888.HK,1,2024,20241231,Original To Original,Original,Consolidated Only,20-F,Monthly Active Users (MAU) - Total,False,False,No scaling,,679.0
9888.HK,1,2024,20241231,Recent To Recent,Original,Consolidated Only,20-F,Advertisement Revenue - Total,False,False,Units,CNY,5714.0
9888.HK,1,2024,20241231,Recent To Recent,Original,Consolidated Only,20-F,Monthly Active Users (MAU) - Total,False,False,No scaling,,679.0
9888.HK,1,2025,20251231,Original To Original,Original,Consolidated Only,20-F,Monthly Active Users (MAU) - Total,False,False,No scaling,,881.0
9888.HK,1,2025,20251231,Recent To Recent,Original,Consolidated Only,20-F,Monthly Active Users (MAU) - Total,False,False,No scaling,,881.0
9889.HK,1,2023,20231231,Original To Original,,Consolidated Only,,Net Interest Margin - Total - %,False,True,Percentage,,1.67
9889.HK,1,2023,20231231,Original To Original,,Consolidated Only,,Net Interest Spread - Total - %,False,True,Percentage,,1.62
9889.HK,1,2023,20231231,Original To Original,,Consolidated Only,,Solvency Margin - Total - %,False,True,Percentage,,7.294e-05
9889.HK,1,2023,20231231,Original To Original,,Consolidated Only,,Efficiency Ratio - Total - %,False,True,Percentage,,3.53e-05
9889.HK,1,2023,20231231,Recent To Recent,,Consolidated Only,,Net Interest Margin - Total - %,False,True,Percentage,,1.67
9889.HK,1,2023,20231231,Recent To Recent,,Consolidated Only,,Net Interest Spread - Total - %,False,True,Percentage,,1.62
9889.HK,1,2023,20231231,Recent To Recent,,Consolidated Only,,Solvency Margin - Total - %,False,True,Percentage,,7.294e-05
9889.HK,1,2023,20231231,Recent To Recent,,Consolidated Only,,Efficiency Ratio - Total - %,False,True,Percentage,,3.53e-05
9889.HK,1,2023,20231231,Original To Original,Original,Consolidated Only,HKG ARS,Net Interest Margin - Total - %,False,True,Percentage,,1.67
9889.HK,1,2023,20231231,Original To Original,Original,Consolidated Only,HKG ARS,Net Interest Spread - Total - %,False,True,Percentage,,1.62
9889.HK,1,2023,20231231,Original To Original,Original,Consolidated Only,HKG ARS,Solvency Margin - Total - %,False,True,Percentage,,7.294e-05
9889.HK,1,2023,20231231,Original To Original,Original,Consolidated Only,HKG ARS,Efficiency Ratio - Total - %,False,True,Percentage,,3.53e-05
9889.HK,1,2023,20231231,Recent To Recent,Original,Consolidated Only,HKG ARS,Net Interest Margin - Total - %,False,True,Percentage,,1.67
9889.HK,1,2023,20231231,Recent To Recent,Original,Consolidated Only,HKG ARS,Net Interest Spread - Total - %,False,True,Percentage,,1.62
9889.HK,1,2023,20231231,Recent To Recent,Original,Consolidated Only,HKG ARS,Solvency Margin - Total - %,False,True,Percentage,,7.294e-05
9889.HK,1,2023,20231231,Recent To Recent,Original,Consolidated Only,HKG ARS,Efficiency Ratio - Total - %,False,True,Percentage,,3.53e-05
9889.HK,1,2024,20241231,Original To Original,,Consolidated Only,,Net Interest Margin - Total - %,False,True,Percentage,,1.35
9889.HK,1,2024,20241231,Original To Original,,Consolidated Only,,Net Interest Spread - Total - %,False,True,Percentage,,1.3
9889.HK,1,2024,20241231,Original To Original,,Consolidated Only,,Solvency Margin - Total - %,False,True,Percentage,,7.327e-05
9889.HK,1,2024,20241231,Original To Original,,Consolidated Only,,Efficiency Ratio - Total - %,False,True,Percentage,,3.744e-05
9889.HK,1,2024,20241231,Recent To Recent,,Consolidated Only,,Net Interest Margin - Total - %,False,True,Percentage,,1.35
9889.HK,1,2024,20241231,Recent To Recent,,Consolidated Only,,Net Interest Spread - Total - %,False,True,Percentage,,1.3
9889.HK,1,2024,20241231,Recent To Recent,,Consolidated Only,,Solvency Margin - Total - %,False,True,Percentage,,7.327e-05
9889.HK,1,2024,20241231,Recent To Recent,,Consolidated Only,,Efficiency Ratio - Total - %,False,True,Percentage,,3.744e-05
9889.HK,1,2024,20241231,Original To Original,Original,Consolidated Only,HKG ARS,Net Interest Margin - Total - %,False,True,Percentage,,1.35
9889.HK,1,2024,20241231,Original To Original,Original,Consolidated Only,HKG ARS,Net Interest Spread - Total - %,False,True,Percentage,,1.3
9889.HK,1,2024,20241231,Original To Original,Original,Consolidated Only,HKG ARS,Solvency Margin - Total - %,False,True,Percentage,,7.327e-05
9889.HK,1,2024,20241231,Original To Original,Original,Consolidated Only,HKG ARS,Efficiency Ratio - Total - %,False,True,Percentage,,3.744e-05
9889.HK,1,2024,20241231,Recent To Recent,Original,Consolidated Only,HKG ARS,Net Interest Margin - Total - %,False,True,Percentage,,1.35
9889.HK,1,2024,20241231,Recent To Recent,Original,Consolidated Only,HKG ARS,Net Interest Spread - Total - %,False,True,Percentage,,1.3
9889.HK,1,2024,20241231,Recent To Recent,Original,Consolidated Only,HKG ARS,Solvency Margin - Total - %,False,True,Percentage,,7.327e-05
9889.HK,1,2024,20241231,Recent To Recent,Original,Consolidated Only,HKG ARS,Efficiency Ratio - Total - %,False,True,Percentage,,3.744e-05
9889.HK,1,2025,20251231,Original To Original,,Consolidated Only,,Net Interest Margin - Total - %,False,True,Percentage,,1.25
9889.HK,1,2025,20251231,Original To Original,,Consolidated Only,,Net Interest Spread - Total - %,False,True,Percentage,,1.19
9889.HK,1,2025,20251231,Original To Original,,Consolidated Only,,Solvency Margin - Total - %,False,True,Percentage,,7.516e-05
9889.HK,1,2025,20251231,Original To Original,,Consolidated Only,,Efficiency Ratio - Total - %,False,True,Percentage,,3.836e-05
9889.HK,1,2025,20251231,Recent To Recent,,Consolidated Only,,Net Interest Margin - Total - %,False,True,Percentage,,1.25
9889.HK,1,2025,20251231,Recent To Recent,,Consolidated Only,,Net Interest Spread - Total - %,False,True,Percentage,,1.19
9889.HK,1,2025,20251231,Recent To Recent,,Consolidated Only,,Solvency Margin - Total - %,False,True,Percentage,,7.516e-05
9889.HK,1,2025,20251231,Recent To Recent,,Consolidated Only,,Efficiency Ratio - Total - %,False,True,Percentage,,3.836e-05
9889.HK,1,2025,20251231,Original To Original,Original,Consolidated Only,HKG ARS,Net Interest Margin - Total - %,False,True,Percentage,,1.25
9889.HK,1,2025,20251231,Original To Original,Original,Consolidated Only,HKG ARS,Net Interest Spread - Total - %,False,True,Percentage,,1.19
9889.HK,1,2025,20251231,Original To Original,Original,Consolidated Only,HKG ARS,Solvency Margin - Total - %,False,True,Percentage,,7.516e-05
9889.HK,1,2025,20251231,Original To Original,Original,Consolidated Only,HKG ARS,Efficiency Ratio - Total - %,False,True,Percentage,,3.836e-05
9889.HK,1,2025,20251231,Recent To Recent,Original,Consolidated Only,HKG ARS,Net Interest Margin - Total - %,False,True,Percentage,,1.25
9889.HK,1,2025,20251231,Recent To Recent,Original,Consolidated Only,HKG ARS,Net Interest Spread - Total - %,False,True,Percentage,,1.19
9889.HK,1,2025,20251231,Recent To Recent,Original,Consolidated Only,HKG ARS,Solvency Margin - Total - %,False,True,Percentage,,7.516e-05
9889.HK,1,2025,20251231,Recent To Recent,Original,Consolidated Only,HKG ARS,Efficiency Ratio - Total - %,False,True,Percentage,,3.836e-05
9899.HK,1,2023,20231231,Original To Original,Original,Consolidated Only,HKG ARS,Monthly Active Users (MAU) - Total,False,False,No scaling,,205.9
9899.HK,1,2023,20231231,Recent To Recent,Original,Consolidated Only,HKG ARS,Monthly Active Users (MAU) - Total,False,False,No scaling,,205.9
9992.HK,1,2023,20231231,Original To Original,Original,Consolidated Only,HKG ARS,Stores Opened - Number - Total,False,False,No scaling,,178.0
9992.HK,1,2023,20231231,Recent To Recent,Original,Consolidated Only,HKG ARS,Stores Opened - Number - Total,False,False,No scaling,,178.0
9992.HK,1,2024,20241231,Original To Original,Original,Consolidated Only,HKG ARS,Stores Opened - Number - Total,False,False,No scaling,,148.0
9992.HK,1,2024,20241231,Recent To Recent,Original,Consolidated Only,HKG ARS,Stores Opened - Number - Total,False,False,No scaling,,148.0
9992.HK,1,2025,20251231,Original To Original,Original,Consolidated Only,HKG ARS,Stores Opened - Number - Total,False,False,No scaling,,109.0
9992.HK,1,2025,20251231,Recent To Recent,Original,Consolidated Only,HKG ARS,Stores Opened - Number - Total,False,False,No scaling,,109.0
9993.HK,1,2023,20231231,Original To Original,,Consolidated Only,,Net Asset Value (NAV) - Total (REIT/Real Estate),False,False,Units,CNY,23952.919
9993.HK,1,2023,20231231,Recent To Recent,,Consolidated Only,,Net Asset Value (NAV) - Total (REIT/Real Estate),False,False,Units,CNY,23952.919
9993.HK,1,2023,20231231,Original To Original,Original,Consolidated Only,HKG ARS,Net Asset Value (NAV) - Total (REIT/Real Estate),False,False,Units,CNY,23952.919
9993.HK,1,2023,20231231,Recent To Recent,Original,Consolidated Only,HKG ARS,Net Asset Value (NAV) - Total (REIT/Real Estate),False,False,Units,CNY,23952.919
9993.HK,1,2024,20241231,Original To Original,,Consolidated Only,,Net Asset Value (NAV) - Total (REIT/Real Estate),False,False,Units,CNY,14833.422
9993.HK,1,2024,20241231,Recent To Recent,,Consolidated Only,,Net Asset Value (NAV) - Total (REIT/Real Estate),False,False,Units,CNY,14833.422
9993.HK,1,2024,20241231,Original To Original,Original,Consolidated Only,HKG ARS,Net Asset Value (NAV) - Total (REIT/Real Estate),False,False,Units,CNY,14833.422
9993.HK,1,2024,20241231,Recent To Recent,Original,Consolidated Only,HKG ARS,Net Asset Value (NAV) - Total (REIT/Real Estate),False,False,Units,CNY,14833.422
9993.HK,1,2025,20251231,Original To Original,,Consolidated Only,,Net Asset Value (NAV) - Total (REIT/Real Estate),False,False,Units,CNY,7914.03
9993.HK,1,2025,20251231,Recent To Recent,,Consolidated Only,,Net Asset Value (NAV) - Total (REIT/Real Estate),False,False,Units,CNY,7914.03
9993.HK,1,2025,20251231,Original To Original,Original,Consolidated Only,HKG ARS,Net Asset Value (NAV) - Total (REIT/Real Estate),False,False,Units,CNY,7914.03
9993.HK,1,2025,20251231,Recent To Recent,Original,Consolidated Only,HKG ARS,Net Asset Value (NAV) - Total (REIT/Real Estate),False,False,Units,CNY,7914.03
