symbol,date,bs_asset_accruals,fy_period
0001.HK,20260417,848480000000.0,FY2025H2
0001.HK,20250828,830199000000.0,FY2025H1
0001.HK,20250415,815281000000.0,FY2024H2
0001.HK,20240829,834863000000.0,FY2024H1
0001.HK,20240419,849434000000.0,FY2023H2
0001.HK,20230817,855406000000.0,FY2023H1
0002.HK,20260311,226727000000.0,FY2025H2
0002.HK,20250808,229527000000.0,FY2025H1
0002.HK,20250307,220908000000.0,FY2024H2
0002.HK,20240809,223404000000.0,FY2024H1
0002.HK,20240308,215799000000.0,FY2023H2
0002.HK,20230811,218861000000.0,FY2023H1
0003.HK,20260428,157007200000.0,FY2025H2
0003.HK,20250922,154070500000.0,FY2025H1
0003.HK,20250423,151997100000.0,FY2024H2
0003.HK,20240902,151718000000.0,FY2024H1
0003.HK,20230830,151295800000.0,FY2023H1
0004.HK,20260414,178641000000.0,FY2025H2
0004.HK,20250916,185525000000.0,FY2025H1
0004.HK,20250410,180321000000.0,FY2024H2
0004.HK,20240911,179382000000.0,FY2024H1
0004.HK,20240410,193284000000.0,FY2023H2
0004.HK,20230913,206651000000.0,FY2023H1
0005.HK,20260225,,FY2025H2
0005.HK,20251028,,FY2025Q3
0005.HK,20250730,,FY2025H1
0005.HK,20250429,,FY2025Q1
0005.HK,20250219,,FY2024H2
0005.HK,20241029,,FY2024Q3
0005.HK,20240731,,FY2024H1
0005.HK,20240430,,FY2024Q1
0005.HK,20240221,,FY2023H2
0005.HK,20231030,,FY2023Q3
0005.HK,20230801,,FY2023H1
0005.HK,20230502,,FY2023Q1
0006.HK,20260421,96184000000.0,FY2025H2
0006.HK,20250901,95537000000.0,FY2025H1
0006.HK,20250422,91344000000.0,FY2024H2
0006.HK,20240902,91669000000.0,FY2024H1
0006.HK,20240419,93246000000.0,FY2023H2
0006.HK,20230821,93868000000.0,FY2023H1
0007.HK,20260424,3399389000.0,FY2025H1
0007.HK,20260424,2074657000.0000002,FY2025H2
0007.HK,20250630,3210401000.0,FY2024H1
0007.HK,20250612,3162977000.0,FY2024H2
0007.HK,20230925,5421086000.0,FY2023H1
0008.HK,20260401,84574000000.0,FY2025H2
0008.HK,20250904,81110000000.0,FY2025H1
0008.HK,20250402,78246000000.0,FY2024H2
0008.HK,20240905,75777000000.0,FY2024H1
0008.HK,20240402,73636000000.0,FY2023H2
0008.HK,20230907,71079000000.0,FY2023H1
0009.HK,20251126,170000.0,FY2025H1
0009.HK,20251103,222056000.0,FY2024H1
0009.HK,20250930,162719000.0,FY2024H2
0009.HK,20230920,3106409000.0,FY2023H1
0010.HK,20260326,229440000000.0,FY2025H2
0010.HK,20250923,227253000000.0,FY2025H1
0010.HK,20250320,224151000000.0,FY2024H2
0010.HK,20240912,225473000000.0,FY2024H1
0010.HK,20240327,225109000000.0,FY2023H2
0010.HK,20230921,218965000000.0,FY2023H1
0011.HK,20250826,-5383000000.0,FY2025H1
0011.HK,20250311,-6241000000.0,FY2024H2
0011.HK,20240809,-7100000000.0,FY2024H1
0011.HK,20240311,-7899000000.0,FY2023H2
0011.HK,20230808,-6513000000.0,FY2023H1
0012.HK,20260424,516921000000.0,FY2025H2
0012.HK,20250910,515709000000.0,FY2025H1
0012.HK,20250424,513059000000.0,FY2024H2
0012.HK,20240911,519607000000.0,FY2024H1
0012.HK,20240424,520665000000.0,FY2023H2
0012.HK,20230912,519936000000.0,FY2023H1
0013.HK,20260305,1637274000.0,FY2025H2
0013.HK,20250807,1625446000.0,FY2025H1
0013.HK,20250319,1120238000.0,FY2024H2
0013.HK,20240815,1056915000.0,FY2024H1
0013.HK,20240228,996184000.0,FY2023H2
0013.HK,20230731,1041605000.0,FY2023H1
0014.HK,20260330,107193000000.0,FY2025H2
0014.HK,20250828,107145000000.0,FY2025H1
0014.HK,20250328,106878000000.0,FY2024H2
0014.HK,20240902,107603000000.0,FY2024H1
0014.HK,20240327,106952000000.0,FY2023H2
0014.HK,20230830,111060000000.0,FY2023H1
0016.HK,20251008,799974000000.0,FY2025H2
0016.HK,20250320,796683000000.0,FY2025H1
0016.HK,20241007,801873000000.0,FY2024H2
0016.HK,20240320,808204000000.0,FY2024H1
0016.HK,20231004,790711000000.0,FY2023H2
0016.HK,20230316,783948000000.0,FY2023H1
0017.HK,20250926,394808600000.0,FY2025H2
0017.HK,20250327,406153000000.0,FY2025H1
0017.HK,20241025,417758000000.0,FY2024H2
0017.HK,20240325,432373100000.0,FY2024H1
0017.HK,20230317,568674400000.0,FY2023H1
0018.HK,20250717,1279412000.0,FY2025H2
0018.HK,20241205,1324738000.0,FY2025H1
0018.HK,20240711,1392214000.0,FY2024H2
0018.HK,20231206,1410967000.0,FY2024H1
0018.HK,20230710,1218596000.0,FY2023H2
0018.HK,20221201,1187432000.0,FY2023H1
0019.HK,20260408,428067000000.0,FY2025H2
0019.HK,20250904,426680000000.0,FY2025H1
0019.HK,20250407,428975000000.0,FY2024H2
0019.HK,20240905,414497000000.0,FY2024H1
0019.HK,20240408,409044000000.0,FY2023H2
0019.HK,20230905,414570000000.0,FY2023H1
0020.HK,20260427,27967616000.0,FY2025H2
0020.HK,20250929,24371988000.0,FY2025H1
0020.HK,20250424,25654834000.0,FY2024H2
0020.HK,20240926,24869129000.0,FY2024H1
0020.HK,20240425,23366476000.0,FY2023H2
0020.HK,20230925,28206917000.0,FY2023H1
0021.HK,20260429,1746130000.0,FY2025H2
0021.HK,20250930,1799147000.0,FY2025H1
0021.HK,20250429,1736549000.0,FY2024H2
0021.HK,20240930,1834871000.0,FY2024H1
0021.HK,20240429,1845254000.0,FY2023H2
0021.HK,20230928,1779123000.0,FY2023H1
0022.HK,20250730,511472000.0,FY2025H2
0022.HK,20241210,480111000.0,FY2025H1
0022.HK,20240724,512585000.00000006,FY2024H2
0022.HK,20231227,534998000.00000006,FY2024H1
0022.HK,20230725,552144000.0,FY2023H2
0022.HK,20221219,537334000.0,FY2023H1
0023.HK,20260325,-18115000000.0,FY2025H2
0023.HK,20250917,-12233000000.0,FY2025H1
0023.HK,20250411,-11894000000.0,FY2024H2
0023.HK,20240917,-14319000000.0,FY2024H1
0023.HK,20240326,-13764000000.0,FY2023H2
0023.HK,20230921,-13624000000.0,FY2023H1
0025.HK,20250724,17734277000.0,FY2025H2
0025.HK,20241213,18210857000.0,FY2025H1
0025.HK,20240725,17326038000.0,FY2024H2
0025.HK,20231214,17360824000.0,FY2024H1
0025.HK,20221214,16857312000.000002,FY2023H1
0026.HK,20251016,6800709000.0,FY2025H2
0026.HK,20250312,7213336000.0,FY2025H1
0026.HK,20241024,7185428000.0,FY2024H2
0026.HK,20240313,7431401000.0,FY2024H1
0026.HK,20231012,7629656000.0,FY2023H2
0026.HK,20230310,7719038000.0,FY2023H1
0027.HK,20260409,85446038000.0,FY2025H2
0027.HK,20250910,77528488000.0,FY2025H1
0027.HK,20250410,74105165000.0,FY2024H2
0027.HK,20240912,74221963000.0,FY2024H1
0027.HK,20240410,72703685000.0,FY2023H2
0027.HK,20230913,70453995000.0,FY2023H1
0028.HK,20260424,49219373000.0,FY2025H2
0028.HK,20250919,46867784000.0,FY2025H1
0028.HK,20250422,47838911000.0,FY2024H2
0028.HK,20240920,47256106000.0,FY2024H1
0028.HK,20230915,42597285000.0,FY2023H1
0029.HK,20251027,14752054000.0,FY2025H2
0029.HK,20250326,14575933000.0,FY2025H1
0029.HK,20241025,14942726000.0,FY2024H2
0029.HK,20240326,14946984000.0,FY2024H1
0029.HK,20231026,2266413000.0,FY2023H2
0029.HK,20230328,2390746000.0,FY2023H1
0030.HK,20260424,394618339.0,FY2025H2
0030.HK,20250912,164446464.0,FY2025H1
0030.HK,20250417,155498379.0,FY2024H2
0030.HK,20240913,165919938.0,FY2024H1
0030.HK,20240115,190902578.0,FY2023H2
0031.HK,20260428,13474317000.0,FY2025H2
0031.HK,20250926,13688321000.0,FY2025H1
0031.HK,20250428,13126768000.0,FY2024H2
0031.HK,20240924,13078065000.0,FY2024H1
0031.HK,20240426,13074140000.0,FY2023H2
0031.HK,20230928,13004277000.0,FY2023H1
0032.HK,20260410,8588594999.999999,FY2025H2
0032.HK,20250903,8515590000.0,FY2025H1
0032.HK,20250416,8187493000.0,FY2024H2
0032.HK,20240904,7895787000.0,FY2024H1
0032.HK,20240418,7974206000.0,FY2023H2
0032.HK,20230906,8159049000.0,FY2023H1
0033.HK,20250331,737351000.0,FY2025H1
0033.HK,20241031,750376000.0,FY2024H2
0033.HK,20240328,173679000.0,FY2024H1
0033.HK,20231031,118010000.0,FY2023H2
0033.HK,20230331,129573000.00000001,FY2023H1
0034.HK,20260427,40100388000.0,FY2025H2
0034.HK,20250926,40460126000.0,FY2025H1
0034.HK,20250425,41669963000.0,FY2024H2
0034.HK,20240926,43460654000.0,FY2024H1
0034.HK,20240425,46345339000.0,FY2023H2
0034.HK,20230926,46075993000.0,FY2023H1
0035.HK,20250729,37014709000.0,FY2025H2
0035.HK,20241220,41033617000.0,FY2025H1
0035.HK,20240726,41990172000.0,FY2024H2
0035.HK,20231221,43906890000.0,FY2024H1
0035.HK,20230725,46943053000.0,FY2023H2
0035.HK,20221222,44933902000.0,FY2023H1
0036.HK,20260414,685784000.0,FY2025H2
0036.HK,20250923,772242000.0,FY2025H1
0036.HK,20250410,771289000.0,FY2024H2
0036.HK,20240925,866494000.0,FY2024H1
0036.HK,20240418,1354212000.0,FY2023H2
0036.HK,20230919,1438146000.0,FY2023H1
0037.HK,20250730,315112956.0,FY2025H2
0037.HK,20241219,328280692.0,FY2025H1
0037.HK,20240725,342125806.0,FY2024H2
0037.HK,20231220,365427629.0,FY2024H1
0037.HK,20230728,370987400.0,FY2023H2
0037.HK,20221216,390785936.0,FY2023H1
0038.HK,20260326,13764044761.27,FY2025H2
0038.HK,20251028,14629709784.36,FY2025Q3
0038.HK,20250828,14139776452.300001,FY2025H1
0038.HK,20250428,13390542945.519999,FY2025Q1
0038.HK,20250327,12906688173.689999,FY2024H2
0038.HK,20241029,13482225698.27,FY2024Q3
0038.HK,20240828,13201064818.34,FY2024H1
0038.HK,20240425,12944557989.78,FY2024Q1
0038.HK,20240327,11594051335.76,FY2023H2
0038.HK,20231027,11347269120.589998,FY2023Q3
0038.HK,20230828,11965606654.87,FY2023H1
0038.HK,20230427,10847847704.12,FY2023Q1
0039.HK,20251230,560312000.0,FY2025H1
0039.HK,20250430,432303000.0,FY2024H2
0039.HK,20240927,1837006000.0,FY2024H1
0039.HK,20240430,1845631000.0,FY2023H2
0039.HK,20230928,1874573000.0,FY2023H1
0040.HK,20250730,6247105000.0,FY2025H2
0040.HK,20241216,6724876000.0,FY2025H1
0040.HK,20240730,6284826000.0,FY2024H2
0040.HK,20231218,6735180000.0,FY2024H1
0040.HK,20230728,6919778000.0,FY2023H2
0040.HK,20221213,7207358000.0,FY2023H1
0041.HK,20260331,91575321000.0,FY2025H2
0041.HK,20250925,102226201000.0,FY2025H1
0041.HK,20250327,102694755000.0,FY2024H2
0041.HK,20240924,103069376000.0,FY2024H1
0041.HK,20240409,105041169000.0,FY2023H2
0041.HK,20230922,104740842000.0,FY2023H1
0042.HK,20260429,186303000.0,FY2025H2
0042.HK,20250929,163870030.79999998,FY2025H1
0042.HK,20250428,167242000.0,FY2024H2
0042.HK,20240926,169381929.07000002,FY2024H1
0042.HK,20240430,175086000.0,FY2023H2
0042.HK,20230922,152276814.88,FY2023H1
0045.HK,20260330,54289000000.0,FY2025H2
0045.HK,20250819,55114000000.0,FY2025H1
0045.HK,20250411,53281000000.0,FY2024H2
0045.HK,20240820,55275000000.0,FY2024H1
0045.HK,20240328,56988000000.0,FY2023H2
0045.HK,20230816,57846000000.0,FY2023H1
0046.HK,20260429,175895000.0,FY2025H2
0046.HK,20250911,194792000.0,FY2025H1
0046.HK,20250416,408699000.0,FY2024H2
0046.HK,20240913,225574000.0,FY2024H1
0046.HK,20240419,203362000.0,FY2023H2
0046.HK,20230921,225567000.0,FY2023H1
0048.HK,20260429,226307000.0,FY2025H2
0048.HK,20250923,232113000.0,FY2025H1
0048.HK,20250429,218827000.0,FY2024H2
0048.HK,20240919,222141000.0,FY2024H1
0048.HK,20240430,239391000.0,FY2023H2
0048.HK,20230914,254428000.0,FY2023H1
0050.HK,20260429,7480070000.0,FY2025H2
0050.HK,20250912,7493919000.0,FY2025H1
0050.HK,20250423,7212153000.0,FY2024H2
0050.HK,20240912,7156239000.0,FY2024H1
0050.HK,20240423,7097245000.0,FY2023H2
0050.HK,20230912,7087021000.0,FY2023H1
0051.HK,20260408,15627000000.0,FY2025H2
0051.HK,20250909,15494000000.0,FY2025H1
0051.HK,20250407,15370000000.0,FY2024H2
0051.HK,20240905,15434000000.0,FY2024H1
0051.HK,20240402,16515000000.0,FY2023H2
0051.HK,20230907,17401000000.0,FY2023H1
0052.HK,20250729,1933923000.0,FY2025H2
0052.HK,20241230,2219558000.0,FY2025H1
0052.HK,20240730,2196275000.0,FY2024H2
0052.HK,20231228,2271423000.0,FY2024H1
0052.HK,20230728,2214295000.0,FY2023H2
0052.HK,20221229,2134710000.0,FY2023H1
0053.HK,20251020,16310797000.0,FY2025H2
0053.HK,20250314,14931291000.0,FY2025H1
0053.HK,20241016,15136338000.0,FY2024H2
0053.HK,20240314,15446941000.0,FY2024H1
0055.HK,20260424,932689527.0,FY2025H2
0055.HK,20250926,989941000.0,FY2025H1
0055.HK,20250429,1018049554.0,FY2024H2
0055.HK,20240926,1004853000.0,FY2024H1
0055.HK,20240429,950726552.0,FY2023H2
0055.HK,20230926,975566000.0,FY2023H1
0057.HK,20250724,3669056000.0,FY2025H2
0057.HK,20241219,3329538000.0,FY2025H1
0057.HK,20240725,3179854000.0,FY2024H2
0057.HK,20231214,3095027000.0,FY2024H1
0057.HK,20230719,3370340000.0,FY2023H2
0057.HK,20221214,3227731000.0,FY2023H1
0058.HK,20260417,212198000.0,FY2025H2
0058.HK,20250911,233570000.0,FY2025H1
0058.HK,20250422,270524000.0,FY2024H2
0058.HK,20240906,313287000.0,FY2024H1
0058.HK,20240425,303189000.0,FY2023H2
0058.HK,20230908,322405000.0,FY2023H1
0059.HK,20240930,20525718000.0,FY2024H1
0059.HK,20240430,20737711000.0,FY2023H2
0059.HK,20230922,23068879000.0,FY2023H1
0060.HK,20250729,502304000.0,FY2025H2
0060.HK,20241227,506238000.0,FY2025H1
0060.HK,20240729,534761999.99999994,FY2024H2
0060.HK,20231228,533535999.99999994,FY2024H1
0060.HK,20230727,569953000.0,FY2023H2
0060.HK,20221229,562249000.0,FY2023H1
0061.HK,20260424,57579000.0,FY2025H2
0061.HK,20250925,65803000.0,FY2025H1
0061.HK,20250428,147539000.0,FY2024H2
0061.HK,20240920,173054000.0,FY2024H1
0061.HK,20240426,5121140000.0,FY2023H2
0061.HK,20230928,6509133000.0,FY2023H1
0062.HK,20260416,22727325000.0,FY2025H2
0062.HK,20250918,22706100000.0,FY2025H1
0062.HK,20250414,23186692000.0,FY2024H2
0062.HK,20240912,23411300000.0,FY2024H1
0062.HK,20240417,23905673000.0,FY2023H2
0062.HK,20230914,23597600000.0,FY2023H1
0063.HK,20260428,1049022999.9999999,FY2025H2
0063.HK,20250930,1051983999.9999999,FY2025H1
0063.HK,20250428,1054603000.0000001,FY2024H2
0063.HK,20240925,1337312000.0,FY2024H1
0063.HK,20240426,547288000.0,FY2023H2
0063.HK,20230915,369079000.0,FY2023H1
0064.HK,20250716,4560124000.0,FY2025H2
0064.HK,20241212,4610122000.0,FY2025H1
0064.HK,20240717,4441040000.0,FY2024H2
0064.HK,20231212,4620643000.0,FY2024H1
0064.HK,20230719,4872687000.0,FY2023H2
0064.HK,20221213,5452024000.0,FY2023H1
0065.HK,20260428,161598000.0,FY2025H2
0065.HK,20250917,213499000.0,FY2025H1
0065.HK,20250729,211261000.0,FY2024H2
0065.HK,20240923,242270000.0,FY2024H1
0065.HK,20240425,211866000.0,FY2023H2
0065.HK,20230915,232070000.0,FY2023H1
0066.HK,20260416,354696000000.0,FY2025H2
0066.HK,20250911,345801000000.0,FY2025H1
0066.HK,20250410,339613000000.0,FY2024H2
0066.HK,20240912,329751000000.0,FY2024H1
0066.HK,20240411,324051000000.0,FY2023H2
0066.HK,20230907,317770000000.0,FY2023H1
0069.HK,20260423,12175566000.0,FY2025H2
0069.HK,20250922,11881650000.0,FY2025H1
0069.HK,20250424,11669901000.0,FY2024H2
0069.HK,20240919,11837136000.0,FY2024H1
0069.HK,20240425,11979174000.0,FY2023H2
0069.HK,20230921,11754858000.0,FY2023H1
0070.HK,20251030,1110682000.0,FY2025H2
0070.HK,20250328,1171846000.0,FY2025H1
0070.HK,20241030,1172438000.0,FY2024H2
0070.HK,20240328,1177461000.0,FY2024H1
0070.HK,20231030,1203130000.0,FY2023H2
0070.HK,20230331,1212130000.0,FY2023H1
0071.HK,20260423,16310240000.0,FY2025H2
0071.HK,20250922,16429187999.999998,FY2025H1
0071.HK,20250424,16450993999.999998,FY2024H2
0071.HK,20240923,16629222000.000002,FY2024H1
0071.HK,20240424,16402400000.000002,FY2023H2
0071.HK,20230920,16133628000.0,FY2023H1
0072.HK,20260430,496664000.0,FY2025H2
0072.HK,20250919,477580000.0,FY2025H1
0072.HK,20250430,520775999.99999994,FY2024H2
0072.HK,20240920,533548000.0,FY2024H1
0072.HK,20240426,604927000.0,FY2023H2
0072.HK,20230920,618344000.0,FY2023H1
0073.HK,20251031,132246000.00000001,FY2025H2
0073.HK,20250327,136228000.0,FY2025H1
0073.HK,20241029,140348000.0,FY2024H2
0073.HK,20240327,152846000.0,FY2024H1
0073.HK,20231030,159097000.0,FY2023H2
0073.HK,20230322,179848000.0,FY2023H1
0075.HK,20260428,22808127000.0,FY2025H2
0075.HK,20250911,22874487000.0,FY2025H1
0075.HK,20250424,18583445000.0,FY2024H2
0075.HK,20240913,16197999000.0,FY2024H1
0075.HK,20240425,15551877000.0,FY2023H2
0075.HK,20230913,18385089000.0,FY2023H1
0076.HK,20260427,453123000.0,FY2025H2
0076.HK,20250926,432325000.0,FY2025H1
0076.HK,20250425,439491000.0,FY2024H2
0076.HK,20240923,433867000.0,FY2024H1
0076.HK,20240425,403281000.0,FY2023H2
0076.HK,20230921,406179000.0,FY2023H1
0077.HK,20250714,193537000.0,FY2025H2
0077.HK,20241212,235343000.0,FY2025H1
0077.HK,20240717,273493000.0,FY2024H2
0077.HK,20231214,132741000.00000001,FY2024H1
0077.HK,20230727,191169000.0,FY2023H2
0077.HK,20221215,237466000.0,FY2023H1
0078.HK,20260428,21806700000.0,FY2025H2
0078.HK,20250926,23198700000.0,FY2025H1
0078.HK,20250428,23690700000.0,FY2024H2
0078.HK,20240926,25836600000.0,FY2024H1
0078.HK,20240426,27861100000.0,FY2023H2
0078.HK,20230927,28531900000.0,FY2023H1
0079.HK,20260429,355607000.0,FY2025H2
0079.HK,20250926,371524000.0,FY2025H1
0079.HK,20250424,370179000.0,FY2024H2
0079.HK,20240924,379575000.0,FY2024H1
0079.HK,20240425,410057000.0,FY2023H2
0079.HK,20230915,497304000.0,FY2023H1
0080.HK,20260416,230571441.0,FY2025H2
0080.HK,20250919,48330176.0,FY2025H1
0080.HK,20250423,51927545.0,FY2024H2
0080.HK,20240920,65378494.0,FY2024H1
0080.HK,20240424,76314234.0,FY2023H2
0080.HK,20230921,125144897.0,FY2023H1
0081.HK,20260427,91834221000.0,FY2025H2
0081.HK,20250915,99216859000.0,FY2025H1
0081.HK,20250424,101892040000.0,FY2024H2
0081.HK,20240920,114773565000.0,FY2024H1
0081.HK,20240422,126009851000.0,FY2023H2
0081.HK,20230919,138956091000.0,FY2023H1
0082.HK,20260422,513013000.00000006,FY2025H2
0082.HK,20250917,597634000.0,FY2025H1
0082.HK,20250415,557887000.0,FY2024H2
0082.HK,20240913,587071000.0,FY2024H1
0082.HK,20240417,616809000.0,FY2023H2
0082.HK,20230920,659536000.0,FY2023H1
0083.HK,20250925,165288000000.0,FY2025H2
0083.HK,20250314,163201000000.0,FY2025H1
0083.HK,20240926,162414000000.0,FY2024H2
0083.HK,20240311,158326293011.0,FY2024H1
0083.HK,20230928,158611030722.0,FY2023H2
0083.HK,20230309,156102164190.0,FY2023H1
0084.HK,20250718,1080901000.0,FY2025H2
0084.HK,20241213,1066140000.0000001,FY2025H1
0084.HK,20240719,1061939000.0000001,FY2024H2
0084.HK,20231215,1036965999.9999999,FY2024H1
0084.HK,20221216,978372000.0,FY2023H1
0085.HK,20260429,3165042000.0,FY2025H2
0085.HK,20250922,3165159000.0,FY2025H1
0085.HK,20250429,3286559000.0,FY2024H2
0085.HK,20240927,2976550000.0,FY2024H1
0085.HK,20240429,3061458000.0,FY2023H2
0085.HK,20230928,3231058000.0,FY2023H1
0086.HK,20260413,12313800000.0,FY2025H2
0086.HK,20250902,13671300000.0,FY2025H1
0086.HK,20250410,13375800000.0,FY2024H2
0086.HK,20240902,14708200000.0,FY2024H1
0086.HK,20240415,14416200000.0,FY2023H2
0086.HK,20230825,14121400000.0,FY2023H1
0087.HK,20260408,428067000000.0,FY2025H2
0087.HK,20250904,426680000000.0,FY2025H1
0087.HK,20250407,428975000000.0,FY2024H2
0087.HK,20240905,414497000000.0,FY2024H1
0087.HK,20240408,409044000000.0,FY2023H2
0087.HK,20230905,414570000000.0,FY2023H1
0088.HK,20250721,5746500000.0,FY2025H2
0088.HK,20241209,5583600000.0,FY2025H1
0088.HK,20240718,5543100000.0,FY2024H2
0088.HK,20231208,5401300000.0,FY2024H1
0088.HK,20230721,5280200000.0,FY2023H2
0088.HK,20221208,5257300000.0,FY2023H1
0089.HK,20260427,11153244000.0,FY2025H2
0089.HK,20250910,11188536000.0,FY2025H1
0089.HK,20250415,11409663000.0,FY2024H2
0089.HK,20240909,11634985000.0,FY2024H1
0089.HK,20240418,11782620000.0,FY2023H2
0089.HK,20230912,12117815000.0,FY2023H1
0090.HK,20260416,1166717000.0,FY2025H2
0090.HK,20250925,1181685000.0,FY2025H1
0090.HK,20250429,1800422000.0,FY2024H2
0090.HK,20240924,1816536000.0,FY2024H1
0090.HK,20240429,1598910000.0,FY2023H2
0090.HK,20230925,1650067000.0,FY2023H1
0092.HK,20251027,289171000.0,FY2025H2
0092.HK,20250327,249292000.0,FY2025H1
0092.HK,20241030,247690000.0,FY2024H2
0092.HK,20240325,215960000.0,FY2024H1
0092.HK,20231026,164883000.0,FY2023H2
0092.HK,20230330,129484000.00000001,FY2023H1
0093.HK,20260428,680874000.0,FY2025H2
0093.HK,20250915,619942000.0,FY2025H1
0093.HK,20250428,678991000.0,FY2024H2
0093.HK,20240916,599252000.0,FY2024H1
0093.HK,20240425,677961000.0,FY2023H2
0093.HK,20230912,616695000.0,FY2023H1
0094.HK,20260428,640359000.0,FY2025H2
0094.HK,20250911,603140000.0,FY2025H1
0094.HK,20250407,584355000.0,FY2024H2
0094.HK,20240926,640274000.0,FY2024H1
0094.HK,20240425,745936000.0,FY2023H2
0094.HK,20230926,833640000.0,FY2023H1
0095.HK,20260429,96636785000.0,FY2025H2
0095.HK,20250926,102266401000.0,FY2025H1
0095.HK,20250429,102488042000.0,FY2024H2
0095.HK,20240927,103396633000.0,FY2024H1
0095.HK,20240429,104272293000.0,FY2023H2
0095.HK,20230928,102616189000.0,FY2023H1
0096.HK,20260430,3131656000.0,FY2025H2
0096.HK,20250923,2818647000.0,FY2025H1
0096.HK,20250430,2815961000.0,FY2024H2
0096.HK,20240926,2575008000.0,FY2024H1
0096.HK,20240430,2520156000.0,FY2023H2
0096.HK,20230925,2211825000.0,FY2023H1
0097.HK,20260424,840000000.0,FY2025H2
0097.HK,20250910,981000000.0,FY2025H1
0097.HK,20250424,1081000000.0,FY2024H2
0097.HK,20240911,1233000000.0,FY2024H1
0097.HK,20240424,1378000000.0,FY2023H2
0097.HK,20230912,1018000000.0,FY2023H1
0098.HK,20260430,13346079000.0,FY2025H2
0098.HK,20250919,13314122000.0,FY2025H1
0098.HK,20250430,11816380000.0,FY2024H2
0098.HK,20240930,11355626000.0,FY2024H1
0098.HK,20240430,10025811000.0,FY2023H2
0098.HK,20230925,10579190000.0,FY2023H1
0099.HK,20260424,4089504000.0,FY2025H2
0099.HK,20250911,4088970000.0,FY2025H1
0099.HK,20250425,4452115000.0,FY2024H2
0099.HK,20240912,5062122000.0,FY2024H1
0099.HK,20240425,5348141000.0,FY2023H2
0099.HK,20230914,5660168000.0,FY2023H1
0100.HK,20260422,580783000.0,FY2025Q4
0100.HK,20251231,770445000.0,FY2025Q3
0101.HK,20260326,216577000000.0,FY2025H2
0101.HK,20250923,214464000000.0,FY2025H1
0101.HK,20250320,211345000000.0,FY2024H2
0101.HK,20240912,212366000000.0,FY2024H1
0101.HK,20240327,211950000000.0,FY2023H2
0101.HK,20230921,205896000000.0,FY2023H1
0102.HK,20250829,3026981000.0,FY2025H1
0102.HK,20250710,2755001000.0,FY2024H2
0102.HK,20230913,2872679000.0,FY2023H1
0103.HK,20260430,3215256000.0,FY2025H2
0103.HK,20250926,3108543000.0,FY2025H1
0103.HK,20250430,3087275000.0,FY2024H2
0103.HK,20240926,3282235000.0,FY2024H1
0103.HK,20240429,3235011000.0,FY2023H2
0103.HK,20230926,3061506000.0,FY2023H1
0104.HK,20250724,539009000.0,FY2025H2
0104.HK,20241220,610165000.0,FY2025H1
0104.HK,20240717,607665000.0,FY2024H2
0104.HK,20231220,625809000.0,FY2024H1
0104.HK,20230720,626543000.0,FY2023H2
0104.HK,20221223,638791000.0,FY2023H1
0105.HK,20250724,7103038000.0,FY2025H2
0105.HK,20241216,7245429000.0,FY2025H1
0105.HK,20240725,7811309000.0,FY2024H2
0105.HK,20231214,7986060000.0,FY2024H1
0105.HK,20230727,7617058000.0,FY2023H2
0105.HK,20221215,8150797000.0,FY2023H1
0106.HK,20250428,8751833000.0,FY2024H2
0106.HK,20240926,10206914000.0,FY2024H1
0106.HK,20240429,17849673000.0,FY2023H2
0106.HK,20230922,18810347000.0,FY2023H1
0107.HK,20260420,58343379000.0,FY2025H2
0107.HK,20250912,57518971000.0,FY2025H1
0107.HK,20250417,56805616000.0,FY2024H2
0107.HK,20240913,55899624000.0,FY2024H1
0107.HK,20240418,54118745000.0,FY2023H2
0107.HK,20230920,52881583000.0,FY2023H1
0108.HK,20260430,5618360000.0,FY2025H2
0108.HK,20250930,5579351000.0,FY2025H1
0108.HK,20250430,5230320000.0,FY2024H2
0108.HK,20240926,6130798000.0,FY2024H1
0108.HK,20240430,6107067000.0,FY2023H2
0108.HK,20230929,5949754000.0,FY2023H1
0110.HK,20260429,26907000.0,FY2025H2
0110.HK,20250919,53773000.0,FY2025H1
0110.HK,20250428,53795000.0,FY2024H2
0110.HK,20240923,41261000.0,FY2024H1
0110.HK,20240429,27036000.0,FY2023H2
0110.HK,20230919,18339000.0,FY2023H1
0111.HK,20260420,1870538000.0,FY2025H2
0111.HK,20250918,1626583000.0,FY2025H1
0111.HK,20250408,1105797000.0,FY2024H2
0111.HK,20240919,719349000.0,FY2024H1
0111.HK,20240418,599446000.0,FY2023H2
0111.HK,20230914,588969000.0,FY2023H1
0113.HK,20250624,1607912000.0,FY2025H2
0113.HK,20241212,1520817000.0,FY2025H1
0113.HK,20240711,1888820000.0,FY2024H2
0113.HK,20231207,2360177000.0,FY2024H1
0113.HK,20230710,2332081000.0,FY2023H2
0113.HK,20221212,2575199000.0,FY2023H1
0114.HK,20250721,560717000.0,FY2025H2
0114.HK,20241212,619940000.0,FY2025H1
0114.HK,20240718,634303000.0,FY2024H2
0114.HK,20231213,664151000.0,FY2024H1
0114.HK,20230727,734260000.0,FY2023H2
0114.HK,20221213,890069000.0,FY2023H1
0115.HK,20260424,1674483000.0,FY2025H2
0115.HK,20250929,1871723000.0,FY2025H1
0115.HK,20250425,2097568000.0000002,FY2024H2
0115.HK,20240926,2476242000.0,FY2024H1
0115.HK,20240426,2591423000.0,FY2023H2
0115.HK,20230927,2602692000.0,FY2023H1
0116.HK,20260424,23564416000.0,FY2025H2
0116.HK,20250922,20016886000.0,FY2025H1
0116.HK,20250505,18313905000.0,FY2024H2
0116.HK,20240923,17498855000.0,FY2024H1
0116.HK,20240422,18060010000.0,FY2023H2
0116.HK,20230921,17603527000.0,FY2023H1
0117.HK,20260424,2371634000.0,FY2025H2
0117.HK,20250929,2199459000.0,FY2025H1
0117.HK,20250425,2150125000.0,FY2024H2
0117.HK,20240927,2025189000.0,FY2024H1
0117.HK,20240426,1981119000.0,FY2023H2
0117.HK,20230927,1933666000.0,FY2023H1
0118.HK,20260427,1820145000.0,FY2025H2
0118.HK,20250923,1876549000.0,FY2025H1
0118.HK,20250425,1659173000.0,FY2024H2
0118.HK,20240925,1796773000.0,FY2024H1
0118.HK,20240425,1801346000.0,FY2023H2
0118.HK,20230922,2106434000.0000002,FY2023H1
0119.HK,20260429,150578245000.0,FY2025H2
0119.HK,20250926,165035092000.0,FY2025H1
0119.HK,20250428,164018717000.0,FY2024H2
0119.HK,20240927,173087809000.0,FY2024H1
0119.HK,20240429,173983005000.0,FY2023H2
0119.HK,20230927,179853041000.0,FY2023H1
0120.HK,20260428,2781000000.0,FY2025H2
0120.HK,20250926,3318700000.0,FY2025H1
0120.HK,20250428,3291200000.0,FY2024H2
0120.HK,20240926,3551800000.0,FY2024H1
0120.HK,20240426,3971900000.0,FY2023H2
0120.HK,20230927,3913700000.0,FY2023H1
0122.HK,20260423,1986522000.0,FY2025H2
0122.HK,20250918,2045641000.0,FY2025H1
0122.HK,20250416,2028074000.0,FY2024H3
0122.HK,20241003,2056034999.9999998,FY2024H2
0122.HK,20240419,2091694000.0,FY2024H1
0122.HK,20231117,2106293000.0000002,FY2023H2
0122.HK,20230424,2123571000.0,FY2023H1
0123.HK,20260430,337042054000.0,FY2025H2
0123.HK,20250929,341224714000.0,FY2025H1
0123.HK,20250429,380559190000.0,FY2024H2
0123.HK,20240927,397959904000.0,FY2024H1
0123.HK,20240429,371913478000.0,FY2023H2
0123.HK,20230922,349141867000.0,FY2023H1
0124.HK,20260428,30386479000.0,FY2025H2
0124.HK,20250923,33446305000.0,FY2025H1
0124.HK,20250428,39229260000.0,FY2024H2
0124.HK,20240924,42616752000.0,FY2024H1
0124.HK,20240424,44841983000.0,FY2023H2
0124.HK,20230922,47294017000.0,FY2023H1
0125.HK,20250723,707671000.0,FY2025H2
0125.HK,20241212,738963000.0,FY2025H1
0125.HK,20240724,631426000.0,FY2024H2
0125.HK,20231214,627920000.0,FY2024H1
0125.HK,20230724,616404000.0,FY2023H2
0125.HK,20221215,687980000.0,FY2023H1
0126.HK,20250730,5392223000.0,FY2025H2
0126.HK,20241218,5759895000.0,FY2025H1
0126.HK,20240725,5963141000.0,FY2024H2
0126.HK,20231214,5763358000.0,FY2024H1
0126.HK,20230727,6121646000.0,FY2023H2
0126.HK,20221214,6140956000.0,FY2023H1
0127.HK,20260428,2106955000.0,FY2025H2
0127.HK,20250925,1490800000.0,FY2025H1
0127.HK,20250428,1658798000.0,FY2024H2
0127.HK,20240924,746607000.0,FY2024H1
0127.HK,20240429,962832000.0,FY2023H2
0127.HK,20230926,784360000.0,FY2023H1
0128.HK,20260428,1026685999.9999999,FY2025H2
0128.HK,20250926,1019767000.0,FY2025H1
0128.HK,20250428,1021993000.0,FY2024H2
0128.HK,20240926,1029561999.9999999,FY2024H1
0128.HK,20240426,1088155000.0,FY2023H2
0128.HK,20230927,1112216000.0,FY2023H1
0129.HK,20250730,27056497000.0,FY2025H2
0129.HK,20241230,29579288000.0,FY2025H1
0129.HK,20240730,30607580000.0,FY2024H2
0129.HK,20231229,32609304000.0,FY2024H1
0129.HK,20230728,34675657000.0,FY2023H2
0129.HK,20221229,30694013000.0,FY2023H1
0130.HK,20250730,504890000.0,FY2025H2
0130.HK,20241227,562546000.0,FY2025H1
0130.HK,20240730,573580000.0,FY2024H2
0130.HK,20231222,600837000.0,FY2024H1
0130.HK,20230726,630249000.0,FY2023H2
0130.HK,20221223,679226000.0,FY2023H1
0131.HK,20251027,7528177000.0,FY2025H2
0131.HK,20250320,8669142000.0,FY2025H1
0131.HK,20241022,8679896000.0,FY2024H2
0131.HK,20240320,8937421000.0,FY2024H1
0131.HK,20231020,8977588000.0,FY2023H2
0131.HK,20230331,8942027000.0,FY2023H1
0132.HK,20260429,3781806000.0,FY2025H2
0132.HK,20250919,3537134000.0,FY2025H1
0132.HK,20250428,3344428000.0,FY2024H2
0132.HK,20240916,3220399000.0,FY2024H1
0132.HK,20240424,5845661000.0,FY2023H2
0132.HK,20230920,5131557000.0,FY2023H1
0133.HK,20260423,51271094.0,FY2025H2
0133.HK,20250910,10079385.0,FY2025H1
0133.HK,20250423,5158903.0,FY2024H2
0133.HK,20240910,1391697.0,FY2024H1
0133.HK,20240424,84174611.0,FY2023H2
0133.HK,20230908,65458070.00000001,FY2023H1
0135.HK,20260430,112839000000.0,FY2025H2
0135.HK,20250919,111346000000.0,FY2025H1
0135.HK,20250430,115563000000.0,FY2024H2
0135.HK,20240920,112905000000.0,FY2024H1
0135.HK,20240419,116166000000.0,FY2023H2
0135.HK,20230911,113832000000.0,FY2023H1
0136.HK,20260416,19530590000.0,FY2025H2
0136.HK,20250911,17479675000.0,FY2025H1
0136.HK,20250410,13733406000.0,FY2024H2
0136.HK,20240920,12019721000.0,FY2024H1
0136.HK,20240412,11896637000.0,FY2023H2
0136.HK,20230922,7944364000.0,FY2023H1
0137.HK,20260429,3658680000.0,FY2025H2
0137.HK,20250917,4231551999.9999995,FY2025H1
0137.HK,20250428,4048665000.0,FY2024H2
0137.HK,20240912,3845802000.0,FY2024H1
0137.HK,20240419,3640777000.0,FY2023H2
0137.HK,20230914,3905775000.0,FY2023H1
0138.HK,20260428,2488000000.0,FY2025H2
0138.HK,20250919,2606000000.0,FY2025H1
0138.HK,20250428,2724000000.0,FY2024H2
0138.HK,20240919,2914000000.0,FY2024H1
0138.HK,20240419,2777000000.0,FY2023H2
0138.HK,20230928,3280000000.0,FY2023H1
0139.HK,20260423,504269000.0,FY2025H2
0139.HK,20250925,708157000.0,FY2025H1
0139.HK,20250429,436307000.0,FY2024H2
0139.HK,20240925,550410000.0,FY2024H1
0139.HK,20240429,787894000.0,FY2023H2
0139.HK,20230922,749588000.0,FY2023H1
0142.HK,20260428,22681200000.0,FY2025H2
0142.HK,20250923,22514500000.0,FY2025H1
0142.HK,20250429,21461700000.0,FY2024H2
0142.HK,20240919,20097400000.0,FY2024H1
0142.HK,20240425,20425300000.0,FY2023H2
0142.HK,20230919,20110100000.0,FY2023H1
0144.HK,20260427,160486000000.0,FY2025H2
0144.HK,20250926,159183000000.0,FY2025H1
0144.HK,20250425,153156000000.0,FY2024H2
0144.HK,20240924,155199000000.0,FY2024H1
0144.HK,20240425,154356000000.0,FY2023H2
0144.HK,20230918,158828000000.0,FY2023H1
0145.HK,20260427,57022000.0,FY2025H2
0145.HK,20250924,44218000.0,FY2025H1
0145.HK,20250428,36249000.0,FY2024H2
0145.HK,20240924,28346000.0,FY2024H1
0145.HK,20240429,12995000.0,FY2023H2
0145.HK,20230915,15690000.0,FY2023H1
0146.HK,20251020,575399000.0,FY2025H2
0146.HK,20250306,690013000.0,FY2025H1
0146.HK,20241014,692612000.0,FY2024H2
0146.HK,20240313,601135000.0,FY2024H1
0146.HK,20231019,575210000.0,FY2023H2
0146.HK,20230309,561361000.0,FY2023H1
0147.HK,20250728,1196385000.0,FY2025H2
0147.HK,20241224,1588513000.0,FY2025H1
0147.HK,20240729,1600558000.0,FY2024H2
0147.HK,20231221,1955782000.0,FY2024H1
0147.HK,20230727,2109270000.0,FY2023H2
0147.HK,20221222,2649568000.0,FY2023H1
0148.HK,20260422,97606777000.0,FY2025H2
0148.HK,20250916,97754125000.0,FY2025H1
0148.HK,20250421,91085062000.0,FY2024H2
0148.HK,20240916,92915001000.0,FY2024H1
0148.HK,20240418,92028324000.0,FY2023H2
0148.HK,20230918,91281026000.0,FY2023H1
0149.HK,20250724,4042974000.0,FY2025H2
0149.HK,20241220,4137898000.0,FY2025H1
0149.HK,20240725,4386610000.0,FY2024H2
0149.HK,20231221,4314379000.0,FY2024H1
0149.HK,20230727,4585550000.0,FY2023H2
0149.HK,20221221,4411814000.0,FY2023H1
0150.HK,20250710,454267000.0,FY2025H2
0151.HK,20250717,18862691000.0,FY2025H2
0151.HK,20241212,18952772000.0,FY2025H1
0151.HK,20240718,22404507000.0,FY2024H2
0151.HK,20231214,20815782000.0,FY2024H1
0151.HK,20230720,20923567000.0,FY2023H2
0151.HK,20221215,17114675000.0,FY2023H1
0152.HK,20260417,142625647000.0,FY2025H2
0152.HK,20250916,136157578000.00002,FY2025H1
0152.HK,20250415,126763127000.0,FY2024H2
0152.HK,20240916,119158935000.0,FY2024H1
0152.HK,20240418,122353230000.0,FY2023H2
0152.HK,20230918,118918183000.0,FY2023H1
0154.HK,20260430,5254912000.0,FY2025H2
0154.HK,20250912,5325512000.0,FY2025H1
0154.HK,20250430,5230302000.0,FY2024H2
0154.HK,20240913,5206513000.0,FY2024H1
0154.HK,20240429,5327731000.0,FY2023H2
0154.HK,20230913,5582610781.69985,FY2023H1
0156.HK,20260429,3215068000.0,FY2025H2
0156.HK,20250929,3290891000.0,FY2025H1
0156.HK,20250429,3202550000.0,FY2024H2
0156.HK,20240927,3488947000.0,FY2024H1
0156.HK,20240429,3647375000.0,FY2023H2
0156.HK,20230928,3559393000.0,FY2023H1
0157.HK,20260309,796355000.0,FY2025H2
0157.HK,20250805,754563000.0,FY2025H1
0157.HK,20250224,656424000.0,FY2024H2
0157.HK,20240806,697090000.0,FY2024H1
0157.HK,20240222,680471000.0,FY2023H2
0157.HK,20230816,674507000.0,FY2023H1
0158.HK,20251229,6385214000.0,FY2025H2
0158.HK,20250623,6928266000.0,FY2025H1
0158.HK,20241223,7108522000.0,FY2024H2
0158.HK,20240624,7347824000.0,FY2024H1
0158.HK,20231228,7375053000.0,FY2023H2
0158.HK,20230619,7575521000.0,FY2023H1
0159.HK,20250917,699487000.0,FY2025H2
0159.HK,20250225,656252000.0,FY2025H1
0159.HK,20240916,708743000.0,FY2024H2
0159.HK,20240226,724115000.0,FY2024H1
0159.HK,20230919,708314000.0,FY2023H2
0159.HK,20230227,725299000.0,FY2023H1
0160.HK,20250728,17889365000.0,FY2025H2
0160.HK,20241227,18714036000.0,FY2025H1
0160.HK,20240729,18106745000.0,FY2024H2
0160.HK,20231227,18134850000.0,FY2024H1
0160.HK,20230726,18417225000.0,FY2023H2
0160.HK,20221228,17468239000.0,FY2023H1
0162.HK,20260430,7557821000.0,FY2025H2
0162.HK,20250930,7515266000.0,FY2025H1
0162.HK,20250430,7557093000.0,FY2024H2
0162.HK,20240930,7648840000.0,FY2024H1
0162.HK,20240430,7614027000.0,FY2023H2
0162.HK,20230928,7587126000.0,FY2023H1
0163.HK,20250721,36582765000.0,FY2025H2
0163.HK,20241212,38359489000.0,FY2025H1
0163.HK,20240717,44942649000.0,FY2024H2
0163.HK,20231213,45871354000.0,FY2024H1
0163.HK,20230720,48645354000.0,FY2023H2
0163.HK,20221209,49939495000.0,FY2023H1
0164.HK,20250731,66176000.0,FY2025H2
0164.HK,20241230,58876000.0,FY2025H1
0164.HK,20240731,61377000.0,FY2024H2
0164.HK,20231228,67853000.0,FY2024H1
0164.HK,20230728,49352000.0,FY2023H2
0164.HK,20221229,68638000.0,FY2023H1
0165.HK,20260416,14473872000.0,FY2025H2
0165.HK,20250912,16532822000.0,FY2025H1
0165.HK,20250415,14126245000.0,FY2024H2
0165.HK,20240912,14392429000.0,FY2024H1
0165.HK,20240417,13778903000.0,FY2023H2
0165.HK,20230911,15855260000.0,FY2023H1
0166.HK,20260430,902600000.0,FY2025H2
0166.HK,20250926,1025700000.0,FY2025H1
0166.HK,20250429,940400000.0,FY2024H2
0166.HK,20240912,1240100000.0,FY2024H1
0166.HK,20240426,904100000.0,FY2023H2
0166.HK,20230914,1519100000.0,FY2023H1
0167.HK,20260416,116149000.0,FY2025H2
0167.HK,20250926,84626000.0,FY2025H1
0167.HK,20250423,78686000.0,FY2024H2
0167.HK,20240930,53787000.0,FY2024H1
0168.HK,20260326,38449138236.0,FY2025H2
0168.HK,20251027,36103548442.0,FY2025Q3
0168.HK,20250826,46534873772.0,FY2025H1
0168.HK,20250428,33688515086.0,FY2025Q1
0168.HK,20250330,46036239371.0,FY2024H2
0168.HK,20241029,27387348042.0,FY2024Q3
0168.HK,20240829,27976130601.0,FY2024H1
0168.HK,20240429,27550842735.0,FY2024Q1
0168.HK,20240326,38422379787.0,FY2023H2
0168.HK,20231027,31111250803.0,FY2023Q3
0168.HK,20230827,37289927658.0,FY2023H1
0168.HK,20230424,33274710066.0,FY2023Q1
0169.HK,20260427,2400191000.0,FY2025H2
0169.HK,20250925,3515967000.0,FY2025H1
0169.HK,20250429,3191387000.0,FY2024H2
0169.HK,20240927,2292658000.0,FY2024H1
0169.HK,20240429,2327488000.0,FY2023H2
0169.HK,20230921,2332378000.0,FY2023H1
0171.HK,20260430,5540663000.0,FY2025H2
0171.HK,20250930,5885717000.0,FY2025H1
0171.HK,20250430,6442040000.0,FY2024H2
0171.HK,20240924,6805255000.0,FY2024H1
0171.HK,20240430,7081037000.0,FY2023H2
0171.HK,20230920,8625059000.0,FY2023H1
0173.HK,20260429,60063503000.0,FY2025H2
0173.HK,20250923,58371394000.0,FY2025H1
0173.HK,20250429,58562288000.0,FY2024H2
0173.HK,20240923,64789894000.0,FY2024H1
0173.HK,20240429,66085713000.0,FY2023H2
0173.HK,20230921,67310096999.99999,FY2023H1
0174.HK,20260423,8797235000.0,FY2025H2
0174.HK,20250904,9321697000.0,FY2025H1
0174.HK,20250410,9744597000.0,FY2024H2
0174.HK,20240829,10023228000.0,FY2024H1
0174.HK,20240425,10078184000.0,FY2023H2
0174.HK,20230831,11564961000.0,FY2023H1
0175.HK,20260427,225090815000.0,FY2025H2
0175.HK,20251117,218212000000.0,FY2025Q3
0175.HK,20250827,220912139000.0,FY2025H1
0175.HK,20250515,223757000000.0,FY2025Q1
0175.HK,20250427,183681541000.0,FY2024H2
0175.HK,20241114,170974000000.0,FY2024Q3
0175.HK,20240828,150577636000.0,FY2024H1
0175.HK,20240628,150925000000.0,FY2024Q1
0175.HK,20240425,154921836000.0,FY2023H2
0175.HK,20230831,129731848000.0,FY2023H1
0176.HK,20240930,875989000.0,FY2024H1
0176.HK,20240507,903614000.0,FY2023H2
0176.HK,20230926,1066723000.0,FY2023H1
0177.HK,20260329,95783826652.94,FY2025H2
0177.HK,20251029,92118609362.9899,FY2025Q3
0177.HK,20250828,95427332188.98,FY2025H1
0177.HK,20250428,90757029317.31001,FY2025Q1
0177.HK,20250326,89042588961.4599,FY2024H2
0177.HK,20241029,83220698830.88,FY2024Q3
0177.HK,20240827,83787149002.12,FY2024H1
0177.HK,20240428,80575030947.4899,FY2024Q1
0177.HK,20240328,77768403559.67,FY2023H2
0177.HK,20231029,78657140178.85991,FY2023Q3
0177.HK,20230827,79143448853.06001,FY2023H1
0177.HK,20230428,79012211671.91,FY2023Q1
0178.HK,20250718,2025029000.0,FY2025H2
0178.HK,20241206,2005350000.0,FY2025H1
0178.HK,20240719,2046361000.0,FY2024H2
0178.HK,20231211,2271713000.0,FY2024H1
0178.HK,20230718,1910071000.0,FY2023H2
0178.HK,20221209,1837391000.0,FY2023H1
0179.HK,20250616,3273650000.0,FY2025H2
0179.HK,20241209,3403984000.0,FY2025H1
0179.HK,20240603,3471609000.0,FY2024H2
0179.HK,20231129,3550356000.0,FY2024H1
0179.HK,20230613,3687845000.0,FY2023H2
0179.HK,20221128,3732294000.0,FY2023H1
0180.HK,20260424,2546030000.0,FY2025H2
0180.HK,20250919,2699012000.0,FY2025H1
0180.HK,20250425,2760619000.0,FY2024H2
0180.HK,20240923,2865481000.0,FY2024H1
0180.HK,20240426,2917831000.0,FY2023H2
0180.HK,20230921,2965180000.0,FY2023H1
0181.HK,20260427,314428377.0,FY2025H2
0181.HK,20250903,341950278.0,FY2025H1
0181.HK,20250430,322660759.0,FY2024H2
0181.HK,20240909,333010428.0,FY2024H1
0181.HK,20240426,350727381.0,FY2023H2
0181.HK,20230911,376295719.0,FY2023H1
0182.HK,20260427,32125763000.0,FY2025H2
0182.HK,20250905,31094184000.0,FY2025H1
0183.HK,20251023,1557939000.0,FY2025H2
0183.HK,20250310,1377623000.0,FY2025H1
0183.HK,20241024,1586788000.0,FY2024H2
0183.HK,20240313,1638851000.0,FY2024H1
0183.HK,20230313,1667796000.0,FY2023H1
0184.HK,20260424,5754087000.0,FY2025H2
0184.HK,20250924,5476802000.0,FY2025H1
0184.HK,20250424,5546670000.0,FY2024H2
0184.HK,20240926,5418027000.0,FY2024H1
0184.HK,20240424,5598512000.0,FY2023H2
0184.HK,20230927,5420780000.0,FY2023H1
0185.HK,20260421,32786542999.999996,FY2025H2
0185.HK,20250912,37503524000.0,FY2025H1
0185.HK,20250429,39180184000.0,FY2024H2
0185.HK,20241212,43519009000.0,FY2024H1
0185.HK,20230911,60848493000.0,FY2023H1
0186.HK,20250721,2860000000.0,FY2025H2
0186.HK,20241211,2892000000.0,FY2025H1
0186.HK,20240731,3960000000.0,FY2024H2
0186.HK,20231218,4885000000.0,FY2024H1
0186.HK,20230726,7663000000.0,FY2023H2
0186.HK,20221214,8332000000.0,FY2023H1
0187.HK,20260327,2420260698.8900003,FY2025H2
0187.HK,20251030,2426882636.31,FY2025Q3
0187.HK,20250815,2545139041.94,FY2025H1
0187.HK,20250429,2485868858.2999997,FY2025Q1
0187.HK,20250328,2507044891.4100003,FY2024H2
0187.HK,20241030,2369793838.6799903,FY2024Q3
0187.HK,20240816,2467387725.6,FY2024H1
0187.HK,20240429,2253722254.33,FY2024Q1
0187.HK,20240328,2213498707.33,FY2023H2
0187.HK,20231030,2085797192.1399999,FY2023Q3
0187.HK,20230816,2157264372.4899898,FY2023H1
0187.HK,20230428,2041147914.79,FY2023Q1
0188.HK,20251024,832613000.0,FY2025H2
0188.HK,20250321,774605000.0,FY2025H1
0188.HK,20241029,644483000.0,FY2024H2
0188.HK,20240321,687581000.0,FY2024H1
0188.HK,20231027,764847000.0,FY2023H2
0188.HK,20230323,800405000.0,FY2023H1
0189.HK,20260423,18250243000.0,FY2025H2
0189.HK,20250911,18149042000.0,FY2025H1
0189.HK,20250422,18025607000.0,FY2024H2
0189.HK,20240926,18171781000.0,FY2024H1
0189.HK,20240429,19102424000.0,FY2023H2
0189.HK,20230915,18739391000.0,FY2023H1
0191.HK,20251119,63259370000.0,FY2025H2
0191.HK,20250414,65731592999.99999,FY2025H1
0191.HK,20241113,66805455000.0,FY2024H2
0191.HK,20240418,70762380000.0,FY2024H1
0191.HK,20231116,72613013000.0,FY2023H2
0191.HK,20230420,76177529000.0,FY2023H1
0193.HK,20251127,773312000.0,FY2025H2
0193.HK,20250410,761806000.0,FY2025H1
0193.HK,20241128,615052000.0,FY2024H2
0193.HK,20240418,621567000.0,FY2024H1
0193.HK,20231129,595135000.0,FY2023H2
0193.HK,20230418,617527000.0,FY2023H1
0194.HK,20260416,12608796000.0,FY2025H2
0194.HK,20250829,12717086000.0,FY2025H1
0194.HK,20250408,12830067000.0,FY2024H2
0194.HK,20240830,13451203000.0,FY2024H1
0194.HK,20240411,13840742000.0,FY2023H2
0194.HK,20230831,14248883000.0,FY2023H1
0195.HK,20251204,1414164000.0,FY2024H1
0195.HK,20240418,1463210000.0,FY2023H2
0195.HK,20230904,1218399000.0,FY2023H1
0196.HK,20260427,11338662000.0,FY2025H2
0196.HK,20250926,11110721000.0,FY2025H1
0196.HK,20250429,10665224000.0,FY2024H2
0196.HK,20240926,11090389000.0,FY2024H1
0196.HK,20240425,11022393000.0,FY2023H2
0196.HK,20230927,11650512000.0,FY2023H1
0197.HK,20251028,590174000.0,FY2025H2
0197.HK,20250327,772466000.0,FY2025H1
0197.HK,20241030,787029000.0,FY2024H2
0197.HK,20240327,936051000.0,FY2024H1
0197.HK,20231030,951679000.0,FY2023H2
0197.HK,20230330,1008908000.0,FY2023H1
0199.HK,20250728,2753112000.0,FY2025H2
0199.HK,20241223,3162961000.0,FY2025H1
0199.HK,20240725,3798002000.0,FY2024H2
0199.HK,20231227,4406473000.0,FY2024H1
0199.HK,20230727,4672962000.0,FY2023H2
0199.HK,20221228,5273870000.0,FY2023H1
0200.HK,20260428,69280251000.0,FY2025H2
0200.HK,20250925,70366146000.0,FY2025H1
0200.HK,20250428,70420899000.0,FY2024H2
0200.HK,20240925,71996434000.0,FY2024H1
0200.HK,20240426,73346520000.0,FY2023H2
0200.HK,20230926,76873852000.0,FY2023H1
0201.HK,20260428,4745223000.0,FY2025H2
0201.HK,20250923,4851228000.0,FY2025H1
0201.HK,20250424,4799189000.0,FY2024H2
0201.HK,20240917,4888669000.0,FY2024H1
0201.HK,20240423,4977127000.0,FY2023H2
0201.HK,20230913,5022179000.0,FY2023H1
0202.HK,20250728,1298876000.0,FY2025H2
0202.HK,20241218,1337048000.0,FY2025H1
0202.HK,20240716,1539758000.0,FY2024H2
0202.HK,20231215,1661000000.0,FY2024H1
0202.HK,20230726,2497625000.0,FY2023H2
0202.HK,20221216,2626799000.0,FY2023H1
0204.HK,20250730,205569000.0,FY2025H2
0204.HK,20241227,305703000.0,FY2025H1
0204.HK,20240729,345452000.0,FY2024H2
0204.HK,20231228,307423000.0,FY2024H1
0204.HK,20230730,273320000.0,FY2023H2
0204.HK,20221216,224858000.0,FY2023H1
0205.HK,20260429,374239000.0,FY2025H2
0205.HK,20250930,315285000.0,FY2025H1
0205.HK,20250430,303580000.0,FY2024H2
0205.HK,20240927,300438000.0,FY2024H1
0205.HK,20240430,337919000.0,FY2023H2
0205.HK,20230929,350572000.0,FY2023H1
0206.HK,20260430,201481000.0,FY2025H2
0206.HK,20250915,209214000.0,FY2025H1
0206.HK,20250416,225908000.0,FY2024H2
0206.HK,20240916,236495000.0,FY2024H1
0206.HK,20240418,252446000.0,FY2023H2
0206.HK,20230914,250281000.0,FY2023H1
0207.HK,20250925,112727451000.0,FY2025H1
0207.HK,20250425,114695482000.0,FY2024H2
0207.HK,20240917,121563946000.0,FY2024H1
0207.HK,20240423,122575397000.0,FY2023H2
0207.HK,20230915,127145919000.0,FY2023H1
0209.HK,20260429,283249000.0,FY2025H2
0209.HK,20250929,288373000.0,FY2025H1
0209.HK,20250430,297622000.0,FY2024H2
0209.HK,20240917,379539000.0,FY2024H1
0209.HK,20240429,294250000.0,FY2023H2
0209.HK,20230915,384445000.0,FY2023H1
0210.HK,20260409,500915000.0,FY2025H2
0210.HK,20250902,543006000.0,FY2025H1
0210.HK,20250409,455002000.0,FY2024H2
0210.HK,20240903,421068000.0,FY2024H1
0210.HK,20240410,450202000.0,FY2023H2
0210.HK,20230905,463548328.71362996,FY2023H1
0211.HK,20250729,214864000.0,FY2025H2
0211.HK,20241213,207721000.0,FY2025H1
0211.HK,20240729,195898000.0,FY2024H2
0211.HK,20231215,220440000.0,FY2024H1
0211.HK,20230727,242325000.0,FY2023H2
0211.HK,20221228,233204000.0,FY2023H1
0212.HK,20260415,4431325000.0,FY2025H2
0212.HK,20250916,5074304000.0,FY2025H1
0212.HK,20250411,4426411000.0,FY2024H2
0212.HK,20240910,4970176000.0,FY2024H1
0212.HK,20240408,5176157000.0,FY2023H2
0212.HK,20230912,5257253000.0,FY2023H1
0213.HK,20250731,8977800447.0,FY2025H2
0213.HK,20241213,8616773000.0,FY2025H1
0213.HK,20240731,8104301751.0,FY2024H2
0213.HK,20231214,8080250000.0,FY2024H1
0213.HK,20230728,7654732126.0,FY2023H2
0213.HK,20221214,7334975000.0,FY2023H1
0214.HK,20250730,30521468000.0,FY2025H2
0214.HK,20241230,33237869000.0,FY2025H1
0214.HK,20240730,34397609000.0,FY2024H2
0214.HK,20231229,36672738000.0,FY2024H1
0214.HK,20230728,39255443000.0,FY2023H2
0214.HK,20221229,34797517000.0,FY2023H1
0215.HK,20260401,10540000000.0,FY2025H2
0215.HK,20250826,10744000000.0,FY2025H1
0215.HK,20250402,8532000000.0,FY2024H2
0215.HK,20240820,11114000000.0,FY2024H1
0215.HK,20240403,10346000000.0,FY2023H2
0215.HK,20230816,11647000000.0,FY2023H1
0216.HK,20250728,18967056000.0,FY2025H2
0216.HK,20241227,19792677000.0,FY2025H1
0216.HK,20240729,19199601000.0,FY2024H2
0216.HK,20231227,19199185000.0,FY2024H1
0216.HK,20230726,19507346000.0,FY2023H2
0216.HK,20221228,18543383000.0,FY2023H1
0217.HK,20260424,7227508000.0,FY2025H2
0217.HK,20250929,4080167000.0,FY2025H1
0217.HK,20250429,4033205000.0,FY2024H2
0217.HK,20240913,4273830000.0,FY2024H1
0217.HK,20240424,4939477000.0,FY2023H2
0217.HK,20230914,4467409000.0,FY2023H1
0218.HK,20260427,12078589000.0,FY2025H2
0218.HK,20250930,10939594000.0,FY2025H1
0218.HK,20250430,8268975000.0,FY2024H2
0218.HK,20240923,11052301000.0,FY2024H1
0218.HK,20240425,11159221000.0,FY2023H2
0218.HK,20230925,13920449000.0,FY2023H1
0219.HK,20260428,8989235000.0,FY2025H2
0219.HK,20250923,9183221000.0,FY2025H1
0219.HK,20250424,9289397000.0,FY2024H2
0219.HK,20240917,9594792000.0,FY2024H1
0219.HK,20240423,9567583000.0,FY2023H2
0219.HK,20230913,9681677000.0,FY2023H1
0220.HK,20260427,24036950000.0,FY2025H2
0220.HK,20250820,18848292000.0,FY2025H1
0220.HK,20250429,19952754000.0,FY2024H2
0220.HK,20240820,19081631000.0,FY2024H1
0220.HK,20240425,19621367000.0,FY2023H2
0220.HK,20230822,20459915000.0,FY2023H1
0222.HK,20260417,-620325000.0,FY2025H2
0222.HK,20250908,-636871000.0,FY2025H1
0222.HK,20250414,-572021000.0,FY2024H2
0222.HK,20240912,-638462000.0,FY2024H1
0222.HK,20240419,-415415000.0,FY2023H2
0222.HK,20230919,-724926000.0,FY2023H1
0223.HK,20251118,114171000.0,FY2025H2
0223.HK,20240718,228527000.0,FY2024H2
0223.HK,20231211,90493000.0,FY2024H1
0223.HK,20230727,75867000.0,FY2023H2
0223.HK,20221212,83812000.0,FY2023H1
0224.HK,20250730,10822117000.0,FY2025H2
0224.HK,20241230,10913885000.0,FY2025H1
0224.HK,20240730,11001118000.0,FY2024H2
0224.HK,20231228,11102471000.0,FY2024H1
0224.HK,20230728,10885929000.0,FY2023H2
0224.HK,20221229,11021477000.0,FY2023H1
0225.HK,20251223,4721358000.0,FY2025H2
0225.HK,20250528,4836438000.0,FY2025H1
0225.HK,20241217,4962881000.0,FY2024H2
0225.HK,20240606,5344926000.0,FY2024H1
0225.HK,20231222,5565325000.0,FY2023H2
0225.HK,20230607,5780473000.0,FY2023H1
0226.HK,20250828,3441369000.0,FY2025H1
0226.HK,20250429,12819226000.0,FY2024H2
0226.HK,20240927,13673097000.0,FY2024H1
0226.HK,20240429,14634843000.0,FY2023H2
0226.HK,20230928,14413696000.0,FY2023H1
0227.HK,20260424,4762853000.0,FY2025H2
0227.HK,20250922,4183336000.0000005,FY2025H1
0227.HK,20250417,3474470000.0,FY2024H2
0227.HK,20240926,3857804000.0,FY2024H1
0227.HK,20240422,3999598000.0,FY2023H2
0227.HK,20230925,4097171000.0000005,FY2023H1
0228.HK,20260429,2308727000.0,FY2025H2
0228.HK,20250925,2288313000.0,FY2025H1
0228.HK,20250430,2236189000.0,FY2024H2
0228.HK,20240926,2275011000.0,FY2024H1
0228.HK,20240430,2321217000.0,FY2023H2
0228.HK,20230928,2342623000.0,FY2023H1
0229.HK,20260424,621978000.0,FY2025H2
0229.HK,20250924,556351000.0,FY2025H1
0230.HK,20250910,37371154000.0,FY2025H1
0230.HK,20250424,38191379000.0,FY2024H2
0230.HK,20240912,44641362000.0,FY2024H1
0230.HK,20240422,50156634000.0,FY2023H2
0230.HK,20230911,52509389000.0,FY2023H1
0232.HK,20260428,3490087000.0,FY2025H2
0232.HK,20250925,3816859000.0,FY2025H1
0232.HK,20250429,3697697000.0,FY2024H2
0232.HK,20240924,3777411000.0,FY2024H1
0232.HK,20240429,3718806000.0,FY2023H2
0232.HK,20230914,3471816000.0,FY2023H1
0234.HK,20250717,1887426000.0,FY2025H2
0234.HK,20241216,1415670000.0,FY2025H1
0234.HK,20240710,1863437000.0,FY2024H2
0234.HK,20231212,1448810000.0,FY2024H1
0234.HK,20230719,1802536000.0,FY2023H2
0234.HK,20221215,1432452000.0,FY2023H1
0235.HK,20260429,539721000.0,FY2025H2
0235.HK,20250929,533636999.99999994,FY2025H1
0235.HK,20250429,526508000.00000006,FY2024H2
0235.HK,20240927,879915000.0,FY2024H1
0235.HK,20240429,834380000.0,FY2023H2
0235.HK,20230928,924375000.0,FY2023H1
0236.HK,20260331,503962000.0,FY2025H2
0236.HK,20250829,526085000.00000006,FY2025H1
0236.HK,20250328,524308000.0,FY2024H2
0236.HK,20240830,616318000.0,FY2024H1
0236.HK,20240328,621085000.0,FY2023H2
0236.HK,20230825,597299000.0,FY2023H1
0237.HK,20250709,3728320000.0,FY2025H2
0237.HK,20241213,4013889000.0,FY2025H1
0237.HK,20240710,4027642000.0,FY2024H2
0237.HK,20231220,4105696000.0,FY2024H1
0237.HK,20230712,3957228000.0,FY2023H2
0237.HK,20221209,4007297000.0,FY2023H1
0239.HK,20260429,497107000.0,FY2025H2
0239.HK,20250918,508494000.0,FY2025H1
0239.HK,20250417,567536000.0,FY2024H2
0239.HK,20240912,582786000.0,FY2024H1
0239.HK,20240418,641952000.0,FY2023H2
0239.HK,20230915,684098000.0,FY2023H1
0240.HK,20260428,5813459000.0,FY2025H2
0240.HK,20250918,6234327000.0,FY2025H1
0240.HK,20250416,6914011000.0,FY2024H2
0240.HK,20240912,6571529000.0,FY2024H1
0240.HK,20240418,6987539000.0,FY2023H2
0240.HK,20230914,6318563000.0,FY2023H1
0241.HK,20250710,18055788000.0,FY2025H2
0241.HK,20241212,11995814000.0,FY2025H1
0241.HK,20240730,15694341000.0,FY2024H2
0241.HK,20231219,11293374000.0,FY2024H1
0241.HK,20221222,10084603000.0,FY2023H1
0242.HK,20260428,46335255000.0,FY2025H2
0242.HK,20250918,41722652000.0,FY2025H1
0242.HK,20250425,42394019000.0,FY2024H2
0242.HK,20240919,43970485000.0,FY2024H1
0242.HK,20240426,45187713000.0,FY2023H2
0242.HK,20230919,46021238000.0,FY2023H1
0243.HK,20250829,387022000.0,FY2025H2
0243.HK,20250102,435597000.0,FY2025H1
0243.HK,20240830,402747000.0,FY2024H2
0243.HK,20240108,430212000.0,FY2024H1
0243.HK,20230828,459529000.0,FY2023H2
0243.HK,20230112,541490000.0,FY2023H1
0244.HK,20260423,279202000.0,FY2025H2
0244.HK,20250916,341296000.0,FY2025H1
0244.HK,20250428,332995000.0,FY2024H2
0244.HK,20240919,510639000.0,FY2024H1
0244.HK,20240425,499922000.0,FY2023H2
0244.HK,20230921,510448000.0,FY2023H1
0245.HK,20260430,2135136000.0,FY2025H2
0245.HK,20250929,2944523000.0,FY2025H1
0245.HK,20250430,970324000.0,FY2024H2
0245.HK,20240927,880808000.0,FY2024H1
0245.HK,20240430,895026000.0,FY2023H2
0245.HK,20230921,913168000.0,FY2023H1
0247.HK,20250925,166365000000.0,FY2025H2
0247.HK,20250314,164246000000.0,FY2025H1
0247.HK,20240926,163437000000.0,FY2024H2
0247.HK,20240311,159329783328.0,FY2024H1
0247.HK,20230928,159596952733.0,FY2023H2
0247.HK,20230309,157070875220.0,FY2023H1
0248.HK,20250722,351751000.0,FY2025H2
0248.HK,20241219,369769000.0,FY2025H1
0248.HK,20240723,392486000.0,FY2024H2
0248.HK,20231220,407607000.0,FY2024H1
0248.HK,20230718,392033000.0,FY2023H2
0248.HK,20221219,383895000.0,FY2023H1
0251.HK,20260423,8929070000.0,FY2025H2
0251.HK,20250926,9098628000.0,FY2025H1
0251.HK,20250425,8659606000.0,FY2024H2
0251.HK,20240924,9189454000.0,FY2024H1
0251.HK,20240425,9698094000.0,FY2023H2
0251.HK,20230925,10701850000.0,FY2023H1
0252.HK,20250725,1519158471.0,FY2025H2
0252.HK,20241213,1607528352.0,FY2025H1
0252.HK,20240730,1563653555.0,FY2024H2
0252.HK,20231215,1384551040.0,FY2024H1
0252.HK,20221216,1374106127.0,FY2023H1
0253.HK,20260428,8953981000.0,FY2025H2
0253.HK,20250923,9145555000.0,FY2025H1
0253.HK,20250424,9245406000.0,FY2024H2
0253.HK,20240917,9550834000.0,FY2024H1
0253.HK,20240423,9524173000.0,FY2023H2
0253.HK,20230913,9615116000.0,FY2023H1
0254.HK,20251023,431024000.0,FY2025H2
0254.HK,20250310,376918000.0,FY2025H1
0254.HK,20241030,399837000.0,FY2024H2
0254.HK,20240318,225579000.0,FY2024H1
0254.HK,20231030,198883000.0,FY2023H3
0254.HK,20230303,278894000.0,FY2023H2
0254.HK,20220831,297413000.0,FY2023H1
0255.HK,20260402,1229242000.0,FY2025H2
0255.HK,20250827,1366973000.0,FY2025H1
0255.HK,20250403,1424978000.0,FY2024H2
0255.HK,20240828,1527300000.0,FY2024H1
0255.HK,20240409,1664227000.0,FY2023H2
0255.HK,20230830,1719028000.0,FY2023H1
0256.HK,20260429,15585665000.0,FY2025H2
0256.HK,20250929,17886378000.0,FY2025H1
0256.HK,20250429,13208289000.0,FY2024H2
0256.HK,20240927,15097627000.0,FY2024H1
0256.HK,20240429,11618903000.0,FY2023H2
0256.HK,20230928,13990082000.0,FY2023H1
0257.HK,20260423,82306977000.0,FY2025H2
0257.HK,20250916,85552634000.0,FY2025H1
0257.HK,20250425,81468166000.0,FY2024H2
0257.HK,20240916,83103093000.0,FY2024H1
0257.HK,20240426,81864070000.0,FY2023H2
0257.HK,20230919,80996969000.0,FY2023H1
0258.HK,20260429,21246090000.0,FY2025H2
0258.HK,20250924,20023480000.0,FY2025H1
0258.HK,20250428,18475249000.0,FY2024H2
0258.HK,20240925,17408564000.0,FY2024H1
0258.HK,20240425,14799326000.0,FY2023H2
0258.HK,20230921,14352737000.0,FY2023H1
0259.HK,20250724,3748614000.0,FY2025H2
0259.HK,20241223,2985399000.0,FY2025H1
0259.HK,20231222,2680912000.0,FY2024H1
0259.HK,20230726,2808865000.0,FY2023H2
0259.HK,20221228,2601965000.0,FY2023H1
0260.HK,20240830,580337000.0,FY2024H1
0260.HK,20240628,593246000.0,FY2023H2
0261.HK,20260430,500422000.0,FY2025H2
0261.HK,20250910,665290000.0,FY2025H1
0261.HK,20250423,645111000.0,FY2024H2
0261.HK,20240926,588537000.0,FY2024H1
0261.HK,20240426,611173000.0,FY2023H2
0261.HK,20230927,682851000.0,FY2023H1
0262.HK,20250717,1650557000.0,FY2025H2
0262.HK,20241205,1786166000.0,FY2025H1
0262.HK,20240711,1772515000.0,FY2024H2
0262.HK,20231205,1716560000.0,FY2024H1
0262.HK,20230720,2238372000.0,FY2023H2
0262.HK,20221206,2149543000.0,FY2023H1
0264.HK,20260430,11981000.0,FY2025H2
0264.HK,20250930,20976000.0,FY2025H1
0264.HK,20250430,10049000.0,FY2024H2
0264.HK,20240930,6532000.0,FY2024H1
0264.HK,20240430,13036000.0,FY2023H2
0264.HK,20230929,18800000.0,FY2023H1
0265.HK,20260423,529493000.00000006,FY2025H2
0265.HK,20250926,540207000.0,FY2025H1
0265.HK,20250424,544293000.0,FY2024H2
0265.HK,20240926,559484000.0,FY2024H1
0265.HK,20240424,613363000.0,FY2023H2
0265.HK,20230921,620943000.0,FY2023H1
0266.HK,20250724,7421534000.0,FY2025H2
0266.HK,20241216,7574715000.0,FY2025H1
0266.HK,20240725,8173803000.0,FY2024H2
0266.HK,20231214,8352163000.0,FY2024H1
0266.HK,20230727,7981662000.0,FY2023H2
0266.HK,20221215,8491253000.000001,FY2023H1
0267.HK,20260421,-107198000000.0,FY2025H2
0267.HK,20250916,-97584000000.0,FY2025H1
0267.HK,20250417,-130443000000.0,FY2024H2
0267.HK,20240916,-100321000000.0,FY2024H1
0267.HK,20240422,-119364000000.0,FY2023H2
0267.HK,20230918,-122989000000.0,FY2023H1
0268.HK,20260423,12499649000.0,FY2025H2
0268.HK,20250905,11567737000.0,FY2025H1
0268.HK,20250423,12028402000.0,FY2024H2
0268.HK,20240906,11611727000.0,FY2024H1
0268.HK,20240419,10953900000.0,FY2023H2
0268.HK,20230908,10467251000.0,FY2023H1
0269.HK,20250731,6039355000.0,FY2025H2
0269.HK,20241224,6313738000.0,FY2025H1
0269.HK,20241211,6287220000.0,FY2024H2
0269.HK,20221223,9185285000.0,FY2023H1
0270.HK,20260424,67066763000.00001,FY2025H2
0270.HK,20251027,,FY2025Q3
0270.HK,20250925,65388374000.0,FY2025H1
0270.HK,20250428,103851333000.0,FY2024H2
0270.HK,20241029,,FY2024Q3
0270.HK,20240923,106729301000.0,FY2024H1
0270.HK,20240425,,FY2024Q1
0270.HK,20240424,107362683000.0,FY2023H2
0270.HK,20231026,,FY2023Q3
0270.HK,20230922,109061801000.0,FY2023H1
0270.HK,20230427,,FY2023Q1
0271.HK,20260422,2184781000.0,FY2025H2
0271.HK,20250917,2323769000.0,FY2025H1
0271.HK,20250417,2362737000.0,FY2024H2
0271.HK,20240919,2446266000.0,FY2024H1
0271.HK,20240424,2473473000.0,FY2023H2
0271.HK,20230914,1468485000.0,FY2023H1
0272.HK,20260423,76012000000.0,FY2025H2
0272.HK,20250924,77464000000.0,FY2025H1
0272.HK,20250423,84951000000.0,FY2024H2
0272.HK,20240926,90858000000.0,FY2024H1
0272.HK,20240419,93204000000.0,FY2023H2
0272.HK,20230919,90690000000.0,FY2023H1
0273.HK,20230914,3372752000.0,FY2023H1
0274.HK,20250102,295661000.0,FY2025H1
0274.HK,20240730,391738000.0,FY2024H3
0274.HK,20240320,335089000.0,FY2024H2
0274.HK,20230915,265262000.0,FY2024H1
0276.HK,20250724,2781741000.0,FY2025H2
0276.HK,20241219,4032310000.0,FY2025H1
0276.HK,20240718,4117535000.0,FY2024H2
0276.HK,20231220,2762662000.0,FY2024H1
0276.HK,20230720,2740563000.0,FY2023H2
0276.HK,20221228,3448289000.0,FY2023H1
0277.HK,20250718,2351078000.0,FY2025H2
0277.HK,20241205,2376453000.0,FY2025H1
0277.HK,20240718,2394773000.0,FY2024H2
0277.HK,20231207,2498586000.0,FY2024H1
0277.HK,20230720,2582565000.0,FY2023H2
0277.HK,20221214,2672111000.0,FY2023H1
0278.HK,20231221,987247756.0,FY2024H1
0278.HK,20230726,1026961414.0000001,FY2023H2
0278.HK,20221223,1078178205.0,FY2023H1
0279.HK,20250730,12364000.0,FY2025H2
0279.HK,20241230,12854000.0,FY2025H1
0279.HK,20240730,12300000.0,FY2024H2
0279.HK,20231229,13790000.0,FY2024H1
0279.HK,20230731,11793000.0,FY2023H2
0279.HK,20221230,28602000.0,FY2023H1
0280.HK,20250724,729883000.0,FY2025H2
0280.HK,20241218,765031000.0,FY2025H1
0280.HK,20240730,686085000.0,FY2024H2
0280.HK,20231220,617357000.0,FY2024H1
0280.HK,20230720,553124000.0,FY2023H2
0280.HK,20221221,602790000.0,FY2023H1
0285.HK,20260422,65698339000.00001,FY2025H2
0285.HK,20251030,,FY2025Q3
0285.HK,20250829,65147838000.0,FY2025H1
0285.HK,20250425,,FY2025Q1
0285.HK,20250424,78933523000.0,FY2024H2
0285.HK,20241030,,FY2024Q3
0285.HK,20240828,73378147000.0,FY2024H1
0285.HK,20240429,,FY2024Q1
0285.HK,20240426,72319602000.0,FY2023H2
0285.HK,20231030,,FY2023Q3
0285.HK,20230828,52513181000.0,FY2023H1
0285.HK,20230427,,FY2023Q1
0286.HK,20240930,1384201000.0,FY2024H1
0286.HK,20240430,1430524000.0,FY2023H2
0286.HK,20230929,1648775000.0,FY2023H1
0287.HK,20250724,882215272.0,FY2025H2
0287.HK,20241216,950288000.0,FY2025H1
0287.HK,20240725,959653166.0,FY2024H2
0287.HK,20231212,983943000.0,FY2024H1
0287.HK,20230720,1031771956.9999999,FY2023H2
0287.HK,20221214,1037239000.0,FY2023H1
0288.HK,20260415,17333000000.0,FY2025H2
0288.HK,20250918,16854000000.0,FY2025H1
0288.HK,20250415,15602000000.0,FY2024H2
0288.HK,20240919,15948000000.0,FY2024H1
0288.HK,20240415,15912000000.0,FY2023H2
0288.HK,20230921,16171000000.0,FY2023H1
0289.HK,20260423,16143959000.0,FY2025H2
0289.HK,20250919,15927592000.0,FY2025H1
0289.HK,20250424,16437476999.999998,FY2024H2
0289.HK,20240924,17498820000.0,FY2024H1
0289.HK,20240426,18000981000.0,FY2023H2
0289.HK,20230921,18043448000.0,FY2023H1
0290.HK,20250728,749528000.0,FY2025H2
0290.HK,20241218,599296000.0,FY2025H1
0290.HK,20240711,574843000.0,FY2024H2
0290.HK,20231213,249165000.0,FY2024H1
0290.HK,20230728,257551000.0,FY2023H2
0290.HK,20221215,245730000.0,FY2023H1
0291.HK,20260423,47786000000.0,FY2025H2
0291.HK,20250909,45995000000.0,FY2025H1
0291.HK,20250417,48686000000.0,FY2024H2
0291.HK,20240910,48612000000.0,FY2024H1
0291.HK,20240424,49198000000.0,FY2023H2
0291.HK,20230906,47342000000.0,FY2023H1
0292.HK,20240730,3463013000.0,FY2024H2
0292.HK,20231229,3830886000.0,FY2024H1
0292.HK,20230728,4664401000.0,FY2023H2
0292.HK,20221229,3994324000.0,FY2023H1
0293.HK,20260409,153385000000.0,FY2025H2
0293.HK,20250822,151808000000.0,FY2025H1
0293.HK,20250407,150587000000.0,FY2024H2
0293.HK,20240823,150610000000.0,FY2024H1
0293.HK,20240402,150998000000.0,FY2023H2
0293.HK,20230824,155729000000.0,FY2023H1
0294.HK,20250731,901365000.0,FY2025H2
0294.HK,20241223,901868000.0,FY2025H1
0294.HK,20240731,905472000.0,FY2024H2
0294.HK,20231221,1077510000.0,FY2024H1
0294.HK,20230731,1015347000.0,FY2023H2
0294.HK,20221223,977291000.0,FY2023H1
0295.HK,20260428,4094116000.0,FY2025H2
0295.HK,20250918,4417875000.0,FY2025H1
0295.HK,20250430,4561224000.0,FY2024H2
0295.HK,20240920,4890997000.0,FY2024H1
0295.HK,20240429,5150995000.0,FY2023H2
0295.HK,20230922,5431547000.0,FY2023H1
0296.HK,20250714,4183759000.0,FY2025H2
0296.HK,20241216,4612062000.0,FY2025H1
0296.HK,20240717,4262594000.0,FY2024H2
0296.HK,20231213,4514407000.0,FY2024H1
0296.HK,20230720,4457385000.0,FY2023H2
0296.HK,20221209,4391233000.0,FY2023H1
0297.HK,20260427,19806382000.0,FY2025H2
0297.HK,20250911,15911535000.0,FY2025H1
0297.HK,20250425,17452626000.0,FY2024H2
0297.HK,20240911,15172262000.0,FY2024H1
0297.HK,20240425,17221631000.0,FY2023H2
0297.HK,20230914,15288579000.0,FY2023H1
0298.HK,20250724,3427700000.0,FY2025H2
0298.HK,20241212,3493333000.0,FY2025H1
0298.HK,20240724,4346601000.0,FY2024H2
0298.HK,20231214,3561056000.0,FY2024H1
0298.HK,20230725,3906280000.0,FY2023H2
0298.HK,20221215,3910543000.0,FY2023H1
0299.HK,20250929,7257517000.0,FY2025H1
0299.HK,20250430,7243575000.0,FY2024H2
0299.HK,20240927,8927364000.0,FY2024H1
0299.HK,20240426,11123755000.0,FY2023H2
0299.HK,20230928,12340946000.0,FY2023H1
0300.HK,20260424,505726449000.0,FY2025H2
0300.HK,20250915,521625922000.0,FY2025H1
0300.HK,20250424,519708986000.0,FY2024H2
0300.HK,20240909,424654974000.0,FY2024H1
0301.HK,20260429,900653000.0,FY2025H2
0301.HK,20250917,852595000.0,FY2025H1
0301.HK,20250425,814137000.0,FY2024H2
0301.HK,20240912,800818000.0,FY2024H1
0301.HK,20240425,735156000.0,FY2023H2
0301.HK,20230921,746746000.0,FY2023H1
0302.HK,20260423,2874416000.0,FY2025H2
0302.HK,20250903,3771058000.0,FY2025H1
0302.HK,20250424,4467763000.0,FY2024H2
0302.HK,20240904,5640460000.0,FY2024H1
0302.HK,20240423,5819256000.0,FY2023H2
0302.HK,20230906,5751484000.0,FY2023H1
0303.HK,20250612,947500000.0,FY2025H2
0303.HK,20241128,1250000000.0,FY2025H1
0303.HK,20240621,904100000.0,FY2024H2
0303.HK,20231201,1210600000.0,FY2024H1
0303.HK,20230614,1083800000.0,FY2023H2
0303.HK,20221128,1407900000.0,FY2023H1
0305.HK,20260428,8756091000.0,FY2025H2
0305.HK,20250908,9888795000.0,FY2025H1
0305.HK,20250428,10608572000.0,FY2024H2
0305.HK,20240829,10402356000.0,FY2024H1
0305.HK,20240424,12433979000.0,FY2023H2
0305.HK,20230911,13181066000.0,FY2023H1
0306.HK,20250729,4260100000.0000005,FY2025H2
0306.HK,20241227,4112674000.0,FY2025H1
0306.HK,20240729,4106189000.0000005,FY2024H2
0306.HK,20231227,4019553000.0,FY2024H1
0306.HK,20230727,4045746000.0,FY2023H2
0306.HK,20221223,4252606000.0,FY2023H1
0308.HK,20260429,13975133000.0,FY2025H2
0308.HK,20250915,20971067000.0,FY2025H1
0308.HK,20250422,20733276000.0,FY2024H2
0308.HK,20240916,21087203000.0,FY2024H1
0308.HK,20240422,20996365000.0,FY2023H2
0308.HK,20230919,19657721000.0,FY2023H1
0309.HK,20250728,98758000.0,FY2025H2
0309.HK,20241224,113867000.0,FY2025H1
0309.HK,20240730,96457000.0,FY2024H2
0309.HK,20231218,105741000.0,FY2024H1
0309.HK,20230728,105672000.0,FY2023H2
0309.HK,20221215,97534000.0,FY2023H1
0310.HK,20260429,20369000.0,FY2025H2
0310.HK,20250925,87000.0,FY2025H1
0310.HK,20250905,232000.0,FY2024H2
0310.HK,20240912,6022000.0,FY2024H1
0310.HK,20240603,10041000.0,FY2023H2
0310.HK,20230829,18186000.0,FY2023H1
0311.HK,20260423,334061000.0,FY2025H2
0311.HK,20250915,365848000.0,FY2025H1
0311.HK,20250416,348792000.0,FY2024H2
0311.HK,20240917,388835000.0,FY2024H1
0311.HK,20240423,356897000.0,FY2023H2
0311.HK,20231019,403057000.0,FY2023H1
0312.HK,20260430,1516641000.0,FY2025H2
0312.HK,20250926,1714875000.0,FY2025H1
0312.HK,20250430,2033340000.0,FY2024H2
0312.HK,20240927,2138315999.9999998,FY2024H1
0312.HK,20240430,2193064000.0,FY2023H2
0312.HK,20230926,2428546000.0,FY2023H1
0313.HK,20250731,1658960000.0,FY2025H2
0313.HK,20241231,1854796000.0,FY2025H1
0313.HK,20240731,1861495000.0,FY2024H2
0313.HK,20231227,1917759000.0,FY2024H1
0313.HK,20230728,2000631000.0,FY2023H2
0313.HK,20221229,2020081000.0,FY2023H1
0314.HK,20260424,1337763000.0,FY2025H2
0314.HK,20250926,1569443000.0,FY2025H1
0314.HK,20250429,1995820000.0,FY2024H2
0314.HK,20240924,2586611000.0,FY2024H1
0314.HK,20240412,2268962000.0,FY2023H2
0314.HK,20230926,2430249000.0,FY2023H1
0315.HK,20251009,9238149000.0,FY2025H2
0315.HK,20250328,9246689000.0,FY2025H1
0315.HK,20241007,9573713000.0,FY2024H2
0315.HK,20240327,9646724000.0,FY2024H1
0315.HK,20230926,9711550000.0,FY2023H2
0315.HK,20230330,11830812000.0,FY2023H1
0316.HK,20260422,11425867000.0,FY2025H2
0316.HK,20250917,11183697000.0,FY2025H1
0316.HK,20250416,9864910000.0,FY2024H2
0316.HK,20240919,9472423000.0,FY2024H1
0316.HK,20240424,8886997000.0,FY2023H2
0316.HK,20230913,8685274000.0,FY2023H1
0317.HK,20260327,43340411004.24,FY2025H2
0317.HK,20251030,41701546404.07,FY2025Q3
0317.HK,20250828,40882436562.770004,FY2025H1
0317.HK,20250429,38770376623.09,FY2025Q1
0317.HK,20250328,44967477435.39,FY2024H2
0317.HK,20241029,38638350989.07,FY2024Q3
0317.HK,20240829,39309097141.71,FY2024H1
0317.HK,20240425,36318312501.5,FY2024Q1
0317.HK,20240327,34618111227.6,FY2023H2
0317.HK,20231027,33537050527.760002,FY2023Q3
0317.HK,20230830,39261468236.1,FY2023H1
0317.HK,20230427,30446794187.86,FY2023Q1
0318.HK,20250829,562398000.0,FY2025H2
0318.HK,20250128,538802000.0,FY2025H1
0318.HK,20240830,528393000.0,FY2024H2
0318.HK,20240131,481503000.0,FY2024H1
0318.HK,20230831,470024000.0,FY2023H2
0318.HK,20230131,455148000.0,FY2023H1
0320.HK,20250717,2501878000.0,FY2025H2
0320.HK,20241212,2415028000.0,FY2025H1
0320.HK,20240705,2298555000.0,FY2024H2
0320.HK,20231207,2616330000.0,FY2024H1
0320.HK,20230724,2575225000.0,FY2023H2
0320.HK,20221208,2524132000.0,FY2023H1
0321.HK,20250721,5235776000.0,FY2025H2
0321.HK,20241210,5734881000.0,FY2025H1
0321.HK,20240722,5534480000.0,FY2024H2
0321.HK,20231214,4919110000.0,FY2024H1
0321.HK,20230718,5019186000.0,FY2023H2
0321.HK,20221206,6573622000.0,FY2023H1
0322.HK,20260427,44044959000.0,FY2025H2
0322.HK,20250825,44083882000.0,FY2025H1
0322.HK,20250423,45531547000.0,FY2024H2
0322.HK,20240902,45131234000.0,FY2024H1
0322.HK,20240425,46297278000.0,FY2023H2
0322.HK,20230829,44952264000.0,FY2023H1
0323.HK,20260325,71298140887.0,FY2025H2
0323.HK,20251030,72812441129.0,FY2025Q3
0323.HK,20250827,75227991083.0,FY2025H1
0323.HK,20250429,71599100494.0,FY2025Q1
0323.HK,20250328,73888671589.0,FY2024H2
0323.HK,20241030,74480819096.0,FY2024Q3
0323.HK,20240829,78247857475.0,FY2024H1
0323.HK,20240429,80168113117.0,FY2024Q1
0323.HK,20240328,80123658727.0,FY2023H2
0323.HK,20231027,78739735747.0,FY2023Q3
0323.HK,20230830,77984377831.0,FY2023H1
0323.HK,20230427,87772440849.0,FY2023Q1
0325.HK,20260417,1796263000.0,FY2025H2
0325.HK,20250925,922087000.0,FY2025H1
0325.HK,20250422,886029000.0,FY2024H2
0325.HK,20241231,571441000.0,FY2024H1
0326.HK,20260428,4244777000.0,FY2025H2
0326.HK,20250926,4084065000.0,FY2025H1
0326.HK,20250429,4079254000.0,FY2024H2
0326.HK,20240926,4984545000.0,FY2024H1
0326.HK,20240429,5054301000.0,FY2023H2
0326.HK,20230927,5114529000.0,FY2023H1
0327.HK,20260415,6000061000.0,FY2025H2
0327.HK,20250827,6161551000.0,FY2025H1
0327.HK,20250415,6019948000.0,FY2024H2
0327.HK,20240828,6483349000.0,FY2024H1
0327.HK,20240417,6197491000.0,FY2023H2
0327.HK,20230824,6067580000.0,FY2023H1
0328.HK,20250731,169438000.0,FY2025H2
0328.HK,20241231,169297000.0,FY2025H1
0328.HK,20240731,158555000.0,FY2024H2
0328.HK,20231219,235344000.0,FY2024H1
0328.HK,20230731,280896000.0,FY2023H2
0328.HK,20221228,291237000.0,FY2023H1
0329.HK,20260424,201990000.0,FY2025H2
0329.HK,20250918,209065000.0,FY2025H1
0329.HK,20250423,241354000.0,FY2024H2
0329.HK,20240919,202225000.0,FY2024H1
0329.HK,20240424,233630000.0,FY2023H2
0329.HK,20230926,211152000.0,FY2023H1
0330.HK,20260429,299758000.0,FY2025H2
0330.HK,20250926,338553000.0,FY2025H1
0330.HK,20250729,337000000.0,FY2024H2
0330.HK,20240926,822000000.0,FY2024H1
0330.HK,20240429,4984000000.0,FY2023H2
0330.HK,20230927,6122000000.0,FY2023H1
0331.HK,20251027,3720501000.0,FY2025H2
0331.HK,20250327,3495836000.0,FY2025H1
0331.HK,20241028,3390661000.0,FY2024H2
0331.HK,20240326,3421170000.0,FY2024H1
0331.HK,20231025,3274485000.0,FY2023H2
0331.HK,20230329,2963933000.0,FY2023H1
0332.HK,20250730,1653426000.0,FY2025H2
0332.HK,20241218,3150400000.0,FY2025H1
0332.HK,20231220,3454405000.0,FY2024H1
0332.HK,20230726,3701212000.0,FY2023H2
0332.HK,20221222,3549469000.0,FY2023H1
0333.HK,20251027,681274000.0,FY2025H2
0333.HK,20250317,751491000.0,FY2025H1
0333.HK,20241028,701093000.0,FY2024H2
0333.HK,20240314,745983000.0,FY2024H1
0333.HK,20231030,688404000.0,FY2023H2
0333.HK,20230314,704402000.0,FY2023H1
0334.HK,20260424,4132626000.0,FY2025H2
0334.HK,20250916,3842317000.0,FY2025H1
0334.HK,20250416,3467679000.0,FY2024H2
0334.HK,20240911,2834075000.0,FY2024H1
0334.HK,20240416,2505688000.0,FY2023H2
0334.HK,20230914,1903093000.0,FY2023H1
0335.HK,20250721,2847676000.0,FY2025H2
0335.HK,20241220,2771321000.0,FY2025H1
0335.HK,20240719,2761438000.0,FY2024H2
0335.HK,20231215,2545798000.0,FY2024H1
0335.HK,20230720,2554281000.0,FY2023H2
0335.HK,20221215,2644595000.0,FY2023H1
0336.HK,20260410,9199082000.0,FY2025H2
0336.HK,20250903,10303447000.0,FY2025H1
0336.HK,20250416,9439845000.0,FY2024H2
0336.HK,20240913,13254653000.0,FY2024H1
0336.HK,20240417,13462618000.0,FY2023H2
0336.HK,20230914,12699786000.0,FY2023H1
0337.HK,20260429,107912110000.0,FY2025H2
0337.HK,20250930,108896517000.0,FY2025H1
0337.HK,20250429,113774926000.0,FY2024H2
0337.HK,20240927,123052806000.0,FY2024H1
0337.HK,20240429,126518529000.0,FY2023H2
0337.HK,20230928,142527200000.0,FY2023H1
0338.HK,20260428,32293670000.0,FY2025H2
0338.HK,20251022,32216838000.0,FY2025Q3
0338.HK,20250919,33466391000.000004,FY2025H1
0338.HK,20250428,33478223000.0,FY2024H2
0338.HK,20250423,29201217000.0,FY2025Q1
0338.HK,20241023,29813485000.0,FY2024Q3
0338.HK,20240920,36847499000.0,FY2024H1
0338.HK,20240426,34657863000.0,FY2023H2
0338.HK,20240424,30893746000.0,FY2024Q1
0338.HK,20231025,32877297000.0,FY2023Q3
0338.HK,20230920,36991045000.0,FY2023H1
0338.HK,20230426,33356413000.0,FY2023Q1
0339.HK,20260424,7676133.0,FY2025H2
0339.HK,20250918,7015210.0,FY2025H1
0339.HK,20250416,5610159.0,FY2024H2
0339.HK,20240919,6875400.0,FY2024H1
0339.HK,20240425,6409353.0,FY2023H2
0339.HK,20230921,10526483.0,FY2023H1
0340.HK,20260416,5021318000.0,FY2025H2
0340.HK,20250912,3997252000.0,FY2025H1
0340.HK,20250414,3655319000.0,FY2024H2
0340.HK,20240910,3636956000.0,FY2024H1
0340.HK,20240419,3628521000.0,FY2023H2
0340.HK,20230907,2853637000.0,FY2023H1
0341.HK,20250707,4925493000.0,FY2025H2
0341.HK,20241211,5156612000.0,FY2025H1
0341.HK,20240708,5251872000.0,FY2024H2
0341.HK,20231211,5379503000.0,FY2024H1
0341.HK,20230707,5502258000.0,FY2023H2
0341.HK,20221209,5511475000.0,FY2023H1
0343.HK,20250714,75088000.0,FY2025H2
0343.HK,20241212,90539000.0,FY2025H1
0343.HK,20240717,88054000.0,FY2024H2
0343.HK,20231213,92735000.0,FY2024H1
0343.HK,20230718,101009000.0,FY2023H2
0343.HK,20221219,76232000.0,FY2023H1
0345.HK,20250717,4362047000.0,FY2025H2
0345.HK,20241213,4728057000.0,FY2025H1
0345.HK,20240712,4978322000.0,FY2024H2
0345.HK,20231208,5024586000.0,FY2024H1
0345.HK,20230720,5294734000.0,FY2023H2
0345.HK,20221208,5522599000.0,FY2023H1
0346.HK,20260421,2700205000.0,FY2025H2
0346.HK,20250916,2674950000.0,FY2025H1
0346.HK,20250423,2521324000.0,FY2024H2
0346.HK,20240916,3509439000.0,FY2024H1
0346.HK,20240424,3458354000.0,FY2023H2
0346.HK,20230914,3771581000.0,FY2023H1
0347.HK,20260330,92134000000.0,FY2025H2
0347.HK,20251030,93844000000.0,FY2025Q3
0347.HK,20250826,95287000000.0,FY2025H1
0347.HK,20250429,97205000000.0,FY2025Q1
0347.HK,20250330,96034000000.0,FY2024H2
0347.HK,20241030,95787000000.0,FY2024Q3
0347.HK,20240830,93647000000.0,FY2024H1
0347.HK,20240429,95129000000.0,FY2024Q1
0347.HK,20231030,92526000000.0,FY2023Q3
0347.HK,20230830,92032000000.0,FY2023H1
0347.HK,20230427,93257000000.0,FY2023Q1
0348.HK,20260429,115845000.0,FY2025H2
0348.HK,20250925,106006000.0,FY2025H1
0348.HK,20250428,111496000.0,FY2024H2
0348.HK,20240913,101264000.0,FY2024H1
0348.HK,20240425,133776999.99999999,FY2023H2
0348.HK,20230913,223334000.0,FY2023H1
0351.HK,20260430,92528000.0,FY2025H2
0351.HK,20250912,90158000.0,FY2025H1
0351.HK,20250422,109923000.0,FY2024H2
0351.HK,20240913,188040000.0,FY2024H1
0351.HK,20240411,204406000.0,FY2023H2
0351.HK,20230831,188201000.0,FY2023H1
0352.HK,20260429,31646000.0,FY2025H2
0352.HK,20250915,13492000.0,FY2025H1
0352.HK,20250429,24113000.0,FY2024H2
0352.HK,20240927,16120999.999999998,FY2024H1
0352.HK,20240429,19598000.0,FY2023H2
0352.HK,20230926,27477000.0,FY2023H1
0353.HK,20250725,2718656000.0,FY2025H2
0353.HK,20241224,2191345000.0,FY2025H1
0353.HK,20240730,1573946000.0,FY2024H2
0353.HK,20231221,1724671000.0,FY2024H1
0353.HK,20230730,1915709000.0,FY2023H2
0353.HK,20221222,1929778000.0,FY2023H1
0354.HK,20260427,15209009000.0,FY2025H2
0354.HK,20250828,16403220000.000002,FY2025H1
0354.HK,20250425,14452090000.0,FY2024H2
0354.HK,20240822,14512756000.0,FY2024H1
0354.HK,20240425,12429344000.0,FY2023H2
0354.HK,20230824,12647141000.0,FY2023H1
0355.HK,20260428,31966100000.0,FY2025H2
0355.HK,20250926,34548400000.0,FY2025H1
0355.HK,20250428,35232700000.0,FY2024H2
0355.HK,20240926,37226000000.0,FY2024H1
0355.HK,20230927,39565900000.0,FY2023H1
0356.HK,20260429,64441665.0,FY2025H2
0356.HK,20250922,61028630.0,FY2025H1
0356.HK,20250428,62728455.0,FY2024H2
0356.HK,20240920,71373629.0,FY2024H1
0356.HK,20240429,74792523.0,FY2023H2
0356.HK,20230925,77922738.0,FY2023H1
0357.HK,20260427,9636120192.0,FY2025H2
0357.HK,20250916,10116050705.0,FY2025H1
0357.HK,20250414,10395215263.0,FY2024H2
0357.HK,20240913,10711480616.0,FY2024H1
0357.HK,20240412,11111019441.0,FY2023H2
0357.HK,20230912,11777028781.0,FY2023H1
0358.HK,20260429,201951701000.0,FY2025H2
0358.HK,20250925,233498401000.0,FY2025H1
0358.HK,20250429,175802257000.0,FY2024H2
0358.HK,20240926,202129001000.0,FY2024H1
0358.HK,20240429,147017438000.0,FY2023H2
0358.HK,20230922,185763682000.0,FY2023H1
0360.HK,20260430,1446774000.0,FY2025H2
0360.HK,20250925,1432828000.0,FY2025H1
0360.HK,20250430,1425074000.0,FY2024H2
0360.HK,20240925,1434539000.0,FY2024H1
0360.HK,20240429,1401162000.0,FY2023H2
0360.HK,20230925,812718000.0,FY2023H1
0361.HK,20260429,339135000.0,FY2025H2
0361.HK,20250916,269937000.0,FY2025H1
0361.HK,20250429,283964000.0,FY2024H2
0361.HK,20240927,286970000.0,FY2024H1
0361.HK,20240425,276368000.0,FY2023H2
0361.HK,20230927,303431000.0,FY2023H1
0362.HK,20250228,379800000.0,FY2025H1
0362.HK,20241101,447395000.0,FY2024H2
0362.HK,20240402,675974000.0,FY2024H1
0362.HK,20231222,663731000.0,FY2023H2
0362.HK,20230323,1067907999.9999999,FY2023H1
0363.HK,20260416,116200157000.0,FY2025H2
0363.HK,20250915,118888968000.0,FY2025H1
0363.HK,20250416,124599007000.0,FY2024H2
0363.HK,20240916,125560228000.0,FY2024H1
0363.HK,20240416,128763462000.0,FY2023H2
0363.HK,20230915,124800128000.0,FY2023H1
0365.HK,20260429,622903000.0,FY2025H2
0365.HK,20250929,759986000.0,FY2025H1
0365.HK,20250429,717498000.0,FY2024H2
0365.HK,20240926,791367000.0,FY2024H1
0365.HK,20240429,773157000.0,FY2023H2
0365.HK,20230928,835402000.0,FY2023H1
0366.HK,20260410,2517815000.0,FY2025H2
0366.HK,20250910,2090081999.9999998,FY2025H1
0366.HK,20250410,2096886000.0,FY2024H2
0366.HK,20240912,2181220000.0,FY2024H1
0366.HK,20240411,2259564000.0,FY2023H2
0366.HK,20230913,2481872000.0,FY2023H1
0367.HK,20250725,10533674000.0,FY2025H2
0367.HK,20241216,11144619000.0,FY2025H1
0367.HK,20240725,11685465000.0,FY2024H2
0367.HK,20231218,11964531000.0,FY2024H1
0367.HK,20230727,12667067000.0,FY2023H2
0367.HK,20221219,13013186000.0,FY2023H1
0368.HK,20260429,917930000.0,FY2025H2
0368.HK,20250929,949034000.0,FY2025H1
0368.HK,20250429,963926000.0,FY2024H2
0368.HK,20240927,888246000.0,FY2024H1
0368.HK,20240429,792109000.0,FY2023H2
0368.HK,20230927,753266000.0,FY2023H1
0369.HK,20260424,27321100000.0,FY2025H2
0369.HK,20250916,27152400000.0,FY2025H1
0369.HK,20250428,28701000000.0,FY2024H2
0369.HK,20240919,29716100000.0,FY2024H1
0369.HK,20240422,31323400000.0,FY2023H2
0369.HK,20230914,28250800000.0,FY2023H1
0370.HK,20250730,1262978000.0,FY2025H2
0370.HK,20241220,1408870000.0,FY2025H1
0370.HK,20240729,1439328000.0,FY2024H2
0370.HK,20231220,1501015000.0,FY2024H1
0370.HK,20230728,1544099000.0,FY2023H2
0370.HK,20221229,1752390000.0,FY2023H1
0371.HK,20260427,75000021000.0,FY2025H2
0371.HK,20250925,72727101000.0,FY2025H1
0371.HK,20250428,70271669000.0,FY2024H2
0371.HK,20240926,67480859000.0,FY2024H1
0371.HK,20240426,66593958000.0,FY2023H2
0371.HK,20230927,65004973812.5191,FY2023H1
0372.HK,20250715,621129000.0,FY2025H2
0372.HK,20241216,790845000.0,FY2025H1
0372.HK,20240717,829259000.0,FY2024H2
0372.HK,20231218,1242442000.0,FY2024H1
0372.HK,20230718,959592000.0,FY2023H2
0372.HK,20221213,1192093000.0,FY2023H1
0373.HK,20260427,30909100000.0,FY2025H2
0373.HK,20250923,31049900000.0,FY2025H1
0373.HK,20250428,33583800000.000004,FY2024H2
0373.HK,20240925,31833900000.0,FY2024H1
0373.HK,20240426,27316100000.0,FY2023H2
0373.HK,20230921,28675800000.0,FY2023H1
0374.HK,20250729,2418174000.0,FY2025H2
0374.HK,20241227,2242507000.0,FY2025H1
0374.HK,20231228,2288517000.0,FY2024H1
0374.HK,20230727,2367024000.0,FY2023H2
0374.HK,20221229,2429634000.0,FY2023H1
0375.HK,20250731,462371000.0,FY2025H2
0375.HK,20241223,514707000.0,FY2025H1
0375.HK,20240731,527126000.0,FY2024H2
0375.HK,20231221,544311000.0,FY2024H1
0375.HK,20230728,535779000.0,FY2023H2
0375.HK,20221223,519535999.99999994,FY2023H1
0376.HK,20260423,-5302461000.0,FY2025H2
0376.HK,20250925,-5990759000.0,FY2025H1
0376.HK,20250424,-4373329000.0,FY2024H2
0376.HK,20240926,-4564898000.0,FY2024H1
0376.HK,20240425,-3973788000.0,FY2023H2
0376.HK,20230921,-3059315000.0,FY2023H1
0377.HK,20260331,3030814000.0,FY2025H2
0377.HK,20250903,4672457000.0,FY2025H1
0377.HK,20250429,4798219000.0,FY2024H2
0377.HK,20240904,5307356000.0,FY2024H1
0377.HK,20240429,5572605000.0,FY2023H2
0377.HK,20230905,8446744000.000001,FY2023H1
0379.HK,20260429,284502000.0,FY2025H2
0379.HK,20250918,340124000.0,FY2025H1
0379.HK,20250429,365936000.0,FY2024H2
0379.HK,20240919,405412000.0,FY2024H1
0379.HK,20240417,448862000.0,FY2023H2
0379.HK,20230927,676473000.0,FY2023H1
0380.HK,20260428,534937000.0,FY2025H2
0380.HK,20250918,581909000.0,FY2025H1
0380.HK,20250425,749877000.0,FY2024H2
0380.HK,20240920,623638000.0,FY2024H1
0380.HK,20240425,643679000.0,FY2023H2
0380.HK,20230920,655558000.0,FY2023H1
0381.HK,20260429,560731000.0,FY2025H2
0381.HK,20250930,676223000.0,FY2025H1
0381.HK,20250429,610511000.0,FY2024H2
0381.HK,20240930,673600000.0,FY2024H1
0381.HK,20240429,607474000.0,FY2023H2
0381.HK,20230929,787329000.0,FY2023H1
0382.HK,20251231,7578016000.0,FY2025H2
0382.HK,20250530,7145530000.0,FY2025H1
0382.HK,20241231,6797973000.0,FY2024H2
0382.HK,20240531,6591418000.0,FY2024H1
0382.HK,20231227,6299334000.0,FY2023H2
0382.HK,20230530,6289486000.0,FY2023H1
0383.HK,20260416,2805518000.0,FY2025H2
0383.HK,20250911,2626264000.0,FY2025H1
0383.HK,20250410,2653449000.0,FY2024H2
0383.HK,20240916,2650596000.0,FY2024H1
0383.HK,20230927,2617040000.0,FY2023H1
0384.HK,20250728,136377367999.99998,FY2025H2
0384.HK,20241220,141159858000.0,FY2025H1
0384.HK,20240725,137525035000.0,FY2024H2
0384.HK,20231219,135324625999.99998,FY2024H1
0384.HK,20230720,143622078000.0,FY2023H2
0384.HK,20221219,139852950000.0,FY2023H1
0385.HK,20260428,4803245000.0,FY2025H2
0385.HK,20250925,5031588000.0,FY2025H1
0385.HK,20250428,5025489000.0,FY2024H2
0385.HK,20240925,4845534000.0,FY2024H1
0385.HK,20240426,4487926000.0,FY2023H2
0385.HK,20230926,4209113999.9999995,FY2023H1
0386.HK,20260322,2066956000000.0,FY2025H2
0386.HK,20251029,2058805000000.0,FY2025Q3
0386.HK,20250821,2028615000000.0,FY2025H1
0386.HK,20250428,2009887000000.0,FY2025Q1
0386.HK,20250323,1983652000000.0,FY2024H2
0386.HK,20241106,1973537000000.0,FY2024Q3
0386.HK,20240825,2011913000000.0,FY2024H1
0386.HK,20240428,1974499000000.0,FY2024Q1
0386.HK,20240324,1896465000000.0,FY2023H2
0386.HK,20231026,1949477000000.0,FY2023Q3
0386.HK,20230827,1925533000000.0,FY2023H1
0387.HK,20260429,607657000.0,FY2025H2
0387.HK,20250922,742424000.0,FY2025H1
0387.HK,20250423,694467000.0,FY2024H2
0387.HK,20240913,722286000.0,FY2024H1
0387.HK,20240429,775196000.0,FY2023H2
0387.HK,20230918,836524000.0,FY2023H1
0388.HK,20260316,527868000000.0,FY2025H2
0388.HK,20251105,259064000000.0,FY2025Q3
0388.HK,20250901,218608000000.0,FY2025H1
0388.HK,20250430,209448000000.0,FY2025Q1
0388.HK,20250317,339666000000.0,FY2024H2
0388.HK,20241023,230241000000.0,FY2024Q3
0388.HK,20240902,211674000000.0,FY2024H1
0388.HK,20240424,179004000000.0,FY2024Q1
0388.HK,20240318,191095000000.0,FY2023H2
0388.HK,20231020,178760000000.0,FY2023Q3
0388.HK,20230828,184128000000.0,FY2023H1
0388.HK,20230426,182227000000.0,FY2023Q1
0389.HK,20260415,192531000.0,FY2025H2
0389.HK,20250828,180288000.0,FY2025H1
0389.HK,20250519,216679000.0,FY2024H2
0389.HK,20240429,457951000.0,FY2023H2
0389.HK,20230925,509469000.0,FY2023H1
0390.HK,20260423,1818973000000.0,FY2025H2
0390.HK,20250918,1808483000000.0,FY2025H1
0390.HK,20250422,1692125000000.0,FY2024H2
0390.HK,20240912,1558042000000.0,FY2024H1
0390.HK,20240418,1365732000000.0,FY2023H2
0390.HK,20230919,1277647000000.0,FY2023H1
0391.HK,20250730,549360000.0,FY2025H2
0391.HK,20241218,607536000.0,FY2025H1
0391.HK,20240731,638083000.0,FY2024H2
0391.HK,20231221,628098000.0,FY2024H1
0391.HK,20230728,648532000.0,FY2023H2
0391.HK,20221221,698653000.0,FY2023H1
0392.HK,20260429,165207476000.0,FY2025H2
0392.HK,20250929,167800321000.0,FY2025H1
0392.HK,20250428,160900521000.0,FY2024H2
0392.HK,20240925,164459158000.0,FY2024H1
0392.HK,20240429,157241851000.0,FY2023H2
0392.HK,20230927,158890764140.237,FY2023H1
0393.HK,20260422,2542116000.0,FY2025H2
0393.HK,20250903,2690550000.0,FY2025H1
0393.HK,20250422,2361920000.0,FY2024H2
0393.HK,20240909,2320186000.0,FY2024H1
0393.HK,20240418,1348677000.0,FY2023H2
0393.HK,20230913,896713000.0,FY2023H1
0396.HK,20260413,26746000.0,FY2025H2
0396.HK,20250829,34779000.0,FY2025H1
0396.HK,20250425,39369000.0,FY2024H2
0396.HK,20240912,140833000.0,FY2024H1
0396.HK,20240416,148760000.0,FY2023H2
0396.HK,20230912,175421000.0,FY2023H1
0397.HK,20260428,950721000.0,FY2025H2
0397.HK,20250925,974499000.0,FY2025H1
0397.HK,20250425,1021824000.0,FY2024H2
0397.HK,20240926,1123545000.0,FY2024H1
0397.HK,20240426,1113683000.0,FY2023H2
0397.HK,20230927,1231857000.0,FY2023H1
0398.HK,20250716,1407432000.0,FY2025H2
0398.HK,20241204,1475675000.0,FY2025H1
0398.HK,20240725,1434581000.0,FY2024H2
0398.HK,20231214,1411406000.0,FY2024H1
0398.HK,20230720,1520437000.0,FY2023H2
0398.HK,20221208,1551779000.0,FY2023H1
0399.HK,20250731,1081426000.0,FY2025H2
0399.HK,20241227,1378438000.0,FY2025H1
0399.HK,20240729,1379948000.0,FY2024H2
0399.HK,20231228,1381357000.0,FY2024H1
0399.HK,20230728,1382717000.0,FY2023H2
0399.HK,20221229,1387575000.0,FY2023H1
0400.HK,20260429,9260264000.0,FY2025H2
0400.HK,20250926,10161690000.0,FY2025H1
0400.HK,20250429,7587681000.0,FY2024H2
0400.HK,20240927,8025004000.0,FY2024H1
0400.HK,20230928,9967205000.0,FY2023H1
0401.HK,20250730,58497000.0,FY2025H2
0401.HK,20241128,64629999.99999999,FY2025H1
0401.HK,20240730,74378000.0,FY2024H2
0401.HK,20231130,110414000.0,FY2024H1
0401.HK,20230725,114479000.0,FY2023H2
0401.HK,20221129,113024000.0,FY2023H1
0403.HK,20250717,643360000.0,FY2025H2
0403.HK,20241206,768885000.0,FY2025H1
0403.HK,20240717,674007000.0,FY2024H2
0403.HK,20231212,675602000.0,FY2024H1
0403.HK,20230717,710473000.0,FY2023H2
0403.HK,20221209,708728000.0,FY2023H1
0406.HK,20250721,5825621000.0,FY2025H2
0406.HK,20241212,5462964000.0,FY2025H1
0406.HK,20240715,4835915000.0,FY2024H2
0406.HK,20231212,4433079000.0,FY2024H1
0406.HK,20230717,4132261999.9999995,FY2023H2
0406.HK,20221208,3866413000.0,FY2023H1
0408.HK,20260429,5872741000.0,FY2025H2
0408.HK,20250912,5674694000.0,FY2025H1
0408.HK,20250425,5348314000.0,FY2024H2
0408.HK,20240913,5483785000.0,FY2024H1
0408.HK,20240426,5671012000.0,FY2023H2
0408.HK,20230907,5264700000.0,FY2023H1
0410.HK,20260430,67098278000.00001,FY2025H2
0410.HK,20250925,67532526000.0,FY2025H1
0410.HK,20250428,67473110000.0,FY2024H2
0410.HK,20240919,67354717999.99999,FY2024H1
0410.HK,20240422,67779352000.0,FY2023H2
0410.HK,20230913,68224628000.0,FY2023H1
0411.HK,20251014,1890798000.0,FY2025H2
0411.HK,20250312,1866590000.0,FY2025H1
0411.HK,20241014,1840153000.0,FY2024H2
0411.HK,20240318,2053288000.0,FY2024H1
0411.HK,20231010,1968139000.0,FY2023H2
0411.HK,20230309,2196275000.0,FY2023H1
0412.HK,20260423,19740399000.0,FY2025H2
0412.HK,20250925,22966846000.0,FY2025H1
0412.HK,20250427,20857809000.0,FY2024H2
0412.HK,20240919,20412427438.5245,FY2024H1
0412.HK,20230927,22539385320.137802,FY2023H1
0413.HK,20260422,11326453000.0,FY2025H2
0413.HK,20250911,12641365000.0,FY2025H1
0413.HK,20250415,12344454000.0,FY2024H2
0413.HK,20240912,12769429000.0,FY2024H1
0413.HK,20240423,12716641000.0,FY2023H2
0413.HK,20230914,13040213000.0,FY2023H1
0417.HK,20250722,1552819000.0,FY2025H2
0417.HK,20241204,2118572999.9999998,FY2025H1
0417.HK,20240723,2181305000.0,FY2024H2
0417.HK,20231212,2538268000.0,FY2024H1
0417.HK,20230720,2495936000.0,FY2023H2
0417.HK,20221212,2506572000.0,FY2023H1
0418.HK,20260415,612074000.0,FY2025H2
0418.HK,20250917,667731000.0,FY2025H1
0418.HK,20250416,639056000.0,FY2024H2
0418.HK,20240919,725884000.0,FY2024H1
0418.HK,20240418,717396000.0,FY2023H2
0418.HK,20230914,732533000.0,FY2023H1
0419.HK,20260421,309396000.0,FY2025H2
0419.HK,20250910,369191000.0,FY2025H1
0419.HK,20250416,325476000.0,FY2024H2
0419.HK,20240926,457758000.0,FY2024H1
0419.HK,20240416,472052000.0,FY2023H2
0419.HK,20230907,513587999.99999994,FY2023H1
0420.HK,20260429,3510334000.0,FY2025H2
0420.HK,20250905,3696150000.0,FY2025H1
0420.HK,20250425,3700116000.0,FY2024H2
0420.HK,20240906,3997686000.0,FY2024H1
0420.HK,20240426,3895712000.0,FY2023H2
0420.HK,20230907,3944561000.0,FY2023H1
0422.HK,20260429,74470610.0,FY2025H2
0422.HK,20251112,54587165.0,FY2025Q3
0422.HK,20250904,95564462.0,FY2025H1
0422.HK,20250513,52655860.0,FY2025Q1
0422.HK,20250430,89079688.0,FY2024H2
0422.HK,20241112,44805989.0,FY2024Q3
0422.HK,20240902,77842727.0,FY2024H1
0422.HK,20240513,48581061.0,FY2024Q1
0422.HK,20231110,62463633.0,FY2023Q3
0422.HK,20230921,115166453.0,FY2023H1
0422.HK,20230510,73477214.0,FY2023Q1
0423.HK,20250625,817649000.0,FY2025H2
0423.HK,20241205,944430000.0,FY2025H1
0423.HK,20240705,956546000.0,FY2024H2
0423.HK,20231130,915470000.0,FY2024H1
0423.HK,20230706,981713000.0,FY2023H2
0423.HK,20221201,1007769000.0,FY2023H1
0425.HK,20260429,37370330000.0,FY2025H2
0425.HK,20250926,36017763000.0,FY2025H1
0425.HK,20250427,35216386000.0,FY2024H2
0425.HK,20240925,31910483000.0,FY2024H1
0425.HK,20240428,32340576000.0,FY2023H2
0425.HK,20230920,30323084000.0,FY2023H1
0426.HK,20250715,11909000.0,FY2025H2
0426.HK,20250227,11169000.0,FY2025Q3
0426.HK,20241212,11356000.0,FY2025H1
0426.HK,20240829,11106000.0,FY2025Q1
0426.HK,20240716,13511000.0,FY2024H2
0426.HK,20240228,15181000.0,FY2024Q3
0426.HK,20231214,13438000.0,FY2024H1
0426.HK,20230829,17609000.0,FY2024Q1
0426.HK,20230718,17999000.0,FY2023H2
0426.HK,20230227,17735000.0,FY2023Q3
0426.HK,20221216,14851000.0,FY2023H1
0426.HK,20220829,20352000.0,FY2023Q1
0428.HK,20260424,183164000.0,FY2025H2
0428.HK,20250925,155817000.0,FY2025H1
0428.HK,20250425,147265000.0,FY2024H2
0428.HK,20240925,193003000.0,FY2024H1
0428.HK,20240429,195223000.0,FY2023H2
0428.HK,20230921,165291000.0,FY2023H1
0430.HK,20260427,23154000.0,FY2025H2
0430.HK,20250922,17853000.0,FY2025H1
0430.HK,20250425,16192000.0,FY2024H2
0430.HK,20240926,6246000.0,FY2024H1
0430.HK,20240426,1783000.0,FY2023H2
0430.HK,20230922,1235000.0,FY2023H1
0431.HK,20260424,116042000.0,FY2025H1
0431.HK,20260424,121183000.0,FY2025H2
0431.HK,20260213,94852000.0,FY2024H2
0431.HK,20240923,337256000.0,FY2024H1
0431.HK,20240429,382535000.0,FY2023H2
0431.HK,20230928,753300000.0,FY2023H1
0432.HK,20260305,10655000000.0,FY2025H2
0432.HK,20250828,10426000000.0,FY2025H1
0432.HK,20250327,10205000000.0,FY2024H2
0432.HK,20240829,9695000000.0,FY2024H1
0432.HK,20240327,10156000000.0,FY2023H2
0432.HK,20230830,10599000000.0,FY2023H1
0433.HK,20260430,1125467000.0,FY2025H2
0433.HK,20250926,1506205000.0,FY2025H1
0433.HK,20250430,1523018000.0,FY2024H2
0433.HK,20240927,1674539000.0,FY2024H1
0433.HK,20240501,1753006000.0,FY2023H2
0433.HK,20230922,1899756000.0,FY2023H1
0434.HK,20260430,3292178000.0,FY2025Q4
0434.HK,20251117,4141386000.0000005,FY2025Q3
0434.HK,20250925,3493473000.0,FY2025Q2
0434.HK,20250529,2890966000.0,FY2025Q1
0434.HK,20241121,2101563999.9999998,FY2024Q3
0434.HK,20240925,2175984000.0,FY2024Q2
0434.HK,20240523,1639609000.0,FY2024Q1
0434.HK,20240327,1184412000.0,FY2023Q4
0434.HK,20231123,1655148000.0,FY2023Q3
0434.HK,20230919,1692820000.0,FY2023Q2
0434.HK,20230525,1658867000.0,FY2023Q1
0436.HK,20260417,957275000.0,FY2025H2
0436.HK,20250902,985103000.0,FY2025H1
0436.HK,20250417,993792000.0,FY2024H2
0436.HK,20240904,1033885000.0,FY2024H1
0436.HK,20240419,1082059000.0,FY2023H2
0436.HK,20230829,1135920000.0,FY2023H1
0438.HK,20260428,7991029962.65,FY2025H2
0438.HK,20250925,8027029600.15,FY2025H1
0438.HK,20250417,8351808022.37,FY2024H2
0438.HK,20240920,8106718896.96,FY2024H1
0438.HK,20240419,7805333909.7300005,FY2023H2
0438.HK,20230921,6516365125.059999,FY2023H1
0439.HK,20260427,3031325000.0,FY2025H2
0439.HK,20250924,2867735000.0,FY2025H1
0439.HK,20250429,3054372000.0,FY2024H2
0439.HK,20240919,1698573000.0,FY2024H1
0439.HK,20240429,1570185000.0,FY2023H2
0439.HK,20230921,1487022000.0,FY2023H1
0440.HK,20260428,,FY2025H2
0440.HK,20250915,,FY2025H1
0440.HK,20250428,,FY2024H2
0440.HK,20240923,,FY2024H1
0440.HK,20240425,,FY2023H2
0440.HK,20230918,,FY2023H1
0442.HK,20250716,46178000.0,FY2025H2
0442.HK,20241211,62045000.0,FY2025H1
0442.HK,20240725,55796000.0,FY2024H2
0442.HK,20231211,56108000.0,FY2024H1
0442.HK,20230731,48008000.0,FY2023H2
0442.HK,20221213,32747000.0,FY2023H1
0444.HK,20241227,788036000.0,FY2025H1
0444.HK,20240729,511129000.0,FY2024H2
0444.HK,20231213,620729000.0,FY2024H1
0444.HK,20230927,685940000.0,FY2023H2
0444.HK,20221209,861886000.0,FY2023H1
0450.HK,20260428,2708084000.0,FY2025H2
0450.HK,20250912,2861804000.0,FY2025H1
0450.HK,20250424,2718291000.0,FY2024H2
0450.HK,20240913,2982570000.0,FY2024H1
0450.HK,20240422,3000518000.0,FY2023H2
0450.HK,20230915,2856452000.0,FY2023H1
0451.HK,20260428,4803010000.0,FY2025H2
0451.HK,20250929,5006125000.0,FY2025H1
0451.HK,20250428,4350449000.0,FY2024H2
0451.HK,20240919,4663405000.0,FY2024H1
0451.HK,20240422,4587103000.0,FY2023H2
0451.HK,20230920,10130407000.0,FY2023H1
0455.HK,20260429,603126000.0,FY2025H2
0455.HK,20250926,595358000.0,FY2025H1
0455.HK,20250430,588943000.0,FY2024H2
0455.HK,20240926,619617000.0,FY2024H1
0455.HK,20240425,659619000.0,FY2023H2
0455.HK,20230926,684703000.0,FY2023H1
0456.HK,20260429,1516450000.0,FY2025H2
0456.HK,20250905,1643039000.0,FY2025H1
0456.HK,20250429,1601338000.0,FY2024H2
0456.HK,20240927,1682198000.0,FY2024H1
0456.HK,20240429,1718612000.0,FY2023H2
0456.HK,20230927,1937043000.0,FY2023H1
0458.HK,20260423,2508342000.0,FY2025H2
0458.HK,20250912,2845794000.0,FY2025H1
0458.HK,20250424,2679454000.0,FY2024H2
0458.HK,20240916,2938658000.0,FY2024H1
0458.HK,20240425,2825044000.0,FY2023H2
0458.HK,20230918,2812082000.0,FY2023H1
0459.HK,20250918,1328275000.0,FY2025H1
0459.HK,20250425,1349770000.0,FY2024H2
0459.HK,20240926,1491397000.0,FY2024H1
0459.HK,20240425,1472258000.0,FY2023H2
0459.HK,20230927,1465554000.0,FY2023H1
0460.HK,20260427,8581389999.999999,FY2025H2
0460.HK,20250915,7363060000.0,FY2025H1
0460.HK,20250428,8353571000.0,FY2024H2
0460.HK,20240923,7514718000.0,FY2024H1
0460.HK,20240426,8476441999.999999,FY2023H2
0460.HK,20230926,8038944000.0,FY2023H1
0464.HK,20250731,68077000.0,FY2025H2
0464.HK,20241213,108793000.0,FY2025H1
0464.HK,20240731,109237000.0,FY2024H2
0464.HK,20231213,61600000.0,FY2024H1
0464.HK,20230731,63896000.0,FY2023H2
0464.HK,20221208,114817000.0,FY2023H1
0465.HK,20260428,90359000.0,FY2025H2
0465.HK,20250918,99565000.0,FY2025H1
0465.HK,20250429,104522000.0,FY2024H2
0465.HK,20240919,136948000.0,FY2024H1
0465.HK,20240430,138039000.0,FY2023H2
0465.HK,20230914,170548000.0,FY2023H1
0467.HK,20260429,25453292000.0,FY2025H2
0467.HK,20250929,23041068000.0,FY2025H1
0467.HK,20250429,23184604000.0,FY2024H2
0467.HK,20240926,22919952000.0,FY2024H1
0467.HK,20240429,22501871000.0,FY2023H2
0467.HK,20230925,27482664000.0,FY2023H1
0468.HK,20260428,2893332000.0,FY2025H2
0468.HK,20260421,3066479000.0,FY2024H2
0468.HK,20260421,3000914000.0,FY2025H1
0468.HK,20240913,3148539000.0,FY2024H1
0468.HK,20240422,3117619000.0,FY2023H2
0468.HK,20230914,3342756000.0,FY2023H1
0470.HK,20260428,32901288999.999996,FY2025Q4
0470.HK,20260202,33295510000.000004,FY2025Q3
0471.HK,20260429,39074000.0,FY2025H2
0471.HK,20250930,36085000.0,FY2025H1
0471.HK,20250429,35504000.0,FY2024H2
0471.HK,20240927,43129000.0,FY2024H1
0471.HK,20240429,44058000.0,FY2023H2
0471.HK,20230928,111272000.0,FY2023H1
0472.HK,20260424,931712000.0,FY2025H2
0472.HK,20250926,984244000.0,FY2025H1
0472.HK,20250425,1007073000.0,FY2024H2
0472.HK,20240926,1631708000.0,FY2024H1
0472.HK,20240426,1774529000.0,FY2023H2
0472.HK,20230913,1779460000.0,FY2023H1
0474.HK,20250730,3105000000.0,FY2025H2
0474.HK,20241220,4079000000.0,FY2025H1
0474.HK,20240726,4427000000.0,FY2024H2
0474.HK,20231220,5129000000.0,FY2024H1
0474.HK,20221229,5497000000.0,FY2023H1
0475.HK,20250730,246862000.0,FY2025H2
0475.HK,20241212,261903000.00000003,FY2025H1
0475.HK,20240718,243032000.0,FY2024H2
0475.HK,20231214,239936000.0,FY2024H1
0475.HK,20230720,242893000.0,FY2023H2
0475.HK,20221215,200234000.0,FY2023H1
0476.HK,20250730,957240000.0,FY2025H2
0476.HK,20241213,1320341000.0,FY2025H1
0476.HK,20240722,1325803000.0,FY2024H2
0476.HK,20231228,1501476000.0,FY2024H1
0476.HK,20230727,1689783000.0,FY2023H2
0476.HK,20221221,1761340000.0,FY2023H1
0480.HK,20250714,41143300000.0,FY2025H2
0480.HK,20241204,40801000000.0,FY2025H1
0480.HK,20240711,40218900000.0,FY2024H2
0480.HK,20231207,39134600000.0,FY2024H1
0480.HK,20230711,40689800000.0,FY2023H2
0480.HK,20221201,39805900000.0,FY2023H1
0482.HK,20260430,617472000.0,FY2025H2
0482.HK,20251030,792263000.0,FY2025H1
0482.HK,20251017,777761000.0,FY2024H2
0482.HK,20240927,927987000.0,FY2024H1
0482.HK,20240430,746252000.0,FY2023H2
0482.HK,20230927,782039000.0,FY2023H1
0483.HK,20250718,205604000.0,FY2025H2
0483.HK,20241210,205024000.0,FY2025H1
0483.HK,20240715,174084000.0,FY2024H2
0483.HK,20231207,212486000.0,FY2024H1
0483.HK,20230714,139078000.0,FY2023H2
0483.HK,20221205,130726000.0,FY2023H1
0484.HK,20260428,357297000.0,FY2025H2
0484.HK,20250919,391781000.0,FY2025H1
0484.HK,20250428,355136000.0,FY2024H2
0484.HK,20240926,499935000.0,FY2024H1
0484.HK,20240424,459816000.0,FY2023H2
0484.HK,20230925,542347000.0,FY2023H1
0485.HK,20250731,227353000.0,FY2025H2
0485.HK,20241220,257690000.0,FY2025H1
0485.HK,20240731,257553999.99999997,FY2024H2
0485.HK,20231222,271090000.0,FY2024H1
0485.HK,20230731,303033000.0,FY2023H2
0485.HK,20221230,321468000.0,FY2023H1
0486.HK,20260318,23508000000.0,FY2025H2
0486.HK,20250815,22928000000.0,FY2025H1
0486.HK,20250314,20698000000.0,FY2024H2
0486.HK,20240829,20707000000.0,FY2024H1
0486.HK,20240315,19377000000.0,FY2023H2
0486.HK,20230815,19938000000.0,FY2023H1
0487.HK,20260429,1011611000.0,FY2025H2
0487.HK,20250926,1378576000.0,FY2025H1
0487.HK,20250429,1379138000.0,FY2024H2
0487.HK,20240926,1298404000.0,FY2024H1
0487.HK,20240429,1331167000.0,FY2023H2
0487.HK,20230927,1302740000.0,FY2023H1
0488.HK,20251119,60475611000.0,FY2025H2
0488.HK,20250414,62917194000.0,FY2025H1
0488.HK,20241113,63902967000.0,FY2024H2
0488.HK,20240418,67818652000.0,FY2024H1
0488.HK,20231116,69591108000.0,FY2023H2
0488.HK,20230420,73165958000.0,FY2023H1
0489.HK,20250926,251216000000.0,FY2025H1
0489.HK,20250429,246044000000.0,FY2024H2
0489.HK,20240927,245108000000.0,FY2024H1
0489.HK,20230927,250848000000.0,FY2023H1
0491.HK,20251017,533943999.99999994,FY2025H2
0491.HK,20250307,666816000.0,FY2025H1
0491.HK,20241017,754151000.0,FY2024H2
0491.HK,20240307,1260327000.0,FY2024H1
0491.HK,20231019,1320410000.0,FY2023H2
0491.HK,20230309,1417863000.0,FY2023H1
0493.HK,20260430,15661436000.0,FY2025H2
0493.HK,20250926,20095003000.0,FY2025H1
0493.HK,20250430,21080190000.0,FY2024H2
0493.HK,20240926,27811199000.0,FY2024H1
0493.HK,20240426,29849197000.0,FY2023H2
0493.HK,20230922,33969555999.999996,FY2023H1
0495.HK,20251030,537636000.0,FY2025H2
0495.HK,20250328,648238000.0,FY2025H1
0495.HK,20241030,669218000.0,FY2024H2
0495.HK,20240328,778141000.0,FY2024H1
0495.HK,20231027,781216000.0,FY2023H2
0495.HK,20230328,791030000.0,FY2023H1
0496.HK,20260427,6469591000.0,FY2025H2
0496.HK,20250925,6302035000.0,FY2025H1
0496.HK,20250428,5990929000.0,FY2024H2
0496.HK,20240926,5625029000.0,FY2024H1
0496.HK,20240426,5415236000.0,FY2023H2
0496.HK,20230927,5292907000.0,FY2023H1
0497.HK,20250729,12980373000.0,FY2025H2
0497.HK,20241219,13592750000.0,FY2025H1
0497.HK,20240726,15891149000.0,FY2024H2
0497.HK,20231220,16841103000.0,FY2024H1
0497.HK,20230728,17049359000.0,FY2023H2
0497.HK,20221221,17333915000.0,FY2023H1
0498.HK,20250728,926384000.0,FY2025H2
0498.HK,20241220,788355000.0,FY2025H1
0498.HK,20240726,964562000.0,FY2024H2
0498.HK,20231218,1367282000.0,FY2024H1
0498.HK,20230727,1178045000.0,FY2023H2
0498.HK,20221222,10386655000.0,FY2023H1
0499.HK,20260429,536491999.99999994,FY2025H2
0499.HK,20250926,522046000.00000006,FY2025H1
0499.HK,20250424,546536000.0,FY2024H2
0499.HK,20240926,1179026000.0,FY2024H1
0499.HK,20240429,1088761000.0,FY2023H2
0499.HK,20230928,989656000.0,FY2023H1
0500.HK,20260429,546134000.0,FY2025H2
0500.HK,20250925,741194000.0,FY2025H1
0500.HK,20250429,747166000.0,FY2024H2
0500.HK,20240924,822489000.0,FY2024H1
0500.HK,20240429,858346000.0,FY2023H2
0500.HK,20230921,917263000.0,FY2023H1
0501.HK,20251231,28879406000.0,FY2025Q3
0503.HK,20230913,121766000.0,FY2023H1
0505.HK,20260429,5990559000.0,FY2025H2
0505.HK,20250929,5689096000.0,FY2025H1
0505.HK,20250429,4992856000.0,FY2024H2
0505.HK,20240927,4780452000.0,FY2024H1
0505.HK,20240429,4220817000.0,FY2023H2
0505.HK,20230928,4123515000.0000005,FY2023H1
0506.HK,20260428,11989079000.0,FY2025H2
0506.HK,20250919,13702331000.0,FY2025H1
0506.HK,20250428,11737164000.0,FY2024H2
0506.HK,20240912,13350196000.0,FY2024H1
0506.HK,20240425,12085793000.0,FY2023H2
0506.HK,20230921,11966394000.0,FY2023H1
0508.HK,20250729,2356806000.0,FY2025H2
0508.HK,20241227,2583088000.0,FY2025H1
0508.HK,20240725,2530247000.0,FY2024H2
0508.HK,20231218,2641317000.0,FY2024H1
0508.HK,20230728,3738935000.0,FY2023H2
0508.HK,20221216,3622507000.0,FY2023H1
0509.HK,20240910,2989577000.0,FY2024H1
0509.HK,20240429,3161107000.0,FY2023H2
0509.HK,20230907,3782323000.0,FY2023H1
0510.HK,20260423,621489000.0,FY2025H2
0510.HK,20250916,688665000.0,FY2025H1
0510.HK,20250424,595627000.0,FY2024H2
0510.HK,20240903,631447000.0,FY2024H1
0510.HK,20240425,652783000.0,FY2023H2
0510.HK,20230911,758407000.0,FY2023H1
0511.HK,20260423,4665109000.0,FY2025H2
0511.HK,20250918,4670359000.0,FY2025H1
0511.HK,20250424,4798224000.0,FY2024H2
0511.HK,20240912,5276825000.0,FY2024H1
0511.HK,20240424,5505166000.0,FY2023H2
0511.HK,20230914,5803023000.0,FY2023H1
0512.HK,20260429,24347559000.0,FY2025H2
0512.HK,20250924,24183038000.0,FY2025H1
0512.HK,20250318,22350445000.0,FY2024H2
0512.HK,20240925,23054911000.0,FY2024H1
0512.HK,20240426,20586996000.0,FY2023H2
0512.HK,20230926,21138481000.0,FY2023H1
0513.HK,20251030,2792721000.0,FY2025H2
0513.HK,20250317,3136287000.0,FY2025H1
0513.HK,20241028,3317749000.0,FY2024H2
0513.HK,20240318,3614287000.0,FY2024H1
0513.HK,20231025,3625824000.0,FY2023H2
0513.HK,20230316,3728324000.0,FY2023H1
0515.HK,20250328,673550000.0,FY2024H2
0515.HK,20240927,677601000.0,FY2024H1
0515.HK,20240429,691101000.0,FY2023H2
0515.HK,20230921,662823000.0,FY2023H1
0517.HK,20260424,4718210000.0,FY2025H2
0517.HK,20250918,4878547000.0,FY2025H1
0517.HK,20250424,3395492000.0,FY2024H2
0517.HK,20240924,3787108000.0,FY2024H1
0517.HK,20240425,2949370000.0,FY2023H2
0517.HK,20230920,9158429000.0,FY2023H1
0518.HK,20250729,416141000.0,FY2025H2
0518.HK,20241211,412527000.0,FY2025H1
0518.HK,20240729,389608000.0,FY2024H2
0518.HK,20231211,353197000.0,FY2024H1
0518.HK,20230727,374351000.0,FY2023H2
0518.HK,20221208,407603000.0,FY2023H1
0519.HK,20251030,1198838000.0,FY2025H2
0519.HK,20250320,1134398000.0,FY2025H1
0519.HK,20241029,1226002000.0,FY2024H2
0519.HK,20240321,1226838000.0,FY2024H1
0519.HK,20231030,1279209000.0,FY2023H2
0519.HK,20230321,1237986000.0,FY2023H1
0520.HK,20260416,2471748000.0,FY2025H2
0520.HK,20250925,2682981000.0,FY2025H1
0520.HK,20250417,2983848000.0,FY2024H2
0520.HK,20240926,3256330000.0,FY2024H1
0520.HK,20240424,3986905000.0,FY2023H2
0520.HK,20230927,4206388000.0,FY2023H1
0521.HK,20260428,31176678000.0,FY2025H2
0521.HK,20250918,27393320000.0,FY2025H1
0521.HK,20250411,25360503000.0,FY2024H2
0521.HK,20240919,26070140000.0,FY2024H1
0521.HK,20240412,23439389000.0,FY2023H2
0521.HK,20230927,27196985000.0,FY2023H1
0522.HK,20260409,20743252000.0,FY2025Q4
0522.HK,20250828,20306881000.0,FY2025Q2
0522.HK,20250331,18284161000.0,FY2024Q4
0522.HK,20240912,18621721000.0,FY2024Q2
0522.HK,20240402,18553869000.0,FY2023Q4
0522.HK,20230830,19072972000.0,FY2023Q2
0524.HK,20260427,53259000.0,FY2025H2
0524.HK,20250827,65312000.0,FY2025H1
0524.HK,20250424,60442000.0,FY2024H2
0524.HK,20240826,64827000.0,FY2024H1
0524.HK,20240424,66721000.0,FY2023H2
0524.HK,20230906,79164000.0,FY2023H1
0525.HK,20260330,32516056620.0,FY2025H2
0525.HK,20251030,33835694319.000004,FY2025Q3
0525.HK,20250828,33537761239.0,FY2025H1
0525.HK,20250429,33573039060.000004,FY2025Q1
0525.HK,20250327,34351100223.0,FY2024H2
0525.HK,20241030,34332937001.0,FY2024Q3
0525.HK,20240828,34660271465.0,FY2024H1
0525.HK,20240429,34690105662.0,FY2024Q1
0525.HK,20240412,35454486000.0,FY2023H2
0525.HK,20231030,35229514397.0,FY2023Q3
0525.HK,20230913,34853625000.0,FY2023H1
0525.HK,20230427,35178699425.0,FY2023Q1
0526.HK,20250730,3222137000.0,FY2025H2
0526.HK,20241227,3088078000.0,FY2025H1
0526.HK,20240731,3518052000.0,FY2024H2
0526.HK,20231228,3718063000.0,FY2024H1
0526.HK,20230727,3417269000.0,FY2023H2
0526.HK,20221228,3370627000.0,FY2023H1
0527.HK,20260429,2402317000.0,FY2025H2
0527.HK,20250929,2490732000.0,FY2025H1
0527.HK,20250429,2234802000.0,FY2024H2
0527.HK,20240926,1511497000.0,FY2024H1
0527.HK,20240429,1479957000.0,FY2023H2
0527.HK,20230927,1570020000.0,FY2023H1
0528.HK,20260420,2546062000.0,FY2025H2
0528.HK,20250908,2347232000.0,FY2025H1
0528.HK,20250423,2884138000.0,FY2024H2
0528.HK,20240913,3129113000.0,FY2024H1
0528.HK,20240423,2828364000.0,FY2023H2
0528.HK,20230913,2920592000.0,FY2023H1
0529.HK,20260427,7492235000.0,FY2025H2
0529.HK,20250929,7679961000.0,FY2025H1
0529.HK,20250428,7226104000.0,FY2024H2
0529.HK,20240926,6969784000.0,FY2024H1
0529.HK,20240425,7467160000.0,FY2023H2
0529.HK,20230926,7644275000.0,FY2023H1
0531.HK,20240905,460538000.0,FY2024H1
0531.HK,20240411,471508000.0,FY2023H2
0531.HK,20230907,496639000.0,FY2023H1
0532.HK,20260428,2456916000.0,FY2025H2
0532.HK,20250929,2606907000.0,FY2025H1
0532.HK,20250429,2438208000.0,FY2024H2
0532.HK,20240927,2594511000.0,FY2024H1
0532.HK,20240429,2665314000.0,FY2023H2
0532.HK,20230928,2848078000.0,FY2023H1
0533.HK,20260420,4844806000.0,FY2025H2
0533.HK,20250826,5036979000.0,FY2025H1
0533.HK,20250428,4830085000.0,FY2024H2
0533.HK,20240927,4885860000.0,FY2024H1
0533.HK,20240416,4924657000.0,FY2023H2
0533.HK,20230831,5010022000.0,FY2023H1
0535.HK,20260424,60439672000.0,FY2025H2
0535.HK,20250909,66363922000.00001,FY2025H1
0535.HK,20250423,74170638000.0,FY2024H2
0535.HK,20240917,,FY2024H1
0535.HK,20240321,,FY2023H2
0535.HK,20230915,,FY2023H1
0536.HK,20260423,516830000.00000006,FY2025H2
0536.HK,20250909,469359000.0,FY2025H1
0536.HK,20250408,449876000.0,FY2024H2
0536.HK,20240916,357719000.0,FY2024H1
0536.HK,20240415,259269999.99999997,FY2023H2
0536.HK,20230907,169732000.0,FY2023H1
0538.HK,20260428,2313220000.0,FY2025H2
0538.HK,20250917,2326844000.0,FY2025H1
0538.HK,20250428,2356267000.0,FY2024H2
0538.HK,20240920,2319322000.0,FY2024H1
0538.HK,20240429,2352521000.0,FY2023H2
0538.HK,20230918,2391257000.0,FY2023H1
0540.HK,20260424,164636000.0,FY2025H2
0540.HK,20250919,116851000.0,FY2025H1
0540.HK,20250425,195968000.0,FY2024H2
0540.HK,20240920,245609000.0,FY2024H1
0540.HK,20240419,164788000.0,FY2023H2
0540.HK,20230920,170666000.0,FY2023H1
0542.HK,20260429,2246725000.0,FY2025H2
0542.HK,20250926,3062945000.0,FY2025H1
0542.HK,20250429,3070183000.0,FY2024H2
0542.HK,20240926,3343874000.0,FY2024H1
0542.HK,20240429,3375165000.0,FY2023H2
0542.HK,20230918,3323866000.0,FY2023H1
0543.HK,20260413,694860000.0,FY2025H2
0543.HK,20250909,627055000.0,FY2025H1
0543.HK,20250411,718809000.0,FY2024H2
0543.HK,20240909,674532000.0,FY2024H1
0543.HK,20240409,774323000.0,FY2023H2
0543.HK,20230912,710352000.0,FY2023H1
0544.HK,20260423,471696000.0,FY2025H2
0544.HK,20250926,488146000.0,FY2025H1
0544.HK,20250424,528499000.0,FY2024H2
0544.HK,20240925,190751000.0,FY2024H1
0544.HK,20230919,175824000.0,FY2023H1
0546.HK,20260423,30143485000.0,FY2025H2
0546.HK,20250922,27409447000.0,FY2025H1
0546.HK,20250423,26187702000.0,FY2024H2
0546.HK,20240923,24903600000.0,FY2024H1
0546.HK,20240426,25466723000.0,FY2023H2
0546.HK,20230921,19622659000.0,FY2023H1
0547.HK,20260427,778702000.0,FY2025H2
0547.HK,20250922,799669000.0,FY2025H1
0547.HK,20250428,415368000.0,FY2024H2
0547.HK,20240920,455330000.0,FY2024H1
0547.HK,20240422,367700000.0,FY2023H2
0547.HK,20230918,458949000.0,FY2023H1
0548.HK,20260325,62300328955.97,FY2025H2
0548.HK,20251030,63890106901.229996,FY2025Q3
0548.HK,20250822,62587611894.75,FY2025H1
0548.HK,20250429,61577462583.72,FY2025Q1
0548.HK,20250321,59429437546.93,FY2024H2
0548.HK,20241030,60233266396.51,FY2024Q3
0548.HK,20240823,58442084588.0,FY2024H1
0548.HK,20240426,61448077828.1,FY2024Q1
0548.HK,20240322,60141556507.41,FY2023H2
0548.HK,20230825,62206252562.63,FY2023H1
0548.HK,20230427,62569744499.48,FY2023Q1
0550.HK,20260429,17849000.0,FY2025H2
0550.HK,20250912,13429000.0,FY2025H1
0550.HK,20250825,28799000.0,FY2024H2
0550.HK,20230929,269101000.0,FY2023H1
0551.HK,20260421,6634980000.0,FY2025H2
0551.HK,20250908,6509216000.0,FY2025H1
0551.HK,20250422,6362357000.0,FY2024H2
0551.HK,20240909,6249687000.0,FY2024H1
0551.HK,20240422,6176778000.0,FY2023H2
0551.HK,20230907,6168630000.0,FY2023H1
0552.HK,20260429,122237561000.0,FY2025H2
0552.HK,20250905,126564949000.0,FY2025H1
0552.HK,20250425,116876535000.0,FY2024H2
0552.HK,20240913,114291477000.0,FY2024H1
0552.HK,20240426,98771880000.0,FY2023H2
0552.HK,20230911,99170058000.0,FY2023H1
0553.HK,20260327,4342839984.51,FY2025H2
0553.HK,20251028,4199051881.1299996,FY2025Q3
0553.HK,20250826,4304542776.87,FY2025H1
0553.HK,20250428,4347505685.18999,FY2025Q1
0553.HK,20250327,4654285788.96,FY2024H2
0553.HK,20241029,4511768777.89,FY2024Q3
0553.HK,20240827,4502323311.93,FY2024H1
0553.HK,20240426,4233370007.19,FY2024Q1
0553.HK,20240328,4742536139.24,FY2023H2
0553.HK,20231030,4547271772.2699995,FY2023Q3
0553.HK,20230828,4651603358.93999,FY2023H1
0553.HK,20230427,4473021498.14999,FY2023Q1
0554.HK,20260423,7903738000.0,FY2025H2
0554.HK,20250918,7611653000.0,FY2025H1
0554.HK,20250424,7738841000.0,FY2024H2
0554.HK,20240910,1693683000.0,FY2024H1
0554.HK,20240327,1577487000.0,FY2023H2
0554.HK,20230911,1814533000.0,FY2023H1
0556.HK,20260429,68153000.0,FY2025H2
0556.HK,20250929,39110000.0,FY2025H1
0556.HK,20250425,59000000.0,FY2024H2
0556.HK,20240916,81802000.0,FY2024H1
0556.HK,20240422,56909000.0,FY2023H2
0556.HK,20230921,63361000.0,FY2023H1
0557.HK,20260429,188338000.0,FY2025H2
0557.HK,20250929,199350000.0,FY2025H1
0557.HK,20250429,202007000.0,FY2024H2
0557.HK,20240927,209285000.0,FY2024H1
0557.HK,20240430,219806000.0,FY2023H2
0557.HK,20230927,250073000.0,FY2023H1
0558.HK,20250724,10336288000.0,FY2025H2
0558.HK,20241218,9285991000.0,FY2025H1
0558.HK,20240725,8500796000.0,FY2024H2
0558.HK,20231218,7850524000.0,FY2024H1
0558.HK,20230725,7787795000.0,FY2023H2
0558.HK,20221219,6950387000.0,FY2023H1
0559.HK,20251031,543737000.0,FY2025H2
0559.HK,20250331,490754000.0,FY2025H1
0559.HK,20241028,475072000.0,FY2024H2
0559.HK,20240328,522707000.0,FY2024H1
0559.HK,20231031,564310000.0,FY2023H2
0559.HK,20230330,615427000.0,FY2023H1
0560.HK,20260428,5131583000.0,FY2025H2
0560.HK,20250912,4986818000.0,FY2025H1
0560.HK,20250416,4659698000.0,FY2024H2
0560.HK,20240911,3546716000.0,FY2024H1
0560.HK,20240426,3507508000.0,FY2023H2
0560.HK,20230911,3521480000.0,FY2023H1
0563.HK,20260415,42513169000.0,FY2025H2
0563.HK,20250911,43623968000.0,FY2025H1
0563.HK,20250415,43461053000.0,FY2024H2
0563.HK,20240912,50877782000.0,FY2024H1
0563.HK,20240412,52735664000.0,FY2023H2
0563.HK,20230914,52047794000.0,FY2023H1
0564.HK,20260428,48069525000.0,FY2025H2
0564.HK,20250908,46619246000.0,FY2025H1
0564.HK,20250425,45558509000.0,FY2024H2
0564.HK,20240920,45206729000.0,FY2024H1
0564.HK,20240426,44277007000.0,FY2023H2
0564.HK,20230905,43647371000.0,FY2023H1
0565.HK,20251030,560824000.0,FY2025H2
0565.HK,20250331,517744000.0,FY2025H1
0565.HK,20241030,670875000.0,FY2024H2
0565.HK,20240320,1144044000.0,FY2024H1
0565.HK,20231030,1199990000.0,FY2023H2
0565.HK,20230315,1650500000.0,FY2023H1
0567.HK,20250724,84967000.0,FY2025H2
0567.HK,20241205,71471000.0,FY2025H1
0567.HK,20240725,87504000.0,FY2024H2
0567.HK,20231205,86111000.0,FY2024H1
0567.HK,20230721,94997000.0,FY2023H2
0567.HK,20221206,89368000.0,FY2023H1
0568.HK,20260331,2496220419.24,FY2025H2
0568.HK,20251028,2293649969.5299997,FY2025Q3
0568.HK,20250822,2245253552.9500003,FY2025H1
0568.HK,20250428,2006090845.25,FY2025Q1
0568.HK,20250328,2404852918.43,FY2024H2
0568.HK,20241030,2675579197.5699997,FY2024Q3
0568.HK,20240829,2779021730.29,FY2024H1
0568.HK,20240412,2795219144.71999,FY2024Q1
0568.HK,20240328,2789009112.67999,FY2023H2
0568.HK,20231030,3131117268.52,FY2023Q3
0568.HK,20230830,3348708749.75,FY2023H1
0568.HK,20230428,3409316462.61,FY2023Q1
0570.HK,20260428,25874193000.0,FY2025H2
0570.HK,20250929,27434046000.0,FY2025H1
0570.HK,20250428,28170730000.0,FY2024H2
0570.HK,20240926,30484697000.0,FY2024H1
0570.HK,20240426,30593127000.0,FY2023H2
0570.HK,20230927,31685389000.0,FY2023H1
0571.HK,20251119,1149094000.0,FY2025H2
0571.HK,20250414,1316577000.0,FY2025H1
0571.HK,20241113,1482031000.0,FY2024H2
0571.HK,20240418,1886969000.0,FY2024H1
0571.HK,20231116,1859977000.0,FY2023H2
0571.HK,20230420,2191463000.0,FY2023H1
0572.HK,20260429,1420988000.0,FY2025H2
0572.HK,20250926,1663827000.0,FY2025H1
0572.HK,20250425,1566731000.0,FY2024H2
0572.HK,20240919,1237125000.0,FY2024H1
0572.HK,20240429,1133222000.0,FY2023H2
0572.HK,20230927,1261654000.0,FY2023H1
0573.HK,20260424,1641732000.0,FY2025H2
0573.HK,20250918,1608717000.0,FY2025H1
0573.HK,20250425,1625086000.0,FY2024H2
0573.HK,20240912,1649804000.0,FY2024H1
0573.HK,20240425,1807116000.0,FY2023H2
0573.HK,20230914,1822691000.0,FY2023H1
0574.HK,20260428,164181000.0,FY2025H2
0574.HK,20250930,158400000.0,FY2025H1
0574.HK,20250527,163674000.0,FY2024H2
0574.HK,20240830,209375000.0,FY2024H1
0574.HK,20240426,190055000.0,FY2023H2
0574.HK,20240123,136141000.0,FY2023H1
0575.HK,20260429,420000.0,FY2025H2
0575.HK,20250922,589000.0,FY2025H1
0575.HK,20250428,501000.0,FY2024H2
0575.HK,20240923,502000.0,FY2024H1
0575.HK,20240425,688000.0,FY2023H2
0575.HK,20230920,939000.0,FY2023H1
0576.HK,20260415,267456789000.0,FY2025H2
0576.HK,20251031,287387389000.0,FY2025Q3
0576.HK,20250829,240941534000.0,FY2025H1
0576.HK,20250430,235985181000.0,FY2025Q1
0576.HK,20250331,195177412000.0,FY2024H2
0576.HK,20241031,207471111000.0,FY2024Q3
0576.HK,20240830,175904885000.0,FY2024H1
0576.HK,20240430,204826922000.0,FY2024Q1
0576.HK,20240408,182962022000.0,FY2023H2
0576.HK,20231031,199639328000.0,FY2023Q3
0576.HK,20230831,169708590000.0,FY2023H1
0576.HK,20230428,201673012000.0,FY2023Q1
0579.HK,20260428,92848517000.0,FY2025H2
0579.HK,20250925,92881600000.0,FY2025H1
0579.HK,20250430,90341861000.0,FY2024H2
0579.HK,20240924,86540292000.0,FY2024H1
0579.HK,20240428,84734436000.0,FY2023H2
0579.HK,20230928,84819163000.0,FY2023H1
0580.HK,20260422,2819158000.0,FY2025H2
0580.HK,20250912,2563871000.0,FY2025H1
0580.HK,20250429,2586733000.0,FY2024H2
0580.HK,20240911,2389885000.0,FY2024H1
0580.HK,20240424,1997005000.0,FY2023H2
0580.HK,20230915,1986903000.0,FY2023H1
0581.HK,20260423,46445534000.0,FY2025H2
0581.HK,20250925,43130081000.0,FY2025H1
0581.HK,20250430,45753647000.0,FY2024H2
0581.HK,20240923,45929975000.0,FY2024H1
0581.HK,20240430,45383377000.0,FY2023H2
0581.HK,20230928,44253126000.0,FY2023H1
0582.HK,20260423,7698368000.0,FY2025H2
0582.HK,20250925,8170553000.0,FY2025H1
0582.HK,20250423,7574544000.0,FY2024H2
0582.HK,20240919,8268028000.0,FY2024H1
0582.HK,20240425,8935025000.0,FY2023H2
0582.HK,20230919,9253315000.0,FY2023H1
0583.HK,20260326,9094671000.0,FY2025H2
0583.HK,20250925,9235848000.0,FY2025H1
0583.HK,20250327,9426486000.0,FY2024H2
0583.HK,20240926,9392372000.0,FY2024H1
0583.HK,20240326,9247728000.0,FY2023H2
0583.HK,20230927,9018396000.0,FY2023H1
0585.HK,20260428,334103000.0,FY2025H2
0585.HK,20250916,399365000.0,FY2025H1
0585.HK,20250423,369127000.0,FY2024H2
0585.HK,20240919,393923000.0,FY2024H1
0585.HK,20240429,427468000.0,FY2023H2
0585.HK,20230926,661026000.0,FY2023H1
0586.HK,20260421,77709252000.0,FY2025H2
0586.HK,20250923,75551855000.0,FY2025H1
0586.HK,20250425,74484791000.0,FY2024H2
0586.HK,20240925,72892077000.0,FY2024H1
0586.HK,20240425,71374788000.0,FY2023H2
0586.HK,20230921,69364322000.0,FY2023H1
0587.HK,20260427,8736327000.0,FY2025H2
0587.HK,20250926,8953900000.0,FY2025H1
0587.HK,20250428,9100511000.0,FY2024H2
0587.HK,20240926,8936383000.0,FY2024H1
0587.HK,20240425,8741400000.0,FY2023H2
0587.HK,20230926,8186286000.0,FY2023H1
0588.HK,20260429,45353800000.0,FY2025H2
0588.HK,20250911,48050477000.0,FY2025H1
0588.HK,20250422,50681929000.0,FY2024H2
0588.HK,20240920,53978012000.0,FY2024H1
0588.HK,20240423,56246949000.0,FY2023H2
0588.HK,20230914,62942458000.0,FY2023H1
0589.HK,20230928,1254492000.0,FY2023H1
0590.HK,20250728,15759145000.0,FY2025H2
0590.HK,20241224,14938219000.0,FY2025H1
0590.HK,20240722,14636782000.0,FY2024H2
0590.HK,20231227,13700958000.0,FY2024H1
0590.HK,20230718,12541756000.0,FY2023H2
0590.HK,20221228,11826622000.0,FY2023H1
0591.HK,20251024,347700000.0,FY2025H2
0591.HK,20250313,360751000.0,FY2025H1
0591.HK,20241025,363516000.0,FY2024H2
0591.HK,20240319,391227000.0,FY2024H1
0591.HK,20231025,369481000.0,FY2023H2
0591.HK,20230313,374317000.0,FY2023H1
0592.HK,20240927,282365000.0,FY2024H1
0592.HK,20240426,355487000.0,FY2023H2
0592.HK,20230907,423579000.0,FY2023H1
0593.HK,20250829,738990000.0,FY2025H1
0593.HK,20250801,764226000.0,FY2024H2
0593.HK,20231127,6945128000.0,FY2023H1
0595.HK,20250731,1840621000.0,FY2025H2
0595.HK,20241230,1846524000.0,FY2025H1
0595.HK,20240725,1795770000.0,FY2024H2
0595.HK,20231228,1746446000.0,FY2024H1
0595.HK,20230727,1632218000.0,FY2023H2
0595.HK,20221229,1592037000.0,FY2023H1
0596.HK,20260430,7540986000.0,FY2025H2
0596.HK,20250929,7964002000.0,FY2025H1
0596.HK,20250428,7196391000.0,FY2024H2
0596.HK,20240924,5800654000.0,FY2024H1
0596.HK,20240429,5059915000.0,FY2023H2
0596.HK,20230926,4428829000.0,FY2023H1
0598.HK,20260330,59759149046.35,FY2025H2
0598.HK,20251027,66662446490.789894,FY2025Q3
0598.HK,20250826,66989653810.329994,FY2025H1
0598.HK,20250429,66573055421.14,FY2025Q1
0598.HK,20250325,61703732439.35,FY2024H2
0598.HK,20241025,67449883441.88991,FY2024Q3
0598.HK,20240829,66597557613.5399,FY2024H1
0598.HK,20240429,66711075836.6799,FY2024Q1
0598.HK,20240322,60023611869.560005,FY2023H2
0598.HK,20231026,62721378722.49,FY2023Q3
0598.HK,20230825,60720127491.7499,FY2023H1
0598.HK,20230428,60526505576.869995,FY2023Q1
0599.HK,20250725,509235000.0,FY2025H2
0599.HK,20241218,639313000.0,FY2025H1
0599.HK,20240726,653686000.0,FY2024H2
0599.HK,20231219,677299000.0,FY2024H1
0599.HK,20230727,617277000.0,FY2023H2
0599.HK,20221222,581399000.0,FY2023H1
0600.HK,20260428,2354255000.0,FY2025Q4
0600.HK,20260130,1780276000.0,FY2025Q3
0601.HK,20260429,840144000.0,FY2025H2
0601.HK,20250911,1022200000.0,FY2025H1
0601.HK,20250429,1000451000.0,FY2024H2
0601.HK,20240909,1290189000.0,FY2024H1
0601.HK,20240429,1402577000.0,FY2023H2
0601.HK,20230907,1682887000.0,FY2023H1
0602.HK,20260421,729643000.0,FY2025H2
0602.HK,20250922,738772000.0,FY2025H1
0602.HK,20250429,784661000.0,FY2024H2
0602.HK,20240925,815672000.0,FY2024H1
0602.HK,20240429,857373000.0,FY2023H2
0602.HK,20230921,846014000.0,FY2023H1
0603.HK,20260415,19935767000.0,FY2025H2
0603.HK,20250917,18356669000.0,FY2025H1
0603.HK,20250423,18130577000.0,FY2024H2
0603.HK,20240930,17704445000.0,FY2024H1
0603.HK,20240429,18745640000.0,FY2023H2
0603.HK,20230921,18518106000.0,FY2023H1
0604.HK,20260428,138628173000.0,FY2025H2
0604.HK,20250924,162228546000.0,FY2025H1
0604.HK,20250428,164722591000.0,FY2024H2
0604.HK,20240924,165413782000.0,FY2024H1
0604.HK,20240426,163082474000.0,FY2023H2
0604.HK,20230925,153661311000.0,FY2023H1
0605.HK,20260429,1074526000.0,FY2025H2
0605.HK,20250924,1050266000.0000001,FY2025H1
0605.HK,20250428,1088228000.0,FY2024H2
0605.HK,20240926,1266751000.0,FY2024H1
0605.HK,20240429,1255858000.0,FY2023H2
0605.HK,20230920,1355755000.0,FY2023H1
0606.HK,20260424,2175221000.0,FY2025H2
0606.HK,20250918,1476992000.0,FY2025H1
0606.HK,20250422,1464841000.0,FY2024H2
0606.HK,20240926,2591392000.0,FY2024H1
0606.HK,20240419,2238967000.0,FY2023H2
0606.HK,20230915,366628000.0,FY2023H1
0607.HK,20260626,38571225000.0,FY2025H2
0607.HK,20251124,39933041000.0,FY2025H1
0607.HK,20250429,39337256000.0,FY2024H2
0607.HK,20240925,48521961000.0,FY2024H1
0607.HK,20240425,47026977000.0,FY2023H2
0607.HK,20230921,50212529000.0,FY2023H1
0608.HK,20260430,6307617000.0,FY2025H2
0608.HK,20250929,5932085000.0,FY2025H1
0608.HK,20250429,5845404000.0,FY2024H2
0608.HK,20240927,5990479000.0,FY2024H1
0608.HK,20240429,5792236000.0,FY2023H2
0608.HK,20230928,5520883000.0,FY2023H1
0609.HK,20260422,2854301000.0,FY2025H2
0609.HK,20250912,2549062000.0,FY2025H1
0609.HK,20250422,2726219000.0,FY2024H2
0609.HK,20240911,2845922000.0,FY2024H1
0609.HK,20240422,2746213000.0,FY2023H2
0609.HK,20230919,2586718000.0,FY2023H1
0610.HK,20260428,6957414000.0,FY2025H2
0610.HK,20250918,6756584000.0,FY2025H1
0610.HK,20250416,10636976000.0,FY2024H2
0610.HK,20240913,13451141000.0,FY2024H1
0610.HK,20240418,14625505000.0,FY2023H2
0610.HK,20230914,15362372000.0,FY2023H1
0611.HK,20260430,9743461000.0,FY2025H2
0611.HK,20250925,9584852000.0,FY2025H1
0611.HK,20250428,9835690898.483421,FY2024H2
0611.HK,20240926,9657458000.0,FY2024H1
0611.HK,20230927,7579466000.0,FY2023H1
0612.HK,20250929,76584000.0,FY2025H1
0612.HK,20250423,73508000.0,FY2024H2
0612.HK,20240926,58941000.0,FY2024H1
0612.HK,20240424,125532000.0,FY2023H2
0612.HK,20230914,153074000.0,FY2023H1
0613.HK,20260429,1946644000.0,FY2025H2
0613.HK,20250925,1895632000.0,FY2025H1
0613.HK,20250428,1819852000.0,FY2024H2
0613.HK,20240923,1970166000.0,FY2024H1
0613.HK,20240429,2138831999.9999998,FY2023H2
0613.HK,20230927,2242470000.0,FY2023H1
0616.HK,20250721,4784764000.0,FY2025H2
0616.HK,20241223,4945326000.0,FY2025H1
0616.HK,20240722,5065451000.0,FY2024H2
0616.HK,20231218,5282402000.0,FY2024H1
0616.HK,20230721,5256601000.0,FY2023H2
0616.HK,20221220,4780418000.0,FY2023H1
0617.HK,20260428,31854600000.0,FY2025H2
0617.HK,20250926,34394200000.0,FY2025H1
0617.HK,20250428,35021500000.0,FY2024H2
0617.HK,20240926,36978200000.0,FY2024H1
0617.HK,20230927,39297100000.0,FY2023H1
0618.HK,20250724,9572849000.0,FY2025H2
0618.HK,20241227,10188569000.0,FY2025H1
0618.HK,20240730,10594155000.0,FY2024H2
0618.HK,20231221,11282506000.0,FY2024H1
0618.HK,20230726,11952511000.0,FY2023H2
0618.HK,20221214,16116224000.0,FY2023H1
0619.HK,20260428,520258000.00000006,FY2025H2
0619.HK,20250918,609425000.0,FY2025H1
0619.HK,20250425,431700000.0,FY2024H2
0619.HK,20240919,438776000.0,FY2024H1
0619.HK,20240425,447153000.0,FY2023H2
0619.HK,20230921,517796000.00000006,FY2023H1
0620.HK,20260430,3798453000.0,FY2025H2
0620.HK,20250930,3673097000.0,FY2025H1
0620.HK,20250430,3496749000.0,FY2024H2
0620.HK,20240930,3584457000.0,FY2024H1
0620.HK,20240524,3455953000.0,FY2023H2
0620.HK,20230927,3640210000.0,FY2023H1
0621.HK,20250721,2593449000.0,FY2025H2
0621.HK,20241218,2755612000.0,FY2025H1
0621.HK,20241014,2569420000.0,FY2024H2
0621.HK,20221222,2662569000.0,FY2023H1
0622.HK,20260428,1208103000.0,FY2025H2
0622.HK,20250925,948410000.0,FY2025H1
0622.HK,20250428,984289000.0,FY2024H2
0622.HK,20240926,912537000.0,FY2024H1
0622.HK,20240426,796399000.0,FY2023H2
0622.HK,20230925,1226925000.0,FY2023H1
0623.HK,20260428,1680236000.0,FY2025H2
0623.HK,20250919,2141520000.0,FY2025H1
0623.HK,20250428,1892916000.0,FY2024H2
0623.HK,20240920,1479805000.0,FY2024H1
0623.HK,20240426,1460367000.0,FY2023H2
0623.HK,20230921,1494963000.0,FY2023H1
0626.HK,20260224,-167746000.0,FY2025H2
0626.HK,20250806,-139181000.0,FY2025H1
0626.HK,20250226,-228477000.0,FY2024H2
0626.HK,20240807,-151291000.0,FY2024H1
0626.HK,20240227,-200391000.0,FY2023H2
0626.HK,20230809,-162543000.0,FY2023H1
0627.HK,20260428,3466226000.0,FY2025H2
0627.HK,20250926,3529055000.0,FY2025H1
0627.HK,20250527,3509004000.0,FY2024H2
0627.HK,20240927,6344460000.0,FY2024H1
0627.HK,20240429,6600879000.0,FY2023H2
0627.HK,20230928,8271985000.000001,FY2023H1
0628.HK,20260428,1496804000.0,FY2025H2
0628.HK,20250926,1436156000.0,FY2025H1
0628.HK,20250425,1351613000.0,FY2024H2
0628.HK,20240913,1249228000.0,FY2024H1
0628.HK,20240429,1046290000.0,FY2023H2
0628.HK,20230922,1298303000.0,FY2023H1
0629.HK,20260416,472168000.0,FY2025H2
0629.HK,20250821,531666000.00000006,FY2025H1
0629.HK,20250417,672185000.0,FY2024H2
0629.HK,20240822,750221000.0,FY2024H1
0629.HK,20240418,632119000.0,FY2023H2
0629.HK,20230824,584785000.0,FY2023H1
0630.HK,20260430,220681000.0,FY2025H2
0630.HK,20250929,174569000.0,FY2025H1
0630.HK,20250430,154747000.0,FY2024H2
0630.HK,20240924,128937999.99999999,FY2024H1
0630.HK,20240430,161002000.0,FY2023H2
0630.HK,20230831,151434000.0,FY2023H1
0631.HK,20260428,35480658000.0,FY2025H2
0631.HK,20250925,33903339000.0,FY2025H1
0631.HK,20250428,32388581000.0,FY2024H2
0631.HK,20240925,30374047000.0,FY2024H1
0631.HK,20240425,28039169000.0,FY2023H2
0631.HK,20230927,27162139000.0,FY2023H1
0632.HK,20260423,340339000.0,FY2025H2
0632.HK,20250929,283048000.0,FY2025H1
0632.HK,20250424,271450000.0,FY2024H2
0632.HK,20240930,284090000.0,FY2024H1
0632.HK,20230908,526616000.0,FY2023H1
0635.HK,20260408,4478971000.0,FY2025H2
0635.HK,20250903,4655286000.0,FY2025H1
0635.HK,20250407,4959061000.0,FY2024H2
0635.HK,20240911,5230972000.0,FY2024H1
0635.HK,20240408,5676696000.0,FY2023H2
0635.HK,20230911,5712538000.0,FY2023H1
0636.HK,20260427,32377202000.0,FY2025H2
0636.HK,20250912,37186227000.0,FY2025H1
0636.HK,20250428,31219481000.0,FY2024H2
0636.HK,20240913,34750205000.0,FY2024H1
0636.HK,20240426,30785840000.0,FY2023H2
0636.HK,20230914,34674730000.0,FY2023H1
0637.HK,20250715,633988000.0,FY2025H2
0637.HK,20241210,708167000.0,FY2025H1
0637.HK,20240708,637366000.0,FY2024H2
0637.HK,20231208,660300000.0,FY2024H1
0637.HK,20230707,704736000.0,FY2023H2
0637.HK,20221201,740071000.0,FY2023H1
0638.HK,20251014,6556127000.0,FY2025H1
0639.HK,20260430,15207397000.0,FY2025H2
0639.HK,20250915,14833020000.0,FY2025H1
0639.HK,20250429,14093393000.0,FY2024H2
0639.HK,20240912,15192577000.0,FY2024H1
0639.HK,20240425,14749836000.0,FY2023H2
0639.HK,20230914,17939625000.0,FY2023H1
0640.HK,20260105,550117000.0,FY2025H2
0640.HK,20250623,511461000.0,FY2025H1
0640.HK,20250116,497544000.0,FY2024H2
0640.HK,20240625,391205000.0,FY2024H1
0640.HK,20240119,398603000.0,FY2023H2
0640.HK,20230623,440137000.0,FY2023H1
0641.HK,20260410,2815841000.0,FY2025H2
0641.HK,20250916,2805601000.0,FY2025H1
0641.HK,20250423,2617583000.0,FY2024H2
0641.HK,20240910,2745399000.0,FY2024H1
0641.HK,20240424,2780622000.0,FY2023H2
0641.HK,20230913,2865863000.0,FY2023H1
0643.HK,20260430,163774000.0,FY2025H2
0643.HK,20250930,121192000.0,FY2025H1
0643.HK,20250425,128525000.0,FY2024H2
0643.HK,20240920,162134000.0,FY2024H1
0643.HK,20240429,159146000.0,FY2023H2
0643.HK,20230915,173037000.0,FY2023H1
0645.HK,20250721,3229000.0,FY2025H2
0645.HK,20241219,4429000.0,FY2025H1
0645.HK,20240719,1565000.0,FY2024H2
0645.HK,20231221,8409000.0,FY2024H1
0645.HK,20230720,11474000.0,FY2023H2
0645.HK,20221214,3853000.0,FY2023H1
0646.HK,20260429,32955000.0,FY2025H2
0646.HK,20250911,30219000.0,FY2025H1
0646.HK,20250424,36335000.0,FY2024H2
0646.HK,20240925,31365000.0,FY2024H1
0646.HK,20240424,38513000.0,FY2023H2
0646.HK,20230922,32069000.000000004,FY2023H1
0648.HK,20260417,36550000.0,FY2025H2
0648.HK,20250818,34424000.0,FY2025H1
0648.HK,20250428,45894000.0,FY2024H2
0648.HK,20240830,46081000.0,FY2024H1
0648.HK,20240424,48005000.0,FY2023H2
0648.HK,20231105,35855000.0,FY2023H1
0650.HK,20250730,1790190000.0,FY2025H2
0650.HK,20241219,1953209000.0,FY2025H1
0650.HK,20240730,1959114000.0,FY2024H2
0650.HK,20231221,2021926000.0,FY2024H1
0650.HK,20230726,2383955000.0,FY2023H2
0650.HK,20221219,2293767000.0,FY2023H1
0653.HK,20251030,251860000.0,FY2025H3
0653.HK,20250328,415246000.0,FY2025H2
0653.HK,20240927,515933000.0,FY2025H1
0653.HK,20240429,487999000.0,FY2023H2
0653.HK,20230928,438004000.0,FY2023H1
0655.HK,20260429,9200009000.0,FY2025H2
0655.HK,20250929,10274147000.0,FY2025H1
0655.HK,20250429,9448110000.0,FY2024H2
0655.HK,20240927,10196692000.0,FY2024H1
0655.HK,20240429,11012627000.0,FY2023H2
0655.HK,20230928,10880975000.0,FY2023H1
0656.HK,20260428,631515327000.0,FY2025H2
0656.HK,20250925,641071703000.0,FY2025H1
0656.HK,20250425,664285982000.0,FY2024H2
0656.HK,20240927,683001554000.0,FY2024H1
0656.HK,20240426,686380047000.0,FY2023H2
0656.HK,20230926,691598715000.0,FY2023H1
0657.HK,20250716,34658000.0,FY2025H2
0657.HK,20241202,7497000.0,FY2025H1
0657.HK,20240715,33947000.0,FY2024H2
0657.HK,20231130,7129000.0,FY2024H1
0657.HK,20230706,6980000.0,FY2023H2
0657.HK,20221208,20397000.0,FY2023H1
0658.HK,20260626,33557995000.000004,FY2025H2
0658.HK,20250912,34657177000.0,FY2025H1
0658.HK,20250429,33808926000.0,FY2024H2
0658.HK,20240925,38933944000.0,FY2024H1
0658.HK,20240423,36046090000.0,FY2023H2
0658.HK,20230927,38809915000.0,FY2023H1
0659.HK,20251024,146912600000.0,FY2025H2
0659.HK,20250311,137489200000.0,FY2025H1
0659.HK,20241014,134719400000.0,FY2024H2
0659.HK,20240327,137102100000.0,FY2024H1
0659.HK,20230316,125276500000.0,FY2023H1
0660.HK,20251030,208097000.0,FY2025H2
0660.HK,20250331,178554000.0,FY2025H1
0660.HK,20250224,207337000.0,FY2024H2
0660.HK,20240327,260113999.99999997,FY2024H1
0660.HK,20231030,233919000.0,FY2023H2
0660.HK,20230330,265536999.99999997,FY2023H1
0661.HK,20260428,27285496000.0,FY2025H2
0661.HK,20250922,26872217000.0,FY2025H1
0661.HK,20250428,24339541000.0,FY2024H2
0661.HK,20240924,26958352000.0,FY2024H1
0661.HK,20240423,25121072000.0,FY2023H2
0661.HK,20230921,23340954000.0,FY2023H1
0662.HK,20260415,-1413673000.0,FY2025H2
0662.HK,20250908,-1071300999.9999999,FY2025H1
0662.HK,20250416,-1178773000.0,FY2024H2
0662.HK,20240904,-985125000.0,FY2024H1
0662.HK,20240419,-1130589000.0,FY2023H2
0662.HK,20230911,-1397116000.0,FY2023H1
0663.HK,20230928,444082000.0,FY2023H1
0664.HK,20260429,551706000.0,FY2025Q4
0664.HK,20260323,444647000.0,FY2025Q3
0666.HK,20260429,41669044000.0,FY2025H2
0666.HK,20250827,34680632000.0,FY2025H1
0666.HK,20250417,34253749000.000004,FY2024H2
0666.HK,20240910,30308026000.0,FY2024H1
0666.HK,20231208,24345656000.0,FY2023H1
0667.HK,20260420,8250540000.000001,FY2025H2
0667.HK,20250912,8045976000.0,FY2025H1
0667.HK,20250410,8017315000.0,FY2024H2
0667.HK,20240924,7915474000.0,FY2024H1
0667.HK,20240426,7775820000.0,FY2023H2
0667.HK,20230912,8094826000.0,FY2023H1
0668.HK,20240821,844084000.0,FY2024H1
0668.HK,20240410,843023000.0,FY2023H2
0668.HK,20230822,864128000.0,FY2023H1
0669.HK,20260330,11144576000.0,FY2025H2
0669.HK,20250829,11677168000.0,FY2025H1
0669.HK,20250327,11051558000.0,FY2024H2
0669.HK,20240827,11286601000.0,FY2024H1
0669.HK,20240327,10838665000.0,FY2023H2
0669.HK,20230831,11333953000.0,FY2023H1
0670.HK,20260427,275570000000.0,FY2025H2
0670.HK,20250926,281128000000.0,FY2025H1
0670.HK,20250425,263498000000.0,FY2024H2
0670.HK,20240927,271206000000.0,FY2024H1
0670.HK,20230927,271492000000.0,FY2023H1
0672.HK,20260427,28542863000.0,FY2025H2
0672.HK,20250922,30119943000.0,FY2025H1
0672.HK,20250425,37439400000.0,FY2024H2
0672.HK,20240911,41805966000.0,FY2024H1
0672.HK,20240425,47782602000.0,FY2023H2
0672.HK,20230905,56508155000.0,FY2023H1
0673.HK,20250724,132739000.0,FY2025H2
0673.HK,20241231,159115000.0,FY2025H1
0673.HK,20240731,162670000.0,FY2024H2
0673.HK,20231228,172908000.0,FY2024H1
0673.HK,20230730,171825000.0,FY2023H2
0673.HK,20221229,160403000.0,FY2023H1
0674.HK,20250725,2143338988.9999998,FY2025H2
0674.HK,20241220,2485107462.0,FY2025H1
0674.HK,20240726,2767629891.0,FY2024H2
0674.HK,20231222,3063646115.0,FY2024H1
0674.HK,20230726,3644018159.0,FY2023H2
0674.HK,20221223,868479954.0,FY2023H1
0675.HK,20260423,238480970.0,FY2025H2
0675.HK,20250919,247988582.0,FY2025H1
0675.HK,20250423,262975724.0,FY2024H2
0675.HK,20240919,268154654.0,FY2024H1
0675.HK,20240424,334101454.0,FY2023H2
0675.HK,20230921,361155123.0,FY2023H1
0676.HK,20260430,85835000.0,FY2025H2
0676.HK,20250919,88214000.0,FY2025H1
0676.HK,20250428,86148000.0,FY2024H2
0676.HK,20240920,89782000.0,FY2024H1
0676.HK,20240429,89158000.0,FY2023H2
0676.HK,20230918,89690000.0,FY2023H1
0677.HK,20250729,1743521000.0,FY2025H2
0677.HK,20241216,1689286000.0,FY2025H1
0677.HK,20240729,1729993000.0,FY2024H2
0677.HK,20231213,1637632000.0,FY2024H1
0677.HK,20230724,1353451000.0,FY2023H2
0677.HK,20221212,1343273000.0,FY2023H1
0679.HK,20260430,1824266000.0,FY2025H2
0679.HK,20250926,1876518000.0,FY2025H1
0679.HK,20250430,1727967000.0,FY2024H2
0679.HK,20240927,1797533000.0,FY2024H1
0679.HK,20240430,1956784000.0,FY2023H2
0679.HK,20230914,1520923000.0,FY2023H1
0681.HK,20260428,2343151000.0,FY2025H2
0681.HK,20250922,2826187000.0,FY2025H1
0681.HK,20250429,2789447000.0,FY2024H2
0681.HK,20240927,2838847000.0,FY2024H1
0681.HK,20240429,2960172000.0,FY2023H2
0681.HK,20230926,3128266000.0,FY2023H1
0682.HK,20251016,130424000.0,FY2025H2
0682.HK,20250312,119050000.0,FY2025H1
0682.HK,20241024,128364000.0,FY2024H2
0682.HK,20240314,129162000.0,FY2024H1
0682.HK,20231019,134500000.0,FY2023H2
0683.HK,20260427,196139000000.0,FY2025H2
0683.HK,20250905,194739000000.0,FY2025H1
0683.HK,20250428,189472000000.0,FY2024H2
0683.HK,20240906,197619158000.0,FY2024H1
0683.HK,20240424,193994239000.0,FY2023H2
0683.HK,20230911,187962722000.0,FY2023H1
0684.HK,20250715,790114000.0,FY2025H2
0684.HK,20241212,953319000.0,FY2025H1
0684.HK,20240715,917805000.0,FY2024H2
0684.HK,20231215,1076000000.0,FY2024H1
0684.HK,20230712,1062306000.0,FY2023H2
0684.HK,20221212,931498000.0,FY2023H1
0685.HK,20250716,132751000.0,FY2025Q4
0685.HK,20250227,131270000.00000001,FY2025Q3
0685.HK,20241127,139318000.0,FY2025Q2
0685.HK,20240829,130758999.99999999,FY2025Q1
0685.HK,20240717,128407999.99999999,FY2024Q4
0685.HK,20240228,141405000.0,FY2024Q3
0685.HK,20231129,141737000.0,FY2024Q2
0685.HK,20230829,144446000.0,FY2024Q1
0685.HK,20230718,149051000.0,FY2023Q4
0685.HK,20230227,146830000.0,FY2023Q3
0685.HK,20221128,141799000.0,FY2023Q2
0685.HK,20220829,143945000.0,FY2023Q1
0686.HK,20260423,94444000000.0,FY2025H2
0686.HK,20250923,96539000000.0,FY2025H1
0686.HK,20250425,93382000000.0,FY2024H2
0686.HK,20240919,90455000000.0,FY2024H1
0686.HK,20240426,80553000000.0,FY2023H2
0686.HK,20230921,61538000000.0,FY2023H1
0687.HK,20260410,1073184000.0,FY2025H2
0687.HK,20250909,1069939000.0000001,FY2025H1
0687.HK,20250410,1184004000.0,FY2024H2
0687.HK,20240909,1425874000.0,FY2024H1
0687.HK,20240411,1346531000.0,FY2023H2
0687.HK,20230911,1431780000.0,FY2023H1
0688.HK,20260424,811866409000.0,FY2025H2
0688.HK,20250912,792382269000.0,FY2025H1
0688.HK,20250428,784225860000.0,FY2024H2
0688.HK,20240913,812460201000.0,FY2024H1
0688.HK,20240426,817706613000.0,FY2023H2
0688.HK,20230913,806298783000.0,FY2023H1
0689.HK,20260429,309775000.0,FY2025H2
0689.HK,20250929,255962000.0,FY2025H1
0689.HK,20250429,243669000.0,FY2024H2
0689.HK,20240927,260327999.99999997,FY2024H1
0689.HK,20240429,272801000.0,FY2023H2
0689.HK,20230928,310310000.0,FY2023H1
0690.HK,20260422,398858000.0,FY2025H2
0690.HK,20250922,385124000.0,FY2025H1
0690.HK,20250417,452134000.0,FY2024H2
0690.HK,20240920,317595000.0,FY2024H1
0690.HK,20240423,271518000.0,FY2023H2
0690.HK,20230920,215449000.0,FY2023H1
0691.HK,20260429,26370981000.0,FY2025H2
0691.HK,20250826,27913821000.0,FY2025H1
0691.HK,20250425,28028468000.0,FY2024H2
0691.HK,20240829,28528341000.0,FY2024H1
0691.HK,20240429,28464245000.0,FY2023H2
0691.HK,20230831,29308884000.0,FY2023H1
0693.HK,20260423,19270450000.0,FY2025H2
0693.HK,20250911,19802724000.0,FY2025H1
0693.HK,20250424,19703756000.0,FY2024H2
0693.HK,20240912,18691022000.0,FY2024H1
0693.HK,20240425,19771308000.0,FY2023H2
0693.HK,20230914,19181848000.0,FY2023H1
0694.HK,20260422,28161489000.0,FY2025H2
0694.HK,20250926,28839441000.0,FY2025H1
0694.HK,20250428,29247660000.0,FY2024H2
0694.HK,20240920,30733847000.0,FY2024H1
0694.HK,20240430,31307533000.0,FY2023H2
0694.HK,20230922,31626647000.0,FY2023H1
0695.HK,20260423,374903000.0,FY2025H2
0695.HK,20250904,650843000.0,FY2025H1
0695.HK,20250422,859557000.0,FY2024H2
0695.HK,20240919,1043579000.0,FY2024H1
0695.HK,20240424,1070218000.0000001,FY2023H2
0695.HK,20230914,937749000.0,FY2023H1
0696.HK,20260422,23131317331.41,FY2025H2
0696.HK,20250912,25472709551.77,FY2025H1
0696.HK,20250422,19145398715.75,FY2024H2
0696.HK,20240920,20367042040.280003,FY2024H1
0696.HK,20240422,20132314576.85,FY2023H2
0696.HK,20230914,19500753475.08,FY2023H1
0697.HK,20260327,11782063000.0,FY2025H2
0697.HK,20250911,11535689000.0,FY2025H1
0697.HK,20250403,11107937000.0,FY2024H2
0697.HK,20240912,11542016000.0,FY2024H1
0697.HK,20240425,11145280000.0,FY2023H2
0697.HK,20230914,11091575000.0,FY2023H1
0698.HK,20260423,6310222000.0,FY2025H2
0698.HK,20250910,6258401000.0,FY2025H1
0698.HK,20250423,6313644000.0,FY2024H2
0698.HK,20240912,9903950000.0,FY2024H1
0698.HK,20240429,12142240000.0,FY2023H2
0698.HK,20230913,12290632000.0,FY2023H1
0699.HK,20251028,54800819000.0,FY2025H1
0700.HK,20260409,1894077000000.0,FY2025Q4
0700.HK,20251113,1913290000000.0,FY2025Q3
0700.HK,20250826,1827409000000.0,FY2025Q2
0700.HK,20250514,1713027000000.0,FY2025Q1
0700.HK,20250408,1645102000000.0,FY2024Q4
0700.HK,20241113,1577889000000.0,FY2024Q3
0700.HK,20240827,1497963000000.0,FY2024Q2
0700.HK,20240514,1485654000000.0,FY2024Q1
0700.HK,20240408,1401259000000.0,FY2023Q4
0700.HK,20231115,1394757000000.0,FY2023Q3
0700.HK,20230829,1394582000000.0,FY2023Q2
0700.HK,20230517,1363878000000.0,FY2023Q1
0701.HK,20260424,1331867000.0,FY2025H2
0701.HK,20250919,1380758000.0,FY2025H1
0701.HK,20250425,1430643000.0,FY2024H2
0701.HK,20240925,1555842000.0,FY2024H1
0701.HK,20240426,1695041000.0,FY2023H2
0701.HK,20230925,1806955000.0,FY2023H1
0702.HK,20240923,3514380000.0,FY2024H1
0702.HK,20240426,3636273000.0,FY2023H2
0702.HK,20230921,4362599000.0,FY2023H1
0703.HK,20260430,866015000.0,FY2025H2
0703.HK,20250926,869382000.0,FY2025H1
0703.HK,20250429,877823000.0,FY2024H2
0703.HK,20240925,907091000.0,FY2024H1
0703.HK,20240429,905694000.0,FY2023H2
0703.HK,20230915,861068000.0,FY2023H1
0704.HK,20250730,1809224000.0,FY2025H2
0704.HK,20241219,1873442000.0,FY2025H1
0704.HK,20240905,1824737000.0,FY2024H2
0704.HK,20231228,1804830000.0,FY2024H1
0704.HK,20230727,1909485000.0,FY2023H3
0704.HK,20230329,1561359000.0,FY2023H2
0704.HK,20220915,1626881000.0,FY2023H1
0707.HK,20250430,76990000.0,FY2024H2
0707.HK,20240927,121720000.0,FY2024H1
0707.HK,20240430,113019000.0,FY2023H2
0707.HK,20230927,173405000.0,FY2023H1
0708.HK,20240930,16329559000.0,FY2024H1
0708.HK,20240430,34721944000.0,FY2023H2
0708.HK,20230921,42755371000.0,FY2023H1
0709.HK,20260429,2445000000.0,FY2025H2
0709.HK,20250926,2495000000.0,FY2025H1
0709.HK,20250425,2441000000.0,FY2024H2
0709.HK,20240909,2452000000.0,FY2024H1
0709.HK,20240419,2595000000.0,FY2023H2
0709.HK,20230905,2431000000.0,FY2023H1
0710.HK,20260421,9179903000.0,FY2025H2
0710.HK,20250924,8945115000.0,FY2025H1
0710.HK,20250411,8764801000.0,FY2024H2
0710.HK,20240920,7734064000.0,FY2024H1
0710.HK,20240424,6533110000.0,FY2023H2
0710.HK,20230922,6093278000.0,FY2023H1
0711.HK,20250721,7530839000.0,FY2025H2
0711.HK,20241219,7493532000.0,FY2025H1
0711.HK,20240718,7816990000.0,FY2024H2
0711.HK,20231218,6969114000.0,FY2024H1
0711.HK,20230718,7111090000.0,FY2023H2
0711.HK,20221214,7138103000.0,FY2023H1
0712.HK,20260430,416495000.0,FY2025H2
0712.HK,20250930,206495000.0,FY2025H1
0712.HK,20250501,137184000.0,FY2024H2
0712.HK,20240930,156573000.0,FY2024H1
0712.HK,20240430,188751000.0,FY2023H2
0712.HK,20230929,140136000.0,FY2023H1
0713.HK,20260427,2253009000.0,FY2025H2
0713.HK,20250925,2319059000.0,FY2025H1
0713.HK,20250429,1984787000.0,FY2024H2
0713.HK,20240926,2196870000.0,FY2024H1
0713.HK,20240425,2420264000.0,FY2023H2
0713.HK,20230920,2304343000.0,FY2023H1
0715.HK,20230830,16587249000.0,FY2023H1
0716.HK,20260424,580292000.0,FY2025H2
0716.HK,20250925,563387000.0,FY2025H1
0716.HK,20250423,574611000.0,FY2024H2
0716.HK,20240923,583348000.0,FY2024H1
0716.HK,20240429,598542000.0,FY2023H2
0716.HK,20230919,565953000.0,FY2023H1
0717.HK,20260114,3449440000.0,FY2025H2
0717.HK,20250604,3314746000.0,FY2025H1
0717.HK,20250121,3716274000.0,FY2024H2
0717.HK,20240603,3390690000.0,FY2024H1
0717.HK,20240130,3710254000.0,FY2023H2
0717.HK,20230613,4129470000.0000005,FY2023H1
0718.HK,20260430,1330668000.0,FY2025H2
0718.HK,20250929,1364357000.0,FY2025H1
0718.HK,20250430,1417628000.0,FY2024H2
0718.HK,20240927,2208895000.0,FY2024H1
0718.HK,20240708,2437536000.0,FY2023H2
0718.HK,20230921,2854032000.0,FY2023H1
0719.HK,20260329,7902486854.370001,FY2025H2
0719.HK,20251024,7859310374.08,FY2025Q3
0719.HK,20250826,8073823523.299999,FY2025H1
0719.HK,20250428,7965282809.38,FY2025Q1
0719.HK,20250330,7882726557.47,FY2024H2
0719.HK,20241029,7666054008.86,FY2024Q3
0719.HK,20240822,7882937425.21,FY2024H1
0719.HK,20240425,7545923172.0,FY2024Q1
0719.HK,20240328,7504482076.03,FY2023H2
0719.HK,20231027,7097535494.7699995,FY2023Q3
0719.HK,20230824,7221284835.0,FY2023H1
0719.HK,20230420,7112948857.82,FY2023Q1
0720.HK,20260415,750006000.0,FY2025H2
0720.HK,20250915,787277000.0,FY2025H1
0720.HK,20250414,704341000.0,FY2024H2
0720.HK,20240912,526640999.99999994,FY2024H1
0720.HK,20240418,599577000.0,FY2023H2
0720.HK,20230921,656250000.0,FY2023H1
0721.HK,20251027,26974000.0,FY2025H2
0721.HK,20250429,88326000.0,FY2025H1
0721.HK,20240328,69627000.0,FY2024H1
0721.HK,20240131,55125000.0,FY2023H2
0721.HK,20230322,69695000.0,FY2023H1
0722.HK,20251027,690385000.0,FY2025H2
0722.HK,20250324,687724000.0,FY2025H1
0722.HK,20240325,711113000.0,FY2024H1
0722.HK,20231025,662087000.0,FY2023H2
0722.HK,20230327,652903000.0,FY2023H1
0723.HK,20250729,220362000.0,FY2025H2
0723.HK,20241220,154076000.0,FY2025H1
0723.HK,20240730,183829000.0,FY2024H2
0723.HK,20231228,209606000.0,FY2024H1
0723.HK,20230728,302918000.0,FY2023H2
0723.HK,20221223,397788000.0,FY2023H1
0724.HK,20260428,10690000.0,FY2025H2
0724.HK,20260316,910000.0,FY2025H1
0724.HK,20240429,4708000.0,FY2023H2
0724.HK,20230928,38397000.0,FY2023H1
0725.HK,20260422,436427000.0,FY2025H2
0725.HK,20250905,472115000.0,FY2025H1
0725.HK,20250415,443217000.0,FY2024H2
0725.HK,20240906,411713000.0,FY2024H1
0725.HK,20240416,415844000.0,FY2023H2
0725.HK,20230907,611744000.0,FY2023H1
0726.HK,20260421,4124858000.0,FY2025H2
0726.HK,20250926,5252798000.0,FY2025H1
0727.HK,20250627,1400108000.0,FY2025H2
0727.HK,20241129,1318076000.0,FY2025H1
0727.HK,20240702,1260568000.0,FY2024H2
0727.HK,20240514,1654026000.0,FY2023H2
0727.HK,20240422,1388096000.0,FY2024H1
0727.HK,20221223,2025005000.0,FY2023H1
0728.HK,20260427,778336000000.0,FY2025H2
0728.HK,20251021,800539000000.0,FY2025Q3
0728.HK,20250904,803350000000.0,FY2025H1
0728.HK,20250428,754493000000.0,FY2024H2
0728.HK,20250425,775722000000.0,FY2025Q1
0728.HK,20241022,762207000000.0,FY2024Q3
0728.HK,20240905,765994000000.0,FY2024H1
0728.HK,20240424,724845000000.0,FY2023H2
0728.HK,20240423,747329000000.0,FY2024Q1
0728.HK,20231020,723229000000.0,FY2023Q3
0728.HK,20230831,726764000000.0,FY2023H1
0728.HK,20230420,719092000000.0,FY2023Q1
0730.HK,20260422,964750000.0,FY2025H2
0730.HK,20250912,830530000.0,FY2025H1
0730.HK,20250414,1173325000.0,FY2024H2
0730.HK,20240906,1428020000.0,FY2024H1
0730.HK,20240415,1311682000.0,FY2023H2
0730.HK,20230905,1149621000.0,FY2023H1
0731.HK,20260428,1136930000.0,FY2025H2
0731.HK,20250926,1102676000.0,FY2025H1
0731.HK,20250424,1051069000.0,FY2024H2
0731.HK,20240920,1082822000.0,FY2024H1
0731.HK,20240426,1145528000.0,FY2023H2
0731.HK,20230927,1159872000.0,FY2023H1
0732.HK,20260417,23089439000.0,FY2025H2
0732.HK,20250918,23460222000.0,FY2025H1
0732.HK,20250416,23214668000.0,FY2024H2
0732.HK,20240920,24014708000.0,FY2024H1
0732.HK,20240418,23168930000.0,FY2023H2
0732.HK,20230921,22786536000.0,FY2023H1
0733.HK,20260429,1242251000.0,FY2025H2
0733.HK,20250918,1324111000.0,FY2025H1
0733.HK,20250428,1419531000.0,FY2024H2
0733.HK,20240925,1643413000.0,FY2024H1
0733.HK,20240429,1830603000.0,FY2023H2
0733.HK,20230921,2020048000.0,FY2023H1
0736.HK,20250731,264459999.99999997,FY2025H2
0736.HK,20241231,369447000.0,FY2025H1
0736.HK,20240731,604765000.0,FY2024H2
0736.HK,20231229,580378000.0,FY2024H1
0736.HK,20230922,725262000.0,FY2023H2
0736.HK,20221230,598626000.0,FY2023H1
0737.HK,20260428,12486428000.0,FY2025H2
0737.HK,20251024,12213559000.0,FY2025Q3
0737.HK,20250918,12164655000.0,FY2025H1
0737.HK,20250425,11959224000.0,FY2025Q1
0737.HK,20250423,12069049000.0,FY2024H2
0737.HK,20241024,12105944000.0,FY2024Q3
0737.HK,20240919,12083274000.0,FY2024H1
0737.HK,20240425,12276214000.0,FY2024Q1
0737.HK,20240423,11929566000.0,FY2023H2
0737.HK,20230920,11453300000.0,FY2023H1
0738.HK,20250612,246334000.0,FY2025H2
0738.HK,20241113,319154000.0,FY2025H1
0738.HK,20240613,379427000.0,FY2024H2
0738.HK,20231115,415945000.0,FY2024H1
0738.HK,20230615,430844000.0,FY2023H2
0738.HK,20221109,461230000.0,FY2023H1
0743.HK,20260429,18291969000.0,FY2025H2
0743.HK,20251028,18122646000.0,FY2025Q3
0743.HK,20250908,17510574000.0,FY2025H1
0743.HK,20250425,10240238000.0,FY2024H2
0743.HK,20241031,10092985000.0,FY2024Q3
0743.HK,20240802,10143908000.0,FY2024H1
0743.HK,20240430,10339894000.0,FY2024Q1
0743.HK,20240429,10472109000.0,FY2023H2
0743.HK,20231027,10777012000.0,FY2023Q3
0743.HK,20230912,11121689000.0,FY2023H1
0743.HK,20230428,11380569000.0,FY2023Q1
0745.HK,20250725,36834000.0,FY2025H2
0745.HK,20241213,24522000.0,FY2025H1
0745.HK,20240731,31312000.0,FY2024H2
0745.HK,20231129,63753000.0,FY2024H1
0745.HK,20230728,71724000.0,FY2023H2
0745.HK,20221129,82927000.0,FY2023H1
0746.HK,20260324,7555600000.0,FY2025H2
0746.HK,20250815,7109349000.0,FY2025H1
0746.HK,20250331,6971125000.0,FY2024H2
0746.HK,20240812,6916572000.0,FY2024H1
0746.HK,20240408,6762708000.0,FY2023H2
0746.HK,20230809,6716283000.0,FY2023H1
0747.HK,20260423,362241000.0,FY2025H2
0747.HK,20250910,518453999.99999994,FY2025H1
0747.HK,20250429,540351000.0,FY2024H2
0747.HK,20240919,634480000.0,FY2024H1
0747.HK,20240426,628948000.0,FY2023H2
0747.HK,20230913,721979000.0,FY2023H1
0750.HK,20260430,24586702000.0,FY2025H2
0750.HK,20250829,22207903000.0,FY2025H1
0750.HK,20250429,21959730000.0,FY2024H2
0750.HK,20240830,20473364000.0,FY2024H1
0750.HK,20240429,19755169000.0,FY2023H2
0750.HK,20230830,18907305000.0,FY2023H1
0751.HK,20260416,65288000000.0,FY2025H2
0751.HK,20250910,62655000000.0,FY2025H1
0751.HK,20250417,60136000000.0,FY2024H2
0751.HK,20240919,59343000000.0,FY2024H1
0751.HK,20240418,57009000000.0,FY2023H2
0751.HK,20230914,58730000000.0,FY2023H1
0752.HK,20260226,4010210000.0,FY2025H2
0752.HK,20250710,3644792000.0,FY2025H1
0752.HK,20250219,3793558000.0,FY2024H2
0752.HK,20240710,3694696000.0,FY2024H1
0752.HK,20240219,3770625000.0,FY2023H2
0752.HK,20230711,3698370000.0,FY2023H1
0753.HK,20260424,325103007000.0,FY2025H2
0753.HK,20250917,318112289000.0,FY2025H1
0753.HK,20250423,320614969000.0,FY2024H2
0753.HK,20240923,321340750000.0,FY2024H1
0753.HK,20240425,316166158000.0,FY2023H2
0753.HK,20230920,314421246000.0,FY2023H1
0754.HK,20250919,247675447000.0,FY2025H1
0754.HK,20250424,246661126000.0,FY2024H2
0754.HK,20240920,267025952999.99997,FY2024H1
0754.HK,20240424,275376194000.0,FY2023H2
0754.HK,20230922,280430159000.0,FY2023H1
0755.HK,20260423,394583000.0,FY2025H2
0755.HK,20250925,526648000.0,FY2025H1
0755.HK,20250429,583820000.0,FY2024H2
0755.HK,20240926,4299242000.0,FY2024H1
0755.HK,20240428,4768195000.0,FY2023H2
0755.HK,20230925,6036449000.0,FY2023H1
0756.HK,20251030,88744000.0,FY2025H2
0756.HK,20250328,108592000.0,FY2025H1
0756.HK,20241029,128459000.0,FY2024H2
0756.HK,20240327,141736000.0,FY2024H1
0756.HK,20231030,116577000.0,FY2023H2
0756.HK,20230330,144096000.0,FY2023H1
0757.HK,20260428,2967618000.0,FY2025H2
0757.HK,20250926,2898005000.0,FY2025H1
0757.HK,20250428,3712330000.0,FY2024H2
0757.HK,20240923,4495248000.0,FY2024H1
0757.HK,20240429,5089831000.0,FY2023H2
0757.HK,20230925,5684899000.0,FY2023H1
0759.HK,20250821,756808000.0,FY2025H2
0759.HK,20250116,826051000.0,FY2025H1
0759.HK,20240816,814883000.0,FY2024H2
0759.HK,20240126,847783000.0,FY2024H1
0759.HK,20230824,831069000.0,FY2023H2
0759.HK,20230118,849408000.0,FY2023H1
0760.HK,20260429,2166407000.0,FY2025H2
0760.HK,20250929,2372806000.0,FY2025H1
0760.HK,20250429,2574748000.0,FY2024H2
0760.HK,20240923,2800890000.0,FY2024H1
0760.HK,20240430,3029450000.0,FY2023H2
0760.HK,20230921,3593385000.0,FY2023H1
0762.HK,20260428,640785000000.0,FY2025H2
0762.HK,20251022,,FY2025Q3
0762.HK,20250903,640641000000.0,FY2025H1
0762.HK,20250429,639507000000.0,FY2024H2
0762.HK,20250417,,FY2025Q1
0762.HK,20241022,,FY2024Q3
0762.HK,20240904,618601000000.0,FY2024H1
0762.HK,20240430,610056000000.0,FY2023H2
0762.HK,20240419,,FY2024Q1
0762.HK,20231024,,FY2023Q3
0762.HK,20230829,603857000000.0,FY2023H1
0762.HK,20230418,,FY2023Q1
0763.HK,20260306,183804333000.0,FY2025H2
0763.HK,20251028,177704165000.0,FY2025Q3
0763.HK,20250828,176716108000.0,FY2025H1
0763.HK,20250422,173017813000.0,FY2025Q1
0763.HK,20250228,164770122000.0,FY2024H2
0763.HK,20241021,151204630000.0,FY2024Q3
0763.HK,20240816,134671562000.0,FY2024H1
0763.HK,20240425,119541287000.0,FY2024Q1
0763.HK,20240308,121679553000.0,FY2023H2
0763.HK,20231023,121317699000.0,FY2023Q3
0763.HK,20230818,130428917000.0,FY2023H1
0763.HK,20230421,117807236000.0,FY2023Q1
0764.HK,20260428,2178431000.0,FY2025H2
0764.HK,20250924,2421445000.0,FY2025H1
0764.HK,20250428,2418710000.0,FY2024H2
0764.HK,20240925,2595950000.0,FY2024H1
0764.HK,20240430,2706713000.0,FY2023H2
0764.HK,20230922,2901770000.0,FY2023H1
0765.HK,20260429,,FY2025H2
0765.HK,20250908,,FY2025H1
0765.HK,20250429,57951000.0,FY2024H2
0765.HK,20240925,78035000.0,FY2024H1
0765.HK,20240429,72907000.0,FY2023H2
0765.HK,20230927,81422000.0,FY2023H1
0767.HK,20260426,475610000.0,FY2025H2
0767.HK,20250926,479354000.0,FY2025H1
0767.HK,20250428,477789000.0,FY2024H2
0767.HK,20240927,276559000.0,FY2024H1
0767.HK,20240426,285331000.0,FY2023H2
0767.HK,20230922,305706000.0,FY2023H1
0768.HK,20250724,62800000.0,FY2025H2
0768.HK,20241218,75278000.0,FY2025H1
0768.HK,20240723,77508000.0,FY2024H2
0768.HK,20231221,75539000.0,FY2024H1
0768.HK,20230725,86126000.0,FY2023H2
0768.HK,20221222,84870000.0,FY2023H1
0769.HK,20250429,1036643000.0,FY2024H2
0769.HK,20240927,1033760000.0,FY2024H1
0769.HK,20240423,854254000.0,FY2023H2
0769.HK,20230919,1042700000.0,FY2023H1
0770.HK,20260430,871808.0,FY2025H2
0770.HK,20250929,394864.0,FY2025H1
0770.HK,20250428,183464.0,FY2024H2
0770.HK,20240902,811786.0,FY2024H1
0770.HK,20240417,510005.99999999994,FY2023H2
0770.HK,20230904,361109.0,FY2023H1
0771.HK,20260422,2986939000.0,FY2025H2
0771.HK,20250918,2685361000.0,FY2025H1
0771.HK,20250423,2962024000.0,FY2024H2
0771.HK,20240920,2843264000.0,FY2024H1
0771.HK,20240430,2855994000.0,FY2023H2
0771.HK,20230922,2416645000.0,FY2023H1
0772.HK,20260423,16139668000.0,FY2025H2
0772.HK,20250909,15566731000.0,FY2025H1
0772.HK,20250422,14073089000.0,FY2024H2
0772.HK,20240909,14848829000.0,FY2024H1
0772.HK,20240424,13724535000.0,FY2023H2
0772.HK,20230911,12376372000.0,FY2023H1
0775.HK,20260417,8590933000.0,FY2025H2
0775.HK,20250826,7749245000.0,FY2025H1
0775.HK,20250415,7401683000.0,FY2024H2
0775.HK,20240828,7584882000.0,FY2024H1
0775.HK,20240418,7803442000.0,FY2023H2
0775.HK,20230815,7775151000.0,FY2023H1
0776.HK,20250424,78668000.0,FY2024H2
0776.HK,20240910,67279000.0,FY2024H1
0776.HK,20240501,90740000.0,FY2023H2
0776.HK,20230915,144537000.0,FY2023H1
0777.HK,20260428,7737000000.0,FY2025H2
0777.HK,20250925,7906000000.0,FY2025H1
0777.HK,20250423,7305000000.0,FY2024H2
0777.HK,20240926,7495000000.0,FY2024H1
0777.HK,20230921,7488000000.0,FY2023H1
0780.HK,20260428,29242268000.0,FY2025Q4
0780.HK,20251125,35200650000.0,FY2025Q3
0780.HK,20250912,28714664000.0,FY2025Q2
0780.HK,20250523,31355547000.0,FY2025Q1
0780.HK,20250428,24524083000.0,FY2024Q4
0780.HK,20241119,30959995000.0,FY2024Q3
0780.HK,20240912,21820666000.0,FY2024Q2
0780.HK,20240521,25892533000.0,FY2024Q1
0780.HK,20240426,21490701000.0,FY2023Q4
0780.HK,20231121,24584522000.0,FY2023Q3
0780.HK,20230912,18567896000.0,FY2023Q2
0780.HK,20230524,23102390000.0,FY2023Q1
0784.HK,20250721,117233000.0,FY2025H2
0784.HK,20241219,145483000.0,FY2025H1
0784.HK,20240715,111068000.0,FY2024H2
0784.HK,20231219,177049000.0,FY2024H1
0784.HK,20230721,166529000.0,FY2023H2
0784.HK,20221221,198382000.0,FY2023H1
0788.HK,20260417,324267000000.0,FY2025H2
0788.HK,20250827,322454000000.0,FY2025H1
0788.HK,20250416,330236000000.0,FY2024H2
0788.HK,20240827,312698000000.0,FY2024H1
0788.HK,20240418,322052000000.0,FY2023H2
0788.HK,20230825,314923000000.0,FY2023H1
0789.HK,20250729,144093000.0,FY2025H2
0789.HK,20241227,106636000.0,FY2025H1
0789.HK,20240730,101927000.0,FY2024H2
0789.HK,20231228,118723000.0,FY2024H1
0789.HK,20230725,132901999.99999999,FY2023H2
0789.HK,20221222,127036000.0,FY2023H1
0794.HK,20250728,907299000.0,FY2025H2
0794.HK,20241227,976032000.0,FY2025H1
0794.HK,20231228,1006418000.0,FY2024H1
0794.HK,20230728,981335000.0,FY2023H2
0794.HK,20221223,1078864000.0,FY2023H1
0797.HK,20260424,969694000.0,FY2025H2
0797.HK,20250919,1121042000.0,FY2025H1
0797.HK,20250417,1119783000.0,FY2024H2
0797.HK,20240920,1202426000.0,FY2024H1
0797.HK,20240425,1602102000.0,FY2023H2
0797.HK,20230912,1906209000.0,FY2023H1
0798.HK,20260423,20561029000.0,FY2025H2
0798.HK,20250918,21505798000.0,FY2025H1
0798.HK,20250417,21494041000.0,FY2024H2
0798.HK,20240919,22477634000.0,FY2024H1
0798.HK,20240416,21207523000.0,FY2023H2
0798.HK,20230914,21079986000.0,FY2023H1
0799.HK,20260423,2261914000.0,FY2025H2
0799.HK,20250912,2162133000.0,FY2025H1
0799.HK,20250424,2187237000.0,FY2024H2
0799.HK,20240912,2165877000.0,FY2024H1
0799.HK,20240429,2267575000.0,FY2023H2
0799.HK,20230905,2091373000.0,FY2023H1
0800.HK,20240830,1070448000.0000001,FY2024H1
0800.HK,20240417,1191917000.0,FY2023H2
0802.HK,20250923,60691000.0,FY2025H1
0802.HK,20250429,54956000.0,FY2024H2
0802.HK,20240913,346373000.0,FY2024H1
0802.HK,20240429,364048000.0,FY2023H2
0802.HK,20230914,355930000.0,FY2023H1
0804.HK,20260429,140659000.0,FY2025H2
0804.HK,20250930,118394000.0,FY2025H1
0804.HK,20250428,119542000.0,FY2024H2
0804.HK,20240919,148121000.0,FY2024H1
0804.HK,20240430,138617000.0,FY2023H2
0804.HK,20230824,143250000.0,FY2023H1
0805.HK,20260429,602331000.0,FY2025H2
0805.HK,20250930,918834000.0,FY2025H1
0805.HK,20250428,530607999.99999994,FY2024H2
0805.HK,20241231,481222000.0,FY2024H1
0806.HK,20260401,1987426000.0,FY2025H2
0806.HK,20250827,1577713000.0,FY2025H1
0806.HK,20250327,1099769000.0,FY2024H2
0806.HK,20240828,1149239000.0,FY2024H1
0806.HK,20240402,1759868000.0,FY2023H2
0806.HK,20230824,1593276000.0,FY2023H1
0807.HK,20260327,22622895000.0,FY2025H2
0807.HK,20250812,20852365000.0,FY2025H1
0807.HK,20250402,20424918000.0,FY2024Q4
0807.HK,20241112,18062984000.0,FY2024Q3
0807.HK,20240808,17768469000.0,FY2024Q2
0807.HK,20240513,17298149000.0,FY2024Q1
0807.HK,20240403,16791040000.0,FY2023Q4
0807.HK,20231114,16405177000.0,FY2023Q3
0807.HK,20230811,15452131000.0,FY2023Q2
0807.HK,20230428,14611073000.0,FY2023Q1
0809.HK,20260424,4524496000.0,FY2025H2
0809.HK,20250915,4549450000.0,FY2025H1
0809.HK,20250415,4456712000.0,FY2024H2
0809.HK,20240911,4797827000.0,FY2024H1
0809.HK,20240424,5120850000.0,FY2023H2
0809.HK,20230913,5544928000.0,FY2023H1
0810.HK,20260430,10727000.0,FY2025H2
0810.HK,20250915,12921000.0,FY2025H1
0810.HK,20250422,12722000.0,FY2024H2
0810.HK,20240913,16411999.999999998,FY2024H1
0810.HK,20240429,22721000.0,FY2023H2
0810.HK,20230915,35975000.0,FY2023H1
0811.HK,20260326,14027582455.039999,FY2025H2
0811.HK,20251030,15679018980.3,FY2025Q3
0811.HK,20250827,13727178600.74,FY2025H1
0811.HK,20250429,13888530268.96,FY2025Q1
0811.HK,20250327,13097379195.519999,FY2024H2
0811.HK,20241030,14425133679.099998,FY2024Q3
0811.HK,20240827,13046139672.949999,FY2024H1
0811.HK,20240429,13084964120.84,FY2024Q1
0811.HK,20240327,12043334611.26,FY2023H2
0811.HK,20231030,13751909186.49,FY2023Q3
0811.HK,20230829,12253643337.25,FY2023H1
0811.HK,20230427,12799888119.46,FY2023Q1
0813.HK,20260428,343413311000.0,FY2025H2
0813.HK,20250926,405165238000.0,FY2025H1
0813.HK,20250429,419431371000.0,FY2024H2
0813.HK,20240926,466830792000.0,FY2024H1
0813.HK,20240429,522118118000.0,FY2023H2
0813.HK,20230928,551858483000.0,FY2023H1
0814.HK,20260424,5282671694.4,FY2025H2
0814.HK,20250922,5425366355.55,FY2025H1
0814.HK,20250425,6246603315.82,FY2024H2
0814.HK,20240926,6277359256.0,FY2024H1
0814.HK,20240430,6079632067.0,FY2023H2
0814.HK,20230918,6016751972.0,FY2023H1
0815.HK,20260424,1630478000.0,FY2025H2
0815.HK,20250926,1487129000.0,FY2025H1
0815.HK,20250422,1452534000.0,FY2024H2
0815.HK,20240927,1440302000.0,FY2024H1
0815.HK,20240426,1485891000.0,FY2023H2
0815.HK,20230927,1710913000.0,FY2023H1
0816.HK,20260421,2531177000.0,FY2025H2
0816.HK,20250915,2670468000.0,FY2025H1
0816.HK,20250428,2446861000.0,FY2024H2
0816.HK,20240920,2572723000.0,FY2024H1
0816.HK,20240418,2107989000.0,FY2023H2
0816.HK,20230915,2165396000.0,FY2023H1
0817.HK,20260423,411861074000.0,FY2025H2
0817.HK,20250911,390921645000.0,FY2025H1
0817.HK,20250424,374500652000.0,FY2024H2
0817.HK,20240912,378206470000.0,FY2024H1
0817.HK,20240424,376033167000.0,FY2023H2
0817.HK,20230918,397864738000.0,FY2023H1
0818.HK,20260415,11441240000.0,FY2025H2
0818.HK,20250827,10140226000.0,FY2025H1
0818.HK,20250415,8847496000.0,FY2024H2
0818.HK,20240828,8701256000.0,FY2024H1
0818.HK,20240417,9549702000.0,FY2023H2
0818.HK,20230823,7211585000.0,FY2023H1
0819.HK,20260330,47237650000.0,FY2025H2
0819.HK,20250828,45732960000.0,FY2025H1
0819.HK,20250327,46018227000.0,FY2024H2
0819.HK,20240828,44273691000.0,FY2024H1
0819.HK,20240328,36997373000.0,FY2023H2
0819.HK,20230828,35321431000.0,FY2023H1
0821.HK,20260429,349787000.0,FY2025H2
0821.HK,20250929,335845000.0,FY2025H1
0821.HK,20250429,380752000.0,FY2024H2
0821.HK,20240927,436749000.0,FY2024H1
0821.HK,20240429,498696000.0,FY2023H2
0821.HK,20230928,645791000.0,FY2023H1
0822.HK,20260423,1603653000.0,FY2025H2
0822.HK,20250911,1584434000.0,FY2025H1
0822.HK,20250424,1650443000.0,FY2024H2
0822.HK,20240911,1543193000.0,FY2024H1
0822.HK,20240425,1523373000.0,FY2023H2
0822.HK,20230911,1356348000.0,FY2023H1
0825.HK,20250925,9261471000.0,FY2025H2
0825.HK,20250325,9289932000.0,FY2025H1
0825.HK,20241021,9400022000.0,FY2024H2
0825.HK,20240322,10114666000.0,FY2024H1
0825.HK,20231020,9976376000.0,FY2023H2
0825.HK,20230324,10737344000.0,FY2023H1
0826.HK,20260429,12582841000.0,FY2025H2
0826.HK,20250924,12346520000.0,FY2025H1
0826.HK,20250425,12072327000.0,FY2024H2
0826.HK,20240920,12170942000.0,FY2024H1
0826.HK,20240426,12667388000.0,FY2023H2
0826.HK,20230922,12959327000.0,FY2023H1
0827.HK,20260422,4411487000.0,FY2025H2
0827.HK,20250904,4827381000.0,FY2025H1
0827.HK,20250414,5379509000.0,FY2024H2
0827.HK,20240902,5964400000.0,FY2024H1
0827.HK,20240415,6203402000.0,FY2023H2
0827.HK,20230904,5471195000.0,FY2023H1
0828.HK,20260428,468753000.0,FY2025H2
0828.HK,20250929,437360000.0,FY2025H1
0828.HK,20250429,457529000.0,FY2024H2
0828.HK,20240926,411229000.0,FY2024H1
0828.HK,20240429,411816000.0,FY2023H2
0828.HK,20230926,359445000.0,FY2023H1
0829.HK,20260429,2230774000.0,FY2025H2
0829.HK,20250916,2285022000.0,FY2025H1
0829.HK,20250429,2325376000.0,FY2024H2
0829.HK,20240916,2222694000.0,FY2024H1
0829.HK,20240429,2133290000.0,FY2023H2
0829.HK,20230914,2057376000.0000002,FY2023H1
0830.HK,20260428,10685122000.0,FY2025H2
0830.HK,20250915,11093657000.0,FY2025H1
0830.HK,20250428,10519866000.0,FY2024H2
0830.HK,20240909,10567967000.0,FY2024H1
0830.HK,20240425,9928712000.0,FY2023H2
0830.HK,20230911,10389303000.0,FY2023H1
0831.HK,20260413,738921000.0,FY2025H2
0831.HK,20250902,756201000.0,FY2025H1
0831.HK,20250410,760123000.0,FY2024H2
0831.HK,20240904,804932000.0,FY2024H1
0831.HK,20240415,1065448000.0000001,FY2023H2
0831.HK,20230830,1059125000.0,FY2023H1
0832.HK,20260421,94245499000.0,FY2025H2
0832.HK,20250922,99991923000.0,FY2025H1
0832.HK,20250424,104531736000.0,FY2024H2
0832.HK,20240923,111000707000.0,FY2024H1
0832.HK,20240423,116898290000.0,FY2023H2
0832.HK,20230920,128159116000.0,FY2023H1
0833.HK,20260423,855307000.0,FY2025H2
0833.HK,20250923,713885000.0,FY2025H1
0833.HK,20250424,722574000.0,FY2024H2
0833.HK,20240926,745337000.0,FY2024H1
0833.HK,20240425,739059000.0,FY2023H2
0833.HK,20230925,849066000.0,FY2023H1
0834.HK,20260430,1088390000.0,FY2025H2
0834.HK,20250926,1276622000.0,FY2025H1
0834.HK,20250430,1019498000.0,FY2024H2
0834.HK,20240925,1272438000.0,FY2024H1
0834.HK,20240429,1223945000.0,FY2023H2
0834.HK,20230925,1225505000.0,FY2023H1
0836.HK,20260428,386674163000.0,FY2025H2
0836.HK,20250925,371205517000.0,FY2025H1
0836.HK,20250428,347128119000.0,FY2024H2
0836.HK,20240926,329513738000.0,FY2024H1
0836.HK,20240425,299601201000.0,FY2023H2
0836.HK,20230927,276398440000.0,FY2023H1
0837.HK,20260417,1035261000.0,FY2025H2
0837.HK,20250917,913484000.0,FY2025H1
0837.HK,20250416,966786000.0,FY2024H2
0837.HK,20240916,816170000.0,FY2024H1
0837.HK,20240419,862795000.0,FY2023H2
0837.HK,20230918,796078000.0,FY2023H1
0838.HK,20260422,6102294000.0,FY2025H2
0838.HK,20250915,5792412000.0,FY2025H1
0838.HK,20250423,5735750000.0,FY2024H2
0838.HK,20240916,5704371000.0,FY2024H1
0838.HK,20240424,5829587000.0,FY2023H2
0838.HK,20230915,5658026000.0,FY2023H1
0839.HK,20251218,32655000000.0,FY2025H2
0839.HK,20250527,31703000000.0,FY2025H1
0839.HK,20241227,30091000000.0,FY2024H2
0839.HK,20240523,28545000000.0,FY2024H1
0839.HK,20231219,26950000000.0,FY2023H2
0839.HK,20230524,27735000000.0,FY2023H1
0840.HK,20260430,815581517.62,FY2025H2
0840.HK,20250923,817787000.0,FY2025H1
0840.HK,20250430,810622995.96,FY2024H2
0840.HK,20240926,1000180000.0,FY2024H1
0840.HK,20230912,994436000.0,FY2023H1
0841.HK,20250731,1638922000.0,FY2025H2
0841.HK,20241229,1158004000.0,FY2025H1
0841.HK,20240731,1418115000.0,FY2024H2
0841.HK,20231228,1385528000.0,FY2024H1
0841.HK,20230731,1777605000.0,FY2023H2
0841.HK,20221221,2020283000.0,FY2023H1
0842.HK,20260422,14863485000.0,FY2025H2
0842.HK,20250918,14768165000.0,FY2025H1
0842.HK,20250423,13776227000.0,FY2024H2
0842.HK,20240919,13194841000.0,FY2024H1
0842.HK,20240422,12529496000.0,FY2023H2
0842.HK,20230918,10812562000.0,FY2023H1
0844.HK,20260424,520597999.99999994,FY2025H2
0844.HK,20250925,538602000.0,FY2025H1
0844.HK,20250424,556446000.0,FY2024H2
0844.HK,20240926,551077000.0,FY2024H1
0844.HK,20240425,564145000.0,FY2023H2
0844.HK,20230926,525740000.0,FY2023H1
0845.HK,20240927,43675436000.0,FY2024H1
0845.HK,20240430,44775744000.0,FY2023H2
0845.HK,20230928,48959566000.0,FY2023H1
0846.HK,20260430,56805942000.0,FY2025H2
0846.HK,20250917,58898542000.0,FY2025H1
0846.HK,20250428,61148773000.0,FY2024H2
0846.HK,20240910,65720359000.0,FY2024H1
0846.HK,20240419,68881385000.0,FY2023H2
0846.HK,20230904,67354092999.99999,FY2023H1
0848.HK,20260420,42952752000.0,FY2025H2
0848.HK,20250922,44312708000.0,FY2025H1
0848.HK,20250414,44773755000.0,FY2024H2
0848.HK,20240910,45568024000.0,FY2024H1
0848.HK,20230912,47890701000.0,FY2023H1
0851.HK,20260427,97184000.0,FY2025H2
0851.HK,20250922,56637000.0,FY2025H1
0851.HK,20250425,42331000.0,FY2024H2
0851.HK,20240926,729497000.0,FY2024H1
0851.HK,20240426,90807000.0,FY2023H2
0851.HK,20230921,133993000.0,FY2023H1
0852.HK,20260623,1842619000.0,FY2025H1
0852.HK,20260612,1191205000.0,FY2024H2
0852.HK,20240912,1386688000.0,FY2024H1
0852.HK,20240422,1131431000.0,FY2023H2
0852.HK,20230907,1073337000.0,FY2023H1
0853.HK,20260430,2779924000.0,FY2025H2
0853.HK,20250925,2775541000.0,FY2025H1
0853.HK,20250429,2695243000.0,FY2024H2
0853.HK,20240926,2880004000.0,FY2024H1
0853.HK,20230921,2695013000.0,FY2023H1
0854.HK,20260331,1247606000.0,FY2025H2
0854.HK,20250918,1284738000.0,FY2025H1
0854.HK,20240705,1373264000.0,FY2024H2
0854.HK,20231212,1690851000.0,FY2024H1
0854.HK,20230630,1700559000.0,FY2023H2
0854.HK,20221114,1693264000.0,FY2023H1
0855.HK,20250729,55633986000.0,FY2025H2
0855.HK,20241227,55982588000.0,FY2025H1
0855.HK,20240730,53218398000.0,FY2024H2
0855.HK,20231227,50871846000.0,FY2024H1
0855.HK,20230726,49613383000.0,FY2023H2
0855.HK,20221223,46945137000.0,FY2023H1
0856.HK,20260423,38109775000.0,FY2025H2
0856.HK,20250915,36686244000.0,FY2025H1
0856.HK,20250423,34440185000.0,FY2024H2
0856.HK,20240913,31389801000.0,FY2024H1
0856.HK,20240429,31695207000.0,FY2023H2
0856.HK,20230913,27775476000.0,FY2023H1
0857.HK,20260423,2621615000000.0,FY2025H2
0857.HK,20251030,2629538000000.0,FY2025Q3
0857.HK,20250922,2625266000000.0,FY2025H1
0857.HK,20250429,2581232000000.0,FY2025Q1
0857.HK,20250423,2580274000000.0,FY2024H2
0857.HK,20241029,2571284000000.0,FY2024Q3
0857.HK,20240919,2575935000000.0,FY2024H1
0857.HK,20240429,2521905000000.0,FY2024Q1
0857.HK,20231030,2544315000000.0,FY2023Q3
0857.HK,20230919,2500104000000.0,FY2023H1
0857.HK,20230428,2468365000000.0,FY2023Q1
0858.HK,20250728,1420887000.0,FY2025H2
0858.HK,20241217,1284691000.0,FY2025H1
0858.HK,20240726,1188970000.0,FY2024H2
0858.HK,20231218,1109895000.0,FY2024H1
0858.HK,20230728,1327277000.0,FY2023H2
0858.HK,20221215,1236111000.0,FY2023H1
0859.HK,20260427,1413229000.0,FY2025H2
0859.HK,20250926,1569704000.0,FY2025H1
0859.HK,20250430,1585183000.0,FY2024H2
0859.HK,20240923,1723418000.0,FY2024H1
0859.HK,20240424,1735590000.0,FY2023H2
0859.HK,20230927,1773737000.0,FY2023H1
0860.HK,20260430,1048897999.9999999,FY2025H2
0860.HK,20250926,1314012000.0,FY2025H1
0860.HK,20250430,1793198000.0,FY2024H2
0860.HK,20240926,2279303000.0,FY2024H1
0860.HK,20240429,2517888000.0,FY2023H2
0860.HK,20230921,3033326000.0,FY2023H1
0861.HK,20260423,16692719000.000002,FY2025H2
0861.HK,20250925,19572523000.0,FY2025H1
0861.HK,20250425,17467213000.0,FY2024H2
0861.HK,20240927,17934016000.0,FY2024H1
0861.HK,20240425,17836002000.0,FY2023H2
0861.HK,20230925,19574528000.0,FY2023H1
0862.HK,20251023,527227000.0,FY2025H2
0862.HK,20250320,585406000.0,FY2025H1
0862.HK,20241024,660334000.0,FY2024H2
0862.HK,20240321,628344000.0,FY2024H1
0862.HK,20231019,609416000.0,FY2023H2
0862.HK,20230321,587732000.0,FY2023H1
0863.HK,20260429,2577255000.0,FY2025H2
0863.HK,20250925,1167190000.0,FY2025H1
0863.HK,20250428,1051478000.0000001,FY2024H2
0863.HK,20240924,612261000.0,FY2024H1
0863.HK,20240429,1031123000.0,FY2023H2
0863.HK,20230918,1554499000.0,FY2023H1
0864.HK,20260327,372070000.0,FY2025H2
0864.HK,20250919,475972000.0,FY2025H1
0864.HK,20250430,718914000.0,FY2024H2
0864.HK,20240920,868090000.0,FY2024H1
0864.HK,20240426,955343000.0,FY2023H2
0864.HK,20230913,1001400000.0,FY2023H1
0865.HK,20260429,927934000.0,FY2025H2
0865.HK,20250919,959584000.0,FY2025H1
0865.HK,20250429,1028567000.0,FY2024H2
0865.HK,20240925,1033190000.0,FY2024H1
0865.HK,20240429,1048640000.0000001,FY2023H2
0865.HK,20230922,1286784000.0,FY2023H1
0866.HK,20260427,6163311000.0,FY2025H2
0866.HK,20250929,8882040000.0,FY2025H1
0866.HK,20250429,7603784000.0,FY2024H2
0866.HK,20240924,7381560000.0,FY2024H1
0866.HK,20240429,7554841000.0,FY2023H2
0866.HK,20230927,6869427000.0,FY2023H1
0867.HK,20260401,14835998000.0,FY2025H2
0867.HK,20250902,13824468000.0,FY2025H1
0867.HK,20250402,12691159000.0,FY2024H2
0867.HK,20240830,12656863000.0,FY2024H1
0867.HK,20240417,11841876000.0,FY2023H2
0867.HK,20230912,12356216000.0,FY2023H1
0868.HK,20260430,44997586000.0,FY2025H2
0868.HK,20250925,47259330000.0,FY2025H1
0868.HK,20250430,46622181000.0,FY2024H2
0868.HK,20240930,46270939977.0491,FY2024H1
0868.HK,20230929,44228390071.7457,FY2023H1
0869.HK,20260408,343915000.0,FY2025H2
0869.HK,20250903,291285000.0,FY2025H1
0869.HK,20250407,381807000.0,FY2024H2
0869.HK,20241004,383233000.0,FY2024H1
0869.HK,20240408,565290000.0,FY2023H2
0869.HK,20230911,418724000.0,FY2023H1
0871.HK,20260430,1134798000.0,FY2025H2
0871.HK,20250926,1214155000.0,FY2025H1
0871.HK,20250430,1253646000.0,FY2024H2
0871.HK,20240927,1565961000.0,FY2024H1
0871.HK,20240430,1599390000.0,FY2023H2
0871.HK,20230925,1794579000.0,FY2023H1
0873.HK,20260428,10215315000.0,FY2025H2
0873.HK,20250925,9050294000.0,FY2025H1
0873.HK,20250429,9515578000.0,FY2024H2
0873.HK,20240926,8242116000.0,FY2024H1
0873.HK,20240429,8561423000.000001,FY2023H2
0873.HK,20230927,8818022000.0,FY2023H1
0874.HK,20260320,71120733618.95001,FY2025H2
0874.HK,20251028,68626713012.24,FY2025Q3
0874.HK,20250815,71475493839.19,FY2025H1
0874.HK,20250429,64702876801.420006,FY2025Q1
0874.HK,20250313,64547204344.789894,FY2024H2
0874.HK,20241025,61237064766.689995,FY2024Q3
0874.HK,20240830,62663588247.56,FY2024H1
0874.HK,20240426,58119556336.5,FY2024Q1
0874.HK,20240315,57933860902.4699,FY2023H2
0874.HK,20231030,53649890466.2899,FY2023Q3
0874.HK,20230818,52990204902.95,FY2023H1
0874.HK,20230427,52582902408.88,FY2023Q1
0875.HK,20260429,2135784999.9999998,FY2025H2
0875.HK,20250929,1088880000.0,FY2025H1
0875.HK,20250429,951145000.0,FY2024H2
0875.HK,20240927,1153971000.0,FY2024H1
0875.HK,20240429,1317174000.0,FY2023H2
0875.HK,20230928,1178212000.0,FY2023H1
0876.HK,20260428,341889000.0,FY2025H2
0876.HK,20250925,345905000.0,FY2025H1
0876.HK,20250428,347767000.0,FY2024H2
0876.HK,20240926,400282000.0,FY2024H1
0876.HK,20240429,410772000.0,FY2023H2
0876.HK,20230926,440698000.0,FY2023H1
0878.HK,20260414,15018084000.0,FY2025H2
0878.HK,20250915,16183049000.0,FY2025H1
0878.HK,20250416,17429325000.0,FY2024H2
0878.HK,20240913,18377548000.0,FY2024H1
0878.HK,20240417,20492778000.0,FY2023H2
0878.HK,20230920,21653157000.0,FY2023H1
0880.HK,20260427,49112700000.0,FY2025H2
0880.HK,20250922,46695600000.0,FY2025H1
0880.HK,20250428,46590000000.0,FY2024H2
0880.HK,20240926,45866600000.0,FY2024H1
0880.HK,20240426,46508600000.0,FY2023H2
0880.HK,20230926,47775500000.0,FY2023H1
0881.HK,20260429,81139736000.0,FY2025H2
0881.HK,20250929,86631527000.0,FY2025H1
0881.HK,20250429,83150354000.0,FY2024H2
0881.HK,20240927,81104820000.0,FY2024H1
0881.HK,20240429,79174155000.0,FY2023H2
0881.HK,20230925,74112765000.0,FY2023H1
0882.HK,20260427,19746858000.0,FY2025H2
0882.HK,20250918,19844961000.0,FY2025H1
0882.HK,20250427,18483873000.0,FY2024H2
0882.HK,20240916,18107444000.0,FY2024H1
0882.HK,20240424,17816522000.0,FY2023H2
0882.HK,20230919,19053400000.0,FY2023H1
0883.HK,20260409,1019880000000.0,FY2025H2
0883.HK,20250909,1024820000000.0,FY2025H1
0883.HK,20250408,974997000000.0,FY2024H2
0883.HK,20240910,932444000000.0,FY2024H1
0883.HK,20240402,872159000000.0,FY2023H2
0883.HK,20230830,885009000000.0,FY2023H1
0884.HK,20260429,198152663000.0,FY2025H2
0884.HK,20250923,231359909000.0,FY2025H1
0884.HK,20250429,244696915000.0,FY2024H2
0884.HK,20240929,269894451000.0,FY2024H1
0884.HK,20240429,286787910000.0,FY2023H2
0884.HK,20231102,341410574000.0,FY2023H1
0887.HK,20260416,5626917000.0,FY2025H2
0887.HK,20250908,5323190000.0,FY2025H1
0887.HK,20250414,5025995000.0,FY2024H2
0887.HK,20240912,5253130000.0,FY2024H1
0887.HK,20240416,5249614000.0,FY2023H2
0887.HK,20230912,5052966000.0,FY2023H1
0888.HK,20260428,12479000.0,FY2025H2
0888.HK,20250917,31951000.0,FY2025H1
0888.HK,20250425,49021000.0,FY2024H2
0888.HK,20240925,57335000.0,FY2024H1
0888.HK,20240425,63639000.0,FY2023H2
0888.HK,20230927,62529000.0,FY2023H1
0889.HK,20260428,611376000.0,FY2025H2
0889.HK,20250916,667691000.0,FY2025H1
0889.HK,20250424,665123000.0,FY2024H2
0889.HK,20240916,695604000.0,FY2024H1
0889.HK,20240424,722714000.0,FY2023H2
0889.HK,20230915,758597000.0,FY2023H1
0893.HK,20260424,1304911000.0,FY2025H2
0893.HK,20250905,1290755000.0,FY2025H1
0893.HK,20250425,1270428000.0,FY2024H2
0893.HK,20240906,1298185000.0,FY2024H1
0893.HK,20240426,1299296000.0,FY2023H2
0893.HK,20230907,1282262000.0,FY2023H1
0894.HK,20260427,2924668000.0,FY2025H2
0894.HK,20250929,2792056000.0,FY2025H1
0894.HK,20250428,2755641000.0,FY2024H2
0894.HK,20240927,2809105000.0,FY2024H1
0894.HK,20240429,2739674000.0,FY2023H2
0894.HK,20230925,2684868000.0,FY2023H1
0895.HK,20260327,8416492779.38,FY2025H2
0895.HK,20251029,9185733884.53,FY2025Q3
0895.HK,20250822,9289359206.5,FY2025H1
0895.HK,20250425,9357272692.41,FY2025Q1
0895.HK,20250328,9557922807.45,FY2024H2
0895.HK,20241025,10389847690.55,FY2024Q3
0895.HK,20240828,9869108131.23,FY2024H1
0895.HK,20240426,10386075383.08,FY2024Q1
0895.HK,20240327,9975832268.86,FY2023H2
0895.HK,20231027,10543322565.820002,FY2023Q3
0895.HK,20230825,10067292958.97,FY2023H1
0895.HK,20230427,10200034904.65,FY2023Q1
0896.HK,20250723,4402017000.0,FY2025H2
0896.HK,20241220,4736698000.0,FY2025H1
0896.HK,20240724,4748007000.0,FY2024H2
0896.HK,20231205,4711920000.0,FY2024H1
0896.HK,20230725,4735532000.0,FY2023H2
0896.HK,20221208,4767798000.0,FY2023H1
0897.HK,20250724,1307933000.0,FY2025H2
0897.HK,20241220,1282809000.0,FY2025H1
0897.HK,20240725,1560141000.0,FY2024H2
0897.HK,20231221,6120238000.0,FY2024H1
0897.HK,20230727,6470737000.0,FY2023H2
0897.HK,20221221,6313187000.0,FY2023H1
0898.HK,20260427,12520395000.0,FY2025H2
0898.HK,20250922,13205326000.0,FY2025H1
0898.HK,20250425,12989053000.0,FY2024H2
0898.HK,20240926,12849919000.0,FY2024H1
0898.HK,20240426,12756265000.0,FY2023H2
0898.HK,20230922,12656205000.0,FY2023H1
0899.HK,20250714,1380204000.0,FY2025H2
0899.HK,20241203,1939469000.0,FY2025H1
0899.HK,20240725,1942896000.0,FY2024H2
0899.HK,20231130,1647049000.0,FY2024H1
0899.HK,20230721,1711291000.0,FY2023H2
0899.HK,20221215,1923045000.0,FY2023H1
0900.HK,20250521,5706296000.0,FY2025H2
0900.HK,20241219,5648919000.0,FY2025Q3
0900.HK,20241024,5492370000.0,FY2025H1
0900.HK,20240626,5370919000.0,FY2025Q1
0900.HK,20240520,5295396000.0,FY2024H2
0900.HK,20240104,5146848000.0,FY2024Q3
0900.HK,20231024,4870218000.0,FY2024Q2
0900.HK,20230629,4955779000.0,FY2024Q1
0900.HK,20230518,4485570000.0,FY2023H2
0900.HK,20221221,4081561000.0,FY2023Q3
0900.HK,20221027,3831833000.0,FY2023H1
0900.HK,20220623,3632514000.0,FY2023Q1
0902.HK,20260417,569918658000.0,FY2025H2
0902.HK,20250828,548838079999.99994,FY2025H1
0902.HK,20250416,545443262000.0,FY2024H2
0902.HK,20240828,510903629000.0,FY2024H1
0902.HK,20240419,503701537000.0,FY2023H2
0902.HK,20230817,479576996000.0,FY2023H1
0905.HK,20260429,125880000.0,FY2025H2
0905.HK,20250929,219858000.0,FY2025H1
0905.HK,20250423,127959000.0,FY2024H2
0905.HK,20240916,100534000.0,FY2024H1
0905.HK,20240423,74911000.0,FY2023H2
0905.HK,20230927,88167000.0,FY2023H1
0906.HK,20240819,11917793000.0,FY2024H1
0906.HK,20240418,11617049000.0,FY2023H2
0906.HK,20230918,11882271000.0,FY2023H1
0907.HK,20250731,67431000.0,FY2025H2
0907.HK,20241230,98432000.0,FY2025H1
0907.HK,20240730,84766000.0,FY2024H2
0907.HK,20231229,143880000.0,FY2024H1
0907.HK,20230731,140947000.0,FY2023H2
0907.HK,20221229,203937000.0,FY2023H1
0909.HK,20260424,3424788000.0,FY2025H2
0909.HK,20250919,3469389000.0,FY2025H1
0909.HK,20250424,3503272000.0,FY2024H2
0909.HK,20240910,3153121000.0,FY2024H1
0909.HK,20240416,1879318000.0,FY2023H2
0909.HK,20230913,5026402000.0,FY2023H1
0910.HK,20260615,15680010000.0,FY2025H1
0910.HK,20260615,14590538000.0,FY2025H2
0910.HK,20260302,16757505000.000002,FY2024H2
0910.HK,20240925,23274288000.0,FY2024H1
0910.HK,20240425,23258964000.0,FY2023H2
0910.HK,20230922,24945105000.0,FY2023H1
0911.HK,20260429,347001000.0,FY2025H2
0911.HK,20250929,365204000.0,FY2025H1
0911.HK,20250428,384051000.0,FY2024H2
0911.HK,20240926,522879000.0,FY2024H1
0911.HK,20240429,458592000.0,FY2023H2
0911.HK,20230925,408308000.0,FY2023H1
0912.HK,20250708,799047000.0,FY2025H2
0912.HK,20241206,855835000.0,FY2025H1
0912.HK,20240710,913275000.0,FY2024H2
0912.HK,20231207,972688000.0,FY2024H1
0912.HK,20230710,1089056000.0,FY2023H2
0912.HK,20221208,1108242000.0,FY2023H1
0913.HK,20260429,266470000.00000003,FY2025H2
0913.HK,20250909,149152000.0,FY2025H1
0913.HK,20250415,143192000.0,FY2024H2
0913.HK,20240910,106720000.0,FY2024H1
0913.HK,20240418,151008000.0,FY2023H2
0913.HK,20230914,134882000.0,FY2023H1
0914.HK,20260413,243580397000.0,FY2025H2
0914.HK,20250909,237645634000.0,FY2025H1
0914.HK,20250415,236233970000.0,FY2024H2
0914.HK,20240909,228475745000.0,FY2024H1
0914.HK,20230907,225573502000.0,FY2023H1
0915.HK,20260420,12094000.0,FY2025H2
0915.HK,20250908,9936000.0,FY2025H1
0915.HK,20250414,14655000.0,FY2024H2
0915.HK,20240911,13347000.0,FY2024H1
0915.HK,20240418,12814000.0,FY2023H2
0915.HK,20230913,14126000.0,FY2023H1
0916.HK,20260408,256193592000.0,FY2025H2
0916.HK,20250918,266997292000.00003,FY2025H1
0916.HK,20250425,225190378000.0,FY2023H2
0916.HK,20240925,234184604000.0,FY2024H1
0916.HK,20230915,215475281000.0,FY2023H1
0917.HK,20260423,1221316000.0,FY2025H2
0917.HK,20250917,1269142000.0,FY2025H1
0917.HK,20250415,1214359000.0,FY2024H2
0917.HK,20240912,929354000.0,FY2024H1
0918.HK,20250721,300693000.0,FY2025H2
0918.HK,20241217,330640000.0,FY2025H1
0918.HK,20240710,344315000.0,FY2024H2
0918.HK,20231218,489591000.0,FY2024H1
0918.HK,20230719,471247000.0,FY2023H2
0918.HK,20221206,468821000.0,FY2023H1
0919.HK,20250725,342119000.0,FY2025H2
0919.HK,20241224,400717000.0,FY2025H1
0919.HK,20240726,423054000.0,FY2024H2
0919.HK,20231221,431527000.0,FY2024H1
0919.HK,20230726,389439000.0,FY2023H2
0919.HK,20221221,443140000.0,FY2023H1
0921.HK,20260330,67438104021.28999,FY2025H2
0921.HK,20251028,68076861129.840004,FY2025Q3
0921.HK,20250730,71319566893.22,FY2025H1
0921.HK,20250428,68280612174.66999,FY2025Q1
0921.HK,20250328,67284262333.0199,FY2024H2
0921.HK,20241030,63383651483.04,FY2024Q3
0921.HK,20240830,67745579543.84,FY2024H1
0921.HK,20240424,64218030492.9299,FY2024Q1
0921.HK,20240329,62842946277.37,FY2023H2
0921.HK,20231030,59934724867.880005,FY2023Q3
0921.HK,20230828,61070922950.42,FY2023H1
0921.HK,20230427,53560584020.64,FY2023Q1
0922.HK,20250724,1006317000.0,FY2025H2
0922.HK,20241211,962836000.0,FY2025H1
0922.HK,20240718,923173000.0,FY2024H2
0922.HK,20231214,918073000.0,FY2024H1
0922.HK,20230725,1035089999.9999999,FY2023H2
0922.HK,20221212,978420000.0,FY2023H1
0923.HK,20250729,238467000.0,FY2025H2
0923.HK,20241220,701655000.0,FY2025H1
0923.HK,20240729,720907000.0,FY2024H2
0923.HK,20231221,695868000.0,FY2024H1
0923.HK,20230728,716291000.0,FY2023H2
0923.HK,20221222,732606000.0,FY2023H1
0924.HK,20251027,38072251.0,FY2025H2
0924.HK,20250326,42301199.0,FY2025H1
0924.HK,20241025,45361943.0,FY2024H2
0924.HK,20240328,42166759.0,FY2024H1
0924.HK,20231027,40351870.0,FY2023H2
0924.HK,20230323,40888638.0,FY2023H1
0925.HK,20250425,12172248000.0,FY2024H2
0925.HK,20240926,12755848000.0,FY2024H1
0925.HK,20240429,13145119000.0,FY2023H2
0925.HK,20230927,14879494553.407299,FY2023H1
0926.HK,20260429,385378000.0,FY2025H2
0926.HK,20250911,357931000.0,FY2025H1
0926.HK,20250429,356745000.0,FY2024H2
0926.HK,20240828,492165000.0,FY2024H1
0926.HK,20240416,535861000.0,FY2023H2
0926.HK,20230921,646239000.0,FY2023H1
0927.HK,20250717,633103000.0,FY2025H2
0927.HK,20241218,689593000.0,FY2025H1
0927.HK,20240717,734859000.0,FY2024H2
0927.HK,20231206,512037000.00000006,FY2024H1
0927.HK,20230712,530410999.99999994,FY2023H2
0927.HK,20221205,560829000.0,FY2023H1
0928.HK,20251114,286052000.0,FY2025H2
0928.HK,20241224,336511000.0,FY2025H1
0928.HK,20240731,335661000.0,FY2024H2
0928.HK,20231212,290369000.0,FY2024H1
0928.HK,20230728,246483000.0,FY2023H2
0928.HK,20221208,182311000.0,FY2023H1
0929.HK,20260430,2084219999.9999998,FY2025H2
0929.HK,20250922,1978713000.0,FY2025H1
0929.HK,20250414,1888424000.0,FY2024H2
0929.HK,20240919,1847517000.0,FY2024H1
0929.HK,20240412,1803221000.0,FY2023H2
0929.HK,20230925,1482890000.0,FY2023H1
0931.HK,20250725,1583822000.0,FY2025H2
0931.HK,20241220,1492269000.0,FY2025H1
0931.HK,20240726,1434842000.0,FY2024H2
0931.HK,20231215,1259191000.0,FY2024H1
0931.HK,20230725,1306214000.0,FY2023H2
0931.HK,20221221,1361753000.0,FY2023H1
0932.HK,20250724,283372000.0,FY2025H2
0932.HK,20241218,313001000.0,FY2025H1
0932.HK,20240725,331634000.0,FY2024H2
0932.HK,20231220,337730000.0,FY2024H1
0932.HK,20230720,326338000.0,FY2023H2
0932.HK,20221222,167744000.0,FY2023H1
0933.HK,20260324,15234207000.0,FY2025H2
0933.HK,20250822,14143490000.0,FY2025H1
0933.HK,20250328,12914965000.0,FY2024H2
0933.HK,20240822,13330532000.0,FY2024H1
0933.HK,20240320,13436345000.0,FY2023Q4
0933.HK,20230818,14516703000.0,FY2023Q2
0933.HK,20230512,,FY2023Q1
0934.HK,20260417,16740143000.0,FY2025H2
0934.HK,20250904,16483398000.000002,FY2025H1
0934.HK,20250417,16104157000.0,FY2024H2
0934.HK,20240902,15185987000.0,FY2024H1
0934.HK,20240412,14927889000.0,FY2023H2
0934.HK,20230911,15361662000.0,FY2023H1
0936.HK,20260423,478862000.0,FY2025H2
0936.HK,20250925,486052000.0,FY2025H1
0936.HK,20250424,460371000.0,FY2024H2
0936.HK,20240925,572681000.0,FY2024H1
0936.HK,20240424,564214000.0,FY2023H2
0936.HK,20230921,559007000.0,FY2023H1
0938.HK,20250729,1999540000.0,FY2025H2
0938.HK,20241206,2205165000.0,FY2025H1
0938.HK,20241009,2237106000.0,FY2024H2
0938.HK,20231228,2538414000.0,FY2024H1
0938.HK,20230728,2777338000.0,FY2023H2
0938.HK,20221219,2933643000.0,FY2023H1
0939.HK,20260427,,FY2025H2
0939.HK,20251030,,FY2025Q3
0939.HK,20250926,-47703000000.0,FY2025H1
0939.HK,20250429,,FY2025Q1
0939.HK,20250425,-46691000000.0,FY2024H2
0939.HK,20241030,,FY2024Q3
0939.HK,20240926,-47247000000.0,FY2024H1
0939.HK,20240429,,FY2024Q1
0939.HK,20240425,-45682000000.0,FY2023H2
0939.HK,20231026,,FY2023Q3
0939.HK,20230927,-43200000000.0,FY2023H1
0941.HK,20260423,1991651000000.0,FY2025H2
0941.HK,20251020,1970107000000.0,FY2025Q3
0941.HK,20250829,1997869000000.0,FY2025H1
0941.HK,20250422,1965193000000.0,FY2025Q1
0941.HK,20250411,1905517000000.0,FY2024H2
0941.HK,20241021,1862063000000.0,FY2024Q3
0941.HK,20240830,1854233000000.0,FY2024H1
0941.HK,20240422,1829574000000.0,FY2024Q1
0941.HK,20240415,1815797000000.0,FY2023H2
0941.HK,20231020,1771792000000.0,FY2023Q3
0941.HK,20230904,1751367000000.0,FY2023H1
0941.HK,20230420,1763908000000.0,FY2023Q1
0943.HK,20250929,733616000.0,FY2025H2
0943.HK,20250320,731457000.0,FY2025H1
0943.HK,20241030,2272368000.0,FY2024H2
0943.HK,20240327,2140935000.0,FY2024H1
0943.HK,20231129,2980364000.0,FY2023H2
0943.HK,20230531,3304358000.0,FY2023H1
0945.HK,20260211,-26703000000.0,FY2025Q4
0945.HK,20251112,-25832000000.0,FY2025Q3
0945.HK,20250807,-23773000000.0,FY2025Q2
0945.HK,20250507,-25362000000.0,FY2025Q1
0945.HK,20250219,-25789000000.0,FY2024Q4
0945.HK,20241106,-22884000000.0,FY2024Q3
0945.HK,20240807,-22098000000.0,FY2024Q2
0945.HK,20240508,-21481000000.0,FY2024Q1
0945.HK,20240214,-20338000000.0,FY2023Q4
0945.HK,20231109,-22137000000.0,FY2023Q3
0945.HK,20230809,-21018000000.0,FY2023Q2
0945.HK,20230510,-18775000000.0,FY2023Q1
0947.HK,20260423,705425000.0,FY2025H2
0947.HK,20250903,858588000.0,FY2025H1
0947.HK,20250423,854220000.0,FY2024H2
0947.HK,20240905,952527000.0,FY2024H1
0947.HK,20240418,1049056000.0,FY2023H2
0947.HK,20230907,1156876000.0,FY2023H1
0948.HK,20250729,125525000.0,FY2025H2
0948.HK,20241220,139200000.0,FY2025H1
0948.HK,20240729,151029000.0,FY2024H2
0948.HK,20231221,226317000.0,FY2024H1
0948.HK,20230727,254597000.0,FY2023H2
0948.HK,20221229,283693000.0,FY2023H1
0950.HK,20260423,3110061000.0,FY2025H2
0950.HK,20250919,2688284000.0,FY2025H1
0950.HK,20250423,2396655000.0,FY2024H2
0950.HK,20240919,2349361000.0,FY2024H1
0950.HK,20240419,2715301000.0,FY2023H2
0950.HK,20230915,2732327000.0,FY2023H1
0951.HK,20260424,21036396000.0,FY2025H2
0951.HK,20250922,20679173000.0,FY2025H1
0951.HK,20250425,20133012000.0,FY2024H2
0951.HK,20240923,20100118000.0,FY2024H1
0951.HK,20240425,18150355000.0,FY2023H2
0951.HK,20230922,18876236000.0,FY2023H1
0952.HK,20260423,2870318000.0,FY2025H2
0952.HK,20250918,3121431000.0,FY2025H1
0952.HK,20250423,3006312000.0,FY2024H2
0952.HK,20240919,2735204000.0,FY2024H1
0952.HK,20240425,2846417000.0,FY2023H2
0952.HK,20230914,3940008000.0,FY2023H1
0953.HK,20260430,177485000.0,FY2025H2
0953.HK,20250929,173632000.0,FY2025H1
0953.HK,20250430,194409000.0,FY2024H2
0953.HK,20240930,405590000.0,FY2024H1
0953.HK,20240430,185336000.0,FY2023H2
0953.HK,20230928,214948000.0,FY2023H1
0954.HK,20260421,1111573000.0,FY2025H2
0954.HK,20250901,1171114000.0,FY2025H1
0954.HK,20250423,1191795000.0,FY2024H2
0954.HK,20240830,1206691000.0,FY2024H1
0954.HK,20240419,1152942000.0,FY2023H2
0954.HK,20230828,1176660000.0,FY2023H1
0956.HK,20260325,86286069382.68,FY2025H2
0956.HK,20251030,83202042027.5199,FY2025Q3
0956.HK,20250826,81812864374.31999,FY2025H1
0956.HK,20250429,81340149629.5799,FY2025Q1
0956.HK,20250325,79250640643.01001,FY2024H2
0956.HK,20241030,79016823806.41,FY2024Q3
0956.HK,20240828,76212929849.7999,FY2024H1
0956.HK,20240425,76073973931.12,FY2024Q1
0956.HK,20240326,74131320533.0999,FY2023H2
0956.HK,20231027,74053875017.7,FY2023Q3
0956.HK,20230829,72431369390.96991,FY2023H1
0959.HK,20250730,42413000.0,FY2025H2
0959.HK,20241219,28248000.0,FY2025H1
0959.HK,20240730,86505000.0,FY2024H2
0959.HK,20231221,87041000.0,FY2024H1
0959.HK,20230728,87309000.0,FY2023H2
0959.HK,20221221,96781000.0,FY2023H1
0960.HK,20260427,564665664000.0,FY2025H2
0960.HK,20250925,585136124000.0,FY2025H1
0960.HK,20250424,613855453000.0,FY2024H2
0960.HK,20240919,641566027000.0,FY2024H1
0960.HK,20240429,637347715000.0,FY2023H2
0960.HK,20230914,699456906000.0,FY2023H1
0966.HK,20260428,-54360241000.0,FY2025H2
0966.HK,20250925,-42084611000.0,FY2025H1
0968.HK,20260430,51768328000.0,FY2025H2
0968.HK,20250919,55672503000.0,FY2025H1
0968.HK,20250430,55931532000.0,FY2024H2
0968.HK,20240925,56068168003.2786,FY2024H1
0968.HK,20230922,45225464180.168396,FY2023H1
0969.HK,20260429,64034000.00000001,FY2025H2
0969.HK,20250926,75149000.0,FY2025H1
0969.HK,20250429,36058000.0,FY2024H2
0969.HK,20240925,65813999.99999999,FY2024H1
0969.HK,20240426,48607000.0,FY2023H2
0969.HK,20230927,78729000.0,FY2023H1
0970.HK,20250731,1748455000.0,FY2025H2
0970.HK,20241227,2154361000.0,FY2025H1
0970.HK,20240729,2674457000.0,FY2024H2
0970.HK,20231213,3176942000.0,FY2024H1
0970.HK,20230721,3536913000.0,FY2023H2
0970.HK,20221213,3601823000.0,FY2023H1
0973.HK,20240726,2013867000.0,FY2024H2
0973.HK,20231229,1916214000.0,FY2024H1
0973.HK,20230731,1761411000.0,FY2023H2
0973.HK,20221229,1881582000.0,FY2023H1
0974.HK,20260424,198141000.0,FY2025H2
0974.HK,20250918,248099000.0,FY2025H1
0974.HK,20250424,283548000.0,FY2024H2
0974.HK,20240913,303090000.0,FY2024H1
0974.HK,20240425,316823000.0,FY2023H2
0974.HK,20230918,318958000.0,FY2023H1
0975.HK,20260428,2123078000.0,FY2025H2
0975.HK,20250926,2094025000.0,FY2025H1
0975.HK,20250425,1994692000.0,FY2024H2
0975.HK,20240927,1955233000.0,FY2024H1
0975.HK,20240426,1832642000.0,FY2023H2
0975.HK,20230922,1774585000.0,FY2023H1
0976.HK,20240926,8729600000.0,FY2024H1
0976.HK,20240429,8353900000.0,FY2023H2
0976.HK,20230921,8465299999.999999,FY2023H1
0978.HK,20260430,81908410000.0,FY2025H2
0978.HK,20250923,99862574000.0,FY2025H1
0978.HK,20250429,93011885000.0,FY2024H2
0978.HK,20240916,107880412000.0,FY2024H1
0978.HK,20240423,103800275000.0,FY2023H2
0978.HK,20230925,117948770000.0,FY2023H1
0979.HK,20251030,37332000.0,FY2025H2
0979.HK,20250325,37950000.0,FY2025H1
0979.HK,20241024,42988000.0,FY2024H2
0979.HK,20240318,44431000.0,FY2024H1
0979.HK,20231025,35838000.0,FY2023H2
0979.HK,20230320,34544000.0,FY2023H1
0980.HK,20260422,16303673000.0,FY2025H2
0980.HK,20250917,16534451000.0,FY2025H1
0980.HK,20250423,17872629000.0,FY2024H2
0980.HK,20240917,17415442000.0,FY2024H1
0980.HK,20240429,18337986000.0,FY2023H2
0980.HK,20230915,18842155000.0,FY2023H1
0981.HK,20260408,46398808000.0,FY2025H2
0981.HK,20260210,,FY2025Q4
0981.HK,20251113,45944839000.0,FY2025Q3
0981.HK,20250902,44363488000.0,FY2025H1
0981.HK,20250508,43378042000.0,FY2025Q1
0981.HK,20250409,42797059000.0,FY2024Q4
0981.HK,20241107,43559758000.0,FY2024Q3
0981.HK,20240829,43657490000.0,FY2024Q2
0981.HK,20240509,42820095000.0,FY2024Q1
0981.HK,20240409,41572254000.0,FY2023Q4
0981.HK,20231109,39800849000.0,FY2023Q3
0981.HK,20230905,38285110000.0,FY2023Q2
0981.HK,20230511,36312265000.0,FY2023Q1
0982.HK,20240927,847910000.0,FY2024H1
0982.HK,20240327,662701000.0,FY2023H2
0982.HK,20230928,899015000.0,FY2023H1
0983.HK,20260424,7959000000.0,FY2025H2
0983.HK,20250923,7900000000.0,FY2025H1
0983.HK,20250425,8416000000.0,FY2024H2
0983.HK,20240923,8508000000.0,FY2024H1
0983.HK,20240425,8495000000.0,FY2023H2
0983.HK,20230919,8131000000.0,FY2023H1
0984.HK,20260427,4509100000.0,FY2025H2
0984.HK,20250925,4717426000.0,FY2025H1
0984.HK,20250425,4940038000.0,FY2024H2
0984.HK,20240924,5125147000.0,FY2024H1
0984.HK,20240426,4791857000.0,FY2023H2
0984.HK,20230919,4528339000.0,FY2023H1
0985.HK,20231128,555534000.0,FY2024H1
0985.HK,20230720,629378000.0,FY2023H2
0986.HK,20250731,331840000.0,FY2025H2
0986.HK,20241204,222646000.0,FY2025H1
0986.HK,20240725,170478000.0,FY2024H2
0986.HK,20231227,245103000.0,FY2024H1
0986.HK,20230728,326688000.0,FY2023H2
0986.HK,20221215,332533000.0,FY2023H1
0987.HK,20260428,1745763000.0,FY2025H2
0987.HK,20250929,1931164000.0,FY2025H1
0987.HK,20250428,1890345000.0,FY2024H2
0987.HK,20240924,1966871000.0,FY2024H1
0987.HK,20240429,2069665000.0,FY2023H2
0987.HK,20230925,2140978999.9999998,FY2023H1
0988.HK,20240328,220578000.0,FY2023H2
0988.HK,20230928,296797000.0,FY2023H1
0989.HK,20250725,1243154000.0,FY2025H2
0989.HK,20241220,1469752000.0,FY2025H1
0989.HK,20240725,2207915000.0,FY2024H2
0989.HK,20231221,2235834000.0,FY2024H1
0989.HK,20230724,2215782000.0,FY2023H2
0989.HK,20221222,2211289000.0,FY2023H1
0990.HK,20260429,20668175000.0,FY2025H2
0990.HK,20250925,16229381000.0,FY2025H1
0990.HK,20250429,16773774000.000002,FY2024H2
0990.HK,20240927,13460973000.0,FY2024H1
0990.HK,20240429,13603497000.0,FY2023H2
0990.HK,20230922,11545624000.0,FY2023H1
0991.HK,20260428,324369241000.0,FY2025H2
0991.HK,20250929,315319645000.0,FY2025H1
0991.HK,20250428,314889500000.0,FY2024H2
0991.HK,20240927,299426136000.0,FY2024H1
0991.HK,20230926,294910195000.0,FY2023H1
0992.HK,20250620,39502688000.0,FY2025Q4
0992.HK,20250220,40787896000.0,FY2025Q3
0992.HK,20241128,40285369000.0,FY2025Q2
0992.HK,20240815,36573542000.0,FY2025Q1
0992.HK,20240619,35191123000.0,FY2024Q4
0992.HK,20240222,36038170000.0,FY2024Q3
0992.HK,20231130,35519669000.0,FY2024Q2
0992.HK,20230817,33569567000.000004,FY2024Q1
0992.HK,20230626,34669972000.0,FY2023Q4
0992.HK,20230217,36729744000.0,FY2023Q3
0992.HK,20221116,37726056000.0,FY2023Q2
0992.HK,20220809,40460409000.0,FY2023Q1
0993.HK,20260429,467383000.0,FY2025H2
0993.HK,20250929,529849000.00000006,FY2025H1
0993.HK,20250428,568663000.0,FY2024H2
0993.HK,20240927,750577000.0,FY2024H1
0993.HK,20240426,1025109999.9999999,FY2023H2
0993.HK,20230926,1240550000.0,FY2023H1
0994.HK,20260428,373878000.0,FY2025H2
0994.HK,20250929,447503000.0,FY2025H1
0994.HK,20250429,349577000.0,FY2024H2
0994.HK,20240927,446597000.0,FY2024H1
0994.HK,20240426,191893000.0,FY2023H2
0994.HK,20230922,346507000.0,FY2023H1
0995.HK,20260428,26960712000.0,FY2025H2
0995.HK,20250926,26602603000.0,FY2025H1
0995.HK,20250430,22337146000.0,FY2024H2
0995.HK,20240925,20526491000.0,FY2024H1
0995.HK,20240430,20814172000.0,FY2023H2
0995.HK,20230922,19369749000.0,FY2023H1
0997.HK,20250730,3119109000.0,FY2025H2
0997.HK,20241230,3492148000.0,FY2025H1
0997.HK,20240730,3580150000.0,FY2024H2
0997.HK,20231228,3876758000.0,FY2024H1
0997.HK,20230728,4340631000.0,FY2023H2
0997.HK,20221229,4365319000.0,FY2023H1
0998.HK,20260421,-4483000000.0,FY2025H2
0998.HK,20251030,,FY2025Q3
0998.HK,20250929,-4256000000.0,FY2025H1
0998.HK,20250429,-4737000000.0,FY2024H2
0998.HK,20241030,,FY2024Q3
0998.HK,20240927,-4151000000.0,FY2024H1
0998.HK,20240429,-4467000000.0,FY2023H2
0998.HK,20231026,,FY2023Q3
0998.HK,20230927,-4061000000.0,FY2023H1
0998.HK,20230428,,FY2023Q1
0999.HK,20260326,3499937000.0,FY2025H2
0999.HK,20250917,3056620000.0,FY2025H1
1000.HK,20260424,651849000.0,FY2025H2
1000.HK,20250919,680172000.0,FY2025H1
1000.HK,20250428,631230000.0,FY2024H2
1000.HK,20240920,634308000.0,FY2024H1
1000.HK,20230915,618491000.0,FY2023H1
1001.HK,20250717,2376398000.0,FY2025H2
1001.HK,20241210,2525247000.0,FY2025H1
1001.HK,20240718,2504598000.0,FY2024H2
1001.HK,20231208,2686873000.0,FY2024H1
1001.HK,20230714,2809936000.0,FY2023H2
1001.HK,20221209,2848215000.0,FY2023H1
1002.HK,20260427,109935000.0,FY2025H2
1002.HK,20250925,109978362.83432999,FY2025H1
1002.HK,20250428,821654000.0,FY2024H3
1002.HK,20241030,506750000.0,FY2024H2
1002.HK,20240424,232717000.0,FY2024H1
1002.HK,20231110,246250000.0,FY2023H2
1002.HK,20230427,268737000.0,FY2023H1
1003.HK,20260429,1299637000.0,FY2025H2
1003.HK,20250919,1810375000.0,FY2025H1
1003.HK,20250425,1803169000.0,FY2024H2
1003.HK,20240920,1964568000.0,FY2024H1
1003.HK,20240426,1924097000.0,FY2023H2
1003.HK,20230922,2197112000.0,FY2023H1
1004.HK,20260430,457908000.0,FY2025H2
1004.HK,20250930,494842000.0,FY2025H1
1004.HK,20230928,1937161000.0,FY2023H1
1005.HK,20260424,582827000.0,FY2025H2
1005.HK,20250911,675629000.0,FY2025H1
1005.HK,20250422,637327000.0,FY2024H2
1005.HK,20240913,844148000.0,FY2024H1
1005.HK,20240717,808332000.0,FY2023H2
1005.HK,20230907,1041996000.0000001,FY2023H1
1007.HK,20240927,40018000.0,FY2024H1
1007.HK,20240429,42473000.0,FY2023H2
1007.HK,20230921,37974000.0,FY2023H1
1008.HK,20260413,1724104000.0,FY2025H2
1008.HK,20250911,1905775000.0,FY2025H1
1008.HK,20250424,1516991000.0,FY2024H2
1008.HK,20240919,1595151000.0,FY2024H1
1008.HK,20240425,1751790000.0,FY2023H2
1008.HK,20230920,1879375000.0,FY2023H1
1009.HK,20251023,1801972000.0,FY2025H2
1009.HK,20250320,1762858000.0,FY2025H1
1009.HK,20241022,1745133000.0,FY2024H2
1009.HK,20240315,1326264000.0,FY2024H1
1009.HK,20231030,1309796000.0,FY2023H2
1009.HK,20230317,1294665000.0,FY2023H1
1010.HK,20260406,175894000.0,FY2025H2
1010.HK,20250929,186837000.0,FY2025H1
1010.HK,20250429,205175000.0,FY2024H2
1010.HK,20240830,329987000.0,FY2024H1
1010.HK,20240430,340022000.0,FY2023H2
1010.HK,20230929,354264000.0,FY2023H1
1011.HK,20260430,340127000.0,FY2025H2
1011.HK,20250905,339776000.0,FY2025H1
1011.HK,20250430,324452000.0,FY2024H2
1011.HK,20240930,332973000.0,FY2024H1
1011.HK,20240430,327602000.0,FY2023H2
1011.HK,20230928,1043413000.0,FY2023H1
1013.HK,20250730,43851000.0,FY2025H2
1013.HK,20241230,33137000.0,FY2025H1
1013.HK,20240731,31941000.0,FY2024H2
1013.HK,20231228,88346000.0,FY2024H1
1013.HK,20230728,72186000.0,FY2023H2
1013.HK,20221228,103288000.0,FY2023H1
1020.HK,20260429,241835000.0,FY2025H2
1020.HK,20250903,217211000.0,FY2025H1
1020.HK,20250620,289042000.0,FY2024H2
1020.HK,20240917,254781000.0,FY2024H1
1020.HK,20230927,243782000.0,FY2023H1
1021.HK,20260427,593997000.0,FY2025Q4
1021.HK,20260320,579080000.0,FY2025Q3
1022.HK,20260427,591207000.0,FY2025H2
1022.HK,20250923,623034000.0,FY2025H1
1022.HK,20250425,567968000.0,FY2024H2
1022.HK,20240923,559309000.0,FY2024H1
1022.HK,20240425,523534999.99999994,FY2023H2
1022.HK,20230918,497178000.0,FY2023H1
1023.HK,20251023,1445509000.0,FY2025H2
1023.HK,20250320,1540609000.0,FY2025H1
1023.HK,20241018,1653585000.0,FY2024H2
1023.HK,20240321,1679504000.0,FY2024H1
1023.HK,20231019,1734884000.0,FY2023H2
1023.HK,20230323,1802790000.0,FY2023H1
1024.HK,20260424,153324000000.0,FY2025Q4
1024.HK,20251119,150812000000.0,FY2025Q3
1024.HK,20250904,143229000000.0,FY2025Q2
1024.HK,20250527,130473000000.0,FY2025Q1
1024.HK,20250425,127176000000.0,FY2024Q4
1024.HK,20241120,119629000000.0,FY2024Q3
1024.HK,20240829,108362000000.0,FY2024Q2
1024.HK,20240522,94687000000.0,FY2024Q1
1024.HK,20240422,93391000000.0,FY2023Q4
1024.HK,20231121,86649000000.0,FY2023Q3
1024.HK,20230831,79006000000.0,FY2023Q2
1024.HK,20230522,73130000000.0,FY2023Q1
1025.HK,20250724,88491000.0,FY2025H2
1025.HK,20241202,97151000.0,FY2025H1
1025.HK,20240725,105702000.0,FY2024H2
1025.HK,20231214,105527000.0,FY2024H1
1025.HK,20230720,110951000.0,FY2023H2
1025.HK,20221215,118841000.0,FY2023H1
1026.HK,20251030,1730514000.0,FY2025H3
1026.HK,20250328,1789962000.0,FY2025H2
1026.HK,20240927,1841171000.0,FY2025H1
1026.HK,20240430,1936348000.0,FY2023H2
1026.HK,20230928,2140389999.9999998,FY2023H1
1027.HK,20260430,395592000.0,FY2025H2
1027.HK,20250905,373721000.0,FY2025H1
1027.HK,20250430,395432000.0,FY2024H2
1027.HK,20240925,371429000.0,FY2024H1
1027.HK,20240429,368966000.0,FY2023H2
1027.HK,20230911,470323000.0,FY2023H1
1028.HK,20260429,771700000.0,FY2025H2
1028.HK,20250926,782293000.0,FY2025H1
1028.HK,20250428,1045592000.0000001,FY2024H2
1028.HK,20240925,1097913000.0,FY2024H1
1028.HK,20240426,1080354000.0,FY2023H2
1028.HK,20230926,1179786000.0,FY2023H1
1029.HK,20260427,235493000.0,FY2025H2
1029.HK,20250926,248092000.0,FY2025H1
1029.HK,20250425,385253000.0,FY2024H2
1029.HK,20240927,390423000.0,FY2024H1
1029.HK,20240426,394948000.0,FY2023H2
1029.HK,20230925,495292000.0,FY2023H1
1030.HK,20260329,262040573000.0,FY2025H2
1030.HK,20250921,283978404000.0,FY2025H1
1030.HK,20250416,302209671000.0,FY2024H2
1030.HK,20240912,346454192000.0,FY2024H1
1030.HK,20240416,363862110000.0,FY2023H2
1030.HK,20230913,422211666000.0,FY2023H1
1031.HK,20221130,15933342000.0,FY2023H1
1033.HK,20260427,72590546000.0,FY2025H2
1033.HK,20250916,72937832000.0,FY2025H1
1033.HK,20250417,73898707000.0,FY2024H2
1033.HK,20240920,72922633000.0,FY2024H1
1033.HK,20240424,72374176000.0,FY2023H2
1033.HK,20230922,71071163000.0,FY2023H1
1036.HK,20260423,3624633000.0,FY2025H2
1036.HK,20250916,3750181000.0,FY2025H1
1036.HK,20250424,4011088000.0,FY2024H2
1036.HK,20240916,4418710000.0,FY2024H1
1036.HK,20240425,4501037000.0,FY2023H2
1036.HK,20230918,4791922000.0,FY2023H1
1037.HK,20260429,480402000.0,FY2025H2
1037.HK,20250917,506111000.0,FY2025H1
1037.HK,20250428,465574000.0,FY2024H2
1037.HK,20240920,389050000.0,FY2024H1
1037.HK,20240429,426738000.0,FY2023H2
1037.HK,20230926,518467999.99999994,FY2023H1
1038.HK,20260416,158912000000.0,FY2025H2
1038.HK,20250827,159901000000.0,FY2025H1
1038.HK,20250415,149732000000.0,FY2024H2
1038.HK,20240902,152815000000.0,FY2024H1
1038.HK,20240418,152796000000.0,FY2023H2
1038.HK,20230816,153815000000.0,FY2023H1
1039.HK,20260428,115201000.0,FY2025H2
1039.HK,20250924,118788000.0,FY2025H1
1039.HK,20250428,130594000.0,FY2024H2
1039.HK,20240920,119900000.0,FY2024H1
1039.HK,20240430,124132000.0,FY2023H2
1039.HK,20230922,122633000.0,FY2023H1
1044.HK,20260415,37442157000.0,FY2025H2
1044.HK,20250912,34994181000.0,FY2025H1
1044.HK,20250414,32358496000.0,FY2024H2
1044.HK,20240911,38249898000.0,FY2024H1
1044.HK,20240412,32194145000.0,FY2023H2
1044.HK,20230914,37603400000.0,FY2023H1
1045.HK,20260420,6536735000.0,FY2025H2
1045.HK,20250915,6512445000.0,FY2025H1
1045.HK,20250416,6500237000.0,FY2024H2
1045.HK,20240912,6723669000.0,FY2024H1
1045.HK,20240418,6902169000.0,FY2023H2
1045.HK,20230913,6778057000.0,FY2023H1
1046.HK,20251028,300459000.0,FY2025H2
1046.HK,20250319,412023000.0,FY2025H1
1046.HK,20241029,605088000.0,FY2024H2
1046.HK,20240320,616671000.0,FY2024H1
1046.HK,20231027,870711000.0,FY2023H2
1046.HK,20230329,964700000.0,FY2023H1
1047.HK,20251017,875418000.0,FY2025H2
1047.HK,20250314,850346000.0,FY2025H1
1047.HK,20241015,912650000.0,FY2024H2
1047.HK,20240314,865322000.0,FY2024H1
1047.HK,20231016,840632000.0,FY2023H2
1047.HK,20230310,863312000.0,FY2023H1
1049.HK,20260423,842218000.0,FY2025H2
1049.HK,20250916,951190000.0,FY2025H1
1049.HK,20250424,856196000.0,FY2024H2
1049.HK,20240903,989702000.0,FY2024H1
1049.HK,20240425,1044852000.0000001,FY2023H2
1049.HK,20230911,1255950000.0,FY2023H1
1050.HK,20250729,2341529000.0,FY2025H2
1050.HK,20241219,2411251000.0,FY2025H1
1050.HK,20240729,2253303000.0,FY2024H2
1050.HK,20231220,2352995000.0,FY2024H1
1050.HK,20230728,2391334000.0,FY2023H2
1050.HK,20221221,3884019000.0,FY2023H1
1051.HK,20260428,281561000.0,FY2025H2
1051.HK,20250926,515666000.00000006,FY2025H1
1051.HK,20250428,616783000.0,FY2024H2
1051.HK,20240926,718289000.0,FY2024H1
1051.HK,20240426,694361000.0,FY2023H2
1051.HK,20230927,489884000.0,FY2023H1
1052.HK,20260428,33904828999.999996,FY2025H2
1052.HK,20250829,34689446000.0,FY2025H1
1052.HK,20250331,35007376000.0,FY2024H2
1052.HK,20240829,33152016000.000004,FY2024H1
1052.HK,20240425,33600690000.000004,FY2023H2
1052.HK,20230828,33312093999.999996,FY2023H1
1053.HK,20260330,29466149581.02,FY2025H2
1053.HK,20251030,31404401757.510002,FY2025Q3
1053.HK,20250827,32090866164.420002,FY2025H1
1053.HK,20250422,31672417041.72,FY2025Q1
1053.HK,20250328,32308498097.25,FY2024H2
1053.HK,20241030,33043426116.559998,FY2024Q3
1053.HK,20240830,34263587046.289997,FY2024H1
1053.HK,20240429,35962662811.479996,FY2024Q1
1053.HK,20240328,35197215435.159996,FY2023H2
1053.HK,20231027,36862478221.71999,FY2023Q3
1053.HK,20230830,34681357269.52,FY2023H1
1053.HK,20230427,36616933140.46,FY2023Q1
1055.HK,20260427,340357000000.0,FY2025H2
1055.HK,20250922,323760000000.0,FY2025H1
1055.HK,20250425,316587000000.0,FY2024H2
1055.HK,20240912,305416000000.0,FY2024H1
1055.HK,20230920,291576000000.0,FY2023H1
1057.HK,20260330,3520191658.12,FY2025H2
1057.HK,20251027,3143782488.3100004,FY2025Q3
1057.HK,20250826,3254054927.9799995,FY2025H1
1057.HK,20250422,2865504947.33,FY2025Q1
1057.HK,20250330,3041540375.02,FY2024H2
1057.HK,20241029,2701006498.06,FY2024Q3
1057.HK,20240825,2554916886.94,FY2024H1
1057.HK,20240425,2385885208.4699903,FY2024Q1
1057.HK,20240328,2530847038.36,FY2023H2
1057.HK,20231026,2325505241.29,FY2023Q3
1057.HK,20230820,2269734713.79,FY2023H1
1057.HK,20230427,2152485092.5699997,FY2023Q1
1058.HK,20260423,75109000.0,FY2025H2
1058.HK,20250923,90693000.0,FY2025H1
1058.HK,20250424,93735000.0,FY2024H2
1058.HK,20240919,118233000.0,FY2024H1
1058.HK,20240429,128398000.0,FY2023H2
1058.HK,20230919,167884000.0,FY2023H1
1059.HK,20251027,165916000.0,FY2025H2
1059.HK,20250320,139545000.0,FY2025H1
1059.HK,20241030,129356000.0,FY2024H2
1059.HK,20240325,109312000.0,FY2024H1
1059.HK,20231026,120896000.0,FY2023H2
1059.HK,20230330,118416000.0,FY2023H1
1060.HK,20250722,16906062999.999998,FY2025H2
1060.HK,20241223,17700299000.0,FY2025H1
1060.HK,20240726,13090501000.0,FY2024H2
1060.HK,20231211,9474642000.0,FY2024H1
1060.HK,20230727,7878885000.0,FY2023H2
1060.HK,20221220,8089977000.0,FY2023H1
1061.HK,20260331,2651483471.0,FY2025H2
1061.HK,20250902,2522144000.0,FY2025H1
1061.HK,20250403,2357382661.0,FY2024H2
1061.HK,20240902,2300435000.0,FY2024H1
1061.HK,20240326,2261697108.0,FY2023H2
1061.HK,20230824,2257350000.0,FY2023H1
1062.HK,20260410,6106696.0,FY2025H2
1062.HK,20250905,81000.0,FY2025H1
1062.HK,20250410,0.0,FY2024H2
1062.HK,20240906,228435222.0,FY2024H1
1062.HK,20240426,225124768.0,FY2023H2
1062.HK,20230908,208705306.0,FY2023H1
1063.HK,20260429,244678000.0,FY2025H2
1063.HK,20250918,234125000.0,FY2025H1
1063.HK,20250429,201591000.0,FY2024H2
1063.HK,20240927,201290000.0,FY2024H1
1063.HK,20240430,235659000.0,FY2023H2
1063.HK,20230925,219793000.0,FY2023H1
1064.HK,20260430,1343136000.0,FY2025H2
1064.HK,20250922,1388700000.0,FY2025H1
1064.HK,20250425,1339938000.0,FY2024H2
1064.HK,20240917,1372567000.0,FY2024H1
1064.HK,20240730,1405845000.0,FY2023H2
1064.HK,20230907,4137875000.0,FY2023H1
1065.HK,20260325,17641438640.510002,FY2025H2
1065.HK,20251024,18355238670.84,FY2025Q3
1065.HK,20250822,17827339493.69,FY2025H1
1065.HK,20250423,17892990619.510002,FY2025Q1
1065.HK,20250321,17206372422.81,FY2024H2
1065.HK,20241025,17646318000.0,FY2024Q3
1065.HK,20240823,17097519000.0,FY2024H1
1065.HK,20240423,17376173000.0,FY2024Q1
1065.HK,20240322,16558556000.0,FY2023H2
1065.HK,20231025,16721768000.0,FY2023Q3
1065.HK,20230825,15850368000.0,FY2023H1
1065.HK,20230425,15674547000.0,FY2023Q1
1066.HK,20260428,23460086000.0,FY2025H2
1066.HK,20250926,22923699000.0,FY2025H1
1066.HK,20250429,22722549000.0,FY2024H2
1066.HK,20240920,23036897000.0,FY2024H1
1066.HK,20240429,22791217000.0,FY2023H2
1066.HK,20230918,23442258000.0,FY2023H1
1068.HK,20260427,467506000.0,FY2025H2
1068.HK,20250918,600634000.0,FY2025H1
1068.HK,20250428,603970000.0,FY2024H2
1068.HK,20240920,926243000.0,FY2024H1
1068.HK,20240426,972653000.0,FY2023H2
1068.HK,20230915,1112711000.0,FY2023H1
1069.HK,20251031,200927000.0,FY2025H2
1069.HK,20250328,188409000.0,FY2025H1
1069.HK,20241031,174936000.0,FY2024H2
1069.HK,20240328,139926000.0,FY2024H1
1069.HK,20231030,136316000.0,FY2023H2
1069.HK,20230515,105461000.0,FY2023H1
1070.HK,20260429,74182648000.0,FY2025H2
1070.HK,20250925,67370609000.0,FY2025H1
1070.HK,20250428,64283132000.0,FY2024H2
1070.HK,20240926,58395728000.0,FY2024H1
1070.HK,20240426,50845934000.0,FY2023H2
1070.HK,20230927,49321235000.0,FY2023H1
1071.HK,20260326,256292418000.0,FY2025H2
1071.HK,20250828,252221612000.0,FY2025H1
1071.HK,20250417,219590700000.0,FY2024H2
1071.HK,20240830,218783117000.0,FY2024H1
1071.HK,20240417,219838834000.0,FY2023H2
1071.HK,20230914,221163290000.0,FY2023H1
1072.HK,20260331,137268002641.79,FY2025H2
1072.HK,20251030,130930941428.82,FY2025Q3
1072.HK,20250828,151630121723.38,FY2025H1
1072.HK,20250429,114950150527.79,FY2024H2
1072.HK,20241030,119523693651.68001,FY2024Q3
1072.HK,20240829,106906792969.03,FY2024H1
1072.HK,20240429,105171316469.23001,FY2024Q1
1072.HK,20240328,101051579115.75,FY2023H2
1072.HK,20231030,104230478890.90001,FY2023Q3
1072.HK,20230830,102505411348.23,FY2023H1
1072.HK,20230428,97933622033.76991,FY2023Q1
1073.HK,20260422,738699000.0,FY2025H2
1073.HK,20250915,801691000.0,FY2025H1
1073.HK,20250424,627744000.0,FY2024H2
1073.HK,20240916,636943000.0,FY2024H1
1073.HK,20240422,353670000.0,FY2023H2
1073.HK,20230913,251896000.0,FY2023H1
1075.HK,20260424,1847024403.32,FY2025H2
1075.HK,20250918,1821955180.23,FY2025H1
1075.HK,20250429,1646996614.67,FY2024H2
1075.HK,20240919,1753951723.4299998,FY2024H1
1075.HK,20240426,1723680056.1,FY2023H2
1075.HK,20230921,1767632128.9499998,FY2023H1
1079.HK,20251027,6477000.0,FY2025H2
1079.HK,20250327,5389000.0,FY2025H1
1079.HK,20241024,6808000.0,FY2024H2
1079.HK,20240327,2584000.0,FY2024H1
1079.HK,20231027,9497000.0,FY2023H2
1079.HK,20230327,78883759.5,FY2023H1
1080.HK,20260417,917891000.0,FY2025H2
1080.HK,20250911,901638000.0,FY2025H1
1080.HK,20250411,936777000.0,FY2024H2
1080.HK,20240913,911952000.0,FY2024H1
1080.HK,20240412,946261000.0,FY2023H2
1080.HK,20230908,1052656000.0,FY2023H1
1082.HK,20251030,84932000.0,FY2025H2
1082.HK,20250328,116011000.0,FY2025H1
1082.HK,20241028,118122000.0,FY2024H2
1082.HK,20240328,123632000.0,FY2024H1
1082.HK,20231020,134900000.0,FY2023H2
1082.HK,20230323,139782000.0,FY2023H1
1083.HK,20260420,47902246000.0,FY2025H2
1083.HK,20250916,47172048000.0,FY2025H1
1083.HK,20250425,45713553000.0,FY2024H2
1083.HK,20240830,45122167000.0,FY2024H1
1083.HK,20230830,45282417000.0,FY2023H1
1084.HK,20260424,1543667000.0,FY2025H2
1084.HK,20250929,1474196000.0,FY2025H1
1084.HK,20250429,1451534000.0,FY2024H2
1084.HK,20240930,1444684000.0,FY2024H1
1084.HK,20240426,1471003000.0,FY2023H2
1084.HK,20230919,1772242000.0,FY2023H1
1085.HK,20260429,4322738000.0,FY2025H2
1085.HK,20250902,3720183000.0,FY2025H1
1085.HK,20250429,3602694000.0,FY2024H2
1085.HK,20240828,3531986000.0,FY2024H1
1085.HK,20240328,3101319000.0,FY2023H2
1085.HK,20230825,1766743000.0,FY2023H1
1086.HK,20260421,6601941000.0,FY2025H2
1086.HK,20250922,6860533000.0,FY2025H1
1086.HK,20250416,6771392000.0,FY2024H2
1086.HK,20240924,7290578000.0,FY2024H1
1086.HK,20240418,7782880000.0,FY2023H2
1086.HK,20230927,7661446000.0,FY2023H1
1087.HK,20260421,556543000.0,FY2025H2
1087.HK,20250917,526244000.0,FY2025H1
1087.HK,20250422,470044000.0,FY2024H2
1087.HK,20240919,553404000.0,FY2024H1
1087.HK,20240425,535251999.99999994,FY2023H2
1087.HK,20230928,579119000.0,FY2023H1
1088.HK,20260330,591912000000.0,FY2025H2
1088.HK,20251024,598374000000.0,FY2025Q3
1088.HK,20250829,589645000000.0,FY2025H1
1088.HK,20250425,597095000000.0,FY2025Q1
1088.HK,20250321,579680000000.0,FY2024H2
1088.HK,20241025,562728000000.0,FY2024Q3
1088.HK,20240830,545964000000.0,FY2024H1
1088.HK,20240426,545908000000.0,FY2024Q1
1088.HK,20240325,509224000000.0,FY2023H2
1088.HK,20231027,523089000000.0,FY2023Q3
1088.HK,20230827,499663000000.0,FY2023H1
1090.HK,20260429,12315280000.0,FY2025H2
1090.HK,20250918,16714970000.000002,FY2025H1
1090.HK,20250424,12810933000.0,FY2024H2
1090.HK,20240919,15992417000.0,FY2024H1
1090.HK,20240429,12909693000.0,FY2023H2
1090.HK,20230919,14165224000.0,FY2023H1
1091.HK,20260415,8289244000.000001,FY2025H2
1091.HK,20250905,7725429000.0,FY2025H1
1091.HK,20250430,8384273999.999999,FY2024H2
1091.HK,20240924,10264271000.0,FY2024H1
1091.HK,20240426,10390441000.0,FY2023H2
1091.HK,20231211,10415813000.0,FY2023H1
1093.HK,20260428,40373445000.0,FY2025Q4
1093.HK,20250918,39004339000.0,FY2025Q2
1093.HK,20250428,38236711000.0,FY2024Q4
1093.HK,20240919,40166050000.0,FY2024Q2
1093.HK,20240425,34032042999.999996,FY2023Q4
1093.HK,20230915,32973065000.000004,FY2023Q2
1094.HK,20250808,518639000.0,FY2025H2
1094.HK,20241220,708324000.0,FY2025H1
1094.HK,20231222,598647000.0,FY2024H1
1094.HK,20230727,584946000.0,FY2023H2
1094.HK,20221222,323678000.0,FY2023H1
1097.HK,20260428,753323000.0,FY2025H2
1097.HK,20250923,779868000.0,FY2025H1
1097.HK,20250422,828754000.0,FY2024H2
1097.HK,20240923,885082000.0,FY2024H1
1097.HK,20240422,916240000.0,FY2023H2
1097.HK,20230921,829052000.0,FY2023H1
1098.HK,20260428,40442414000.0,FY2025H2
1098.HK,20250909,47877385000.0,FY2025H1
1098.HK,20250407,50012232000.0,FY2024H2
1098.HK,20240905,53901976000.0,FY2024H1
1098.HK,20240408,61878604000.0,FY2023H2
1098.HK,20230907,67867508000.0,FY2023H1
1099.HK,20260424,341470115000.0,FY2025H2
1099.HK,20250926,384980437000.0,FY2025H1
1099.HK,20250425,338406184000.0,FY2024H2
1099.HK,20240924,386241564000.0,FY2024H1
1099.HK,20240426,319580452000.0,FY2023H2
1099.HK,20230925,383311602000.0,FY2023H1
1100.HK,20260416,1794256000.0,FY2025H2
1100.HK,20250911,1697152000.0,FY2025H1
1100.HK,20250416,1734372000.0,FY2024H2
1100.HK,20240912,1587123000.0,FY2024H1
1100.HK,20240418,1468754000.0,FY2023H2
1100.HK,20230912,1516022000.0,FY2023H1
1101.HK,20240927,1384368000.0,FY2024H1
1101.HK,20240430,1369640000.0,FY2023H2
1101.HK,20230927,1424546000.0,FY2023H1
1102.HK,20260428,82617000.0,FY2025H2
1102.HK,20250930,116798000.0,FY2025H1
1102.HK,20250430,67950000.0,FY2024H2
1102.HK,20240923,315178000.0,FY2024H1
1102.HK,20240429,276577000.0,FY2023H2
1102.HK,20230927,321253000.0,FY2023H1
1104.HK,20251023,3921825000.0,FY2025H2
1104.HK,20250314,3354323000.0,FY2025H1
1104.HK,20241024,3640015000.0,FY2024H2
1104.HK,20240314,3608821000.0,FY2024H1
1104.HK,20231025,3014166000.0,FY2023H2
1104.HK,20230317,3552781000.0,FY2023H1
1105.HK,20260422,1332517000.0,FY2025H2
1105.HK,20250910,1361851000.0,FY2025H1
1105.HK,20250422,1421798000.0,FY2024H2
1105.HK,20240911,1416969000.0,FY2024H1
1105.HK,20240423,1486951000.0,FY2023H2
1105.HK,20230906,1480523000.0,FY2023H1
1107.HK,20251212,34790108000.0,FY2025H1
1107.HK,20231107,49391957000.0,FY2023H1
1108.HK,20260330,13477557853.85,FY2025H2
1108.HK,20251030,13378044498.53,FY2025Q3
1108.HK,20250829,13468695553.9,FY2025H1
1108.HK,20250429,12044528950.12,FY2025Q1
1108.HK,20250328,12157062153.17,FY2024H2
1108.HK,20241030,12343064842.789999,FY2024Q3
1108.HK,20240829,12515837219.31,FY2024H1
1108.HK,20240429,12064799752.9,FY2024Q1
1108.HK,20240328,12180958446.08,FY2023H2
1108.HK,20231027,10771093457.95,FY2023Q3
1108.HK,20230830,10724811343.88,FY2023H1
1108.HK,20230428,10104349153.42,FY2023Q1
1109.HK,20260428,952131043000.0,FY2025H2
1109.HK,20250926,1015861562000.0,FY2025H1
1109.HK,20250428,973486145000.0,FY2024H2
1109.HK,20240926,1079467541999.9999,FY2024H1
1109.HK,20240426,1060421656000.0,FY2023H2
1109.HK,20230928,1065226122999.9999,FY2023H1
1110.HK,20260421,1087285000.0,FY2025H2
1110.HK,20250918,1078889000.0,FY2025H1
1110.HK,20250417,1089576000.0,FY2024H2
1110.HK,20240916,1133688000.0,FY2024H1
1110.HK,20240422,1073279000.0,FY2023H2
1110.HK,20230918,1022529000.0,FY2023H1
1111.HK,20260429,539623000.0,FY2025H2
1111.HK,20250930,602342000.0,FY2025H1
1111.HK,20250429,422254000.0,FY2024H2
1111.HK,20240927,436678000.0,FY2024H1
1112.HK,20260410,10073909000.0,FY2025H2
1112.HK,20250902,9916831000.0,FY2025H1
1112.HK,20250403,9634861000.0,FY2024H2
1112.HK,20240903,10205324000.0,FY2024H1
1112.HK,20240411,10857165000.0,FY2023H2
1112.HK,20230906,11355566000.0,FY2023H1
1113.HK,20260417,465040000000.0,FY2025H2
1113.HK,20250828,479800000000.0,FY2025H1
1113.HK,20250415,463196000000.0,FY2024H2
1113.HK,20240829,469121000000.0,FY2024H1
1113.HK,20240419,463831000000.0,FY2023H2
1113.HK,20230817,455614000000.0,FY2023H1
1114.HK,20260424,17793351000.0,FY2025H2
1114.HK,20250924,20129734000.0,FY2025H1
1114.HK,20250428,16921576000.0,FY2024H2
1114.HK,20240925,19401803000.0,FY2024H1
1114.HK,20240426,22013569000.0,FY2023H2
1114.HK,20230925,29904976000.0,FY2023H1
1115.HK,20260430,2940321000.0,FY2025H2
1115.HK,20250930,2723201000.0,FY2025H1
1115.HK,20250429,2674869000.0,FY2024H2
1115.HK,20240927,3133671000.0,FY2024H1
1115.HK,20240430,3253769000.0,FY2023H2
1115.HK,20230928,3512087000.0,FY2023H1
1116.HK,20251020,484400000.0,FY2025H2
1116.HK,20250327,567742000.0,FY2025H1
1116.HK,20230322,770168000.0,FY2023H1
1117.HK,20260423,28205917000.0,FY2025H2
1117.HK,20250925,27669794000.0,FY2025H1
1117.HK,20250425,29061960000.0,FY2024H2
1117.HK,20240925,26208757000.0,FY2024H1
1117.HK,20240428,27012702000.0,FY2023H2
1117.HK,20230926,24294561000.0,FY2023H1
1118.HK,20260427,2044574000.0,FY2025H2
1118.HK,20250926,2070246000.0,FY2025H1
1118.HK,20250428,2105554999.9999998,FY2024H2
1118.HK,20240925,2140882000.0,FY2024H1
1118.HK,20240426,2263315000.0,FY2023H2
1118.HK,20230926,2495739000.0,FY2023H1
1119.HK,20260428,3436835000.0,FY2025H2
1119.HK,20250912,3407130000.0,FY2025H1
1119.HK,20250424,3393294000.0,FY2024H2
1119.HK,20240905,3519348000.0,FY2024H1
1119.HK,20240429,3517244000.0,FY2023H2
1119.HK,20230919,3938611000.0,FY2023H1
1120.HK,20260427,1444845000.0,FY2025H2
1120.HK,20250915,1266823000.0,FY2025H1
1120.HK,20250425,1217123000.0,FY2024H2
1120.HK,20240916,1094694000.0,FY2024H1
1120.HK,20240425,1098218000.0,FY2023H2
1120.HK,20230914,925268000.0,FY2023H1
1121.HK,20260430,591854000.0,FY2025H2
1121.HK,20250930,635795000.0,FY2025H1
1121.HK,20250430,664320000.0,FY2024H2
1121.HK,20240930,652253000.0,FY2024H1
1121.HK,20240429,721352000.0,FY2023H2
1121.HK,20230929,535538000.0,FY2023H1
1122.HK,20260429,8663132000.0,FY2025H2
1122.HK,20250919,8775957000.0,FY2025H1
1122.HK,20250428,8980414000.0,FY2024H2
1122.HK,20240920,9089286000.0,FY2024H1
1122.HK,20240417,8908089000.0,FY2023H2
1122.HK,20230922,9171006000.0,FY2023H1
1123.HK,20250710,682288000.0,FY2025H2
1123.HK,20241213,687578000.0,FY2025H1
1123.HK,20240711,722260000.0,FY2024H2
1123.HK,20231214,714784000.0,FY2024H1
1123.HK,20230713,677493000.0,FY2023H2
1123.HK,20221214,669402000.0,FY2023H1
1124.HK,20250730,1327315000.0,FY2025H2
1124.HK,20241224,1763914000.0,FY2025H1
1124.HK,20240726,1753283000.0,FY2024H2
1124.HK,20231221,5471615000.0,FY2024H1
1124.HK,20230728,6282532000.0,FY2023H2
1124.HK,20221221,6756470000.0,FY2023H1
1125.HK,20251119,27044279000.0,FY2025H2
1125.HK,20250414,26948732000.0,FY2025H1
1125.HK,20241113,26963396000.0,FY2024H2
1125.HK,20240418,27485993000.0,FY2024H1
1125.HK,20231116,27990961000.0,FY2023H2
1125.HK,20230420,29988825000.0,FY2023H1
1126.HK,20260408,3869818000.0,FY2025H2
1126.HK,20250918,3683525000.0,FY2025H1
1126.HK,20250407,3536072000.0,FY2024H2
1126.HK,20240919,3563191000.0,FY2024H1
1126.HK,20240402,3338820000.0,FY2023H2
1126.HK,20230919,3689075000.0,FY2023H1
1127.HK,20260423,2096926000.0,FY2025H2
1127.HK,20250911,2144009000.0,FY2025H1
1127.HK,20250423,2089922000.0,FY2024H2
1127.HK,20240911,2128650000.0,FY2024H1
1127.HK,20240423,2109342999.9999998,FY2023H2
1127.HK,20230914,1975132000.0,FY2023H1
1128.HK,20260428,33033122000.000004,FY2025H2
1128.HK,20250904,27607613000.0,FY2025H1
1128.HK,20250428,27499813000.0,FY2024H2
1128.HK,20240902,32208862000.0,FY2024H1
1128.HK,20230904,30013649000.0,FY2023H1
1129.HK,20260428,1992007000.0,FY2025H2
1129.HK,20250926,2247978000.0,FY2025H1
1129.HK,20250429,2290998000.0,FY2024H2
1129.HK,20240926,3198034000.0,FY2024H1
1129.HK,20240426,3229323000.0,FY2023H2
1129.HK,20230927,3179252000.0,FY2023H1
1130.HK,20251016,568064000.0,FY2025H2
1130.HK,20250313,583392000.0,FY2025H1
1130.HK,20241017,600179000.0,FY2024H2
1130.HK,20240313,638411000.0,FY2024H1
1130.HK,20231017,674810000.0,FY2023H2
1130.HK,20230330,741901000.0,FY2023H1
1132.HK,20260429,1000114000.0,FY2025H2
1132.HK,20250929,1319360000.0,FY2025H1
1132.HK,20250429,1398676000.0,FY2024H2
1132.HK,20240927,2195290000.0,FY2024H1
1132.HK,20240426,2671169000.0,FY2023H2
1132.HK,20230928,2717539000.0,FY2023H1
1133.HK,20260421,62809385664.51,FY2025H2
1133.HK,20250915,61977952836.27,FY2025H1
1133.HK,20250416,55447545750.28,FY2024H2
1133.HK,20240922,56400782815.02,FY2024H1
1133.HK,20240422,52030810588.58,FY2023H2
1133.HK,20230911,50397976540.9299,FY2023H1
1134.HK,20260429,234825000.0,FY2025H2
1134.HK,20250904,215973000.0,FY2025H1
1134.HK,20250429,255115000.0,FY2024H2
1134.HK,20240830,239318000.0,FY2024H1
1134.HK,20240429,243670000.0,FY2023H2
1134.HK,20230904,202658000.0,FY2023H1
1137.HK,20260424,2282538000.0,FY2025H2
1137.HK,20250918,2509600000.0,FY2025H1
1137.HK,20250423,2491435000.0,FY2024H2
1137.HK,20240913,2820256000.0,FY2024H1
1137.HK,20240429,3068049000.0,FY2023H2
1137.HK,20230921,2943529000.0,FY2023H1
1138.HK,20260427,85741699000.0,FY2025H2
1138.HK,20250925,77985658000.0,FY2025H1
1138.HK,20250428,75213733000.0,FY2024H2
1138.HK,20240920,69729568000.0,FY2024H1
1138.HK,20230921,64589260000.0,FY2023H1
1140.HK,20250725,4968236000.0,FY2025H2
1140.HK,20241220,4945240000.0,FY2025H1
1140.HK,20240724,6146783000.0,FY2024H2
1140.HK,20231228,5444845000.0,FY2024H1
1140.HK,20230725,5519226000.0,FY2023H2
1140.HK,20221229,5486098000.0,FY2023H1
1141.HK,20260423,4741676000.0,FY2025H2
1141.HK,20250922,4286725000.0000005,FY2025H1
1141.HK,20250424,3525513000.0,FY2024H2
1141.HK,20240927,3532557000.0,FY2024H1
1141.HK,20240430,4009671000.0,FY2023H2
1141.HK,20230921,6947019000.0,FY2023H1
1142.HK,20250718,1474072000.0,FY2025H2
1142.HK,20241223,2002430000.0,FY2025H1
1142.HK,20240731,2163367000.0,FY2024H2
1142.HK,20231228,2087851000.0,FY2024H1
1142.HK,20230728,2039661000.0,FY2023H2
1142.HK,20221229,2263283000.0,FY2023H1
1143.HK,20260430,556864000.0,FY2025H2
1143.HK,20250930,543833000.0,FY2025H1
1143.HK,20250430,568086000.0,FY2024H2
1143.HK,20240930,505053000.0,FY2024H1
1143.HK,20240429,504851000.0,FY2023H2
1143.HK,20230928,461370000.0,FY2023H1
1145.HK,20260423,54908000.0,FY2025H2
1145.HK,20250905,53064000.0,FY2025H1
1145.HK,20250414,55550000.0,FY2024H2
1145.HK,20240927,57549000.0,FY2024H1
1145.HK,20240429,57720000.0,FY2023H2
1145.HK,20230928,62494000.0,FY2023H1
1146.HK,20260430,1020300000.0,FY2025H2
1146.HK,20250919,972708000.0,FY2025H1
1146.HK,20250425,1064642000.0,FY2024H2
1146.HK,20240916,1033611000.0000001,FY2024H1
1146.HK,20240424,1159621000.0,FY2023H2
1146.HK,20230918,1220577000.0,FY2023H1
1147.HK,20260430,281398000.0,FY2025H2
1147.HK,20250925,263543999.99999997,FY2025H1
1147.HK,20250425,347190000.0,FY2024H2
1147.HK,20240926,412433000.0,FY2024H1
1147.HK,20240425,423139000.0,FY2023H2
1147.HK,20230927,318260000.0,FY2023H1
1148.HK,20260427,3571848000.0,FY2025H2
1148.HK,20250911,4953977000.0,FY2025H1
1148.HK,20250428,5386014000.0,FY2024H2
1148.HK,20240923,5030489000.0,FY2024H1
1148.HK,20240423,5468453000.0,FY2023H2
1148.HK,20230914,5371528000.0,FY2023H1
1150.HK,20260429,104247000.0,FY2025H2
1150.HK,20250918,83506000.0,FY2025H1
1150.HK,20250429,92448000.0,FY2024H2
1150.HK,20240924,89924000.0,FY2024H1
1150.HK,20240430,107488000.0,FY2023H2
1150.HK,20230920,122284000.0,FY2023H1
1152.HK,20260429,390485000.0,FY2025H2
1152.HK,20250911,404697000.0,FY2025H1
1152.HK,20250731,381854000.0,FY2024H2
1152.HK,20240925,484098000.0,FY2024H1
1152.HK,20240426,390406000.0,FY2023H2
1152.HK,20230830,381762000.0,FY2023H1
1153.HK,20260423,584468000.0,FY2025H2
1153.HK,20250926,641469000.0,FY2025H1
1153.HK,20250429,532063999.99999994,FY2024H2
1153.HK,20241230,585263000.0,FY2024H1
1156.HK,20260429,236484000.0,FY2025H2
1156.HK,20250916,243666000.0,FY2025H1
1156.HK,20250429,262398000.00000003,FY2024H2
1156.HK,20240830,306717000.0,FY2024H1
1156.HK,20240426,321226000.0,FY2023H2
1156.HK,20230829,460988000.0,FY2023H1
1157.HK,20260427,107906000000.0,FY2025H2
1157.HK,20250922,105212000000.0,FY2025H1
1157.HK,20250424,97845000000.0,FY2024H2
1157.HK,20240924,99523000000.0,FY2024H1
1157.HK,20240425,97008000000.0,FY2023H2
1157.HK,20230922,95534000000.0,FY2023H1
1159.HK,20260429,176969000.0,FY2025H2
1159.HK,20250925,319269000.0,FY2025H1
1159.HK,20250429,403936000.0,FY2024H2
1159.HK,20240926,410240000.0,FY2024H1
1159.HK,20240426,424530000.0,FY2023H2
1159.HK,20230925,453580000.0,FY2023H1
1160.HK,20250721,5811000.0,FY2025H2
1160.HK,20241211,5790000.0,FY2025H1
1160.HK,20240723,784000.0,FY2024H2
1160.HK,20231207,674000.0,FY2024H1
1160.HK,20230721,7351000.0,FY2023H2
1160.HK,20221215,5485000.0,FY2023H1
1161.HK,20251218,666374000.0,FY2025H2
1161.HK,20250530,719309000.0,FY2025H1
1161.HK,20241220,742675000.0,FY2024H2
1161.HK,20240529,861775000.0,FY2024H1
1161.HK,20240102,921323000.0,FY2023H2
1161.HK,20230609,953944000.0,FY2023H1
1162.HK,20250730,52107000.0,FY2025H2
1162.HK,20241205,65522000.00000001,FY2025H1
1162.HK,20240726,72436000.0,FY2024H2
1162.HK,20231207,84789000.0,FY2024H1
1162.HK,20230721,76384000.0,FY2023H2
1162.HK,20221130,94270000.0,FY2023H1
1163.HK,20260409,309805000.0,FY2025H2
1163.HK,20250916,336091000.0,FY2025H1
1163.HK,20250424,314215000.0,FY2024H2
1163.HK,20240916,348704000.0,FY2024H1
1163.HK,20240422,312195000.0,FY2023H2
1163.HK,20230915,258289000.0,FY2023H1
1164.HK,20260427,7769934000.0,FY2025H2
1164.HK,20250917,7213679000.0,FY2025H1
1164.HK,20250424,6688050000.0,FY2024H2
1164.HK,20240920,6538454000.0,FY2024H1
1164.HK,20240425,5733074000.0,FY2023H2
1164.HK,20230915,6569030000.0,FY2023H1
1165.HK,20250930,3012389000.0,FY2025H1
1165.HK,20250430,3021776000.0,FY2024H2
1165.HK,20240927,3101419000.0,FY2024H1
1165.HK,20240428,3134710000.0,FY2023H2
1165.HK,20230927,3211857000.0,FY2023H1
1166.HK,20251023,802016000.0,FY2025H2
1166.HK,20250313,1205353000.0,FY2025H1
1166.HK,20241023,1264789000.0,FY2024H2
1166.HK,20240315,1336309000.0,FY2024H1
1166.HK,20231026,1361195000.0,FY2023H2
1166.HK,20230316,1550118000.0,FY2023H1
1167.HK,20260424,330677000.0,FY2025H2
1167.HK,20250929,297453000.0,FY2025H1
1167.HK,20250424,184572000.0,FY2024H2
1167.HK,20240927,249680000.0,FY2024H1
1167.HK,20240424,309726000.0,FY2023H2
1167.HK,20230928,291301000.0,FY2023H1
1168.HK,20260429,14490571000.0,FY2025H2
1168.HK,20250925,18058907000.0,FY2025H1
1168.HK,20250423,15744854000.0,FY2024H2
1168.HK,20240919,9420823000.0,FY2024H1
1168.HK,20240429,10024664000.0,FY2023H2
1168.HK,20230915,9634386000.0,FY2023H1
1170.HK,20250716,1348090000.0,FY2025H2
1170.HK,20241217,1118317000.0,FY2025H1
1170.HK,20240717,1459207000.0,FY2024H2
1170.HK,20231215,1102126000.0,FY2024H1
1170.HK,20230718,1195311000.0,FY2023H2
1170.HK,20221213,1296683000.0,FY2023H1
1171.HK,20260327,416118589000.0,FY2025H2
1171.HK,20250829,328081379000.0,FY2025H1
1171.HK,20250328,317203417000.0,FY2024H2
1171.HK,20240830,372682188000.0,FY2024H1
1171.HK,20230825,265551588000.0,FY2023H1
1172.HK,20250731,601259000.0,FY2025H2
1172.HK,20241227,692418000.0,FY2025H1
1172.HK,20240730,735462000.0,FY2024H2
1172.HK,20231221,846513000.0,FY2024H1
1172.HK,20230726,966771000.0,FY2023H2
1172.HK,20221219,1268210000.0,FY2023H1
1173.HK,20250729,798827000.0,FY2025H2
1173.HK,20241220,881381000.0,FY2025H1
1173.HK,20240730,859063000.0,FY2024H2
1173.HK,20231221,819172000.0,FY2024H1
1173.HK,20230804,734491000.0,FY2023H2
1173.HK,20221222,730218000.0,FY2023H1
1176.HK,20260522,19639545000.0,FY2025H2
1176.HK,20250929,19808518000.0,FY2025H1
1176.HK,20250430,20183818000.0,FY2024H2
1176.HK,20240927,20435852000.0,FY2024H1
1176.HK,20230928,30263748000.0,FY2023H1
1177.HK,20260429,65128739000.0,FY2025H2
1177.HK,20250926,70332021000.0,FY2025H1
1177.HK,20250429,58260857000.0,FY2024H2
1177.HK,20240926,61533305000.0,FY2024H1
1177.HK,20240429,55622489000.0,FY2023H2
1177.HK,20230926,61534840000.0,FY2023H1
1179.HK,20260424,48786000000.0,FY2025Q4
1179.HK,20251117,50809000000.0,FY2025Q3
1179.HK,20250820,48962000000.0,FY2025Q2
1179.HK,20250520,47861000000.0,FY2025Q1
1179.HK,20250425,49616000000.0,FY2024Q4
1179.HK,20241126,49277000000.0,FY2024Q3
1179.HK,20240927,49211000000.0,FY2024Q2
1179.HK,20240517,50069000000.0,FY2024Q1
1179.HK,20240423,51080000000.0,FY2023Q4
1179.HK,20231124,51602000000.0,FY2023Q3
1179.HK,20230824,50319000000.0,FY2023Q2
1179.HK,20230529,50660000000.0,FY2023Q1
1180.HK,20260427,419292000.0,FY2025H2
1180.HK,20250926,496434000.0,FY2025H1
1180.HK,20250429,437690000.0,FY2024H2
1180.HK,20240926,481771000.0,FY2024H1
1180.HK,20240425,462765000.0,FY2023H2
1180.HK,20230925,457809000.0,FY2023H1
1181.HK,20260428,563091000.0,FY2025H2
1181.HK,20250919,370710000.0,FY2025H1
1181.HK,20250423,554373000.0,FY2024H2
1181.HK,20240920,462611000.0,FY2024H1
1181.HK,20240425,484363000.0,FY2023H2
1181.HK,20230914,388132000.0,FY2023H1
1182.HK,20250724,149648000.0,FY2025H2
1182.HK,20241219,127494000.0,FY2025H1
1182.HK,20240725,125098000.0,FY2024H2
1182.HK,20231221,118974000.0,FY2024H1
1182.HK,20230724,120194000.0,FY2023H2
1182.HK,20221205,121154000.0,FY2023H1
1183.HK,20260422,1155624000.0,FY2025H2
1183.HK,20250915,1040731000.0,FY2025H1
1183.HK,20250424,1077789000.0,FY2024H2
1183.HK,20240923,1046915000.0,FY2024H1
1183.HK,20240425,1030656999.9999999,FY2023H2
1183.HK,20230925,1099359000.0,FY2023H1
1184.HK,20260415,7122258000.0,FY2025H2
1184.HK,20250904,5898455000.0,FY2025H1
1184.HK,20250423,7320206000.0,FY2024H2
1184.HK,20240902,6433530000.0,FY2024H1
1184.HK,20240417,6245569000.0,FY2023H2
1184.HK,20230911,5657281000.0,FY2023H1
1186.HK,20260330,1668586103000.0,FY2025H2
1186.HK,20251030,1718662801000.0,FY2025Q3
1186.HK,20250829,1623679960000.0,FY2025H1
1186.HK,20250429,1597228179000.0,FY2025Q1
1186.HK,20250328,1488111012000.0,FY2024H2
1186.HK,20241030,1516926322000.0,FY2024Q3
1186.HK,20240830,1427851461000.0,FY2024H1
1186.HK,20240429,1449107611000.0,FY2024Q1
1186.HK,20240328,1351352308000.0,FY2023H2
1186.HK,20231030,1426602383000.0,FY2023Q3
1186.HK,20230830,1354915940000.0,FY2023H1
1186.HK,20230428,1349358378000.0,FY2023Q1
1188.HK,20260424,38416000.0,FY2025H2
1188.HK,20250923,1766000.0,FY2025H1
1188.HK,20250604,143000.0,FY2024H2
1188.HK,20240920,2419000.0,FY2024H1
1188.HK,20240430,2953000.0,FY2023H2
1188.HK,20230926,15906000.0,FY2023H1
1189.HK,20230911,331198000.0,FY2023H1
1193.HK,20260430,122028190000.0,FY2025H2
1193.HK,20250926,120613673000.0,FY2025H1
1193.HK,20250428,118308045000.0,FY2024H2
1193.HK,20240927,121345789000.0,FY2024H1
1193.HK,20240429,121070954000.0,FY2023H2
1193.HK,20230920,112198313000.0,FY2023H1
1194.HK,20231204,250388000.0,FY2023H1
1195.HK,20251027,147298000.0,FY2025H2
1195.HK,20250325,142071000.0,FY2025H1
1195.HK,20241028,143490000.0,FY2024H2
1195.HK,20240321,144450000.0,FY2024H1
1195.HK,20231030,147173000.0,FY2023H2
1195.HK,20230314,186552000.0,FY2023H1
1196.HK,20260423,19921034000.0,FY2025H2
1196.HK,20250916,19391471000.0,FY2025H1
1196.HK,20250428,18870457000.0,FY2024H2
1196.HK,20240919,19515751000.0,FY2024H1
1196.HK,20240425,20069937000.0,FY2023H2
1196.HK,20230921,19266170000.0,FY2023H1
1198.HK,20260430,3318212000.0,FY2025H2
1198.HK,20250929,4835762000.0,FY2025H1
1198.HK,20250429,4982569000.0,FY2024H2
1198.HK,20240927,5119767000.0,FY2024H1
1198.HK,20240429,5251477000.0,FY2023H2
1198.HK,20230928,5153083228.024501,FY2023H1
1199.HK,20260428,11559548000.0,FY2025Q4
1199.HK,20251030,11342030000.0,FY2025Q3
1199.HK,20250912,11207793000.0,FY2025Q2
1199.HK,20250429,11066958000.0,FY2025Q1
1199.HK,20250424,10899855000.0,FY2024Q4
1199.HK,20241030,11216195000.0,FY2024Q3
1199.HK,20240913,11084767000.0,FY2024Q2
1199.HK,20240426,10815609000.0,FY2024Q1
1199.HK,20240417,11027193000.0,FY2023Q4
1199.HK,20231026,10302855000.0,FY2023Q3
1199.HK,20230914,10490224000.0,FY2023Q2
1199.HK,20230426,10568497000.0,FY2023Q1
1200.HK,20260429,3698672000.0,FY2025H2
1200.HK,20250918,3697705000.0,FY2025H1
1200.HK,20250425,3996962000.0,FY2024H2
1200.HK,20240926,4386591000.0,FY2024H1
1200.HK,20240425,3036051000.0,FY2023H2
1200.HK,20230927,3583308000.0,FY2023H1
1201.HK,20260429,513009000.0,FY2025H2
1201.HK,20250924,390601000.0,FY2025H1
1201.HK,20250425,410608000.0,FY2024H2
1201.HK,20240925,494031000.0,FY2024H1
1201.HK,20240423,596432000.0,FY2023H2
1201.HK,20230926,612909000.0,FY2023H1
1202.HK,20260423,637572196.0600001,FY2025H2
1202.HK,20250912,589807318710.0,FY2025H1
1202.HK,20250422,563926619.80999,FY2024H2
1202.HK,20240917,530487060.55,FY2024H1
1202.HK,20240410,622240061.19,FY2023H2
1202.HK,20230914,577342998.73,FY2023H1
1203.HK,20260427,4125368000.0000005,FY2025H2
1203.HK,20251030,,FY2025Q3
1203.HK,20250925,4291953000.0000005,FY2025H1
1203.HK,20250429,,FY2025Q1
1203.HK,20250425,3898927000.0,FY2024H2
1203.HK,20241031,,FY2024Q3
1203.HK,20240919,3881200000.0,FY2024H1
1203.HK,20240430,,FY2024Q1
1203.HK,20240425,3667169000.0,FY2023H2
1203.HK,20231031,,FY2023Q3
1203.HK,20230922,3795293000.0,FY2023H1
1203.HK,20230428,,FY2023Q1
1204.HK,20260423,600539000.0,FY2025H2
1204.HK,20250922,567324000.0,FY2025H1
1204.HK,20250424,485064000.0,FY2024H2
1204.HK,20240923,595721000.0,FY2024H1
1204.HK,20240424,537377000.0,FY2023H2
1204.HK,20230920,467007000.0,FY2023H1
1205.HK,20260429,14041112000.0,FY2025H2
1205.HK,20250904,15423701000.0,FY2025H1
1205.HK,20250424,12111138000.0,FY2024H2
1205.HK,20240822,13074726000.0,FY2024H1
1205.HK,20240425,10406222000.0,FY2023H2
1205.HK,20230817,10191561000.0,FY2023H1
1206.HK,20260429,3983300000.0,FY2025H2
1206.HK,20250925,4700004000.0,FY2025H1
1206.HK,20250429,4853186000.0,FY2024H2
1206.HK,20240926,4750708000.0,FY2024H1
1206.HK,20240429,4849747000.0,FY2023H2
1206.HK,20230926,4674254000.0,FY2023H1
1207.HK,20240922,12953264000.0,FY2024H1
1207.HK,20240417,14505657000.0,FY2023H1
1208.HK,20260421,14836900000.0,FY2025H2
1208.HK,20250918,14661500000.0,FY2025H1
1208.HK,20250424,14655800000.0,FY2024H2
1208.HK,20240919,14519500000.0,FY2024H1
1208.HK,20240422,11285000000.0,FY2023H2
1208.HK,20230921,12017600000.0,FY2023H1
1209.HK,20260428,21872050000.0,FY2025H2
1209.HK,20250925,21628880000.0,FY2025H1
1209.HK,20250428,17527816000.0,FY2024H2
1209.HK,20240926,18754974000.0,FY2024H1
1209.HK,20240429,14302983000.0,FY2023H2
1209.HK,20230927,11909488000.0,FY2023H1
1211.HK,20260327,796161509000.0,FY2025H2
1211.HK,20251030,761963591000.0,FY2025Q3
1211.HK,20250829,719951699000.0,FY2025H1
1211.HK,20250425,708686462000.0,FY2025Q1
1211.HK,20250324,666038227000.0,FY2024H2
1211.HK,20241030,684773937000.0,FY2024Q3
1211.HK,20240828,620812330000.0,FY2024H1
1211.HK,20240429,578424854000.0,FY2024Q1
1211.HK,20240326,557731986000.0,FY2023H2
1211.HK,20231030,560236785000.0,FY2023Q3
1211.HK,20230828,506103099000.0,FY2023H1
1211.HK,20230427,489329092000.0,FY2023Q1
1213.HK,20250711,237192000.0,FY2025H2
1213.HK,20241204,248744000.0,FY2025H1
1213.HK,20240711,250225000.0,FY2024H2
1213.HK,20231207,268183000.0,FY2024H1
1213.HK,20230717,289659000.0,FY2023H2
1213.HK,20221201,289449000.0,FY2023H1
1215.HK,20260427,2847255000.0,FY2025H2
1215.HK,20250922,2778718000.0,FY2025H1
1215.HK,20250429,2473497000.0,FY2024H2
1215.HK,20240913,2661754000.0,FY2024H1
1215.HK,20240425,2783854000.0,FY2023H2
1215.HK,20230913,2813107000.0,FY2023H1
1216.HK,20260430,-2119587000.0,FY2025H2
1216.HK,20250912,-2066679000.0,FY2025H1
1216.HK,20250429,-1812703000.0,FY2024H2
1216.HK,20240920,-2036435000.0,FY2024H1
1216.HK,20240426,-1963752000.0,FY2023H2
1216.HK,20230912,-2022568000.0,FY2023H1
1217.HK,20260428,211821000.0,FY2025H2
1217.HK,20250829,158909000.0,FY2025H1
1217.HK,20250417,121257000.0,FY2024H2
1217.HK,20240823,149889000.0,FY2024H1
1217.HK,20240416,296855000.0,FY2023H2
1217.HK,20230829,338270000.0,FY2023H1
1218.HK,20250721,3311320000.0,FY2025H2
1218.HK,20241223,3530456000.0,FY2025H1
1218.HK,20240722,8319250000.0,FY2024H2
1218.HK,20231218,8738056000.0,FY2024H1
1218.HK,20230721,8759449000.0,FY2023H2
1218.HK,20221220,8587282999.999999,FY2023H1
1220.HK,20241213,295740000.0,FY2025H1
1220.HK,20240731,285927000.0,FY2024H2
1220.HK,20231215,494643000.0,FY2024H1
1220.HK,20230728,356073000.0,FY2023H2
1220.HK,20221219,386106000.0,FY2023H1
1221.HK,20250925,4239710000.0,FY2025H2
1221.HK,20250314,4215425000.0,FY2025H1
1221.HK,20240926,4091246000.0,FY2024H2
1221.HK,20240311,4017219560.0,FY2024H1
1221.HK,20230928,3095056043.0,FY2023H2
1221.HK,20230309,3190599088.0,FY2023H1
1222.HK,20250724,12987078000.0,FY2025H2
1222.HK,20241220,15114986000.0,FY2025H1
1222.HK,20240725,16360212000.0,FY2024H2
1222.HK,20231221,17313758000.0,FY2024H1
1222.HK,20230727,16794845000.000002,FY2023H2
1222.HK,20221221,16915743999.999998,FY2023H1
1223.HK,20260429,4294573000.0000005,FY2025H2
1223.HK,20250925,4233225000.0000005,FY2025H1
1223.HK,20250430,4197321000.0,FY2024H2
1223.HK,20240927,4461673000.0,FY2024H1
1223.HK,20240429,4607445000.0,FY2023H2
1223.HK,20230927,4684442000.0,FY2023H1
1224.HK,20260413,20824220000.0,FY2025H2
1224.HK,20250902,22995907000.0,FY2025H1
1224.HK,20250414,21982654000.0,FY2024H2
1224.HK,20240903,22888074000.0,FY2024H1
1224.HK,20240415,22775200000.0,FY2023H2
1224.HK,20230903,23921813000.0,FY2023H1
1225.HK,20260429,543953000.0,FY2025H2
1225.HK,20250918,493688000.0,FY2025H1
1225.HK,20250430,733577000.0,FY2024H2
1225.HK,20240926,1107355000.0,FY2024H1
1225.HK,20240430,1249194000.0,FY2023H2
1225.HK,20230929,1533636000.0,FY2023H1
1226.HK,20250729,131651000.00000001,FY2025H2
1226.HK,20241211,118230000.0,FY2025H1
1226.HK,20240729,122054000.0,FY2024H2
1226.HK,20231214,127750000.0,FY2024H1
1226.HK,20230728,153076000.0,FY2023H2
1226.HK,20221209,190788000.0,FY2023H1
1228.HK,20260429,98766000.0,FY2025H2
1228.HK,20250930,103542000.0,FY2025H1
1228.HK,20250430,106311000.0,FY2024H2
1228.HK,20240926,199849000.0,FY2024H1
1228.HK,20240430,257870999.99999997,FY2023H2
1228.HK,20230927,285489000.0,FY2023H1
1229.HK,20250724,390875000.0,FY2025H2
1229.HK,20241204,370152000.0,FY2025H1
1229.HK,20240725,331456000.0,FY2024H2
1229.HK,20231206,328460000.0,FY2024H1
1229.HK,20230719,345272000.0,FY2023H2
1229.HK,20221207,336431000.0,FY2023H1
1231.HK,20260424,9755000.0,FY2025H2
1231.HK,20250919,41815000.0,FY2025H1
1231.HK,20250425,55435000.0,FY2024H2
1231.HK,20240913,61204000.0,FY2024H1
1231.HK,20240426,97404000.0,FY2023H2
1231.HK,20230927,59565000.0,FY2023H1
1232.HK,20260427,7387754000.0,FY2025H2
1232.HK,20250918,7837450000.0,FY2025H1
1232.HK,20250422,8020706000.0,FY2024H2
1232.HK,20240925,8841463000.0,FY2024H1
1232.HK,20240425,9788477000.0,FY2023H2
1232.HK,20230928,11571523000.0,FY2023H1
1233.HK,20260428,64452776000.0,FY2025H2
1233.HK,20250919,80975107000.0,FY2025H1
1233.HK,20250429,87698927000.0,FY2024H2
1233.HK,20240919,113464936000.0,FY2024H1
1233.HK,20240424,119313868000.0,FY2023H2
1233.HK,20230918,136160329999.99998,FY2023H1
1234.HK,20260323,5905761000.0,FY2025H2
1234.HK,20250819,6157701000.0,FY2025H1
1234.HK,20250325,6026643000.0,FY2024H2
1234.HK,20240819,5552353000.0,FY2024H1
1234.HK,20240325,5425443000.0,FY2023H2
1234.HK,20230821,5201001000.0,FY2023H1
1235.HK,20250724,71201000.0,FY2025H2
1235.HK,20241219,113311000.0,FY2025H1
1235.HK,20240719,103652000.0,FY2024H2
1235.HK,20231220,90980000.0,FY2024H1
1235.HK,20230720,54037000.0,FY2023H2
1235.HK,20221215,36300000.0,FY2023H1
1237.HK,20260430,1311300000.0,FY2025H2
1237.HK,20250926,1231902000.0,FY2025H1
1237.HK,20250429,1183628000.0,FY2024H2
1237.HK,20240926,1127320000.0,FY2024H1
1237.HK,20240429,1022242000.0,FY2023H2
1237.HK,20230920,1025069000.0,FY2023H1
1238.HK,20260427,163146541000.0,FY2025H2
1238.HK,20250930,175046523000.0,FY2025H1
1238.HK,20250428,185892464000.0,FY2024H2
1238.HK,20240926,199956817000.0,FY2024H1
1238.HK,20240422,207050335000.0,FY2023H2
1238.HK,20230926,216929290000.0,FY2023H1
1239.HK,20260429,153471000.0,FY2025H2
1239.HK,20250929,221792000.0,FY2025H1
1239.HK,20250429,231681000.0,FY2024H2
1239.HK,20240927,273887000.0,FY2024H1
1239.HK,20240429,299839000.0,FY2023H2
1239.HK,20230928,330360000.0,FY2023H1
1240.HK,20260410,5074897000.0,FY2025H2
1240.HK,20250905,5589471000.0,FY2025H1
1240.HK,20250417,5795845000.0,FY2024H2
1240.HK,20240920,7722636000.0,FY2024H1
1240.HK,20240429,8086764000.0,FY2023H2
1240.HK,20230914,8966359000.0,FY2023H1
1241.HK,20260429,198416000.0,FY2025H2
1241.HK,20250930,197732000.0,FY2025H1
1241.HK,20250430,198298000.0,FY2024H2
1241.HK,20240926,199629000.0,FY2024H1
1241.HK,20240429,250122000.0,FY2023H2
1241.HK,20230928,216859000.0,FY2023H1
1243.HK,20250724,6916230000.0,FY2025H2
1243.HK,20241220,8417298000.000001,FY2025H1
1243.HK,20240725,9149391000.0,FY2024H2
1243.HK,20231221,9832379000.0,FY2024H1
1243.HK,20230727,8875987000.0,FY2023H2
1243.HK,20221221,9162543000.0,FY2023H1
1244.HK,20260430,766002000.0,FY2025H2
1244.HK,20250930,1073496000.0000001,FY2025H1
1244.HK,20250430,771938000.0,FY2024H2
1244.HK,20240927,773547000.0,FY2024H1
1244.HK,20240428,761133000.0,FY2023H2
1244.HK,20230922,759110000.0,FY2023H1
1245.HK,20250605,53079000000.0,FY2025H2
1245.HK,20241205,54527000000.0,FY2025H1
1245.HK,20240606,53410000000.0,FY2024H2
1245.HK,20231207,55085000000.0,FY2024H1
1245.HK,20230607,55369000000.0,FY2023H2
1245.HK,20221208,56008000000.0,FY2023H1
1246.HK,20231218,1401928000.0,FY2024H1
1246.HK,20230728,2375579000.0,FY2023H2
1246.HK,20221219,3077172000.0,FY2023H1
1247.HK,20260429,158296000.0,FY2025H2
1247.HK,20250929,128834000.0,FY2025H1
1247.HK,20250429,166403000.0,FY2024H2
1247.HK,20240927,190340000.0,FY2024H1
1247.HK,20240429,178832000.0,FY2023H2
1247.HK,20230928,139044000.0,FY2023H1
1250.HK,20260423,43001371000.0,FY2025H2
1250.HK,20250924,44522015000.0,FY2025H1
1250.HK,20250424,43915944000.0,FY2024H2
1250.HK,20240918,45197391740.163895,FY2024H1
1250.HK,20230925,42880446877.1439,FY2023H1
1251.HK,20260428,2012415000.0,FY2025H2
1251.HK,20250926,2029532000.0,FY2025H1
1251.HK,20250725,2119435000.0,FY2024H2
1251.HK,20240927,2398970000.0,FY2024H1
1251.HK,20240426,2608027000.0,FY2023H2
1251.HK,20230927,2728548000.0,FY2023H1
1252.HK,20250930,35873207000.0,FY2025H1
1252.HK,20250801,36289512000.0,FY2024H2
1252.HK,20241230,36738292000.0,FY2024H1
1252.HK,20240505,39313808000.0,FY2023H2
1252.HK,20230915,31133492000.0,FY2023H1
1253.HK,20260429,1816512000.0,FY2025H2
1253.HK,20250926,1794161000.0,FY2025H1
1253.HK,20250429,1511465000.0,FY2024H2
1253.HK,20240927,1491713000.0,FY2024H1
1253.HK,20240607,1519133000.0,FY2023H2
1253.HK,20230926,2597917000.0,FY2023H1
1255.HK,20260424,99850000.0,FY2025H1
1255.HK,20260422,73202000.0,FY2025H2
1255.HK,20250923,132054000.0,FY2024H1
1255.HK,20250910,136872000.0,FY2023H2
1255.HK,20230929,125471000.0,FY2023H1
1257.HK,20260422,26007296000.0,FY2025H2
1257.HK,20250902,28728057000.0,FY2025H1
1257.HK,20250415,28167620000.0,FY2024H2
1257.HK,20240903,30139609000.0,FY2024H1
1257.HK,20240418,30569334000.0,FY2023H2
1257.HK,20230829,30705829000.0,FY2023H1
1258.HK,20260424,3327049000.0,FY2025H2
1258.HK,20250923,3327677000.0,FY2025H1
1258.HK,20250425,3135745000.0,FY2024H2
1258.HK,20240924,3158546000.0,FY2024H1
1258.HK,20240429,3327149000.0,FY2023H2
1258.HK,20230921,3184550000.0,FY2023H1
1259.HK,20260423,2551853000.0,FY2025H2
1259.HK,20250918,2206073000.0,FY2025H1
1259.HK,20250423,431334000.0,FY2024H2
1259.HK,20240912,331963000.0,FY2024H1
1259.HK,20240423,363084000.0,FY2023H2
1259.HK,20230919,363444000.0,FY2023H1
1260.HK,20250730,1596131000.0,FY2025H2
1260.HK,20241231,1371421000.0,FY2025H1
1260.HK,20240726,1364171000.0,FY2024H2
1260.HK,20231220,1350075000.0,FY2024H1
1260.HK,20230728,1536587000.0,FY2023H2
1260.HK,20221230,1514400000.0,FY2023H1
1262.HK,20260428,795517000.0,FY2025H2
1262.HK,20250923,789649000.0,FY2025H1
1262.HK,20250428,741340000.0,FY2024H2
1262.HK,20240926,810130000.0,FY2024H1
1262.HK,20240426,766588000.0,FY2023H2
1262.HK,20230927,907305000.0,FY2023H1
1263.HK,20250912,3853724000.0,FY2025H1
1263.HK,20250328,2681081000.0,FY2024H2
1263.HK,20240913,3522821000.0,FY2024H1
1263.HK,20240327,3193837000.0,FY2023H2
1263.HK,20230915,3019353000.0,FY2023H1
1265.HK,20260429,1510988540.1,FY2025H2
1265.HK,20250917,1370367232.51,FY2025H1
1265.HK,20250428,1335958362.3200002,FY2024H2
1265.HK,20240920,1553486761.5600002,FY2024H1
1265.HK,20240426,1387925930.78,FY2023H2
1265.HK,20230926,1428082472.33,FY2023H1
1268.HK,20260420,6781296000.0,FY2025H2
1268.HK,20250929,6171398000.0,FY2025H1
1268.HK,20250423,8819249000.0,FY2024H2
1268.HK,20240912,10848564000.0,FY2024H1
1268.HK,20240418,10897742000.0,FY2023H2
1268.HK,20230914,11661059000.0,FY2023H1
1269.HK,20260419,3678495000.0,FY2025H2
1269.HK,20250902,3518502000.0,FY2025H1
1269.HK,20250428,2940354000.0,FY2024H2
1269.HK,20240909,2588580000.0,FY2024H1
1269.HK,20240429,2627262000.0,FY2023H2
1269.HK,20230907,2640663000.0,FY2023H1
1270.HK,20260311,16001004000.0,FY2025H2
1270.HK,20250908,15846196000.0,FY2025H1
1270.HK,20250313,15944942000.0,FY2024H2
1270.HK,20240911,15749558000.0,FY2024H1
1270.HK,20240319,15712516000.0,FY2023H2
1270.HK,20230907,15347176000.0,FY2023H1
1271.HK,20250724,9062711000.0,FY2025H2
1271.HK,20241218,9480455000.0,FY2025H1
1271.HK,20240717,9323683000.0,FY2024H2
1271.HK,20231129,8876422000.0,FY2024H1
1271.HK,20230705,7924808000.0,FY2023H2
1271.HK,20221130,7330122000.0,FY2023H1
1272.HK,20260430,12821315000.0,FY2025H2
1272.HK,20250929,13426409000.0,FY2025H1
1272.HK,20250429,14353326000.0,FY2024H2
1272.HK,20240925,15359152000.0,FY2024H1
1272.HK,20240426,16285765000.0,FY2023H2
1272.HK,20230929,17385861000.0,FY2023H1
1273.HK,20250715,-33485999.999999996,FY2025H2
1273.HK,20241218,575621000.0,FY2025H1
1273.HK,20240716,652953000.0,FY2024H2
1273.HK,20231220,563676000.0,FY2024H1
1273.HK,20230720,570501000.0,FY2023H2
1273.HK,20221214,602459000.0,FY2023H1
1274.HK,20260429,1472434000.0,FY2025H2
1274.HK,20250926,1194073000.0,FY2025H1
1274.HK,20250428,1365872000.0,FY2024H2
1274.HK,20240923,1386815000.0,FY2024H1
1274.HK,20240426,952099000.0,FY2023H2
1274.HK,20231212,701399000.0,FY2023H1
1276.HK,20260325,29012584000.0,FY2025Q4
1276.HK,20250926,26799536000.0,FY2025Q2
1276.HK,20250514,27217475000.0,FY2025Q1
1277.HK,20260331,12991836000.0,FY2025H2
1277.HK,20250828,13350264000.0,FY2025H1
1277.HK,20250331,12204608000.0,FY2024H2
1277.HK,20240828,11003055000.0,FY2024H1
1277.HK,20240410,9953098000.0,FY2023H2
1277.HK,20230908,9645198000.0,FY2023H1
1278.HK,20260424,7069095000.0,FY2025H2
1278.HK,20250828,6946337000.0,FY2025H1
1278.HK,20250424,6850288000.0,FY2024H2
1278.HK,20240926,6493905000.0,FY2024H1
1278.HK,20240424,6425005000.0,FY2023H2
1278.HK,20230926,6396922000.0,FY2023H1
1280.HK,20260417,225312000.0,FY2025H2
1280.HK,20250916,128172000.0,FY2025H1
1280.HK,20250417,139357000.0,FY2024H2
1280.HK,20240919,104943000.0,FY2024H1
1280.HK,20240425,151361000.0,FY2023H2
1280.HK,20230927,126988000.0,FY2023H1
1281.HK,20260416,944926000.0,FY2025H2
1281.HK,20250912,1005143000.0,FY2025H1
1281.HK,20250422,1017182000.0,FY2024H2
1281.HK,20240912,909403000.0,FY2024H1
1281.HK,20240425,908886000.0,FY2023H2
1281.HK,20230915,957485000.0,FY2023H1
1282.HK,20260429,8869360000.0,FY2025H2
1282.HK,20250925,9183582000.0,FY2025H1
1282.HK,20250429,9151833000.0,FY2024H2
1282.HK,20240924,10684367000.0,FY2024H1
1282.HK,20240425,11080000000.0,FY2023H2
1282.HK,20230928,11007755000.0,FY2023H1
1283.HK,20250724,480948000.0,FY2025H2
1283.HK,20241213,467759000.0,FY2025H1
1283.HK,20240725,426480000.0,FY2024H2
1283.HK,20231215,463496000.0,FY2024H1
1283.HK,20230725,490142000.0,FY2023H2
1283.HK,20221216,379302000.0,FY2023H1
1284.HK,20260410,110017000.0,FY2025H2
1284.HK,20250911,106305000.0,FY2025H1
1284.HK,20250416,127710000.0,FY2024H2
1284.HK,20240912,131402999.99999999,FY2024H1
1284.HK,20240418,145829000.0,FY2023H2
1284.HK,20230914,144444000.0,FY2023H1
1285.HK,20260428,1674125000.0,FY2025H2
1285.HK,20250926,1697802000.0,FY2025H1
1285.HK,20250417,1730778000.0,FY2024H2
1285.HK,20240916,1723734000.0,FY2024H1
1285.HK,20240411,1821933000.0,FY2023H2
1285.HK,20230921,1659488000.0,FY2023H1
1286.HK,20260417,8440545000.0,FY2025H2
1286.HK,20250819,7932855000.0,FY2025H1
1286.HK,20250416,7347425000.0,FY2024H2
1286.HK,20240815,7467480000.0,FY2024H1
1286.HK,20240417,7442499000.0,FY2023H2
1286.HK,20230814,7315673000.0,FY2023H1
1288.HK,20260423,-64176000000.0,FY2025H2
1288.HK,20251030,,FY2025Q3
1288.HK,20250925,-62014000000.0,FY2025H1
1288.HK,20250429,,FY2025Q1
1288.HK,20250428,-67208000000.0,FY2024H2
1288.HK,20241030,,FY2024Q3
1288.HK,20240925,-63797000000.0,FY2024H1
1288.HK,20240429,,FY2024Q1
1288.HK,20240426,-71140000000.0,FY2023H2
1288.HK,20231027,,FY2023Q3
1288.HK,20230926,-67075000000.0,FY2023H1
1288.HK,20230428,,FY2023Q1
1289.HK,20260416,843644000.0,FY2025H2
1289.HK,20250912,757005000.0,FY2025H1
1289.HK,20250417,935735000.0,FY2024H2
1289.HK,20240913,1043205999.9999999,FY2024H1
1289.HK,20240419,901990000.0,FY2023H2
1289.HK,20230915,872208000.0,FY2023H1
1290.HK,20260429,2519034000.0,FY2025H2
1290.HK,20250925,2557311000.0,FY2025H1
1290.HK,20250428,2732115000.0,FY2024H2
1290.HK,20240926,2813261000.0,FY2024H1
1290.HK,20240426,2564611000.0,FY2023H2
1290.HK,20230926,2090539000.0000002,FY2023H1
1292.HK,20260427,5028154560.3,FY2025H2
1292.HK,20250923,4192491725.7799997,FY2025H1
1292.HK,20250425,4196617934.9800005,FY2024H2
1292.HK,20240913,4154599288.14,FY2024H1
1292.HK,20230915,4337308000.0,FY2023H1
1293.HK,20240927,19704285000.0,FY2024H1
1293.HK,20240426,21670494000.0,FY2023H2
1293.HK,20230927,21161947000.0,FY2023H1
1297.HK,20230928,1875154000.0,FY2023H1
1298.HK,20260428,392878000.0,FY2025H2
1298.HK,20250929,317563000.0,FY2025H1
1298.HK,20250428,348661000.0,FY2024H2
1298.HK,20240925,382126000.0,FY2024H1
1298.HK,20240429,198139000.0,FY2023H2
1298.HK,20230925,320850000.0,FY2023H1
1299.HK,20260415,-8772000000.0,FY2025H2
1299.HK,20250908,-9156000000.0,FY2025H1
1299.HK,20250408,-7291000000.0,FY2024H2
1299.HK,20240909,-8636000000.0,FY2024H1
1299.HK,20240412,-10812000000.0,FY2023H2
1299.HK,20230920,-5288000000.0,FY2023H1
1300.HK,20260422,4886024000.0,FY2025H2
1300.HK,20250923,4704393000.0,FY2025H1
1300.HK,20250416,4749478000.0,FY2024H2
1300.HK,20240923,4865436000.0,FY2024H1
1300.HK,20240425,4852136000.0,FY2023H2
1300.HK,20230913,4931751000.0,FY2023H1
1301.HK,20260429,708220000.0,FY2025H2
1301.HK,20250912,715007000.0,FY2025H1
1301.HK,20250429,688752000.0,FY2024H2
1301.HK,20240913,678667000.0,FY2024H1
1301.HK,20240419,615473000.0,FY2023H2
1301.HK,20230914,666880000.0,FY2023H1
1302.HK,20260422,4293113000.0000005,FY2025H2
1302.HK,20250910,4551076000.0,FY2025H1
1302.HK,20250425,4234622999.9999995,FY2024H2
1302.HK,20240910,3986988000.0,FY2024H1
1302.HK,20240418,3717052000.0,FY2023H2
1302.HK,20230912,3306755000.0,FY2023H1
1303.HK,20260427,1219705000.0,FY2025H2
1303.HK,20250922,1440743000.0,FY2025H1
1303.HK,20250422,1998273000.0,FY2024H2
1303.HK,20240920,2049552000.0000002,FY2024H1
1303.HK,20240423,1086699000.0,FY2023H2
1303.HK,20230913,1004775000.0,FY2023H1
1304.HK,20250929,2611281000.0,FY2025Q2
1304.HK,20250630,2467756000.0,FY2025Q1
1305.HK,20260421,2677222000.0,FY2025H2
1305.HK,20250919,2627073000.0,FY2025H1
1305.HK,20250425,2427613000.0,FY2024H2
1305.HK,20240920,2423750000.0,FY2024H1
1305.HK,20240423,2041515000.0,FY2023H2
1305.HK,20230915,2288193000.0,FY2023H1
1308.HK,20260324,3232972000.0,FY2025H2
1308.HK,20250826,3108641000.0,FY2025H1
1308.HK,20250402,3061009000.0,FY2024H2
1308.HK,20240904,2672532000.0,FY2024H1
1308.HK,20240320,2529255000.0,FY2023H2
1308.HK,20230831,2400009000.0,FY2023H1
1310.HK,20251117,8244080000.0,FY2025H2
1310.HK,20250519,8476959999.999999,FY2025H1
1310.HK,20241114,8634919000.0,FY2024H2
1310.HK,20240513,8882292000.0,FY2024H1
1310.HK,20231115,9314329000.0,FY2023H2
1310.HK,20230510,9925594000.0,FY2023H1
1312.HK,20260423,857220000.0,FY2025H2
1312.HK,20250926,908994000.0,FY2025H1
1312.HK,20250429,1234890000.0,FY2024H2
1312.HK,20240926,1347102000.0,FY2024H1
1312.HK,20240429,1383423000.0,FY2023H2
1312.HK,20230927,1423441000.0,FY2023H1
1313.HK,20260430,67679683000.00001,FY2025H2
1313.HK,20251024,68381373000.00001,FY2025Q3
1313.HK,20250904,68903039000.0,FY2025H1
1313.HK,20250430,69481217000.0,FY2024H2
1313.HK,20250425,69626983000.0,FY2025Q1
1313.HK,20241025,71158380000.0,FY2024Q3
1313.HK,20240905,71243570000.0,FY2024H1
1313.HK,20240426,69910515000.0,FY2023H2
1313.HK,20231027,72409012656.5952,FY2023Q3
1313.HK,20230907,72221073174.3491,FY2023H1
1313.HK,20230428,71187872273.1893,FY2023Q1
1314.HK,20250714,681335000.0,FY2025H2
1314.HK,20241206,671106000.0,FY2025H1
1314.HK,20240724,655311000.0,FY2024H2
1314.HK,20231215,690325000.0,FY2024H1
1314.HK,20230720,853224000.0,FY2023H2
1314.HK,20221216,944790000.0,FY2023H1
1315.HK,20250730,523187000.0,FY2025H2
1315.HK,20241224,636212000.0,FY2025H1
1315.HK,20240729,592852000.0,FY2024H2
1315.HK,20231228,608302000.0,FY2024H1
1315.HK,20230728,597659000.0,FY2023H2
1315.HK,20221229,608554000.0,FY2023H1
1316.HK,20260424,3245259000.0,FY2025H2
1316.HK,20250829,3132515000.0,FY2025H1
1316.HK,20250416,3031179000.0,FY2024H2
1316.HK,20240829,3053591000.0,FY2024H1
1316.HK,20240416,3065559000.0,FY2023H2
1316.HK,20230904,3032875000.0,FY2023H1
1317.HK,20251219,3371951000.0,FY2025H2
1317.HK,20250522,3302235000.0,FY2025H1
1317.HK,20241219,3483252000.0,FY2024H2
1317.HK,20240523,3431745000.0,FY2024H1
1317.HK,20231221,3564453000.0,FY2023H2
1317.HK,20231012,3622286000.0,FY2023H1
1318.HK,20260401,3091700000.0,FY2025H2
1318.HK,20250903,1879944000.0,FY2025H1
1318.HK,20250417,1677013000.0,FY2024H2
1318.HK,20241202,1283401000.0,FY2024H1
1319.HK,20250625,866597000.0,FY2025H2
1319.HK,20241127,896859000.0,FY2025H1
1319.HK,20240625,961030000.0,FY2024H2
1319.HK,20231121,1041851000.0000001,FY2024H1
1319.HK,20230628,902870000.0,FY2023H2
1319.HK,20221128,936763000.0,FY2023H1
1321.HK,20260427,12890186000.0,FY2025H2
1321.HK,20250922,13073783000.0,FY2025H1
1321.HK,20250425,12546728000.0,FY2024H2
1321.HK,20240911,13297474000.0,FY2024H1
1321.HK,20240425,13351852000.0,FY2023H2
1321.HK,20230905,14264776000.0,FY2023H1
1323.HK,20250715,1162112000.0,FY2025H2
1323.HK,20241217,1232754000.0,FY2025H1
1323.HK,20240715,1263748000.0,FY2024H2
1323.HK,20231213,1454916000.0,FY2024H1
1323.HK,20230710,1458809000.0,FY2023H2
1323.HK,20221213,1484710000.0,FY2023H1
1326.HK,20250313,266228999.99999997,FY2025H1
1326.HK,20241028,316742000.0,FY2024H2
1326.HK,20240307,551657000.0,FY2024H1
1326.HK,20231027,591731000.0,FY2023H2
1326.HK,20230316,694387000.0,FY2023H1
1327.HK,20260430,47713000.0,FY2025H2
1327.HK,20250925,67388000.0,FY2025H1
1327.HK,20250430,72721000.0,FY2024H2
1327.HK,20240919,100655000.0,FY2024H1
1327.HK,20240430,111631000.0,FY2023H2
1327.HK,20230831,129624000.0,FY2023H1
1328.HK,20260430,842004000.0,FY2025H2
1328.HK,20250918,782314000.0,FY2025H1
1328.HK,20250423,823106000.0,FY2024H2
1328.HK,20240919,664411000.0,FY2024H1
1328.HK,20240426,588996000.0,FY2023H2
1328.HK,20230920,347848000.0,FY2023H1
1329.HK,20240912,16189277000.0,FY2024H1
1329.HK,20240426,16449070000.0,FY2023H2
1329.HK,20230913,19473217000.0,FY2023H1
1330.HK,20260327,20151356031.82,FY2025H2
1330.HK,20251028,20725196658.68,FY2025Q3
1330.HK,20250828,20760215049.61,FY2025H1
1330.HK,20250425,21059450851.739998,FY2025Q1
1330.HK,20250328,20789756168.190002,FY2024H2
1330.HK,20241030,21304005265.45,FY2024Q3
1330.HK,20240829,21108144877.800003,FY2024H1
1330.HK,20240429,21444229503.59,FY2024Q1
1330.HK,20240328,21059693465.75,FY2023H2
1330.HK,20231030,21488353509.81,FY2023Q3
1330.HK,20230829,21030542571.75,FY2023H1
1330.HK,20230428,21073774469.82,FY2023Q1
1332.HK,20260422,614442000.0,FY2025H2
1332.HK,20250915,601497000.0,FY2025H1
1332.HK,20250429,533813999.99999994,FY2024H2
1332.HK,20240926,557881000.0,FY2024H1
1332.HK,20240429,572648000.0,FY2023H2
1332.HK,20230928,712675000.0,FY2023H1
1333.HK,20260429,1825639000.0,FY2025H2
1333.HK,20250925,1217865650.0,FY2025H1
1334.HK,20260430,767635000.0,FY2025H2
1334.HK,20250912,685613000.0,FY2025H1
1334.HK,20250424,597040000.0,FY2024H2
1334.HK,20240926,605342000.0,FY2024H1
1335.HK,20260428,396420000.0,FY2025H2
1335.HK,20250922,534816000.00000006,FY2025H1
1335.HK,20250429,478821000.0,FY2024H2
1335.HK,20240924,541164000.0,FY2024H1
1335.HK,20240425,532352999.99999994,FY2023H2
1335.HK,20230921,511181000.0,FY2023H1
1336.HK,20260409,-42898000000.0,FY2025H2
1336.HK,20250905,-32555000000.0,FY2025H1
1336.HK,20250410,-38432000000.0,FY2024H2
1336.HK,20240906,-25991000000.0,FY2024H1
1336.HK,20240411,-21788000000.0,FY2023H2
1336.HK,20230907,-18586000000.0,FY2023H1
1338.HK,20260423,155885000.0,FY2025H2
1338.HK,20250929,157343000.0,FY2025H1
1338.HK,20250428,115109000.0,FY2024H2
1338.HK,20240926,143030000.0,FY2024H1
1338.HK,20240425,142061000.0,FY2023H2
1338.HK,20230928,154919000.0,FY2023H1
1339.HK,20260428,-24287000000.0,FY2025H2
1339.HK,20250926,-22905000000.0,FY2025H1
1339.HK,20250415,-24902000000.0,FY2024H2
1339.HK,20240925,-21412000000.0,FY2024H1
1339.HK,20240418,-20393000000.0,FY2023H2
1339.HK,20230920,-16543000000.0,FY2023H1
1340.HK,20260429,428610000.0,FY2025H2
1340.HK,20250925,143246000.0,FY2025H1
1340.HK,20250429,69938000.0,FY2024H2
1340.HK,20240925,104393000.0,FY2024H1
1340.HK,20240429,97641000.0,FY2023H2
1340.HK,20230927,240302000.0,FY2023H1
1341.HK,20250730,1662000000.0,FY2025H2
1341.HK,20241220,1900000000.0,FY2025H1
1341.HK,20240726,2279000000.0,FY2024H2
1341.HK,20231220,2665000000.0,FY2024H1
1341.HK,20230726,3338000000.0,FY2023H2
1341.HK,20221229,2754000000.0,FY2023H1
1343.HK,20260427,121817000.0,FY2025H2
1343.HK,20250925,102261000.0,FY2025H1
1343.HK,20250425,88077000.0,FY2024H2
1343.HK,20240925,85674000.0,FY2024H1
1343.HK,20240424,90350000.0,FY2023H2
1343.HK,20230925,88490000.0,FY2023H1
1345.HK,20260429,1282240000.0,FY2025H2
1345.HK,20250926,1236463000.0,FY2025H1
1345.HK,20250429,1354506000.0,FY2024H2
1345.HK,20240926,1362285000.0,FY2024H1
1345.HK,20240425,1410265000.0,FY2023H2
1345.HK,20230928,1336633000.0,FY2023H1
1346.HK,20260317,67888181.0,FY2025H2
1346.HK,20250807,58944499.0,FY2025H1
1346.HK,20250319,60967791.0,FY2024H2
1346.HK,20240905,63576509.0,FY2024H1
1346.HK,20240328,70976105.0,FY2023H2
1346.HK,20230914,73233612.0,FY2023H1
1347.HK,20260409,9559964000.0,FY2025Q4
1347.HK,20251106,8606933000.0,FY2025Q3
1347.HK,20250908,8390180000.0,FY2025Q2
1347.HK,20250508,8206851000.000001,FY2025Q1
1347.HK,20250408,7955976000.0,FY2024Q4
1347.HK,20241107,7315710000.0,FY2024Q3
1347.HK,20240829,5680914000.0,FY2024Q2
1347.HK,20240509,5540024000.0,FY2024Q1
1347.HK,20240408,5358239000.0,FY2023Q4
1347.HK,20231109,4984838000.0,FY2023Q3
1347.HK,20230904,5099379000.0,FY2023Q2
1347.HK,20230511,5159784000.0,FY2023Q1
1348.HK,20250730,139093000.0,FY2025H2
1348.HK,20241229,166927000.0,FY2025H1
1348.HK,20240729,119014000.0,FY2024H2
1348.HK,20231229,120039000.0,FY2024H1
1348.HK,20230728,136420000.0,FY2023H2
1348.HK,20221223,184935000.0,FY2023H1
1349.HK,20260330,1241907077.0,FY2025H2
1349.HK,20251030,1345552044.0,FY2025Q3
1349.HK,20250812,1433337316.0,FY2025H1
1349.HK,20250428,1752077933.0,FY2025Q1
1349.HK,20250327,1528591843.0,FY2024H2
1349.HK,20241025,1587585706.0,FY2024Q3
1349.HK,20240812,1625224157.0,FY2024H1
1349.HK,20240429,1590993405.0,FY2024Q1
1349.HK,20240328,1679833008.0,FY2023H2
1349.HK,20231030,1703553965.0,FY2023Q3
1349.HK,20230810,1799884676.0,FY2023H1
1349.HK,20230425,1962332463.0,FY2023Q1
1351.HK,20260428,389243000.0,FY2025H2
1351.HK,20250911,564657000.0,FY2025H1
1351.HK,20250424,433511000.0,FY2024H2
1351.HK,20240919,467155000.0,FY2024H1
1351.HK,20240424,433491000.0,FY2023H2
1351.HK,20230920,406732000.0,FY2023H1
1354.HK,20260424,524751999.99999994,FY2025H2
1354.HK,20250916,456099000.0,FY2025H1
1354.HK,20250429,378006000.0,FY2024H2
1354.HK,20240926,460232000.0,FY2024H1
1355.HK,20260430,78000000.0,FY2025H2
1355.HK,20250916,73713000.0,FY2025H1
1355.HK,20250430,61197000.0,FY2024H2
1355.HK,20240920,109927000.0,FY2024H1
1355.HK,20240430,125105000.0,FY2023H2
1355.HK,20230922,172060000.0,FY2023H1
1357.HK,20260427,5460251000.0,FY2025H2
1357.HK,20250925,5295886000.0,FY2025H1
1357.HK,20250425,5348922000.0,FY2024H2
1357.HK,20240925,5653236000.0,FY2024H1
1357.HK,20240425,5043887000.0,FY2023H2
1357.HK,20230926,4609333000.0,FY2023H1
1358.HK,20260424,2868328000.0,FY2025H2
1358.HK,20250922,3036949000.0,FY2025H1
1358.HK,20250422,2734860000.0,FY2024H2
1358.HK,20240919,2768469000.0,FY2024H1
1358.HK,20240425,2818308000.0,FY2023H2
1358.HK,20230921,2885484000.0,FY2023H1
1359.HK,20260429,-165142787000.0,FY2025H2
1359.HK,20250925,-138043120000.0,FY2025H1
1359.HK,20250424,-148857387000.0,FY2024H2
1359.HK,20240926,-127857490000.0,FY2024H1
1359.HK,20240425,-124026936000.0,FY2023H2
1359.HK,20230927,-137097071000.0,FY2023H1
1361.HK,20260408,10317496000.0,FY2025H2
1361.HK,20250820,9526185000.0,FY2025H1
1361.HK,20250327,9159316000.0,FY2024H2
1361.HK,20240820,9994464000.0,FY2024H1
1361.HK,20240328,9468761000.0,FY2023H2
1361.HK,20230822,9347498000.0,FY2023H1
1362.HK,20260426,116631000.0,FY2025H2
1362.HK,20250924,135512000.0,FY2025H1
1362.HK,20250424,123613000.0,FY2024H2
1362.HK,20240925,136458000.0,FY2024H1
1362.HK,20240424,121564000.0,FY2023H2
1362.HK,20230924,107855000.0,FY2023H1
1364.HK,20260424,12153430000.0,FY2025H2
1364.HK,20250919,6245596000.0,FY2025H1
1364.HK,20250429,4829503000.0,FY2024Q4
1364.HK,20250204,4571291000.0,FY2024Q3
1368.HK,20260415,13437926000.0,FY2025H2
1368.HK,20250918,13952502000.0,FY2025H1
1368.HK,20250403,12985108000.0,FY2024H2
1368.HK,20240919,13023219000.0,FY2024H1
1368.HK,20230919,12035566000.0,FY2023H1
1370.HK,20260424,1568795000.0,FY2025H2
1370.HK,20250919,1778540000.0,FY2025H1
1370.HK,20250425,1823152000.0,FY2024H2
1370.HK,20240920,2061158000.0,FY2024H1
1370.HK,20240424,2166529000.0,FY2023H2
1370.HK,20230921,2529619000.0,FY2023H1
1371.HK,20251027,98381000.0,FY2025H2
1371.HK,20250318,70526000.0,FY2025H1
1371.HK,20241030,86929000.0,FY2024H2
1371.HK,20240319,281513000.0,FY2024H1
1371.HK,20231006,420404000.0,FY2023H3
1371.HK,20230315,430564000.0,FY2023H2
1371.HK,20220830,500970000.0,FY2023H1
1372.HK,20251024,315302000.0,FY2025H2
1372.HK,20250320,216112000.0,FY2025H1
1372.HK,20241031,184315000.0,FY2024H3
1372.HK,20240325,386041000.0,FY2024H2
1372.HK,20230926,237631000.0,FY2024H1
1373.HK,20250828,1318527000.0,FY2025H2
1373.HK,20250123,1355486000.0,FY2025H1
1373.HK,20240829,1552976000.0,FY2024H2
1373.HK,20240129,1449545000.0,FY2024H1
1373.HK,20230828,1537944000.0,FY2023H2
1373.HK,20230117,1266413000.0,FY2023H1
1375.HK,20260327,-19288837976.68,FY2025H2
1375.HK,20251030,-19907524457.26,FY2025Q3
1375.HK,20250829,-15953467673.79,FY2025H1
1375.HK,20250429,-14279289192.9,FY2025Q1
1375.HK,20250328,-14374981825.89,FY2024H2
1375.HK,20241030,-16052308581.55,FY2024Q3
1375.HK,20240830,-10671233887.02,FY2024H1
1375.HK,20240426,-11117494031.31,FY2024Q1
1375.HK,20240328,-9949452536.410002,FY2023H2
1375.HK,20231027,-9096619469.25,FY2023Q3
1375.HK,20230830,-11888693578.33,FY2023H1
1375.HK,20230421,-11474375718.05,FY2023Q1
1376.HK,20250911,42972000.0,FY2025H1
1376.HK,20250425,22833000.0,FY2024H2
1376.HK,20240919,26707000.0,FY2024H1
1376.HK,20240423,27243000.0,FY2023H2
1376.HK,20230915,38614000.0,FY2023H1
1378.HK,20260424,191993833000.0,FY2025H2
1378.HK,20250915,177520761000.0,FY2025H1
1378.HK,20250411,182116567000.0,FY2024H2
1378.HK,20240916,173927811000.0,FY2024H1
1378.HK,20240419,166320739000.0,FY2023H2
1378.HK,20230918,157303390000.0,FY2023H1
1379.HK,20260417,1078713000.0,FY2025H2
1379.HK,20250919,1031001000.0,FY2025H1
1379.HK,20250410,1029790000.0,FY2024H2
1379.HK,20240916,1035151000.0000001,FY2024H1
1379.HK,20240419,1055747000.0000001,FY2023H2
1379.HK,20230911,1063720000.0,FY2023H1
1380.HK,20260429,130345000.0,FY2025H2
1380.HK,20250912,127233000.0,FY2025H1
1380.HK,20250429,126505000.0,FY2024H2
1380.HK,20240920,208649000.0,FY2024H1
1380.HK,20240418,207685000.0,FY2023H2
1380.HK,20230914,285655000.0,FY2023H1
1381.HK,20250410,21378453000.0,FY2024H2
1381.HK,20240927,21887658000.0,FY2024H1
1381.HK,20240429,21828976000.0,FY2023H2
1381.HK,20230918,21363586000.0,FY2023H1
1382.HK,20250714,4643859000.0,FY2025H2
1382.HK,20241203,5015204000.0,FY2025H1
1382.HK,20240715,4672082000.0,FY2024H2
1382.HK,20231205,4566409000.0,FY2024H1
1382.HK,20230710,4342207000.0,FY2023H2
1382.HK,20221206,4520979000.0,FY2023H1
1383.HK,20250829,7689255000.0,FY2025H1
1383.HK,20250710,6737285000.0,FY2024H2
1383.HK,20230929,6109780000.0,FY2023H1
1384.HK,20260408,397116000.0,FY2025H2
1384.HK,20251020,215797000.0,FY2025H1
1385.HK,20260327,7910625185.85,FY2025H2
1385.HK,20251028,8233597842.940001,FY2025Q3
1385.HK,20250827,8209042226.57,FY2025H1
1385.HK,20250428,8273383738.070001,FY2025Q1
1385.HK,20250325,7977812011.94,FY2024H2
1385.HK,20241030,8117971171.18,FY2024Q3
1385.HK,20240828,7883511708.889999,FY2024H1
1385.HK,20240429,7725151275.71,FY2024Q1
1385.HK,20240322,7418425889.43,FY2023H2
1385.HK,20231030,7396574657.0,FY2023Q3
1385.HK,20230828,7107594174.43,FY2023H1
1385.HK,20230428,6252761172.03,FY2023Q1
1388.HK,20260423,2142623999.9999998,FY2025H2
1388.HK,20250911,2243785000.0,FY2025H1
1388.HK,20250424,2201777000.0,FY2024H2
1388.HK,20240912,2456847000.0,FY2024H1
1388.HK,20240417,2578857000.0,FY2023H2
1388.HK,20230911,2462756000.0,FY2023H1
1389.HK,20250620,106321000.0,FY2025H2
1389.HK,20241129,108404000.0,FY2025H1
1389.HK,20240621,109497000.0,FY2024H2
1389.HK,20231130,118212000.0,FY2024H1
1389.HK,20230706,126429000.0,FY2023H2
1389.HK,20221201,137919000.0,FY2023H1
1393.HK,20260430,11564442000.0,FY2025H2
1393.HK,20250930,11794338000.0,FY2025H1
1393.HK,20250430,11871702000.0,FY2024H2
1393.HK,20240930,12067370000.0,FY2024H1
1393.HK,20240430,12446966000.0,FY2023H2
1393.HK,20230929,12756477000.0,FY2023H1
1395.HK,20260423,124683000.0,FY2025H2
1395.HK,20250925,149148000.0,FY2025H1
1395.HK,20250424,154168000.0,FY2024H2
1395.HK,20240926,151056000.0,FY2024H1
1395.HK,20240425,159427000.0,FY2023H2
1395.HK,20230928,189621000.0,FY2023H1
1396.HK,20260427,11641708000.0,FY2025H2
1396.HK,20250929,5804772000.0,FY2025H1
1396.HK,20250417,12644811000.0,FY2024H2
1396.HK,20240828,16331771000.0,FY2024H1
1396.HK,20240419,18195944000.0,FY2023H2
1396.HK,20230830,19556437000.0,FY2023H1
1397.HK,20260423,755139000.0,FY2025H2
1397.HK,20250925,808746000.0,FY2025H1
1397.HK,20250425,863344000.0,FY2024H2
1397.HK,20240925,901071000.0,FY2024H1
1397.HK,20240425,969968000.0,FY2023H2
1397.HK,20230925,852767000.0,FY2023H1
1398.HK,20260422,-72868000000.0,FY2025H2
1398.HK,20251030,,FY2025Q3
1398.HK,20250924,-68396000000.0,FY2025H1
1398.HK,20250429,,FY2025Q1
1398.HK,20250425,-72069000000.0,FY2024H2
1398.HK,20241030,,FY2024Q3
1398.HK,20240925,-64790000000.0,FY2024H1
1398.HK,20240429,,FY2024Q1
1398.HK,20240426,-66699000000.0,FY2023H2
1398.HK,20231027,,FY2023Q3
1398.HK,20230926,-61998000000.0,FY2023H1
1399.HK,20260422,4187000000.0,FY2025H2
1399.HK,20250918,3950423000.0,FY2025H1
1399.HK,20250429,4035803000.0,FY2024H2
1399.HK,20240916,4045190000.0,FY2024H1
1399.HK,20240429,4736530000.0,FY2023H2
1399.HK,20230914,4371432000.0,FY2023H1
1400.HK,20260424,92081000.0,FY2025H2
1400.HK,20250912,104059000.0,FY2025H1
1400.HK,20250429,113855000.0,FY2024H2
1400.HK,20240913,283653000.0,FY2024H1
1400.HK,20240429,293042000.0,FY2023H2
1400.HK,20230914,325031000.0,FY2023H1
1401.HK,20260417,3933650000.0,FY2025H2
1401.HK,20250919,3306595000.0,FY2025H1
1401.HK,20250428,3315763000.0,FY2024H2
1401.HK,20240919,2911271000.0,FY2024H1
1401.HK,20240418,3754203000.0,FY2023H2
1401.HK,20230915,1331458000.0,FY2023H1
1402.HK,20250703,102664000.0,FY2025H2
1402.HK,20241121,116680000.0,FY2025H1
1402.HK,20240702,154328000.0,FY2024H2
1402.HK,20231128,181129000.0,FY2024H1
1402.HK,20230706,186721000.0,FY2023H2
1402.HK,20221125,183219000.0,FY2023H1
1405.HK,20260429,4645080000.0,FY2025H2
1405.HK,20250925,4216564000.0000005,FY2025H1
1405.HK,20250423,3806824000.0,FY2024H2
1405.HK,20240926,3432545000.0,FY2024H1
1405.HK,20240429,3126512000.0,FY2023H2
1405.HK,20230926,2874519000.0,FY2023H1
1406.HK,20241219,96124000.0,FY2025H1
1406.HK,20240726,94732000.0,FY2024H2
1406.HK,20231222,136076000.0,FY2024H1
1406.HK,20230728,119763000.0,FY2023H2
1406.HK,20221219,91254000.0,FY2023H1
1407.HK,20260423,350179000.0,FY2025H2
1407.HK,20250929,348372000.0,FY2025H1
1407.HK,20250424,353477000.0,FY2024H2
1407.HK,20240923,326486000.0,FY2024H1
1407.HK,20240425,406460000.0,FY2023H2
1407.HK,20230919,304194000.0,FY2023H1
1408.HK,20260415,119328000.0,FY2025H2
1408.HK,20250910,175115000.0,FY2025H1
1408.HK,20250411,138488000.0,FY2024H2
1408.HK,20240912,200895000.0,FY2024H1
1408.HK,20240418,144942000.0,FY2023H2
1408.HK,20230906,226380000.0,FY2023H1
1410.HK,20250717,808337000.0,FY2025H2
1410.HK,20241129,736135000.0,FY2025H1
1410.HK,20240718,848400000.0,FY2024H2
1410.HK,20231129,678258000.0,FY2024H1
1410.HK,20230706,578324000.0,FY2023H2
1410.HK,20221129,526311000.00000006,FY2023H1
1412.HK,20260423,1095664000.0,FY2025H2
1412.HK,20250918,1057830999.9999999,FY2025H1
1412.HK,20250416,1011476000.0,FY2024H2
1412.HK,20240920,1106662000.0,FY2024H1
1412.HK,20240426,1023177000.0,FY2023H2
1412.HK,20230922,934259000.0,FY2023H1
1413.HK,20250731,264692999.99999997,FY2025H2
1413.HK,20241230,377877000.0,FY2025H1
1413.HK,20240725,356024000.0,FY2024H2
1413.HK,20231215,299492000.0,FY2024H1
1413.HK,20230714,267353000.0,FY2023H2
1413.HK,20221209,287419000.0,FY2023H1
1415.HK,20260424,1394263000.0,FY2025H2
1415.HK,20250918,1032695999.9999999,FY2025H1
1415.HK,20250423,1329205000.0,FY2024H2
1415.HK,20240911,831163000.0,FY2024H1
1415.HK,20240418,846570000.0,FY2023H2
1415.HK,20230907,451991000.0,FY2023H1
1416.HK,20250627,78860000.0,FY2025H2
1416.HK,20241122,75565000.0,FY2025H1
1416.HK,20240627,55329000.0,FY2024H2
1416.HK,20231123,58991000.0,FY2024H1
1416.HK,20230623,54477000.0,FY2023H2
1416.HK,20221125,38295000.0,FY2023H1
1417.HK,20260424,806052000.0,FY2025H2
1417.HK,20250917,762175000.0,FY2025H1
1417.HK,20250425,762320000.0,FY2024H2
1417.HK,20240916,818828000.0,FY2024H1
1417.HK,20240425,756760000.0,FY2023H2
1417.HK,20230915,823915000.0,FY2023H1
1418.HK,20260429,2698917000.0,FY2025H2
1418.HK,20250901,2373869000.0,FY2025H1
1418.HK,20250410,2289380000.0,FY2024H2
1418.HK,20240916,2126994000.0000002,FY2024H1
1418.HK,20240422,2090873000.0,FY2023H2
1418.HK,20230921,2051623999.9999998,FY2023H1
1419.HK,20251030,577423000.0,FY2025H2
1419.HK,20250325,506921000.0,FY2025H1
1419.HK,20241029,523591000.0,FY2024H2
1419.HK,20240326,544143000.0,FY2024H1
1419.HK,20231030,578925000.0,FY2023H2
1419.HK,20230327,754905000.0,FY2023H1
1420.HK,20260420,189055000.0,FY2025H2
1420.HK,20250915,163679000.0,FY2025H1
1420.HK,20250415,160091000.0,FY2024H2
1420.HK,20240916,166165000.0,FY2024H1
1420.HK,20240423,91580000.0,FY2023H2
1420.HK,20230918,94343000.0,FY2023H1
1421.HK,20251030,215591000.0,FY2025H2
1421.HK,20250321,201291000.0,FY2025H1
1421.HK,20241030,202966000.0,FY2024H2
1421.HK,20240322,230879000.0,FY2024H1
1421.HK,20231029,236943000.0,FY2023H2
1421.HK,20230329,350436000.0,FY2023H1
1425.HK,20260430,890748000.0,FY2025H2
1425.HK,20250930,664045000.0,FY2025H1
1425.HK,20250429,637952000.0,FY2024H2
1425.HK,20240926,702680000.0,FY2024H1
1425.HK,20240430,585432000.0,FY2023H2
1425.HK,20230927,735172000.0,FY2023H1
1427.HK,20260427,5454260000.0,FY2025H2
1427.HK,20250911,5935569000.0,FY2025H1
1427.HK,20250423,6031632000.0,FY2024H2
1427.HK,20240912,5947487000.0,FY2024H1
1427.HK,20240423,5881205000.0,FY2023H2
1427.HK,20230914,5929109000.0,FY2023H1
1428.HK,20250711,7122736000.0,FY2025H2
1428.HK,20241213,7344271000.0,FY2025H1
1428.HK,20240712,6511673000.0,FY2024H2
1428.HK,20231215,7664799000.0,FY2024H1
1428.HK,20230714,7140342000.0,FY2023H2
1428.HK,20221216,7877834000.0,FY2023H1
1429.HK,20250724,344403000.0,FY2025H2
1429.HK,20241212,400878000.0,FY2025H1
1429.HK,20240725,465952000.0,FY2023H2
1429.HK,20231211,467286000.0,FY2024H1
1429.HK,20221220,477715000.0,FY2023H1
1431.HK,20260428,7377634000.0,FY2025H2
1431.HK,20250918,7019823000.0,FY2025H1
1431.HK,20250428,7484064000.0,FY2024H2
1431.HK,20240919,7304808000.0,FY2024H1
1431.HK,20240426,7757852000.0,FY2023H2
1431.HK,20230921,7294014000.0,FY2023H1
1432.HK,20260428,6855336000.0,FY2025H2
1432.HK,20250925,7028902000.0,FY2025H1
1432.HK,20250423,7767027000.0,FY2024H2
1432.HK,20240926,7636642000.0,FY2024H1
1432.HK,20240422,8120625000.0,FY2023H2
1432.HK,20230921,6745939000.0,FY2023H1
1433.HK,20250926,359484000.0,FY2025H1
1433.HK,20250425,383911000.0,FY2024H2
1433.HK,20240925,331753000.0,FY2024H1
1433.HK,20240429,335267000.0,FY2023H2
1433.HK,20230928,327942000.0,FY2023H1
1440.HK,20260422,147604000.0,FY2025H2
1440.HK,20250922,270796000.0,FY2025H1
1440.HK,20250416,260901000.0,FY2024H2
1440.HK,20240916,230312000.0,FY2024H1
1440.HK,20240418,223197000.0,FY2023H2
1440.HK,20230914,161749000.0,FY2023H1
1442.HK,20260427,638915000.0,FY2025H2
1442.HK,20250917,661243000.0,FY2025H1
1442.HK,20250424,661409000.0,FY2024H2
1442.HK,20240912,596256000.0,FY2024H1
1442.HK,20230912,601147000.0,FY2023H1
1443.HK,20250728,939084000.0,FY2025H2
1443.HK,20241227,1032631000.0000001,FY2025H1
1443.HK,20240729,1152675000.0,FY2024H2
1443.HK,20231229,1127513000.0,FY2024H1
1443.HK,20230728,821473000.0,FY2023H2
1443.HK,20221229,824077000.0,FY2023H1
1446.HK,20260429,527494000.0,FY2025H2
1446.HK,20250929,539593000.0,FY2025H1
1446.HK,20250429,560002000.0,FY2024H2
1446.HK,20240923,596431000.0,FY2024H1
1446.HK,20240429,625233000.0,FY2023H2
1446.HK,20230921,648980000.0,FY2023H1
1447.HK,20260417,1719269000.0,FY2025H2
1447.HK,20250903,1577781000.0,FY2025H1
1447.HK,20250414,1446475000.0,FY2024H2
1447.HK,20240904,1313741000.0,FY2024H1
1447.HK,20240412,1591767000.0,FY2023H2
1447.HK,20230906,1168575000.0,FY2023H1
1448.HK,20250923,4674614000.0,FY2025H1
1448.HK,20250422,5018495000.0,FY2024H2
1448.HK,20240917,5470218000.0,FY2024H1
1448.HK,20240423,5243271000.0,FY2023H2
1448.HK,20230912,4983535000.0,FY2023H1
1449.HK,20251230,2364609000.0,FY2025H2
1449.HK,20250529,2245522000.0,FY2025H1
1449.HK,20241230,2198097000.0,FY2024H2
1449.HK,20240530,1962292000.0,FY2024H1
1449.HK,20231221,1925059000.0,FY2023H2
1449.HK,20230530,1881455000.0,FY2023H1
1450.HK,20260427,404041000.0,FY2025H2
1450.HK,20250917,694151000.0,FY2025H1
1450.HK,20250428,721489000.0,FY2024H2
1450.HK,20240912,603005000.0,FY2024H1
1450.HK,20240422,518835000.00000006,FY2023H2
1450.HK,20230912,433729000.0,FY2023H1
1451.HK,20260416,93805000.0,FY2025H2
1451.HK,20250917,118739000.0,FY2025H1
1451.HK,20250424,174056000.0,FY2024H2
1451.HK,20240919,153628000.0,FY2024H1
1451.HK,20240419,128848000.00000001,FY2023H2
1451.HK,20230921,94683000.0,FY2023H1
1452.HK,20260428,477343000.0,FY2025H2
1452.HK,20250925,397981000.0,FY2025H1
1452.HK,20250429,418857000.0,FY2024H2
1452.HK,20240926,398246000.0,FY2024H1
1452.HK,20240424,326865000.0,FY2023H2
1452.HK,20230926,315123000.0,FY2023H1
1455.HK,20250708,179909000.0,FY2025H2
1455.HK,20241209,237032000.0,FY2025H1
1455.HK,20240709,222343000.0,FY2024H2
1455.HK,20231212,220569000.0,FY2024H1
1455.HK,20230707,209653000.0,FY2023H2
1455.HK,20221212,218527000.0,FY2023H1
1456.HK,20260409,155200107000.0,FY2025H2
1456.HK,20250905,139892996000.0,FY2025H1
1456.HK,20250409,79831630000.0,FY2024H2
1456.HK,20240909,71361619000.0,FY2024H1
1456.HK,20230907,67182960000.00001,FY2023H1
1458.HK,20260420,4316212000.0,FY2025H2
1458.HK,20250915,3950759000.0,FY2025H1
1458.HK,20250416,4104535000.0,FY2024H2
1458.HK,20240906,4077636000.0,FY2024H1
1458.HK,20240418,4615689000.0,FY2023H2
1458.HK,20230911,5069646000.0,FY2023H1
1459.HK,20260430,5191960000.0,FY2025H2
1459.HK,20250922,6052840000.0,FY2025H1
1459.HK,20250423,6032877000.0,FY2024H2
1459.HK,20240927,6366561000.0,FY2024H1
1459.HK,20240424,6450031000.0,FY2023H2
1459.HK,20230918,6223937000.0,FY2023H1
1460.HK,20250724,749724000.0,FY2025H2
1460.HK,20241218,743911000.0,FY2025H1
1460.HK,20240725,754411000.0,FY2024H2
1460.HK,20231218,559979000.0,FY2024H1
1460.HK,20230724,598745000.0,FY2023H2
1460.HK,20221222,613320000.0,FY2023H1
1461.HK,20260424,-4369454.63,FY2025H2
1461.HK,20250929,-14726711.950000001,FY2025H1
1461.HK,20250430,-7542146.75,FY2024H2
1461.HK,20240920,-5457533.859999999,FY2024H1
1461.HK,20240430,-41963694.28,FY2023H2
1461.HK,20230904,-13486831.66,FY2023H1
1463.HK,20260429,63391000.0,FY2025H2
1463.HK,20250929,60476000.0,FY2025H1
1463.HK,20250429,60028000.0,FY2024H2
1463.HK,20240927,83808000.0,FY2024H1
1463.HK,20240429,60947000.0,FY2023H2
1463.HK,20230928,60472000.0,FY2023H1
1466.HK,20250821,214038000.0,FY2025H2
1466.HK,20241223,143962000.0,FY2025H1
1466.HK,20240829,110555000.0,FY2024H2
1466.HK,20231218,57215000.0,FY2024H1
1466.HK,20221219,81161000.0,FY2023H1
1468.HK,20250730,1034313000.0000001,FY2025H2
1468.HK,20241220,800286000.0,FY2025H1
1468.HK,20240730,740597000.0,FY2024H2
1468.HK,20231222,1338308000.0,FY2024H1
1468.HK,20230727,1437416000.0,FY2023H2
1468.HK,20221216,1501756000.0,FY2023H1
1469.HK,20241212,2000662000.0,FY2025H1
1469.HK,20240717,2111338000.0000002,FY2024H2
1469.HK,20231212,2230771000.0,FY2024H1
1469.HK,20230719,2410477000.0,FY2023H2
1469.HK,20221213,3150716000.0,FY2023H1
1470.HK,20250828,81788000.0,FY2025H2
1470.HK,20250123,78079000.0,FY2025H1
1470.HK,20240829,107253000.0,FY2024H2
1470.HK,20240119,127033000.0,FY2024H1
1470.HK,20230828,75407000.0,FY2023H2
1470.HK,20230119,64571000.0,FY2023H1
1471.HK,20260423,598572000.0,FY2025H2
1471.HK,20250905,360455000.0,FY2025H1
1471.HK,20250429,465672000.0,FY2024H2
1471.HK,20240926,370112000.0,FY2024H1
1472.HK,20250728,302149000.0,FY2025H2
1472.HK,20241212,293578000.0,FY2025H1
1472.HK,20240729,276390000.0,FY2024H2
1472.HK,20231212,282030000.0,FY2024H1
1472.HK,20230726,301084000.0,FY2023H2
1472.HK,20221212,325389000.0,FY2023H1
1473.HK,20250723,772630000.0,FY2025H2
1473.HK,20241210,726095000.0,FY2025H1
1473.HK,20240716,783778000.0,FY2024H2
1473.HK,20231208,677109000.0,FY2024H1
1473.HK,20230721,653380000.0,FY2023H2
1473.HK,20221209,768126000.0,FY2023H1
1475.HK,20260427,3135031000.0,FY2025H2
1475.HK,20251110,3199435000.0,FY2025Q3
1475.HK,20250923,3254827000.0,FY2025H1
1475.HK,20250513,3363657000.0,FY2025Q1
1475.HK,20250424,3316384000.0,FY2024H2
1475.HK,20241111,3549919000.0,FY2024Q3
1475.HK,20240923,3338357000.0,FY2024H1
1475.HK,20240513,3491288000.0,FY2024Q1
1475.HK,20240423,3421900000.0,FY2023H2
1475.HK,20231109,3369047000.0,FY2023Q3
1475.HK,20230922,3217583000.0,FY2023H1
1475.HK,20230510,3232470000.0,FY2023Q1
1476.HK,20260417,36792939000.0,FY2025H2
1476.HK,20250904,37535607000.0,FY2025H1
1476.HK,20250409,34698261000.0,FY2024H2
1476.HK,20240904,29716844000.0,FY2024H1
1476.HK,20240409,25870295000.0,FY2023H2
1476.HK,20230905,26125886000.0,FY2023H1
1477.HK,20260428,3688492000.0,FY2025H2
1477.HK,20250922,3516820000.0,FY2025H1
1477.HK,20250428,3204599000.0,FY2024H2
1477.HK,20240910,2729803000.0,FY2024H1
1477.HK,20240425,2217198000.0,FY2023H2
1477.HK,20230926,1961112000.0,FY2023H1
1478.HK,20260424,17367020000.0,FY2025H2
1478.HK,20250904,13546680000.0,FY2025H1
1478.HK,20250422,13000457000.0,FY2024H2
1478.HK,20240905,12130220000.0,FY2024H1
1478.HK,20240426,12049666000.0,FY2023H2
1478.HK,20230821,10936310000.0,FY2023H1
1480.HK,20260423,722286000.0,FY2025H2
1480.HK,20250923,697332000.0,FY2025H1
1480.HK,20250423,590474000.0,FY2024H2
1480.HK,20240923,616812000.0,FY2024H1
1480.HK,20240424,605922000.0,FY2023H2
1480.HK,20230921,634230000.0,FY2023H1
1481.HK,20260424,151046000.0,FY2025H2
1481.HK,20250922,175637000.0,FY2025H1
1481.HK,20250424,87209000.0,FY2024H2
1481.HK,20240909,92762000.0,FY2024H1
1481.HK,20240424,84682000.0,FY2023H2
1481.HK,20230911,88384000.0,FY2023H1
1483.HK,20260429,244456000.0,FY2025H2
1483.HK,20250902,643824000.0,FY2025H1
1483.HK,20250428,753316000.0,FY2024H2
1483.HK,20240925,410616000.0,FY2024H1
1483.HK,20240426,326912000.0,FY2023H2
1483.HK,20230920,482266000.0,FY2023H1
1486.HK,20260420,557857000.0,FY2025H2
1486.HK,20250916,609809000.0,FY2025H1
1486.HK,20250423,541131000.0,FY2024H2
1486.HK,20240905,553098000.0,FY2024H1
1486.HK,20240419,588888000.0,FY2023H2
1486.HK,20230905,658987000.0,FY2023H1
1488.HK,20260424,703238000.0,FY2025H2
1488.HK,20250925,698332000.0,FY2025H1
1488.HK,20250428,725750000.0,FY2024H2
1488.HK,20240916,950742000.0,FY2024H1
1488.HK,20240425,1015076000.0,FY2023H2
1488.HK,20230926,1199879000.0,FY2023H1
1489.HK,20250723,302298000.0,FY2025H2
1489.HK,20241219,301805000.0,FY2025H1
1489.HK,20240725,352717000.0,FY2024H2
1489.HK,20231218,310513000.0,FY2024H1
1489.HK,20230727,310385000.0,FY2023H2
1489.HK,20221220,223816000.0,FY2023H1
1490.HK,20260424,286865000.0,FY2025H2
1490.HK,20250922,326547000.0,FY2025H1
1490.HK,20250428,407495000.0,FY2024H2
1490.HK,20240927,221107000.0,FY2024H1
1490.HK,20240426,233566000.0,FY2023H2
1490.HK,20230928,393729000.0,FY2023H1
1495.HK,20251231,647774000.0,FY2025H1
1495.HK,20251229,633314000.0,FY2024H2
1495.HK,20240930,721860000.0,FY2024H1
1495.HK,20230927,1229261000.0,FY2023H1
1496.HK,20250730,230791000.0,FY2025H2
1496.HK,20241223,253655000.0,FY2025H1
1496.HK,20240730,245765000.0,FY2024H2
1496.HK,20231221,243844000.0,FY2024H1
1496.HK,20230725,253328000.0,FY2023H2
1496.HK,20221220,263853999.99999997,FY2023H1
1497.HK,20260417,853190000.0,FY2025H2
1497.HK,20250829,767093000.0,FY2025H1
1497.HK,20250416,988941000.0,FY2024H2
1497.HK,20240826,875846000.0,FY2024H1
1498.HK,20260423,659644000.0,FY2025H2
1498.HK,20250919,644016000.0,FY2025H1
1498.HK,20250429,684987000.0,FY2024H2
1498.HK,20240925,740959000.0,FY2024H1
1498.HK,20240429,805893000.0,FY2023H2
1498.HK,20230921,877320000.0,FY2023H1
1499.HK,20250724,557154000.0,FY2025H2
1499.HK,20241217,541544000.0,FY2025H1
1499.HK,20240729,1271340000.0,FY2024H2
1499.HK,20231220,990097000.0,FY2024H1
1499.HK,20230728,1014569000.0,FY2023H2
1499.HK,20221221,1431640000.0,FY2023H1
1500.HK,20250718,296076000.0,FY2025H2
1500.HK,20241220,334445000.0,FY2025H1
1500.HK,20240718,316699000.0,FY2024H2
1500.HK,20231220,287567000.0,FY2024H1
1500.HK,20230720,261257999.99999997,FY2023H2
1500.HK,20221221,297510000.0,FY2023H1
1501.HK,20260422,2195146000.0,FY2025H2
1501.HK,20250918,2090806999.9999998,FY2025H1
1501.HK,20250410,1737927000.0,FY2024H2
1501.HK,20240912,1635182000.0,FY2024H1
1501.HK,20240416,1605958000.0,FY2023H2
1501.HK,20230911,1477699000.0,FY2023H1
1502.HK,20260416,805591000.0,FY2025H2
1502.HK,20250925,898775000.0,FY2025H1
1502.HK,20250422,776507000.0,FY2024H2
1502.HK,20240926,734746000.0,FY2024H1
1502.HK,20240419,705427000.0,FY2023H2
1502.HK,20230921,652079000.0,FY2023H1
1508.HK,20260429,-11366136000.0,FY2025H2
1508.HK,20250926,-12614231000.0,FY2025H1
1508.HK,20250429,-7288105000.0,FY2024H2
1508.HK,20240925,-12547230000.0,FY2024H1
1508.HK,20240426,-10295919000.0,FY2023H2
1508.HK,20230921,-10690547000.0,FY2023H1
1513.HK,20260324,16405656806.359999,FY2025H2
1513.HK,20251023,14494119175.92,FY2025Q3
1513.HK,20250820,13691641840.86,FY2025H1
1513.HK,20250423,13529586205.77,FY2025Q1
1513.HK,20250326,13509758900.75,FY2024H2
1513.HK,20241023,14051711392.46,FY2024Q3
1513.HK,20240822,13958760325.87,FY2024H1
1513.HK,20240423,13921635844.570002,FY2024Q1
1513.HK,20240328,13595819377.74,FY2023H2
1513.HK,20231024,14318929142.810001,FY2023Q3
1513.HK,20230823,14761535384.779999,FY2023H1
1513.HK,20230420,14626991936.95,FY2023Q1
1515.HK,20260423,8368929000.0,FY2025H2
1515.HK,20250924,8784121000.0,FY2025H1
1515.HK,20250424,8733404000.0,FY2024H2
1515.HK,20240923,8788366000.0,FY2024H1
1515.HK,20240425,8781479000.0,FY2023H2
1515.HK,20230921,10696841000.0,FY2023H1
1516.HK,20260429,5386200000.0,FY2025H2
1516.HK,20250926,6692703000.0,FY2025H1
1516.HK,20250429,5272887000.0,FY2024H2
1516.HK,20240927,6640495000.0,FY2024H1
1516.HK,20240429,6399721000.0,FY2023H2
1516.HK,20230926,7633857000.0,FY2023H1
1518.HK,20260423,403363000.0,FY2025H2
1518.HK,20250919,393181000.0,FY2025H1
1518.HK,20250428,460370000.0,FY2024H2
1518.HK,20240920,477413000.0,FY2024H1
1518.HK,20240425,515841000.0,FY2023H2
1518.HK,20230922,539289000.0,FY2023H1
1519.HK,20260427,5806278000.0,FY2025H2
1519.HK,20250905,4807160000.0,FY2025H1
1519.HK,20250327,4743326000.0,FY2024H2
1519.HK,20240917,5225809000.0,FY2024H1
1519.HK,20240424,4278582000.0000005,FY2023H2
1519.HK,20231016,3978175000.0,FY2023H1
1520.HK,20260423,172354000.0,FY2025H2
1520.HK,20250910,164190000.0,FY2025H1
1520.HK,20250430,169643000.0,FY2024H2
1520.HK,20240906,210293000.0,FY2024H1
1520.HK,20240429,154130000.0,FY2023H2
1520.HK,20230914,192796000.0,FY2023H1
1521.HK,20260428,317067000.0,FY2025H2
1521.HK,20250922,321308000.0,FY2025H1
1521.HK,20250424,322488000.0,FY2024H2
1521.HK,20240920,337270000.0,FY2024H1
1521.HK,20240423,334765000.0,FY2023H2
1521.HK,20230921,310510000.0,FY2023H1
1522.HK,20260429,3699410000.0,FY2025H2
1522.HK,20250919,3549201000.0,FY2025H1
1522.HK,20250429,3527968000.0,FY2024H2
1522.HK,20240919,3325011000.0,FY2024H1
1522.HK,20240426,3255700000.0,FY2023H2
1522.HK,20230926,2963511000.0,FY2023H1
1523.HK,20260318,61994000.0,FY2025H2
1523.HK,20250811,51476000.0,FY2025H1
1523.HK,20250319,44178000.0,FY2024H2
1523.HK,20240805,41539000.0,FY2024H1
1523.HK,20240320,48530000.0,FY2023H2
1523.HK,20230804,47186000.0,FY2023H1
1525.HK,20260414,3264219000.0,FY2025H2
1525.HK,20250919,3348363000.0,FY2025H1
1525.HK,20250415,3636494000.0,FY2024H2
1525.HK,20240920,3164901000.0,FY2024H1
1525.HK,20240424,3296395000.0,FY2023H2
1525.HK,20230921,2872090000.0,FY2023H1
1526.HK,20260422,3742955000.0,FY2025H2
1526.HK,20250918,3687940000.0,FY2025H1
1526.HK,20250424,3748684000.0,FY2024H2
1526.HK,20240920,3905697000.0,FY2024H1
1526.HK,20240424,3776545000.0,FY2023H2
1526.HK,20230921,3588650000.0,FY2023H1
1527.HK,20260428,1553224000.0,FY2025H2
1527.HK,20250912,1469055000.0,FY2025H1
1527.HK,20250429,1384913000.0,FY2024H2
1527.HK,20240920,1299533000.0,FY2024H1
1527.HK,20240426,1343714000.0,FY2023H2
1527.HK,20230926,1252452000.0,FY2023H1
1528.HK,20260330,84276038398.17,FY2025H2
1528.HK,20251030,109371240881.88899,FY2025Q3
1528.HK,20250829,111705408553.43,FY2025H1
1528.HK,20250429,111328840581.629,FY2025Q1
1528.HK,20250327,112532573996.19,FY2024H2
1528.HK,20241030,114100603471.97,FY2024Q3
1528.HK,20240830,115179493017.25,FY2024H1
1528.HK,20240429,117386571717.949,FY2024Q1
1528.HK,20240328,117790788919.819,FY2023H2
1528.HK,20231027,121815873916.69,FY2023Q3
1528.HK,20230830,122992425196.95,FY2023H1
1528.HK,20230428,124385867275.06,FY2023Q1
1529.HK,20260429,142696000.0,FY2025H2
1529.HK,20250917,140781000.0,FY2025H1
1529.HK,20250428,189212000.0,FY2024H2
1529.HK,20240917,203082000.0,FY2024H1
1529.HK,20240429,193110000.0,FY2023H2
1529.HK,20230913,107265000.0,FY2023H1
1530.HK,20260429,20132608000.0,FY2025H2
1530.HK,20250930,18179348000.0,FY2025H1
1530.HK,20250430,18341725000.0,FY2024H2
1530.HK,20240930,17646191000.0,FY2024H1
1530.HK,20240430,16815140000.0,FY2023H2
1530.HK,20230928,16827696000.0,FY2023H1
1532.HK,20260421,209766000.0,FY2025H2
1532.HK,20250911,355685000.0,FY2025H1
1532.HK,20250428,350647000.0,FY2024H2
1532.HK,20240912,453533000.0,FY2024H1
1532.HK,20240418,394658000.0,FY2023H2
1532.HK,20230914,430472000.0,FY2023H1
1533.HK,20250827,2110982518.8200002,FY2025H1
1536.HK,20250729,158237000.0,FY2025H2
1536.HK,20241210,174038000.0,FY2025H1
1536.HK,20240716,155120000.0,FY2024H2
1536.HK,20231212,147384000.0,FY2024H1
1536.HK,20230711,165136000.0,FY2023H2
1536.HK,20221213,179462000.0,FY2023H1
1538.HK,20260428,1165916000.0,FY2025H2
1538.HK,20250926,1282972000.0,FY2025H1
1538.HK,20250428,1169747000.0,FY2024H2
1538.HK,20240927,1354483000.0,FY2024H1
1538.HK,20240426,1310387000.0,FY2023H2
1538.HK,20230926,1359464000.0,FY2023H1
1539.HK,20250729,436544000.0,FY2025H2
1539.HK,20241219,444615000.0,FY2025H1
1539.HK,20240930,385566000.0,FY2024H2
1539.HK,20231228,364613000.0,FY2024H1
1539.HK,20230727,332962000.0,FY2023H2
1539.HK,20221227,325740000.0,FY2023H1
1540.HK,20260423,312310000.0,FY2025H2
1540.HK,20250911,316732000.0,FY2025H1
1540.HK,20250423,238939000.0,FY2024H2
1540.HK,20240826,261744000.00000003,FY2024H1
1540.HK,20240423,304990000.0,FY2023H2
1540.HK,20230914,287702000.0,FY2023H1
1541.HK,20260428,418836000.0,FY2025H2
1541.HK,20250923,365849000.0,FY2025H1
1541.HK,20250425,444395000.0,FY2024H2
1541.HK,20240923,496419000.0,FY2024H1
1542.HK,20260424,5239335000.0,FY2025H2
1542.HK,20250926,5350638000.0,FY2025H1
1542.HK,20250429,5374550000.0,FY2024H2
1542.HK,20240917,5453321000.0,FY2024H1
1542.HK,20240429,5455162000.0,FY2023H2
1542.HK,20230922,5439080000.0,FY2023H1
1543.HK,20260423,-682681000.0,FY2025H2
1543.HK,20250918,-580701000.0,FY2025H1
1543.HK,20250425,-559220000.0,FY2024H2
1543.HK,20240915,-545219000.0,FY2024H1
1543.HK,20240425,-833200000.0,FY2023H2
1543.HK,20230911,-725071000.0,FY2023H1
1545.HK,20260427,38632000.0,FY2025H2
1545.HK,20250918,43415000.0,FY2025H1
1545.HK,20250425,49809000.0,FY2024H2
1545.HK,20240919,51965000.0,FY2024H1
1545.HK,20240425,58567000.0,FY2023H2
1545.HK,20230919,66492000.00000001,FY2023H1
1546.HK,20250730,368401000.0,FY2025H2
1546.HK,20241212,352780000.0,FY2025H1
1546.HK,20240730,320786000.0,FY2024H2
1546.HK,20231206,274243000.0,FY2024H1
1546.HK,20230718,275239000.0,FY2023H2
1546.HK,20221208,298011000.0,FY2023H1
1547.HK,20250724,354403000.0,FY2025H2
1547.HK,20241219,298693000.0,FY2025H1
1547.HK,20240725,399829000.0,FY2024H2
1547.HK,20231214,311985000.0,FY2024H1
1547.HK,20230724,263819000.00000003,FY2023H2
1547.HK,20221221,291068000.0,FY2023H1
1548.HK,20260413,4709423000.0,FY2025H2
1548.HK,20250911,5140059000.0,FY2025H1
1548.HK,20250408,5144943000.0,FY2024H2
1548.HK,20240829,2930997000.0,FY2024H1
1548.HK,20240422,1939258000.0,FY2023H2
1548.HK,20230926,1984159000.0,FY2023H1
1549.HK,20260422,223913000.0,FY2025H2
1549.HK,20250911,229441000.0,FY2025H1
1549.HK,20250417,242173000.0,FY2024H2
1549.HK,20240912,234201000.0,FY2024H1
1549.HK,20240419,247534000.0,FY2023H2
1549.HK,20230915,236735000.0,FY2023H1
1551.HK,20260430,-2515505000.0,FY2025H2
1551.HK,20250929,-1749608000.0,FY2025H1
1551.HK,20250430,-2865931000.0,FY2024H2
1551.HK,20240927,-1829940000.0,FY2024H1
1551.HK,20240430,-2808509000.0,FY2023H2
1551.HK,20230928,-2226993000.0,FY2023H1
1552.HK,20260428,155465859.0,FY2025H2
1552.HK,20250929,142572458.0,FY2025H1
1552.HK,20250428,132678320.00000001,FY2024H2
1552.HK,20240930,135824575.0,FY2024H1
1552.HK,20240430,75805528.0,FY2023H2
1552.HK,20230929,90753862.0,FY2023H1
1553.HK,20260424,2081873000.0,FY2025H2
1553.HK,20250926,2049545999.9999998,FY2025H1
1553.HK,20250422,2056869000.0000002,FY2024H2
1553.HK,20240927,1761884000.0,FY2024H1
1553.HK,20240425,1623358000.0,FY2023H2
1553.HK,20230926,1421140000.0,FY2023H1
1555.HK,20260420,950262000.0,FY2025H2
1555.HK,20250915,1214264000.0,FY2025H1
1555.HK,20250422,1310310000.0,FY2024H2
1555.HK,20240919,1541047000.0,FY2024H1
1555.HK,20240425,1663421000.0,FY2023H2
1555.HK,20231220,2231307000.0,FY2023H1
1556.HK,20260428,1293075000.0,FY2025H2
1556.HK,20250925,1498444000.0,FY2025H1
1556.HK,20250428,1442019000.0,FY2024H2
1556.HK,20240925,1185707000.0,FY2024H1
1556.HK,20240426,1190217000.0,FY2023H2
1556.HK,20230926,1054786000.0,FY2023H1
1557.HK,20250724,225466000.0,FY2025H2
1557.HK,20241213,64833000.0,FY2025H1
1557.HK,20240725,117492000.0,FY2024H2
1557.HK,20231208,303532000.0,FY2024H1
1557.HK,20230720,381277000.0,FY2023H2
1557.HK,20221206,493794000.0,FY2023H1
1558.HK,20250427,11025438000.0,FY2024H2
1558.HK,20240930,10971076000.0,FY2024H1
1558.HK,20240428,11069916000.0,FY2023H2
1558.HK,20230928,9662587000.0,FY2023H1
1559.HK,20250725,181559000.0,FY2025H2
1559.HK,20241213,603605000.0,FY2025H1
1559.HK,20240725,619862000.0,FY2024H2
1559.HK,20231222,808081000.0,FY2024H1
1559.HK,20230728,801269000.0,FY2023H2
1559.HK,20221221,676197000.0,FY2023H1
1560.HK,20260420,1973317000.0,FY2025H2
1560.HK,20250912,2318194000.0,FY2025H1
1560.HK,20250424,2400008000.0,FY2024H2
1560.HK,20240912,3322443000.0,FY2024H1
1560.HK,20240424,3915165000.0,FY2023H2
1560.HK,20230919,5125115000.0,FY2023H1
1561.HK,20260429,86651000.0,FY2025H2
1561.HK,20250930,206210000.0,FY2025H1
1561.HK,20250430,511261000.0,FY2024H2
1561.HK,20240930,1272991000.0,FY2024H1
1561.HK,20240430,1506536000.0,FY2023H2
1561.HK,20230928,1456480000.0,FY2023H1
1563.HK,20250729,3026880000.0,FY2025H2
1563.HK,20241218,2793344000.0,FY2025H1
1563.HK,20240724,2733113000.0,FY2024H3
1563.HK,20231228,2983855000.0,FY2024H2
1563.HK,20230926,2694944000.0,FY2024H1
1565.HK,20251223,3365384000.0,FY2025H2
1565.HK,20250521,3523499000.0,FY2025H1
1565.HK,20241219,3550566000.0,FY2024H2
1565.HK,20240520,3613212000.0,FY2024H1
1565.HK,20231227,3674552000.0,FY2023H2
1565.HK,20230522,3453126000.0,FY2023H1
1566.HK,20241227,302039000.0,FY2025H1
1566.HK,20240729,393824000.0,FY2024H2
1566.HK,20231228,445555000.0,FY2024H1
1566.HK,20230727,523830000.00000006,FY2023H2
1566.HK,20221229,1022553000.0,FY2023H1
1568.HK,20260427,5075573000.0,FY2025H2
1568.HK,20250925,4757013000.0,FY2025H1
1568.HK,20250428,4473375000.0,FY2024H2
1568.HK,20240926,5289381000.0,FY2024H1
1568.HK,20240429,5370324000.0,FY2023H2
1568.HK,20230927,6195561000.0,FY2023H1
1569.HK,20260424,6786888000.0,FY2025H2
1569.HK,20250926,6785651000.0,FY2025H1
1569.HK,20250425,6505541000.0,FY2024H2
1569.HK,20240906,6312512000.0,FY2024H1
1569.HK,20240411,5905023000.0,FY2023H2
1569.HK,20230928,6171762000.0,FY2023H1
1570.HK,20260429,3151016000.0,FY2025H2
1570.HK,20250918,3543139000.0,FY2025H1
1570.HK,20250516,3555227000.0,FY2024H2
1570.HK,20240905,3833910000.0,FY2024H1
1570.HK,20240423,3698313000.0,FY2023H2
1570.HK,20230905,3885645000.0,FY2023H1
1571.HK,20260429,3387047000.0,FY2025H2
1571.HK,20250929,3611968000.0,FY2025H1
1571.HK,20250429,3569473000.0,FY2024H2
1571.HK,20240925,3745841000.0,FY2024H1
1571.HK,20240429,3765154000.0,FY2023H2
1571.HK,20230926,3738173000.0,FY2023H1
1572.HK,20260422,882214000.0,FY2025H2
1572.HK,20250926,546845000.0,FY2025H1
1572.HK,20250424,479553000.0,FY2024H2
1572.HK,20240926,445689000.0,FY2024H1
1572.HK,20240425,433026000.0,FY2023H2
1572.HK,20230928,247652000.0,FY2023H1
1575.HK,20260430,136497000.0,FY2025H2
1575.HK,20251002,175592000.0,FY2025H1
1575.HK,20250429,193351000.0,FY2024H2
1575.HK,20240930,204383000.0,FY2024H1
1575.HK,20240430,279226000.0,FY2023H2
1575.HK,20230928,341911000.0,FY2023H1
1576.HK,20260424,20267621000.0,FY2025H2
1576.HK,20250918,20647929000.0,FY2025H1
1576.HK,20250417,20858927000.0,FY2024H2
1576.HK,20240922,15647954000.0,FY2024H1
1576.HK,20240422,14108075000.0,FY2023H2
1576.HK,20230904,11237824000.0,FY2023H1
1577.HK,20260423,-59327861.0,FY2025H2
1577.HK,20250922,-36368173.0,FY2025H1
1577.HK,20250424,-103000233.0,FY2024H2
1577.HK,20240923,-148495199.0,FY2024H1
1577.HK,20240425,-111484915.0,FY2023H2
1577.HK,20230921,-81471488.0,FY2023H1
1578.HK,20260408,-995310000.0,FY2025H2
1578.HK,20251031,,FY2025Q3
1578.HK,20250903,-1115447000.0,FY2025H1
1578.HK,20250430,,FY2025Q1
1578.HK,20250326,-1177589000.0,FY2024H2
1578.HK,20240906,-1024279000.0,FY2024H1
1578.HK,20240422,,FY2024Q1
1578.HK,20240328,-1393197000.0,FY2023H2
1578.HK,20230907,-685157000.0,FY2023H1
1579.HK,20260424,3855164000.0,FY2025H2
1579.HK,20250918,3843983000.0,FY2025H1
1579.HK,20250425,3917427000.0,FY2024H2
1579.HK,20240919,3426164000.0,FY2024H1
1579.HK,20240425,3745080000.0,FY2023H2
1579.HK,20230919,3162129000.0,FY2023H1
1580.HK,20250717,89919000.0,FY2025H2
1580.HK,20241227,84032000.0,FY2025H1
1580.HK,20231229,151792000.0,FY2024H1
1580.HK,20230731,141139000.0,FY2023H3
1580.HK,20230331,168485000.0,FY2023H2
1580.HK,20220929,169383000.0,FY2023H1
1581.HK,20250721,560365000.0,FY2025H2
1581.HK,20241213,581840000.0,FY2025H1
1581.HK,20240719,568807000.0,FY2024H2
1581.HK,20231214,549505000.0,FY2024H1
1581.HK,20230719,539806000.0,FY2023H2
1581.HK,20221215,511014000.0,FY2023H1
1582.HK,20260422,5070781000.0,FY2025H2
1582.HK,20250912,4648637000.0,FY2025H1
1582.HK,20250410,4275770000.0000005,FY2024H2
1582.HK,20240909,3563241000.0,FY2024H1
1582.HK,20240412,3654913000.0,FY2023H2
1582.HK,20230911,3374891000.0,FY2023H1
1583.HK,20260401,1294453000.0,FY2025H2
1583.HK,20250829,1256203000.0,FY2025H1
1583.HK,20250401,1488358000.0,FY2024H2
1583.HK,20240830,1430203000.0,FY2024H1
1583.HK,20240402,1492406000.0,FY2023H2
1583.HK,20230831,1606008000.0,FY2023H1
1585.HK,20260424,24005323000.0,FY2025H2
1585.HK,20250925,22459549000.0,FY2025H1
1585.HK,20250424,16750009999.999998,FY2024H2
1585.HK,20240926,18639980000.0,FY2024H1
1585.HK,20240424,17746291000.0,FY2023H2
1585.HK,20230927,17362217000.0,FY2023H1
1586.HK,20260430,801360000.0,FY2025H2
1586.HK,20250930,717232000.0,FY2025H1
1586.HK,20250430,656932000.0,FY2024H2
1586.HK,20240930,656006000.0,FY2024H1
1586.HK,20240430,633264000.0,FY2023H2
1586.HK,20230928,554476000.0,FY2023H1
1587.HK,20260413,536863000.00000006,FY2025H2
1587.HK,20250828,507457000.0,FY2025H1
1587.HK,20250417,522347000.0,FY2024H2
1587.HK,20240829,477018000.0,FY2024H1
1587.HK,20240419,436152000.0,FY2023H2
1587.HK,20230830,391461000.0,FY2023H1
1588.HK,20260416,1726280000.0,FY2025H2
1588.HK,20250926,1511668000.0,FY2025H1
1588.HK,20250425,1535208000.0,FY2024H2
1588.HK,20240925,1502791000.0,FY2024H1
1588.HK,20240424,1452431000.0,FY2023H2
1588.HK,20230927,1400876000.0,FY2023H1
1591.HK,20250728,118170000.0,FY2025H2
1591.HK,20241209,110999000.0,FY2025H1
1591.HK,20240725,110016000.0,FY2024H2
1591.HK,20231212,152378000.0,FY2024H1
1591.HK,20230727,124417000.0,FY2023H2
1591.HK,20221216,119067000.0,FY2023H1
1592.HK,20260430,47060000.0,FY2025H2
1592.HK,20250925,103252000.0,FY2025H1
1592.HK,20250606,104281000.0,FY2024H2
1592.HK,20240930,190546000.0,FY2024H1
1592.HK,20240429,189767000.0,FY2023H2
1592.HK,20230919,225060000.0,FY2023H1
1593.HK,20251231,3838466000.0,FY2025H2
1593.HK,20250528,4015892000.0,FY2025H1
1593.HK,20241224,3890689000.0,FY2024H2
1593.HK,20240528,3832550000.0,FY2024H1
1593.HK,20231228,3490051000.0,FY2023H2
1593.HK,20230530,3215138000.0,FY2023H1
1596.HK,20260428,3468220380.7999997,FY2025H2
1596.HK,20250925,3262181000.0,FY2025H1
1596.HK,20250429,3283812637.95,FY2024H2
1596.HK,20240925,3205017000.0,FY2024H1
1596.HK,20240429,3233697297.52,FY2023H2
1596.HK,20230928,3144597000.0,FY2023H1
1597.HK,20260424,342366000.0,FY2025H2
1597.HK,20250922,331791000.0,FY2025H1
1597.HK,20250424,329816000.0,FY2024H2
1597.HK,20240920,413640000.0,FY2024H1
1597.HK,20240425,448084000.0,FY2023H2
1597.HK,20230920,468578000.0,FY2023H1
1598.HK,20240927,2071364000.0,FY2024H1
1598.HK,20240429,1971480000.0,FY2023H2
1598.HK,20230928,1922955000.0,FY2023H1
1599.HK,20250422,16968431000.0,FY2024H2
1599.HK,20240910,16929556000.0,FY2024H1
1599.HK,20240419,16597640000.0,FY2023H2
1599.HK,20230918,15753621000.0,FY2023H1
1600.HK,20260417,14158321000.0,FY2025H2
1600.HK,20250918,15006839000.0,FY2025H1
1600.HK,20250417,14807016000.0,FY2024H2
1600.HK,20240919,14840102000.0,FY2024H1
1600.HK,20240419,14726214000.0,FY2023H2
1600.HK,20230919,14875293000.0,FY2023H1
1601.HK,20260428,7022883000.0,FY2025H2
1601.HK,20250925,6598077000.0,FY2025H1
1601.HK,20250428,7035397000.0,FY2024H2
1601.HK,20240926,6411028000.0,FY2024H1
1601.HK,20240417,6563282000.0,FY2023H2
1601.HK,20230915,5944629000.0,FY2023H1
1606.HK,20260427,-31915174000.0,FY2025H2
1606.HK,20250925,-22835599000.0,FY2025H1
1606.HK,20250425,-10127801000.0,FY2024H2
1606.HK,20240926,-71492836000.0,FY2024H1
1606.HK,20240429,-52860749000.0,FY2023H2
1606.HK,20230928,-18163924000.0,FY2023H1
1608.HK,20260430,4737029000.0,FY2025H2
1608.HK,20250929,5281191000.0,FY2025H1
1608.HK,20250427,5738016000.0,FY2024H2
1608.HK,20240927,5746531000.0,FY2024H1
1608.HK,20240430,6104394000.0,FY2023H2
1608.HK,20230901,8163296000.0,FY2023H1
1609.HK,20231215,730249000.0,FY2024H1
1609.HK,20230712,528820000.00000006,FY2023H2
1609.HK,20221202,565347000.0,FY2023H1
1610.HK,20260429,21031705000.0,FY2025H2
1610.HK,20250923,20431746000.0,FY2025H1
1610.HK,20250430,19192225000.0,FY2024H2
1610.HK,20240920,16431578000.000002,FY2024H1
1610.HK,20230914,15769994000.0,FY2023H1
1611.HK,20260202,866198000.0,FY2025H2
1611.HK,20250625,386551000.0,FY2025H1
1611.HK,20250124,380735000.0,FY2024H2
1611.HK,20240624,285807000.0,FY2024H1
1611.HK,20240129,352420000.0,FY2023H2
1611.HK,20230629,637744000.0,FY2023H1
1612.HK,20260423,920624000.0,FY2025H2
1612.HK,20250904,879611000.0,FY2025H1
1612.HK,20250423,746245000.0,FY2024H2
1612.HK,20240905,634725000.0,FY2024H1
1612.HK,20240418,610825000.0,FY2023H2
1612.HK,20230907,548200000.0,FY2023H1
1613.HK,20250730,188503000.0,FY2025H2
1613.HK,20241230,192113000.0,FY2025H1
1613.HK,20240730,167550000.0,FY2024H2
1613.HK,20231220,185295000.0,FY2024H1
1613.HK,20230728,200303000.0,FY2023H2
1613.HK,20221215,198676000.0,FY2023H1
1615.HK,20260427,222611000.0,FY2025H2
1615.HK,20250925,248024000.0,FY2025H1
1615.HK,20250428,262079000.0,FY2024H2
1615.HK,20240926,219431000.0,FY2024H1
1615.HK,20240429,275289000.0,FY2023H2
1615.HK,20230921,279554000.0,FY2023H1
1616.HK,20250415,280807000.0,FY2024H2
1616.HK,20240920,293465000.0,FY2024H1
1616.HK,20240425,325153000.0,FY2023H2
1616.HK,20230926,253368000.0,FY2023H1
1617.HK,20260429,1067036000.0,FY2025H2
1617.HK,20250926,1125070000.0,FY2025H1
1617.HK,20250429,1308263000.0,FY2024H2
1617.HK,20240926,1238713000.0,FY2024H1
1617.HK,20240426,1172127000.0,FY2023H2
1617.HK,20230927,1232331000.0,FY2023H1
1618.HK,20260330,718265305000.0,FY2025H2
1618.HK,20251030,765100404000.0,FY2025Q3
1618.HK,20250829,755157739000.0,FY2025H1
1618.HK,20250429,726550561000.0,FY2025Q1
1618.HK,20250328,710351413000.0,FY2024H2
1618.HK,20241029,638445932000.0,FY2024Q3
1618.HK,20240829,666718976000.0,FY2024H1
1618.HK,20240429,601701019000.0,FY2024Q1
1618.HK,20240328,576876918000.0,FY2023H2
1618.HK,20231026,577594423000.0,FY2023Q3
1618.HK,20230830,576232873000.0,FY2023H1
1618.HK,20230427,540877591999.99994,FY2023Q1
1620.HK,20260430,43419000.0,FY2025H2
1620.HK,20250930,135419000.0,FY2025H1
1620.HK,20250430,80450000.0,FY2024H2
1620.HK,20240927,86695000.0,FY2024H1
1620.HK,20240430,115371000.0,FY2023H2
1620.HK,20230928,92561000.0,FY2023H1
1621.HK,20250716,225075000.0,FY2025H2
1621.HK,20241219,234811000.0,FY2025H1
1621.HK,20240715,239010000.0,FY2024H2
1621.HK,20231221,227713000.0,FY2024H1
1621.HK,20230721,228082000.0,FY2023H2
1621.HK,20221221,227457000.0,FY2023H1
1622.HK,20260428,38831089000.0,FY2025H2
1622.HK,20250924,42142925000.0,FY2025H1
1622.HK,20250428,42473464000.0,FY2024H2
1622.HK,20240925,48014043000.0,FY2024H1
1622.HK,20240530,50049301000.0,FY2023H2
1623.HK,20260429,6871169000.0,FY2025H2
1623.HK,20250929,6998635000.0,FY2025H1
1623.HK,20250429,7356090000.0,FY2024H2
1623.HK,20241216,7503110000.0,FY2024H1
1623.HK,20241128,7117539000.0,FY2023H2
1623.HK,20230918,7307303000.0,FY2023H1
1626.HK,20260424,607629000.0,FY2025H2
1626.HK,20250912,507151000.0,FY2025H1
1626.HK,20250417,587465000.0,FY2024H2
1626.HK,20240920,1167450000.0,FY2024H1
1626.HK,20240418,1151039000.0,FY2023H2
1626.HK,20230915,850031000.0,FY2023H1
1627.HK,20250725,3537561000.0,FY2025H2
1627.HK,20241213,3366750000.0,FY2025H1
1627.HK,20240719,2827729000.0,FY2024H2
1627.HK,20231215,2937701000.0,FY2024H1
1627.HK,20230727,2915738000.0,FY2023H2
1627.HK,20221216,2760005000.0,FY2023H1
1628.HK,20260427,66286379000.0,FY2025H2
1628.HK,20250923,73240657000.0,FY2025H1
1628.HK,20250425,81947714000.0,FY2024H2
1628.HK,20240924,92113864000.0,FY2024H1
1628.HK,20240425,104911572000.0,FY2023H2
1628.HK,20230919,119987515000.0,FY2023H1
1629.HK,20260430,253396000.0,FY2025H2
1629.HK,20250930,283059000.0,FY2025H1
1629.HK,20250430,303060000.0,FY2024H2
1629.HK,20240930,314329000.0,FY2024H1
1629.HK,20230929,362260000.0,FY2023H1
1630.HK,20250717,309182000.0,FY2025H2
1630.HK,20241219,290827000.0,FY2025H1
1630.HK,20240718,314571000.0,FY2024H2
1630.HK,20231214,367601000.0,FY2024H1
1630.HK,20230720,275509000.0,FY2023H2
1630.HK,20221215,247096000.0,FY2023H1
1631.HK,20260326,53287000.0,FY2025H2
1631.HK,20250828,72306000.0,FY2025H1
1631.HK,20250327,68218000.0,FY2024H2
1631.HK,20240829,123063000.0,FY2024H1
1631.HK,20240325,66022999.99999999,FY2023H2
1631.HK,20230828,76307000.0,FY2023H1
1632.HK,20250730,105199000.0,FY2025H2
1632.HK,20241223,121160000.0,FY2025H1
1632.HK,20240730,137615000.0,FY2024H2
1632.HK,20231214,186587000.0,FY2024H1
1632.HK,20230727,190742000.0,FY2023H2
1632.HK,20221215,171422000.0,FY2023H1
1633.HK,20250731,263611000.0,FY2025H2
1633.HK,20241205,289032000.0,FY2025H1
1633.HK,20240710,339010000.0,FY2024H2
1633.HK,20231219,296369000.0,FY2024H1
1633.HK,20230707,282780000.0,FY2023H2
1633.HK,20221215,274011000.0,FY2023H1
1635.HK,20260410,18798958000.0,FY2025H2
1635.HK,20250916,18466124000.0,FY2025H1
1635.HK,20250423,18252305000.0,FY2024H2
1635.HK,20240916,18435301000.0,FY2024H1
1635.HK,20240425,18155273000.0,FY2023H2
1635.HK,20230914,19207502000.0,FY2023H1
1636.HK,20250924,1066631000.0000001,FY2025H1
1636.HK,20250429,1079507000.0,FY2024H2
1636.HK,20241108,1284207000.0,FY2024H1
1636.HK,20241101,1973399000.0,FY2023H1
1637.HK,20250722,280521000.0,FY2025H2
1637.HK,20241217,332287000.0,FY2025H1
1637.HK,20240723,450814000.0,FY2024H2
1637.HK,20231215,427996000.0,FY2024H1
1637.HK,20230724,445378000.0,FY2023H2
1637.HK,20221215,485015000.0,FY2023H1
1638.HK,20260429,182852062000.0,FY2025H2
1638.HK,20250929,201142618000.0,FY2025H1
1638.HK,20250430,209237396000.0,FY2024H2
1638.HK,20240929,223061851000.0,FY2024H1
1638.HK,20240429,231031938000.0,FY2023H2
1638.HK,20230929,253995638000.0,FY2023H1
1640.HK,20260427,500542000.0,FY2025H2
1640.HK,20250922,567012000.0,FY2025H1
1640.HK,20250429,357743000.0,FY2024H2
1640.HK,20240927,563768000.0,FY2024H1
1640.HK,20240429,557802000.0,FY2023H2
1640.HK,20230928,541955000.0,FY2023H1
1641.HK,20260428,1130144000.0,FY2025H2
1641.HK,20251231,1143738000.0,FY2025H1
1643.HK,20260428,313687000.0,FY2025H2
1643.HK,20250926,249400000.0,FY2025H1
1643.HK,20250429,310640000.0,FY2024H2
1643.HK,20240923,251899000.0,FY2024H1
1643.HK,20240430,242266000.0,FY2023H2
1643.HK,20230921,217957000.0,FY2023H1
1645.HK,20260423,918380000.0,FY2025H2
1645.HK,20250925,895454000.0,FY2025H1
1645.HK,20250424,836369000.0,FY2024H2
1645.HK,20240923,724536000.0,FY2024H1
1645.HK,20240425,621246000.0,FY2023H2
1645.HK,20230921,535224000.00000006,FY2023H1
1647.HK,20250715,61003815.0,FY2025H2
1647.HK,20241231,58325387.0,FY2025H1
1647.HK,20240731,58093015.0,FY2024H2
1647.HK,20231229,50378912.0,FY2024H1
1647.HK,20230728,53216638.0,FY2023H2
1647.HK,20221229,39829651.0,FY2023H1
1650.HK,20260428,28334000.0,FY2025H2
1650.HK,20250928,27430000.0,FY2025H1
1650.HK,20250422,30608000.0,FY2024H2
1650.HK,20240930,33633000.0,FY2024H1
1650.HK,20240430,32258000.000000004,FY2023H2
1650.HK,20230928,30912000.0,FY2023H1
1651.HK,20250724,3172834000.0,FY2025H2
1651.HK,20241213,2806447000.0,FY2025H1
1651.HK,20240717,2521172000.0,FY2024H2
1651.HK,20231212,2311696000.0,FY2024H1
1651.HK,20230719,2531793000.0,FY2023H2
1651.HK,20221209,2922948000.0,FY2023H1
1652.HK,20260430,1263430000.0,FY2025H2
1652.HK,20250929,1232677000.0,FY2025H1
1652.HK,20250430,1238161000.0,FY2024H2
1652.HK,20240927,1334550000.0,FY2024H1
1652.HK,20240426,1343745000.0,FY2023H2
1652.HK,20230928,1312401000.0,FY2023H1
1653.HK,20250730,312727000.0,FY2025H2
1653.HK,20241230,325977000.0,FY2025H1
1653.HK,20240731,315527000.0,FY2024H2
1653.HK,20231229,309138000.0,FY2024H1
1653.HK,20230728,299813000.0,FY2023H2
1653.HK,20221230,282440000.0,FY2023H1
1655.HK,20251023,15527000000.0,FY2025H2
1655.HK,20250328,15254000000.0,FY2025H1
1655.HK,20241017,15421000000.0,FY2024H2
1655.HK,20240319,16073000000.0,FY2024H1
1655.HK,20231019,15843000000.0,FY2023H2
1655.HK,20230317,16570000000.0,FY2023H1
1656.HK,20260329,251978000.0,FY2025H2
1656.HK,20250811,250247000.0,FY2025H1
1656.HK,20250327,264821000.00000003,FY2024H2
1656.HK,20240814,261708000.00000003,FY2024H1
1656.HK,20240327,254936000.0,FY2023H2
1656.HK,20230808,261904000.0,FY2023H1
1657.HK,20250729,86053000.0,FY2025H2
1657.HK,20241231,79426000.0,FY2025H1
1657.HK,20240731,71867000.0,FY2024H2
1657.HK,20240201,108494000.0,FY2024H1
1657.HK,20230728,98458000.0,FY2023H2
1657.HK,20221230,97449000.0,FY2023H1
1658.HK,20260414,-44078000000.0,FY2025H2
1658.HK,20251030,,FY2025Q3
1658.HK,20250911,-42001000000.0,FY2025H1
1658.HK,20250429,,FY2025Q1
1658.HK,20250327,-46478000000.0,FY2024H2
1658.HK,20241030,,FY2024Q3
1658.HK,20240913,-42677000000.0,FY2024H1
1658.HK,20240429,,FY2024Q1
1658.HK,20240418,-47676000000.0,FY2023H2
1658.HK,20231027,,FY2023Q3
1658.HK,20230915,-46273000000.0,FY2023H1
1658.HK,20230427,,FY2023Q1
1660.HK,20250731,374514000.0,FY2025H2
1660.HK,20241227,390052000.0,FY2025H1
1660.HK,20240731,409045000.0,FY2024H2
1660.HK,20231229,453167000.0,FY2024H1
1660.HK,20230731,468518000.0,FY2023H2
1660.HK,20221230,515428000.0,FY2023H1
1661.HK,20260430,212027000.0,FY2025H2
1661.HK,20250930,200783000.0,FY2025H1
1661.HK,20250430,164924000.0,FY2024H2
1661.HK,20240924,199109000.0,FY2024H1
1661.HK,20240429,188626000.0,FY2023H2
1661.HK,20230922,230319000.0,FY2023H1
1662.HK,20250724,852769000.0,FY2025H2
1662.HK,20241205,965505000.0,FY2025H1
1662.HK,20240718,908868000.0,FY2024H2
1662.HK,20231214,887799000.0,FY2024H1
1662.HK,20230720,928786000.0,FY2023H2
1662.HK,20221215,834060000.0,FY2023H1
1663.HK,20250730,3600373000.0,FY2025H2
1663.HK,20241227,3810471000.0,FY2025H1
1663.HK,20240730,4074612000.0,FY2024H2
1663.HK,20231228,4495848000.0,FY2024H1
1663.HK,20230728,4390689000.0,FY2023H2
1663.HK,20221229,4542322000.0,FY2023H1
1665.HK,20250225,891024000.0,FY2024Q4
1665.HK,20241107,768429000.0,FY2024Q3
1665.HK,20240912,758009000.0,FY2024Q2
1665.HK,20240509,784870000.0,FY2024Q1
1665.HK,20240429,758749000.0,FY2023Q4
1665.HK,20231102,729263000.0,FY2023Q3
1665.HK,20230831,747055000.0,FY2023Q2
1665.HK,20230511,712152000.0,FY2023Q1
1666.HK,20260427,9006540000.0,FY2025H2
1666.HK,20250911,9760907000.0,FY2025H1
1666.HK,20250425,10279103000.0,FY2024H2
1666.HK,20240910,10346852000.0,FY2024H1
1666.HK,20240424,10761284000.0,FY2023H2
1666.HK,20230908,9015626000.0,FY2023H1
1667.HK,20250731,242640000.0,FY2025H2
1667.HK,20241230,268768000.0,FY2025H1
1667.HK,20240731,268777000.0,FY2024H2
1667.HK,20231229,288062000.0,FY2024H1
1667.HK,20230727,307758000.0,FY2023H2
1667.HK,20221228,299072000.0,FY2023H1
1668.HK,20250502,87495374000.0,FY2024H2
1668.HK,20240927,97013256000.0,FY2024H1
1668.HK,20230728,100063337000.0,FY2023H2
1668.HK,20221223,101193434000.0,FY2023H1
1669.HK,20260430,331488000.0,FY2025H2
1669.HK,20250923,447867000.0,FY2025H1
1669.HK,20250430,476503000.0,FY2024H2
1669.HK,20240926,515265000.0,FY2024H1
1669.HK,20240429,487626000.0,FY2023H2
1669.HK,20230922,430321000.0,FY2023H1
1671.HK,20260413,889679000.0,FY2025H2
1671.HK,20250902,899907000.0,FY2025H1
1671.HK,20250411,938753000.0,FY2024H2
1671.HK,20240829,936812000.0,FY2024H1
1671.HK,20240430,942999000.0,FY2023H2
1671.HK,20230903,941762000.0,FY2023H1
1672.HK,20260429,623012000.0,FY2025H2
1672.HK,20250929,416495000.0,FY2025H1
1672.HK,20250428,1258842000.0,FY2024H2
1672.HK,20240927,1933070000.0,FY2024H1
1672.HK,20240426,2160892000.0,FY2023H2
1672.HK,20230927,2190117000.0,FY2023H1
1673.HK,20251027,757724542.0,FY2025H2
1673.HK,20250319,824741399.0,FY2025H1
1673.HK,20241028,852416757.0,FY2024H2
1673.HK,20240319,887876041.0,FY2024H1
1673.HK,20231030,898420847.0,FY2023H2
1673.HK,20230314,887476350.0,FY2023H1
1675.HK,20260413,6229951000.0,FY2025H2
1675.HK,20250819,6766437000.0,FY2025H1
1675.HK,20250328,6949620000.0,FY2024H2
1675.HK,20240826,6744918000.0,FY2024H1
1675.HK,20240425,6739515000.0,FY2023H2
1675.HK,20230817,6571084000.0,FY2023H1
1676.HK,20251027,196821000.0,FY2025H2
1676.HK,20250327,224360000.0,FY2025H1
1676.HK,20241025,202640000.0,FY2024H2
1676.HK,20240328,238909000.0,FY2024H1
1676.HK,20231027,219834000.0,FY2023H3
1676.HK,20230330,250148000.0,FY2023H2
1676.HK,20220921,326355000.0,FY2023H1
1679.HK,20260429,196618000.0,FY2025H2
1679.HK,20250922,227845000.0,FY2025H1
1679.HK,20250425,221390000.0,FY2024H2
1679.HK,20240927,262088000.00000003,FY2024H1
1679.HK,20240425,214569000.0,FY2023H2
1679.HK,20230926,240903000.0,FY2023H1
1680.HK,20260429,4179421000.0000005,FY2025H2
1680.HK,20250929,4195747000.0000005,FY2025H1
1680.HK,20250429,5602256000.0,FY2024H2
1680.HK,20240924,6144442000.0,FY2024H1
1680.HK,20240424,6588495000.0,FY2023H2
1680.HK,20230922,6752694000.0,FY2023H1
1681.HK,20260428,5175639000.0,FY2025H2
1681.HK,20250918,3849684000.0,FY2025H1
1681.HK,20250428,2945400000.0,FY2024H2
1681.HK,20240927,2893954000.0,FY2024H1
1681.HK,20240429,2759732000.0,FY2023H2
1681.HK,20230926,2383178000.0,FY2023H1
1682.HK,20250729,35544000.0,FY2025H2
1682.HK,20241220,31657000.0,FY2025H1
1682.HK,20240724,45511000.0,FY2024H2
1682.HK,20231221,69053000.0,FY2024H1
1682.HK,20230727,108291000.0,FY2023H2
1682.HK,20221223,79969000.0,FY2023H1
1683.HK,20260430,557198000.0,FY2025H2
1683.HK,20250930,620555000.0,FY2025H1
1683.HK,20250430,406679000.0,FY2024H2
1683.HK,20240927,476925000.0,FY2024H1
1683.HK,20240430,440468000.0,FY2023H2
1683.HK,20230928,385788000.0,FY2023H1
1685.HK,20260415,1465114000.0,FY2025H2
1685.HK,20250905,1341079000.0,FY2025H1
1685.HK,20250411,1439513000.0,FY2024H2
1685.HK,20240910,1304869000.0,FY2024H1
1685.HK,20240426,1436221000.0,FY2023H2
1685.HK,20230908,1409630000.0,FY2023H1
1686.HK,20250923,24471672000.0,FY2025H2
1686.HK,20250318,24168268000.0,FY2025H1
1686.HK,20240924,23573094000.0,FY2024H2
1686.HK,20240319,21898635000.0,FY2024H1
1686.HK,20230922,20540333000.0,FY2023H2
1686.HK,20230314,18842071000.0,FY2023H1
1689.HK,20260429,257973000.0,FY2025H2
1689.HK,20250918,315782000.0,FY2025H1
1689.HK,20250425,325052000.0,FY2024H2
1689.HK,20240919,436663000.0,FY2024H1
1689.HK,20240429,476157000.0,FY2023H2
1689.HK,20230921,474193000.0,FY2023H1
1690.HK,20260415,202640000.0,FY2025H2
1690.HK,20250828,228045000.0,FY2025H1
1690.HK,20250415,300357000.0,FY2024H2
1690.HK,20240829,199394000.0,FY2024H1
1690.HK,20240419,251185000.0,FY2023H2
1690.HK,20230905,213579000.0,FY2023H1
1691.HK,20260424,1074035000.0,FY2025H2
1691.HK,20250919,1009869000.0,FY2025H1
1691.HK,20250429,1131382000.0,FY2024H2
1691.HK,20240925,1015455000.0,FY2024H1
1691.HK,20240429,1077642000.0,FY2023H2
1691.HK,20230927,4342477000.0,FY2023H1
1692.HK,20260420,413665000.0,FY2025H2
1692.HK,20250926,478455000.0,FY2025H1
1692.HK,20250417,478562000.0,FY2024H2
1692.HK,20240926,490834000.0,FY2024H1
1692.HK,20240419,289629000.0,FY2023H2
1692.HK,20230926,345404000.0,FY2023H1
1693.HK,20251229,243004000.0,FY2025H3
1693.HK,20250616,268941000.0,FY2025H2
1693.HK,20241220,162944000.0,FY2025H1
1693.HK,20240729,164979000.0,FY2024H2
1693.HK,20231221,163395000.0,FY2024H1
1693.HK,20230728,401264000.0,FY2023H2
1693.HK,20221215,465144000.0,FY2023H1
1695.HK,20260429,183973345.0,FY2025H2
1695.HK,20250926,167851366.0,FY2025H1
1695.HK,20250429,157953879.0,FY2024H2
1695.HK,20240925,155153396.0,FY2024H1
1695.HK,20240430,154957554.0,FY2023H2
1695.HK,20230922,158231393.0,FY2023H1
1696.HK,20260422,423450000.0,FY2025H2
1696.HK,20250919,418084000.0,FY2025H1
1696.HK,20250422,403560000.0,FY2024H2
1696.HK,20240919,409312000.0,FY2024H1
1696.HK,20240426,403077000.0,FY2023H2
1696.HK,20230918,397573000.0,FY2023H1
1697.HK,20260409,-160740677.64000002,FY2025H2
1697.HK,20250917,-344340203.28999996,FY2025H1
1697.HK,20250410,-591667910.19,FY2024H2
1697.HK,20240913,-581229620.1799899,FY2024H1
1697.HK,20240409,-283896884.51,FY2023H2
1697.HK,20230915,-134949949.65,FY2023H1
1698.HK,20260417,73531000000.0,FY2025Q4
1698.HK,20251112,73094000000.0,FY2025Q3
1698.HK,20250812,76409000000.0,FY2025Q2
1698.HK,20250513,66414000000.0,FY2025Q1
1698.HK,20250423,57633000000.0,FY2024Q4
1698.HK,20241112,54757000000.0,FY2024Q3
1698.HK,20240813,50508000000.0,FY2024Q2
1698.HK,20240513,49391000000.0,FY2024Q1
1698.HK,20240418,42427000000.0,FY2023Q4
1698.HK,20231114,41033000000.0,FY2023Q3
1698.HK,20230815,39978000000.0,FY2023Q2
1698.HK,20230516,37446000000.0,FY2023Q1
1699.HK,20241203,233694000.0,FY2024H1
1701.HK,20260424,204536000.0,FY2025H2
1701.HK,20250915,232059000.0,FY2025H1
1701.HK,20250425,198016000.0,FY2024H2
1701.HK,20240916,187244000.0,FY2024H1
1701.HK,20240426,185653000.0,FY2023H2
1701.HK,20230918,182156000.0,FY2023H1
1702.HK,20260422,1639765000.0,FY2025H2
1702.HK,20250919,1402157000.0,FY2025H1
1702.HK,20250422,1320915000.0,FY2024H2
1702.HK,20240920,1281524000.0,FY2024H1
1702.HK,20240422,1303431000.0,FY2023H2
1702.HK,20230914,1240933000.0,FY2023H1
1703.HK,20251130,56526000.0,FY2025H2
1703.HK,20230731,160001000.0,FY2023H2
1703.HK,20221206,217351000.0,FY2023H1
1705.HK,20250724,207842000.0,FY2025H2
1705.HK,20241213,209544000.0,FY2025H1
1705.HK,20240728,216654000.0,FY2024H2
1705.HK,20231214,210812000.0,FY2024H1
1705.HK,20230726,192043000.0,FY2023H2
1705.HK,20221215,199837000.0,FY2023H1
1707.HK,20250918,74077000.0,FY2025H1
1707.HK,20250424,66921000.00000001,FY2024H2
1707.HK,20240923,71344000.0,FY2024H1
1707.HK,20240425,74029000.0,FY2023H2
1707.HK,20230907,61475000.0,FY2023H1
1708.HK,20260430,1746623574.3,FY2025H2
1708.HK,20250910,2127183828.5499997,FY2025H1
1708.HK,20250429,2113736174.5899997,FY2024H2
1708.HK,20240910,2325738792.73,FY2024H1
1708.HK,20240430,2507350412.19999,FY2023H2
1708.HK,20230824,2638768196.33,FY2023H1
1709.HK,20250730,1031795000.0000001,FY2025H2
1709.HK,20241220,808333000.0,FY2025H1
1709.HK,20240730,810160000.0,FY2024H2
1709.HK,20231222,594415000.0,FY2024H1
1709.HK,20230727,791785000.0,FY2023H2
1709.HK,20221228,702037000.0,FY2023H1
1710.HK,20260427,536832999.99999994,FY2025H2
1710.HK,20250919,677318000.0,FY2025H1
1710.HK,20250425,676546000.0,FY2024H2
1710.HK,20240919,567599000.0,FY2024H1
1710.HK,20230921,713115000.0,FY2023H1
1711.HK,20250717,51452000.0,FY2025H2
1711.HK,20241209,87683000.0,FY2025H1
1711.HK,20240723,101825000.0,FY2024H2
1711.HK,20231219,119270000.0,FY2024H1
1711.HK,20230720,134237000.0,FY2023H2
1711.HK,20221201,148435000.0,FY2023H1
1712.HK,20260326,170507000.0,FY2025H2
1712.HK,20250918,134906000.0,FY2025H1
1712.HK,20250410,92259000.0,FY2024H2
1712.HK,20240919,82738000.0,FY2024H1
1712.HK,20240411,86147000.0,FY2023H2
1712.HK,20230921,80388000.0,FY2023H1
1713.HK,20260429,7206310319.84,FY2025H2
1713.HK,20250919,6818179364.3,FY2025H1
1713.HK,20250424,6791650672.5,FY2024H2
1713.HK,20240919,5982675052.5,FY2024H1
1713.HK,20240422,5824571536.96,FY2023H2
1713.HK,20230926,4923308417.53,FY2023H1
1715.HK,20260429,119612000.0,FY2025H2
1715.HK,20250918,127897000.0,FY2025H1
1715.HK,20250428,135171000.0,FY2024H2
1715.HK,20240904,150616000.0,FY2024H1
1715.HK,20240416,131788999.99999999,FY2023H2
1715.HK,20230831,185748000.0,FY2023H1
1716.HK,20250724,23694000.0,FY2025H2
1716.HK,20241219,24711000.0,FY2025H1
1716.HK,20240726,18136000.0,FY2024H2
1716.HK,20231221,18700000.0,FY2024H1
1716.HK,20230727,15111000.0,FY2023H2
1716.HK,20221221,28611000.0,FY2023H1
1717.HK,20260429,8954804000.0,FY2025H2
1717.HK,20250911,9150709000.0,FY2025H1
1717.HK,20250429,8079385000.0,FY2024H2
1717.HK,20240911,7815684000.0,FY2024H1
1717.HK,20240429,7803931000.0,FY2023H2
1717.HK,20230911,8357445000.0,FY2023H1
1718.HK,20250724,157536798.0,FY2025H2
1718.HK,20241216,209319000.0,FY2025H1
1718.HK,20240718,184878951.0,FY2024H2
1718.HK,20231214,247061000.0,FY2024H1
1718.HK,20230727,237606380.0,FY2023H2
1718.HK,20221213,330336000.0,FY2023H1
1719.HK,20260422,1277298000.0,FY2025H2
1719.HK,20250917,1296683000.0,FY2025H1
1719.HK,20250430,1248723000.0,FY2024H2
1719.HK,20240912,1307067000.0,FY2024H1
1719.HK,20240429,1434569000.0,FY2023H2
1719.HK,20230911,1479488000.0,FY2023H1
1720.HK,20260430,1281382000.0,FY2025H2
1720.HK,20250926,1161238000.0,FY2025H1
1720.HK,20250429,1119584000.0,FY2024H2
1720.HK,20240926,1136743000.0,FY2024H1
1720.HK,20240429,1137961000.0,FY2023H2
1720.HK,20230915,1178525000.0,FY2023H1
1721.HK,20250919,15443000.0,FY2025H1
1721.HK,20250424,15669000.0,FY2024H2
1721.HK,20240923,14872000.0,FY2024H1
1721.HK,20240425,16248999.999999998,FY2023H2
1721.HK,20230911,39761000.0,FY2023H1
1722.HK,20260429,417661000.0,FY2025H2
1722.HK,20250918,397848000.0,FY2025H1
1722.HK,20250428,414305000.0,FY2024H2
1722.HK,20240920,388155000.0,FY2024H1
1722.HK,20240426,448802000.0,FY2023H2
1722.HK,20230921,462611000.0,FY2023H1
1723.HK,20250730,71283000.0,FY2025H2
1723.HK,20241219,74544000.0,FY2025H1
1723.HK,20240725,73169000.0,FY2024H2
1723.HK,20231221,70435000.0,FY2024H1
1723.HK,20230727,81968000.0,FY2023H2
1723.HK,20221221,75297000.0,FY2023H1
1725.HK,20260429,316031000.0,FY2025H2
1725.HK,20250925,769446000.0,FY2025H1
1725.HK,20250429,816450000.0,FY2024H2
1725.HK,20240919,1085967000.0,FY2024H1
1725.HK,20240430,1084658000.0,FY2023H2
1725.HK,20230915,1069465999.9999999,FY2023H1
1726.HK,20251023,25892713.0,FY2025H2
1726.HK,20250313,29887675.0,FY2025H1
1726.HK,20241024,41466817.0,FY2024H2
1726.HK,20240314,22779910.0,FY2024H1
1726.HK,20231026,22029263.0,FY2023H2
1726.HK,20230308,15837136.0,FY2023H1
1727.HK,20260417,40506322000.0,FY2025H2
1727.HK,20250919,51032711000.0,FY2025H1
1727.HK,20250422,53039247000.0,FY2024H2
1727.HK,20240923,52375333000.0,FY2024H1
1727.HK,20240418,54034516000.0,FY2023H2
1727.HK,20230913,50842210000.0,FY2023H1
1728.HK,20260427,23559129000.0,FY2025H2
1728.HK,20250925,25321393000.0,FY2025H1
1728.HK,20250425,27700682000.0,FY2024H2
1728.HK,20240920,27672588000.0,FY2024H1
1728.HK,20240426,27821555000.0,FY2023H2
1728.HK,20230912,26842279000.0,FY2023H1
1729.HK,20260429,8375611000.000001,FY2025H2
1729.HK,20250926,7378397000.0,FY2025H1
1729.HK,20250429,4602361000.0,FY2024H2
1729.HK,20240927,4581834000.0,FY2024H1
1729.HK,20230731,5824447000.0,FY2023H2
1729.HK,20221223,5429932000.0,FY2023H1
1730.HK,20260107,615313000.0,FY2025H2
1730.HK,20250515,625621000.0,FY2025H1
1730.HK,20241230,618951000.0,FY2024H2
1730.HK,20240513,529313999.99999994,FY2024H1
1730.HK,20240107,477287000.0,FY2023H2
1730.HK,20230626,502102000.0,FY2023H1
1731.HK,20260429,166502000.0,FY2025H2
1731.HK,20250918,151309000.0,FY2025H1
1731.HK,20250429,149638000.0,FY2024H2
1731.HK,20240926,144821000.0,FY2024H1
1731.HK,20240429,153423000.0,FY2023H2
1731.HK,20230927,133032999.99999999,FY2023H1
1732.HK,20260422,215261000.0,FY2025H2
1732.HK,20250904,200980000.0,FY2025H1
1732.HK,20250422,194535000.0,FY2024H2
1732.HK,20240913,191643000.0,FY2024H1
1732.HK,20240418,172066000.0,FY2023H2
1732.HK,20230904,155649000.0,FY2023H1
1733.HK,20260428,16083662000.0,FY2025H2
1733.HK,20250922,12036536000.0,FY2025H1
1733.HK,20250428,15438723000.0,FY2024H2
1733.HK,20240917,15843383000.0,FY2024H1
1733.HK,20240429,14859012000.0,FY2023H2
1733.HK,20230918,10210741000.0,FY2023H1
1735.HK,20260429,6425944000.0,FY2025H2
1735.HK,20250925,5898796000.0,FY2025H1
1735.HK,20250429,4210728000.0,FY2024H2
1735.HK,20240927,4018193000.0,FY2024H1
1735.HK,20240424,3358912000.0,FY2023H2
1735.HK,20230926,2087264000.0000002,FY2023H1
1736.HK,20260430,25632000.0,FY2025H2
1736.HK,20250915,16940000.0,FY2025H1
1736.HK,20250430,28517000.0,FY2024H2
1736.HK,20240913,43449000.0,FY2024H1
1736.HK,20240430,104872000.0,FY2023H2
1736.HK,20230915,156135000.0,FY2023H1
1737.HK,20250724,240756000.0,FY2025H2
1737.HK,20241129,279321000.0,FY2025H1
1737.HK,20240726,225359000.0,FY2024H2
1737.HK,20231124,244390000.0,FY2024H1
1737.HK,20230728,246506000.0,FY2023H2
1737.HK,20221223,246090000.0,FY2023H1
1738.HK,20260429,2617997000.0,FY2025H2
1738.HK,20250918,2776620000.0,FY2025H1
1738.HK,20250424,2860452000.0,FY2024H2
1738.HK,20240919,3048611000.0,FY2024H1
1738.HK,20240425,3095773000.0,FY2023H2
1738.HK,20230921,3438927000.0,FY2023H1
1739.HK,20260428,1343702000.0,FY2025H2
1739.HK,20250926,1401396000.0,FY2025H1
1739.HK,20250425,1561161000.0,FY2024H2
1739.HK,20240926,1561469000.0,FY2024H1
1739.HK,20230926,1562126000.0,FY2023H1
1740.HK,20260429,60306000.0,FY2025H2
1740.HK,20250929,88113000.0,FY2025H1
1740.HK,20250428,79325000.0,FY2024H2
1740.HK,20240926,155264000.0,FY2024H1
1740.HK,20240424,172933000.0,FY2023H2
1740.HK,20230926,257678000.0,FY2023H1
1741.HK,20260129,26873000.0,FY2025H2
1741.HK,20250626,25273000.0,FY2025H1
1741.HK,20250128,31534000.0,FY2024H2
1741.HK,20240627,117500000.0,FY2024H1
1741.HK,20240130,154219000.0,FY2023H2
1741.HK,20230629,124193000.0,FY2023H1
1742.HK,20260211,208244000.0,FY2025H2
1742.HK,20250725,199212000.0,FY2025H1
1742.HK,20250211,129550000.00000001,FY2024H2
1742.HK,20240712,140750000.0,FY2024H1
1742.HK,20240219,149753000.0,FY2023H2
1742.HK,20230719,163028000.0,FY2023H1
1745.HK,20260428,1366930000.0,FY2025H2
1745.HK,20250926,1246378000.0,FY2025H1
1745.HK,20250425,1080336000.0,FY2024H2
1745.HK,20240926,1026826000.0,FY2024H1
1745.HK,20240429,913201000.0,FY2023H2
1745.HK,20230922,550483000.0,FY2023H1
1746.HK,20260423,54702000.0,FY2025H2
1746.HK,20250923,53367000.0,FY2025H1
1746.HK,20250424,71478000.0,FY2024H2
1746.HK,20240919,78576000.0,FY2024H1
1746.HK,20240425,84343000.0,FY2023H2
1746.HK,20230913,76252000.0,FY2023H1
1747.HK,20260416,36797000.0,FY2025H2
1747.HK,20250912,45741000.0,FY2025H1
1747.HK,20250416,40171000.0,FY2024H2
1747.HK,20240913,41399000.0,FY2024H1
1747.HK,20240419,44359000.0,FY2023H2
1747.HK,20230914,50827000.0,FY2023H1
1748.HK,20240926,147142000.0,FY2024H1
1748.HK,20240422,164979000.0,FY2023H2
1748.HK,20230925,169718000.0,FY2023H1
1749.HK,20260420,682397378.0,FY2025H2
1749.HK,20250911,696560736.0,FY2025H1
1749.HK,20250422,713093686.0,FY2024H2
1749.HK,20240912,584626507.0,FY2024H1
1749.HK,20240418,583165496.0,FY2023H2
1749.HK,20230911,606934864.0,FY2023H1
1750.HK,20260417,129797000.0,FY2025H2
1750.HK,20250917,123185000.0,FY2025H1
1750.HK,20250423,138252000.0,FY2024H2
1750.HK,20240920,138892000.0,FY2024H1
1750.HK,20240425,144427000.0,FY2023H2
1750.HK,20230925,143891000.0,FY2023H1
1751.HK,20260413,66078000.0,FY2025H2
1751.HK,20250905,57995000.0,FY2025H1
1751.HK,20250424,53387000.0,FY2024H2
1751.HK,20240920,71876000.0,FY2024H1
1751.HK,20240425,59581000.0,FY2023H2
1751.HK,20230915,67558000.0,FY2023H1
1752.HK,20251027,28284000.0,FY2025H2
1752.HK,20250324,30575000.0,FY2025H1
1752.HK,20241024,31775000.0,FY2024H2
1752.HK,20240327,31757000.0,FY2024H1
1752.HK,20231026,32973999.999999996,FY2023H2
1752.HK,20230324,36995000.0,FY2023H1
1753.HK,20260429,2041465000.0,FY2025H2
1753.HK,20250929,2095393000.0,FY2025H1
1753.HK,20250428,2083089000.0,FY2024H2
1753.HK,20240930,2064473000.0,FY2024H1
1753.HK,20240429,1853002000.0,FY2023H2
1753.HK,20230925,1517275000.0,FY2023H1
1755.HK,20260715,2435329000.0,FY2025H2
1755.HK,20260629,4067435000.0,FY2025H1
1755.HK,20260121,3333294000.0,FY2024H2
1755.HK,20240926,4475939000.0,FY2024H1
1755.HK,20240426,4347991000.0,FY2023H2
1755.HK,20230918,4234276000.0,FY2023H1
1756.HK,20251218,7000929000.0,FY2025H2
1756.HK,20250523,6786976000.0,FY2025H1
1756.HK,20241219,6659905000.0,FY2024H2
1756.HK,20240523,6534707000.0,FY2024H1
1756.HK,20231219,6289140000.0,FY2023H2
1756.HK,20230518,6140768000.0,FY2023H1
1757.HK,20250723,215394000.0,FY2025H2
1757.HK,20241223,229347000.0,FY2025H1
1757.HK,20240717,220214000.0,FY2024H2
1757.HK,20231220,208067000.0,FY2024H1
1757.HK,20230720,196948000.0,FY2023H2
1757.HK,20221216,200018000.0,FY2023H1
1758.HK,20251224,3725039000.0,FY2025H2
1758.HK,20250523,3876056000.0,FY2025H1
1758.HK,20241224,3722555000.0,FY2024H2
1758.HK,20240517,3690340000.0,FY2024H1
1758.HK,20231222,3610202000.0,FY2023H2
1758.HK,20230523,944334000.0,FY2023H1
1759.HK,20260429,1946837000.0,FY2025H2
1759.HK,20250925,1241878000.0,FY2025H1
1759.HK,20250429,985171000.0,FY2024H2
1759.HK,20240926,1044303000.0000001,FY2024H1
1759.HK,20240426,798020000.0,FY2023H2
1759.HK,20230927,1276313000.0,FY2023H1
1760.HK,20260422,5225765000.0,FY2025H2
1760.HK,20250917,4922903000.0,FY2025H1
1760.HK,20250425,5194065000.0,FY2024H2
1760.HK,20240919,5090467000.0,FY2024H1
1760.HK,20240424,5026354000.0,FY2023H2
1760.HK,20230921,4377511000.0,FY2023H1
1762.HK,20260417,2289802000.0,FY2025H2
1762.HK,20250910,2147842000.0,FY2025H1
1762.HK,20250425,1730129000.0,FY2024H2
1762.HK,20240905,1571283000.0,FY2024H1
1762.HK,20240627,1419417000.0,FY2023H2
1762.HK,20230907,1382321000.0,FY2023H1
1763.HK,20260421,13117656000.0,FY2025H2
1763.HK,20250828,12977386000.0,FY2025H1
1763.HK,20250421,12183534000.0,FY2024H2
1763.HK,20240916,11342133000.0,FY2024H1
1763.HK,20240426,10684529000.0,FY2023H2
1763.HK,20230911,10071593000.0,FY2023H1
1765.HK,20251224,17867217000.0,FY2025H2
1765.HK,20250530,16838005000.000002,FY2025H1
1765.HK,20240531,17079909000.0,FY2024H1
1765.HK,20231215,17418429000.0,FY2023H2
1765.HK,20230530,17744577000.0,FY2023H1
1766.HK,20260327,461761706000.0,FY2025H2
1766.HK,20251030,515684173000.0,FY2025Q3
1766.HK,20250822,470431413000.0,FY2025H1
1766.HK,20250429,462075365000.0,FY2025Q1
1766.HK,20250328,428215452000.0,FY2024H2
1766.HK,20241030,444336856000.0,FY2024Q3
1766.HK,20240823,411275822000.0,FY2024H1
1766.HK,20240429,396896511000.0,FY2024Q1
1766.HK,20240328,391041060000.0,FY2023H2
1766.HK,20231027,421939102000.0,FY2023Q3
1766.HK,20230825,391752404000.0,FY2023H1
1766.HK,20230428,389541159000.0,FY2023Q1
1767.HK,20260427,61304431.0,FY2025H2
1767.HK,20250929,53044521.0,FY2025H1
1767.HK,20250428,56186475.0,FY2024H2
1767.HK,20240920,74156888.0,FY2024H1
1767.HK,20240429,68559012.0,FY2023H2
1767.HK,20230925,63736751.0,FY2023H1
1768.HK,20260429,6601532000.0,FY2025Q4
1768.HK,20260120,6261077000.0,FY2025Q3
1769.HK,20260423,1176885000.0,FY2025H2
1769.HK,20250919,1030416999.9999999,FY2025H1
1769.HK,20250424,936748000.0,FY2024H2
1769.HK,20240916,888326000.0,FY2024H1
1769.HK,20240419,776739000.0,FY2023H2
1769.HK,20230920,560357000.0,FY2023H1
1771.HK,20260427,4758788000.0,FY2025H2
1771.HK,20250926,4696062000.0,FY2025H1
1771.HK,20250428,5065267000.0,FY2024H2
1771.HK,20240927,5268227000.0,FY2024H1
1771.HK,20240425,5644035000.0,FY2023H2
1771.HK,20230915,5453026000.0,FY2023H1
1772.HK,20260430,103186840000.0,FY2025H2
1772.HK,20250930,96476746000.0,FY2025H1
1772.HK,20250430,93810404000.0,FY2024H2
1772.HK,20240930,89508644000.0,FY2024H1
1772.HK,20240425,82085434000.0,FY2023H2
1772.HK,20230928,79337004000.0,FY2023H1
1773.HK,20251230,8856539000.0,FY2025H2
1773.HK,20250515,8756248000.0,FY2025H1
1773.HK,20241223,8679473000.0,FY2024H2
1773.HK,20240520,8153823000.0,FY2024H1
1773.HK,20230518,7699383000.0,FY2023H1
1775.HK,20251117,105427000.0,FY2025H2
1775.HK,20250415,123037000.0,FY2025H1
1775.HK,20241118,118153000.0,FY2024H2
1775.HK,20240415,123664000.0,FY2024H1
1775.HK,20231116,114417000.0,FY2023H2
1775.HK,20230413,97504000.0,FY2023H1
1776.HK,20260416,840002995000.0,FY2025H2
1776.HK,20250918,690132018000.0,FY2025H1
1776.HK,20250424,643433563000.0,FY2024H2
1776.HK,20240923,591930663000.0,FY2024H1
1776.HK,20240418,590039963000.0,FY2023H2
1776.HK,20230907,594819561000.0,FY2023H1
1777.HK,20260429,64621743000.0,FY2025H2
1777.HK,20250929,70210764000.0,FY2025H1
1777.HK,20250429,71147855000.0,FY2024H2
1777.HK,20240925,74676780000.0,FY2024H1
1777.HK,20240430,75191024000.0,FY2023H2
1777.HK,20230908,89346730000.0,FY2023H1
1778.HK,20260429,3998090000.0,FY2025H2
1778.HK,20250929,4140787000.0000005,FY2025H1
1778.HK,20250429,4036849000.0,FY2024H2
1778.HK,20240925,4249892000.0,FY2024H1
1778.HK,20240429,3988515000.0,FY2023H2
1778.HK,20230908,4223939999.9999995,FY2023H1
1780.HK,20250728,67334000.0,FY2025H2
1780.HK,20241230,163341000.0,FY2025H1
1780.HK,20240731,124981000.0,FY2024H2
1780.HK,20231215,130527999.99999999,FY2024H1
1780.HK,20230713,125193000.0,FY2023H2
1780.HK,20221202,108596000.0,FY2023H1
1782.HK,20260420,131344000.0,FY2025H2
1782.HK,20250911,133208000.0,FY2025H1
1782.HK,20250424,129095000.0,FY2024H2
1782.HK,20240902,159701000.0,FY2024H1
1782.HK,20240426,163896000.0,FY2023H2
1782.HK,20230906,150314000.0,FY2023H1
1783.HK,20250722,560916000.0,FY2025H2
1783.HK,20241211,624572000.0,FY2025H1
1783.HK,20240731,700001000.0,FY2024H2
1783.HK,20231204,352589000.0,FY2024H1
1783.HK,20230707,222134000.0,FY2023H2
1783.HK,20221212,297903000.0,FY2023H1
1785.HK,20260416,8189348408.0,FY2025Q4
1785.HK,20251028,7720208963.0,FY2025Q3
1785.HK,20250908,7529000915.0,FY2025Q2
1785.HK,20250429,7266019548.0,FY2025Q1
1785.HK,20250416,7119585078.0,FY2024Q4
1785.HK,20241029,7468030188.0,FY2024Q3
1785.HK,20240912,6865858640.0,FY2024Q2
1785.HK,20240430,7452706403.0,FY2024Q1
1785.HK,20240424,6918165314.0,FY2023Q4
1785.HK,20231031,7609412408.0,FY2023Q3
1785.HK,20230913,7131002994.0,FY2023Q2
1785.HK,20230427,7135853495.0,FY2023Q1
1786.HK,20260417,7611081600.75,FY2025H2
1786.HK,20250912,9054435640.93,FY2025H1
1786.HK,20250416,9138365837.62,FY2024H2
1786.HK,20240913,9104998229.70999,FY2024H1
1786.HK,20240419,9046400681.459991,FY2023H2
1786.HK,20230915,8929710801.82,FY2023H1
1787.HK,20250424,141335437000.0,FY2024H2
1787.HK,20240920,135807859999.99998,FY2024H1
1787.HK,20240426,117509235000.0,FY2023H2
1787.HK,20230926,92825174000.0,FY2023H1
1788.HK,20260429,137375902999.99998,FY2025H2
1788.HK,20250922,106022984000.0,FY2025H1
1788.HK,20250429,116347811000.0,FY2024H2
1788.HK,20240923,102635004000.0,FY2024H1
1788.HK,20240429,82404587000.0,FY2023H2
1788.HK,20230922,73363190000.0,FY2023H1
1789.HK,20260428,3192104000.0,FY2025H2
1789.HK,20250930,3071131000.0,FY2025H1
1790.HK,20260422,2154944000.0,FY2025H2
1790.HK,20250917,909353000.0,FY2025H1
1790.HK,20250423,794384000.0,FY2024H2
1790.HK,20240919,890888000.0,FY2024H1
1790.HK,20240429,833796000.0,FY2023H2
1790.HK,20230921,1045874000.0,FY2023H1
1792.HK,20260429,8161549.000000001,FY2025H2
1792.HK,20250929,27759099.0,FY2025H1
1792.HK,20250529,28847850.0,FY2024H2
1792.HK,20240926,37641468.0,FY2024H1
1792.HK,20240429,33972478.0,FY2023H2
1792.HK,20230915,35490579.0,FY2023H1
1793.HK,20250721,441048000.0,FY2025H2
1793.HK,20241212,441686000.0,FY2025H1
1793.HK,20240717,516720000.0,FY2024H2
1793.HK,20231214,432315000.0,FY2024H1
1793.HK,20230720,390497000.0,FY2023H2
1793.HK,20221213,456844000.0,FY2023H1
1795.HK,20260428,1067560999.9999999,FY2025H2
1795.HK,20250926,790970000.0,FY2025H1
1795.HK,20250429,799968000.0,FY2024H2
1795.HK,20240927,656410000.0,FY2024H1
1795.HK,20240426,720263000.0,FY2023H2
1795.HK,20230927,745066000.0,FY2023H1
1796.HK,20250725,121985000.0,FY2025H2
1796.HK,20241210,144198000.0,FY2025H1
1796.HK,20240726,156109000.0,FY2024H2
1796.HK,20231205,171849000.0,FY2024H1
1796.HK,20230721,178143000.0,FY2023H2
1796.HK,20221202,181072000.0,FY2023H1
1797.HK,20250917,3592974000.0,FY2025H2
1797.HK,20250221,4280828999.9999995,FY2025H1
1797.HK,20240916,4279055000.0000005,FY2024H2
1797.HK,20240221,3398019000.0,FY2024H1
1797.HK,20230920,2687801000.0,FY2023H2
1797.HK,20230223,2377818000.0,FY2023H1
1798.HK,20260428,110741687000.0,FY2025H2
1798.HK,20250912,112653266000.0,FY2025H1
1798.HK,20250428,111744287000.0,FY2024H2
1798.HK,20240913,101086434000.0,FY2024H1
1798.HK,20240429,97407083000.0,FY2023H2
1798.HK,20230918,95059320000.0,FY2023H1
1799.HK,20260428,72874526434.15,FY2025H2
1799.HK,20250926,71891488540.8,FY2025H1
1799.HK,20250428,70017501357.0,FY2024H2
1799.HK,20240927,78093362025.59,FY2024H1
1799.HK,20240426,72427983913.21,FY2023H2
1799.HK,20230928,72287171753.8199,FY2023H1
1800.HK,20260429,1252691000000.0,FY2025H2
1800.HK,20250929,1271310000000.0,FY2025H1
1800.HK,20250430,1146925000000.0,FY2024H2
1800.HK,20240927,1173910000000.0,FY2024H1
1800.HK,20230921,1087338000000.0,FY2023H1
1801.HK,20260428,26972127000.0,FY2025H2
1801.HK,20250929,19823959000.0,FY2025H1
1801.HK,20250428,19329246000.0,FY2024H2
1801.HK,20240927,18581739000.0,FY2024H1
1801.HK,20240429,17881667000.0,FY2023H2
1801.HK,20230927,16330455000.0,FY2023H1
1802.HK,20260430,58348000.0,FY2025H2
1802.HK,20251002,9829000.0,FY2025H1
1802.HK,20250430,202579000.0,FY2024H2
1802.HK,20240930,245567000.0,FY2024H1
1802.HK,20240430,239176000.0,FY2023H2
1802.HK,20231206,295559000.0,FY2023H1
1803.HK,20260427,329768000.0,FY2025H2
1803.HK,20250922,329977000.0,FY2025H1
1803.HK,20250423,344579000.0,FY2024H2
1803.HK,20240926,260065000.0,FY2024H1
1803.HK,20240430,247359000.0,FY2023H2
1803.HK,20230926,268796000.0,FY2023H1
1808.HK,20260429,1303976000.0,FY2025H2
1808.HK,20250930,903915000.0,FY2025H1
1808.HK,20250428,399507000.0,FY2024H2
1808.HK,20240916,249102000.0,FY2024H1
1808.HK,20240429,124959000.0,FY2023H2
1808.HK,20230922,158444000.0,FY2023H1
1809.HK,20260428,10709761000.0,FY2025H2
1809.HK,20250925,10668360000.0,FY2025H1
1809.HK,20250428,10470594000.0,FY2024H2
1809.HK,20240920,10225718000.0,FY2024H1
1809.HK,20240426,10054528000.0,FY2023H2
1809.HK,20230921,9191521000.0,FY2023H1
1810.HK,20260428,479484951000.0,FY2025Q4
1810.HK,20251118,467218547000.0,FY2025Q3
1810.HK,20250925,443813089000.0,FY2025Q2
1810.HK,20250527,363944435000.0,FY2025Q1
1810.HK,20250424,367797208000.0,FY2024Q4
1810.HK,20241118,311290011000.0,FY2024Q3
1810.HK,20240926,301142768000.0,FY2024Q2
1810.HK,20240523,292075334000.0,FY2024Q1
1810.HK,20240425,288919487000.0,FY2023Q4
1810.HK,20231120,270091936000.0,FY2023Q3
1810.HK,20230926,258400722000.0,FY2023Q2
1810.HK,20230524,238016480000.0,FY2023Q1
1811.HK,20260429,8794832000.0,FY2025H2
1811.HK,20250918,8793152000.0,FY2025H1
1811.HK,20250416,8421384000.0,FY2024H2
1811.HK,20240919,8139494000.0,FY2024H1
1811.HK,20240417,7919290000.0,FY2023H2
1811.HK,20230921,7631836000.0,FY2023H1
1812.HK,20260330,48134867004.200005,FY2025H2
1812.HK,20251030,51791596361.37,FY2025Q3
1812.HK,20250829,54235502516.69,FY2025H1
1812.HK,20250429,55414663340.01,FY2025Q1
1812.HK,20250331,63047871333.47,FY2024H2
1812.HK,20241030,64598294001.84,FY2024Q3
1812.HK,20240814,76132706686.29,FY2024H1
1812.HK,20240415,66266777287.03999,FY2024Q1
1812.HK,20240328,78308947170.18001,FY2023H2
1812.HK,20231030,66168663936.740005,FY2023Q3
1812.HK,20230830,79402309759.31,FY2023H1
1812.HK,20230428,68650053710.73,FY2023Q1
1813.HK,20260427,147377923000.0,FY2025H2
1813.HK,20250828,150206566000.0,FY2025H1
1813.HK,20250423,153183723000.0,FY2024H2
1813.HK,20240828,156861770000.0,FY2024H1
1813.HK,20240425,166684037000.0,FY2023H2
1813.HK,20230830,186059988000.0,FY2023H1
1815.HK,20260424,1270542000.0,FY2025H2
1815.HK,20250926,1232699000.0,FY2025H1
1815.HK,20250422,1150193000.0,FY2024H2
1815.HK,20240927,1163966000.0,FY2024H1
1815.HK,20240426,1154575000.0,FY2023H2
1815.HK,20230927,1197373000.0,FY2023H1
1816.HK,20260325,483254650754.63,FY2025H2
1816.HK,20251028,418195333315.789,FY2025Q3
1816.HK,20250827,417324610949.42004,FY2025H1
1816.HK,20250423,414085883830.41003,FY2025Q1
1816.HK,20241023,400330665357.189,FY2024Q3
1816.HK,20240821,400765734771.75,FY2024H1
1816.HK,20240424,399442128763.279,FY2024Q1
1816.HK,20240327,401977490508.69,FY2023H2
1816.HK,20231025,396194452258.19,FY2023Q3
1816.HK,20230823,396978540060.98895,FY2023H1
1816.HK,20230425,395747852148.27,FY2023Q1
1817.HK,20260424,1769277000.0,FY2025H2
1817.HK,20250923,2179498000.0,FY2025H1
1817.HK,20250428,2423651000.0,FY2024H2
1817.HK,20240923,2907302000.0,FY2024H1
1817.HK,20240430,2821848000.0,FY2023H2
1817.HK,20230928,2799555000.0,FY2023H1
1818.HK,20260420,54638441000.0,FY2025H2
1818.HK,20250919,54231964000.0,FY2025H1
1818.HK,20250421,50735301000.0,FY2024H2
1818.HK,20240920,49526685000.0,FY2024H1
1818.HK,20240422,43134950000.0,FY2023H2
1818.HK,20230920,43294707000.0,FY2023H1
1820.HK,20260428,1616413000.0,FY2025H2
1820.HK,20250929,1567347000.0,FY2025H1
1820.HK,20250424,1752811000.0,FY2024H2
1820.HK,20240920,1584910000.0,FY2024H1
1820.HK,20240422,1516525000.0,FY2023H2
1820.HK,20230922,1458990000.0,FY2023H1
1821.HK,20250429,1666891000.0,FY2024H2
1821.HK,20240920,1906778000.0,FY2024H1
1821.HK,20240424,1448887000.0,FY2023H2
1821.HK,20230921,1683564000.0,FY2023H1
1822.HK,20260429,89117000.0,FY2025H2
1822.HK,20250916,106677000.0,FY2025H1
1822.HK,20250429,65994000.0,FY2024H2
1822.HK,20240927,91193000.0,FY2024H1
1822.HK,20240430,124776000.0,FY2023H2
1822.HK,20230927,139925000.0,FY2023H1
1823.HK,20260420,1298918000.0,FY2025H2
1823.HK,20250917,1274585000.0,FY2025H1
1823.HK,20250429,1206405000.0,FY2024H2
1823.HK,20240910,1120971000.0,FY2024H1
1823.HK,20240429,915499000.0,FY2023H2
1823.HK,20230911,629175000.0,FY2023H1
1825.HK,20250730,160807000.0,FY2025H2
1825.HK,20241227,265885000.0,FY2025H1
1825.HK,20240724,278981000.0,FY2024H2
1825.HK,20231228,256716000.0,FY2024H1
1825.HK,20230728,264904000.0,FY2023H2
1825.HK,20221228,258435000.0,FY2023H1
1826.HK,20260430,235401000.0,FY2025H2
1826.HK,20250926,160641000.0,FY2025H1
1826.HK,20250428,143963000.0,FY2024H2
1826.HK,20240904,189340000.0,FY2024H1
1826.HK,20240430,161324000.0,FY2023H2
1826.HK,20230904,154662000.0,FY2023H1
1827.HK,20250724,288962000.0,FY2025H2
1827.HK,20241212,340108000.0,FY2025H1
1827.HK,20240726,359614000.0,FY2024H2
1827.HK,20231222,415255000.0,FY2024H1
1827.HK,20230728,399900000.0,FY2023H2
1827.HK,20221222,415681000.0,FY2023H1
1828.HK,20260416,-1487000000.0,FY2025H2
1828.HK,20250916,-1624000000.0,FY2025H1
1830.HK,20250715,686834000.0,FY2025H2
1830.HK,20241209,787067000.0,FY2025H1
1830.HK,20240716,654411000.0,FY2024H2
1830.HK,20231201,615185000.0,FY2024H1
1830.HK,20230710,857101000.0,FY2023H2
1830.HK,20221201,812357000.0,FY2023H1
1831.HK,20251031,157208000.0,FY2025H2
1831.HK,20250327,202766000.0,FY2025H1
1831.HK,20241108,202791000.0,FY2024H3
1831.HK,20240327,237761000.0,FY2024H2
1831.HK,20230929,206922000.0,FY2024H1
1832.HK,20260423,124469000.0,FY2025H2
1832.HK,20250912,131452000.0,FY2025H1
1832.HK,20250417,136922000.0,FY2024H2
1832.HK,20240913,147647000.0,FY2024H1
1832.HK,20240412,152885000.0,FY2023H2
1832.HK,20230908,157134000.0,FY2023H1
1833.HK,20260330,9832739000.0,FY2025H2
1833.HK,20250828,8422484000.0,FY2025H1
1833.HK,20250318,13057168000.0,FY2024H2
1833.HK,20240828,11508876000.0,FY2024H1
1833.HK,20240327,12975838000.0,FY2023H2
1833.HK,20230903,10388989000.0,FY2023H1
1835.HK,20260429,209308000.0,FY2025H2
1835.HK,20250825,198411000.0,FY2025H1
1835.HK,20250428,188000000.0,FY2024H2
1835.HK,20240920,189106000.0,FY2024H1
1835.HK,20240426,227145000.0,FY2023H2
1835.HK,20230922,224117000.0,FY2023H1
1836.HK,20260415,1064766000.0000001,FY2025H2
1836.HK,20250903,1102660000.0,FY2025H1
1836.HK,20250411,999819000.0,FY2024H2
1836.HK,20240904,1070523999.9999999,FY2024H1
1836.HK,20240411,1065230000.0,FY2023H2
1836.HK,20230831,1099638000.0,FY2023H1
1837.HK,20260424,1066280000.0,FY2025H2
1837.HK,20250912,728968000.0,FY2025H1
1837.HK,20250425,1002190000.0,FY2024H2
1837.HK,20240927,670345000.0,FY2024H1
1837.HK,20240426,739385000.0,FY2023H2
1837.HK,20230928,691767000.0,FY2023H1
1839.HK,20260324,16029197768.74,FY2025H2
1839.HK,20251024,16543233364.750002,FY2025Q3
1839.HK,20250825,16399691914.41,FY2025H1
1839.HK,20250425,15858020062.58,FY2025Q1
1839.HK,20250325,16506516913.71,FY2024H2
1839.HK,20241025,17421638937.96,FY2024Q3
1839.HK,20240822,18088073899.16,FY2024H1
1839.HK,20240426,17859521701.88,FY2024Q1
1839.HK,20240321,17492840018.14,FY2023H2
1839.HK,20231025,18099681859.65,FY2023Q3
1839.HK,20230823,18879670869.58,FY2023H1
1839.HK,20230426,17250324963.039997,FY2023Q1
1841.HK,20250730,43496000.0,FY2025H2
1841.HK,20241227,52875000.0,FY2025H1
1841.HK,20240729,54195000.0,FY2024H2
1841.HK,20231214,56459000.0,FY2024H1
1841.HK,20230725,47311000.0,FY2023H2
1841.HK,20221229,49660000.0,FY2023H1
1842.HK,20260429,165078000.0,FY2025H2
1842.HK,20250929,163121000.0,FY2025H1
1842.HK,20250429,206543000.0,FY2024H2
1842.HK,20240923,189691000.0,FY2024H1
1842.HK,20240429,201287000.0,FY2023H2
1842.HK,20230922,199029000.0,FY2023H1
1843.HK,20250730,16277000.000000002,FY2025H2
1843.HK,20241205,13003000.0,FY2025H1
1843.HK,20240724,11787000.0,FY2024H2
1843.HK,20231208,9760000.0,FY2024H1
1843.HK,20230727,9411000.0,FY2023H2
1843.HK,20221215,9104000.0,FY2023H1
1845.HK,20260423,606460000.0,FY2025H2
1845.HK,20250922,678709000.0,FY2025H1
1845.HK,20250425,705626000.0,FY2024H2
1845.HK,20240923,697397000.0,FY2024H1
1845.HK,20240425,751265000.0,FY2023H2
1845.HK,20230921,635853000.0,FY2023H1
1846.HK,20260429,886824000.0,FY2025H2
1846.HK,20250911,771670000.0,FY2025H1
1846.HK,20250424,692796000.0,FY2024H2
1846.HK,20240912,736464000.0,FY2024H1
1846.HK,20240425,762030000.0,FY2023H2
1846.HK,20230915,691578000.0,FY2023H1
1847.HK,20260430,3533810009.64,FY2025H2
1847.HK,20250905,3721642030.3700004,FY2025H1
1847.HK,20250425,3875946108.02,FY2024H2
1847.HK,20240906,4171281993.7100005,FY2024H1
1848.HK,20260423,54533972000.0,FY2025H2
1848.HK,20250918,53728610000.0,FY2025H1
1848.HK,20250416,54461370000.0,FY2024H2
1848.HK,20240912,57882409000.0,FY2024H1
1848.HK,20240423,54528852000.0,FY2023H2
1848.HK,20230914,57767618000.0,FY2023H1
1849.HK,20240328,48909000.0,FY2024H1
1849.HK,20231026,36727000.0,FY2023H2
1849.HK,20230329,58873000.0,FY2023H1
1850.HK,20250829,406035000.0,FY2025H2
1850.HK,20250128,396788000.0,FY2025H1
1850.HK,20240830,360299000.0,FY2024H2
1850.HK,20240130,352542000.0,FY2024H1
1850.HK,20230830,217125000.0,FY2023H2
1850.HK,20221229,196150000.0,FY2023H1
1851.HK,20260424,1351558000.0,FY2025H2
1851.HK,20250925,1319864000.0,FY2025H1
1851.HK,20250425,1314720000.0,FY2024H2
1851.HK,20240923,1292596000.0,FY2024H1
1851.HK,20240425,1243685000.0,FY2023H2
1851.HK,20230925,1196693000.0,FY2023H1
1853.HK,20260416,2382046463.4199996,FY2025H2
1853.HK,20250922,1926303845.84,FY2025H1
1853.HK,20250423,2221814231.71,FY2024H2
1853.HK,20240924,1419054758.9099998,FY2024H1
1853.HK,20240425,1814103593.1100001,FY2023H2
1853.HK,20230925,1405309173.6399999,FY2023H1
1854.HK,20260424,133472000.00000001,FY2025H2
1854.HK,20250911,207655000.0,FY2025H1
1854.HK,20250430,209669000.0,FY2024H2
1854.HK,20240910,208388000.0,FY2024H1
1854.HK,20230726,162318000.0,FY2023H2
1854.HK,20221125,151858000.0,FY2023H1
1855.HK,20260420,4009658000.0,FY2025H2
1855.HK,20250905,4466415000.0,FY2025H1
1855.HK,20250411,4260205000.0,FY2024H2
1855.HK,20240906,3795158000.0,FY2024H1
1855.HK,20240411,3635419000.0,FY2023H2
1855.HK,20230915,3555950000.0,FY2023H1
1856.HK,20260430,510402000.0,FY2025H2
1856.HK,20250929,538279000.0,FY2025H1
1856.HK,20250430,542773000.0,FY2024H2
1856.HK,20240927,570520000.0,FY2024H1
1856.HK,20240430,622159000.0,FY2023H2
1856.HK,20230925,597394000.0,FY2023H1
1857.HK,20260327,13406900000.0,FY2025H2
1857.HK,20250812,13229226000.0,FY2025H1
1857.HK,20250327,11658260000.0,FY2024H2
1857.HK,20240813,11390109000.0,FY2024H1
1857.HK,20240402,11008039000.0,FY2023H2
1857.HK,20230810,10301830000.0,FY2023H1
1858.HK,20260330,2252701633.98,FY2025H2
1858.HK,20251030,2430435552.03,FY2025Q3
1858.HK,20250829,2354885393.82,FY2025H1
1858.HK,20250429,1676405124.68,FY2025Q1
1858.HK,20250328,2326312053.3199997,FY2024H2
1858.HK,20241030,2325897755.4899898,FY2024Q3
1858.HK,20240830,2342227834.0,FY2024H1
1858.HK,20240429,2308823757.82,FY2024Q1
1858.HK,20240328,2370188296.12,FY2023H2
1858.HK,20231030,2576618492.29,FY2023Q3
1858.HK,20230830,2603973902.3,FY2023H1
1858.HK,20230427,2536581891.5499997,FY2023Q1
1859.HK,20241010,573823000.0,FY2023H2
1859.HK,20241001,574267000.0,FY2024H1
1860.HK,20260429,658987000.0,FY2025H2
1860.HK,20251121,618085000.0,FY2025Q3
1860.HK,20250919,582129000.0,FY2025H1
1860.HK,20250526,560304000.0,FY2025Q1
1860.HK,20250429,545951000.0,FY2024H2
1860.HK,20241115,504532000.0,FY2024Q3
1860.HK,20240920,545633000.0,FY2024H1
1860.HK,20240516,484371000.0,FY2024Q1
1860.HK,20240415,429861000.0,FY2023H2
1860.HK,20231115,431427000.0,FY2023Q3
1860.HK,20230915,418141000.0,FY2023H1
1860.HK,20230515,400847000.0,FY2023Q1
1861.HK,20260428,355456000.0,FY2025H2
1861.HK,20250911,376027000.0,FY2025H1
1861.HK,20250422,370920000.0,FY2024H2
1861.HK,20240912,376702000.0,FY2024H1
1861.HK,20240422,377034000.0,FY2023H2
1861.HK,20230911,369431000.0,FY2023H1
1862.HK,20250930,27471520000.0,FY2025H1
1862.HK,20250430,29629087000.0,FY2024H2
1862.HK,20241108,35051046000.0,FY2024H1
1862.HK,20240424,38383777000.0,FY2023H2
1862.HK,20230928,43396005000.0,FY2023H1
1863.HK,20260428,1861681000.0,FY2025H2
1863.HK,20250915,1834858000.0,FY2025H1
1863.HK,20250428,1857124000.0,FY2024H2
1863.HK,20240920,1773151000.0,FY2024H1
1863.HK,20240426,1645594000.0,FY2023H2
1863.HK,20230908,1392289000.0,FY2023H1
1865.HK,20250723,123978000.0,FY2025H2
1865.HK,20241205,101991000.0,FY2025H1
1865.HK,20240731,110692000.0,FY2024H2
1865.HK,20231207,120202000.0,FY2024H1
1865.HK,20230728,115723000.0,FY2023H2
1865.HK,20221205,91857000.0,FY2023H1
1866.HK,20260427,37486193000.0,FY2025H2
1866.HK,20250926,33608624000.000004,FY2025H1
1866.HK,20250428,31556239000.0,FY2024H2
1866.HK,20240920,29194110000.0,FY2024H1
1866.HK,20240328,27901726000.0,FY2023H2
1866.HK,20230921,26260508000.0,FY2023H1
1867.HK,20250715,341539000.0,FY2025H2
1867.HK,20241213,353769000.0,FY2025H1
1867.HK,20240730,267789000.0,FY2024H2
1867.HK,20231215,154922000.0,FY2024H1
1867.HK,20230720,120631000.0,FY2023H2
1867.HK,20221212,113370000.0,FY2023H1
1868.HK,20260424,1156129000.0,FY2025H2
1868.HK,20250918,1153201000.0,FY2025H1
1868.HK,20250428,1189174000.0,FY2024H2
1868.HK,20240919,1203984000.0,FY2024H1
1868.HK,20240426,1228715000.0,FY2023H2
1868.HK,20230921,1279073000.0,FY2023H1
1869.HK,20260427,58320000.0,FY2025H2
1869.HK,20250922,80882000.0,FY2025H1
1869.HK,20250424,77053000.0,FY2024H2
1869.HK,20240924,76235000.0,FY2024H1
1869.HK,20240429,91128000.0,FY2023H2
1869.HK,20230922,99756000.0,FY2023H1
1870.HK,20260420,178115000.0,FY2025H2
1870.HK,20250923,192957000.0,FY2025H1
1870.HK,20250428,188721000.0,FY2024H2
1870.HK,20240926,160669000.0,FY2024H1
1870.HK,20240426,159647000.0,FY2023H2
1870.HK,20230928,158219000.0,FY2023H1
1871.HK,20260428,133388000.0,FY2025H2
1871.HK,20250926,137595000.0,FY2025H1
1871.HK,20250429,145413000.0,FY2024H2
1871.HK,20240920,123279000.0,FY2024H1
1871.HK,20240429,135993000.0,FY2023H2
1871.HK,20230915,129195000.0,FY2023H1
1872.HK,20260427,236959000.0,FY2025H2
1872.HK,20250916,132988000.0,FY2025H1
1872.HK,20250414,98423000.0,FY2024H2
1872.HK,20240926,111638000.0,FY2024H1
1872.HK,20240429,103056000.0,FY2023H2
1872.HK,20230928,101525000.0,FY2023H1
1873.HK,20260422,3946643000.0,FY2025H2
1873.HK,20250925,3809126000.0,FY2025H1
1873.HK,20250424,3920920000.0,FY2024H2
1873.HK,20240926,3954404000.0,FY2024H1
1873.HK,20240426,4251923000.0,FY2023H2
1873.HK,20230926,4912803000.0,FY2023H1
1875.HK,20260428,931734000.0,FY2025H2
1875.HK,20250926,1092440000.0,FY2025H1
1875.HK,20250428,1127516000.0,FY2024H2
1875.HK,20240925,1108304000.0,FY2024H1
1875.HK,20240426,1074501000.0,FY2023H2
1875.HK,20230921,931544000.0,FY2023H1
1876.HK,20260322,5763000000.0,FY2025Q4
1876.HK,20250905,6092000000.0,FY2025Q2
1876.HK,20250416,5987000000.0,FY2024Q4
1876.HK,20240906,6682000000.0,FY2024Q2
1876.HK,20240322,6756000000.0,FY2023Q4
1876.HK,20230905,6933000000.0,FY2023Q2
1877.HK,20260427,9474464000.0,FY2025H2
1877.HK,20250926,8406073000.0,FY2025H1
1877.HK,20250425,8039246000.0,FY2024H2
1877.HK,20240927,8069817000.0,FY2024H1
1877.HK,20240429,7526374000.0,FY2023H2
1877.HK,20230928,6904129000.0,FY2023H1
1878.HK,20260327,343202000.0,FY2025Q4
1878.HK,20251114,419213000.0,FY2025Q3
1878.HK,20250814,408069000.0,FY2025Q2
1878.HK,20250515,427268000.0,FY2025Q1
1878.HK,20250328,421263000.0,FY2024Q4
1878.HK,20241114,354570000.0,FY2024Q3
1878.HK,20240814,333213000.0,FY2024Q2
1878.HK,20240514,304876000.0,FY2024Q1
1878.HK,20240328,247745000.0,FY2023Q4
1878.HK,20231114,208088000.0,FY2023Q3
1878.HK,20230814,203747000.0,FY2023Q2
1878.HK,20230519,186242000.0,FY2023Q1
1880.HK,20260415,64077008000.0,FY2025H2
1880.HK,20250908,53872926000.0,FY2025H1
1880.HK,20250415,64285611000.0,FY2024H2
1880.HK,20240905,65405657000.0,FY2024H1
1880.HK,20240411,63812794000.0,FY2023H2
1880.HK,20230831,54006539000.0,FY2023H1
1882.HK,20260424,31484286000.0,FY2025H2
1882.HK,20250912,30812192000.0,FY2025H1
1882.HK,20250422,28000295000.0,FY2024H2
1882.HK,20240926,27778978000.0,FY2024H1
1882.HK,20240419,23477803000.0,FY2023H2
1882.HK,20230925,22268070000.0,FY2023H1
1883.HK,20260410,6266000000.0,FY2025H2
1883.HK,20250909,6350000000.0,FY2025H1
1883.HK,20250409,6878000000.0,FY2024H2
1883.HK,20240910,6556000000.0,FY2024H1
1883.HK,20240410,6803000000.0,FY2023H2
1883.HK,20230912,7022000000.0,FY2023H1
1884.HK,20250729,267666000.0,FY2025H2
1884.HK,20241219,285097000.0,FY2025H1
1884.HK,20240717,277894000.0,FY2024H2
1884.HK,20231215,275620000.0,FY2024H1
1884.HK,20230727,246859000.0,FY2023H2
1884.HK,20221220,224543000.0,FY2023H1
1888.HK,20260422,23847271000.0,FY2025H2
1888.HK,20250916,23473356000.0,FY2025H1
1888.HK,20250421,21185621000.0,FY2024H2
1888.HK,20240916,21903694000.0,FY2024H1
1888.HK,20240418,21535467000.0,FY2023H2
1888.HK,20230918,21106181000.0,FY2023H1
1889.HK,20260429,121402000.0,FY2025H2
1889.HK,20250925,126548000.0,FY2025H1
1889.HK,20250430,126806000.0,FY2024H2
1889.HK,20240924,138082000.0,FY2024H1
1889.HK,20240425,50966000.0,FY2023H2
1889.HK,20230919,205680000.0,FY2023H1
1890.HK,20251231,6343556000.0,FY2025H2
1890.HK,20250523,6003149000.0,FY2025H1
1890.HK,20241230,5810886000.0,FY2024H2
1890.HK,20240429,5661749000.0,FY2024H1
1890.HK,20231229,5824930000.0,FY2023H2
1890.HK,20230428,5833723000.0,FY2023H1
1891.HK,20260430,335195000.0,FY2025H2
1891.HK,20250925,344405000.0,FY2025H1
1891.HK,20250430,334319000.0,FY2024H2
1891.HK,20240930,360529000.0,FY2024H1
1891.HK,20240429,361417000.0,FY2023H2
1891.HK,20230928,275688000.0,FY2023H1
1894.HK,20250730,150376000.0,FY2025H2
1894.HK,20241230,139490000.0,FY2025H1
1894.HK,20240729,124835000.0,FY2024H2
1894.HK,20231228,126672000.0,FY2024H1
1894.HK,20230731,110110000.0,FY2023H2
1894.HK,20230310,133541000.0,FY2023H1
1895.HK,20260423,1085414000.0,FY2025H2
1895.HK,20250924,1054306000.0,FY2025H1
1895.HK,20250430,1013608000.0,FY2024H2
1895.HK,20240920,1004937000.0,FY2024H1
1895.HK,20240429,813386000.0,FY2023H2
1895.HK,20240415,840885000.0,FY2023H1
1896.HK,20260428,6075043000.0,FY2025H2
1896.HK,20250911,6940631000.0,FY2025H1
1896.HK,20250424,7097653000.0,FY2024H2
1896.HK,20240916,6587427000.0,FY2024H1
1896.HK,20240425,5887990000.0,FY2023H2
1896.HK,20230908,4778706000.0,FY2023H1
1897.HK,20250723,332632000.0,FY2025H2
1897.HK,20241220,388314000.0,FY2025H1
1897.HK,20240724,379928000.0,FY2024H2
1897.HK,20231211,468036000.0,FY2024H1
1897.HK,20230719,508929000.0,FY2023H2
1897.HK,20221208,567540000.0,FY2023H1
1898.HK,20260420,335084724000.0,FY2025H2
1898.HK,20250905,327131375000.0,FY2025H1
1898.HK,20250415,318562816000.0,FY2024H2
1898.HK,20240912,316082519000.0,FY2024H1
1898.HK,20240418,310196722000.0,FY2023H2
1898.HK,20230915,310417085000.0,FY2023H1
1899.HK,20260429,20038462000.0,FY2025H2
1899.HK,20250926,20621250000.0,FY2025H1
1899.HK,20250429,21545930000.0,FY2024H2
1899.HK,20240926,21214651000.0,FY2024H1
1899.HK,20240426,20149061000.0,FY2023H2
1899.HK,20230921,20166740000.0,FY2023H1
1900.HK,20260429,2360145000.0,FY2025H2
1900.HK,20250929,2824518000.0,FY2025H1
1900.HK,20250429,2390608000.0,FY2024H2
1900.HK,20240927,2400041000.0,FY2024H1
1900.HK,20240429,2496285000.0,FY2023H2
1900.HK,20230914,2418631000.0,FY2023H1
1901.HK,20260428,419803000.0,FY2025H2
1901.HK,20250926,459199000.0,FY2025H1
1901.HK,20250425,369424000.0,FY2024H2
1901.HK,20240927,472278000.0,FY2024H1
1901.HK,20240425,505509000.0,FY2023H2
1901.HK,20230920,439471000.0,FY2023H1
1903.HK,20251016,225367000.0,FY2025H2
1903.HK,20250318,205996000.0,FY2025H1
1903.HK,20241017,182713000.0,FY2024H2
1903.HK,20240319,175002000.0,FY2024H1
1903.HK,20231018,141362000.0,FY2023H2
1903.HK,20230321,135825000.0,FY2023H1
1905.HK,20260417,46662020000.0,FY2025H2
1905.HK,20250919,45961378000.0,FY2025H1
1905.HK,20250424,46544292000.0,FY2024H2
1905.HK,20240925,47680708000.0,FY2024H1
1905.HK,20240423,51320158000.0,FY2023H2
1905.HK,20230918,52900678000.0,FY2023H1
1906.HK,20260423,602584000.0,FY2025H2
1906.HK,20250915,660941000.0,FY2025H1
1906.HK,20250429,637137000.0,FY2024H2
1906.HK,20240913,629628000.0,FY2024H1
1906.HK,20240426,584433000.0,FY2023H2
1906.HK,20230925,683331000.0,FY2023H1
1907.HK,20260428,58647432000.0,FY2025H2
1907.HK,20250925,59236518000.0,FY2025H1
1907.HK,20250429,56403282000.0,FY2024H2
1907.HK,20240927,54404464000.0,FY2024H1
1907.HK,20240425,51091240000.0,FY2023H2
1907.HK,20230922,49063784000.0,FY2023H1
1908.HK,20260430,320653350000.0,FY2025H2
1908.HK,20250922,390637508000.0,FY2025H1
1908.HK,20250429,358237738000.0,FY2024H2
1908.HK,20240913,412924523000.0,FY2024H1
1908.HK,20240429,376157995000.0,FY2023H2
1908.HK,20230914,412279565000.0,FY2023H1
1909.HK,20260427,45007000.0,FY2025H2
1909.HK,20250829,70175000.0,FY2025H1
1909.HK,20250425,81032000.0,FY2024H2
1909.HK,20240829,90572000.0,FY2024H1
1909.HK,20240425,75381000.0,FY2023H2
1909.HK,20230830,94189000.0,FY2023H1
1910.HK,20260428,3688600000.0,FY2025Q4
1910.HK,20251112,3706600000.0,FY2025Q3
1910.HK,20250911,3745500000.0,FY2025Q2
1910.HK,20250513,3626500000.0,FY2025Q1
1910.HK,20250429,3601200000.0,FY2024Q4
1910.HK,20241113,3599100000.0,FY2024Q3
1910.HK,20240912,3560700000.0,FY2024Q2
1910.HK,20240514,3573500000.0,FY2024Q1
1910.HK,20240418,3595900000.0,FY2023Q4
1910.HK,20231113,3427300000.0,FY2023Q3
1910.HK,20230913,3440600000.0,FY2023Q2
1910.HK,20230511,3337600000.0,FY2023Q1
1911.HK,20260430,4764680000.0,FY2025H2
1911.HK,20250929,4667745000.0,FY2025H1
1911.HK,20250430,5691397000.0,FY2024H2
1911.HK,20240927,5130439000.0,FY2024H1
1911.HK,20240910,5037379000.0,FY2023H2
1912.HK,20250731,38374000.0,FY2025H3
1912.HK,20250328,46700000.0,FY2025H2
1912.HK,20240930,51693000.0,FY2025H1
1912.HK,20240430,51653000.0,FY2023H2
1912.HK,20230928,54411000.0,FY2023H1
1913.HK,20260401,8228541999.999999,FY2025H2
1913.HK,20250916,7206083000.0,FY2025H1
1913.HK,20250403,7022520000.0,FY2024H2
1913.HK,20240916,6563338000.0,FY2024H1
1913.HK,20240327,6410025000.0,FY2023H2
1913.HK,20230914,5941991000.0,FY2023H1
1915.HK,20240913,-29671.0,FY2024H1
1915.HK,20240425,-279027.0,FY2023H2
1915.HK,20230921,-1992503.0,FY2023H1
1916.HK,20260430,-687582000.0,FY2025H2
1916.HK,20250905,-669677000.0,FY2025H1
1916.HK,20250416,-822624000.0,FY2024H2
1916.HK,20240926,-792553000.0,FY2024H1
1916.HK,20240429,-839171000.0,FY2023H2
1916.HK,20230921,-816142000.0,FY2023H1
1917.HK,20260422,19958000.0,FY2025H2
1917.HK,20250918,16891000.0,FY2025H1
1917.HK,20250424,22355000.0,FY2024H2
1917.HK,20240919,30721000.0,FY2024H1
1917.HK,20240425,30305000.0,FY2023H2
1917.HK,20230921,36193000.0,FY2023H1
1918.HK,20260430,788304121000.0,FY2025H2
1918.HK,20250926,844689428000.0,FY2025H1
1918.HK,20250428,873426441000.0,FY2024H2
1918.HK,20240927,954375737000.0,FY2024H1
1918.HK,20240426,968596448000.0,FY2023H2
1918.HK,20230921,1059686131000.0,FY2023H1
1919.HK,20260424,325606869000.0,FY2025H2
1919.HK,20250922,321940167000.0,FY2025H1
1919.HK,20250425,306041492000.0,FY2024H2
1919.HK,20240926,288176135000.0,FY2024H1
1919.HK,20230922,277479773000.0,FY2023H1
1920.HK,20260430,31681000.0,FY2025H2
1920.HK,20250929,33345999.999999996,FY2025H1
1920.HK,20250430,31721000.0,FY2024H2
1920.HK,20240917,46648000.0,FY2024H1
1920.HK,20240419,53157000.0,FY2023H2
1920.HK,20230912,94700000.0,FY2023H1
1921.HK,20260429,4548899000.0,FY2025H2
1921.HK,20250929,4386426000.0,FY2025H1
1921.HK,20250429,4166792000.0000005,FY2024H2
1921.HK,20240926,4082733000.0,FY2024H1
1921.HK,20240429,3779203000.0,FY2023H2
1921.HK,20230926,3830468000.0,FY2023H1
1922.HK,20251211,901977000.0,FY2025H1
1922.HK,20251204,837469000.0,FY2024H2
1922.HK,20230928,1068455999.9999999,FY2023H1
1925.HK,20260430,595811000.0,FY2025H2
1925.HK,20250930,739082000.0,FY2025H1
1925.HK,20250430,647797000.0,FY2024H2
1925.HK,20241001,795081000.0,FY2024H1
1925.HK,20240430,570458000.0,FY2023H2
1925.HK,20230928,575894000.0,FY2023H1
1927.HK,20260428,658954000.0,FY2025H2
1927.HK,20250930,641863000.0,FY2025H1
1927.HK,20250430,700453000.0,FY2024H2
1927.HK,20240930,705485000.0,FY2024H1
1927.HK,20240430,672809000.0,FY2023H2
1927.HK,20230921,667633000.0,FY2023H1
1928.HK,20260331,10186000000.0,FY2025H2
1928.HK,20250825,9099000000.0,FY2025H1
1928.HK,20250326,10830000000.0,FY2024H2
1928.HK,20240826,8735000000.0,FY2024H1
1928.HK,20240327,9730000000.0,FY2023H2
1928.HK,20230822,9846000000.0,FY2023H1
1929.HK,20250613,68897900000.0,FY2025H2
1929.HK,20241202,82978300000.0,FY2025H1
1929.HK,20240619,81076900000.0,FY2024H2
1929.HK,20231129,79058800000.0,FY2024H1
1929.HK,20230614,75595400000.0,FY2023H2
1929.HK,20221130,78859500000.0,FY2023H1
1930.HK,20260421,716898000.0,FY2025H2
1930.HK,20250925,683164000.0,FY2025H1
1930.HK,20250422,652254000.0,FY2024H2
1930.HK,20240923,611746000.0,FY2024H1
1930.HK,20240422,576894000.0,FY2023H2
1930.HK,20230921,548360000.0,FY2023H1
1931.HK,20260430,5584293000.0,FY2025H2
1931.HK,20250930,5734288000.0,FY2025H1
1931.HK,20250430,3749526000.0,FY2024H2
1931.HK,20240920,3738474000.0,FY2024H1
1931.HK,20240410,3560266000.0,FY2023H2
1931.HK,20230914,3304869000.0,FY2023H1
1932.HK,20260424,563073000.0,FY2025H2
1932.HK,20250919,601616000.0,FY2025H1
1932.HK,20250425,634744000.0,FY2024H2
1932.HK,20240925,711240000.0,FY2024H1
1932.HK,20240426,827916000.0,FY2023H2
1932.HK,20230925,899381000.0,FY2023H1
1933.HK,20250725,508958000.0,FY2025H2
1933.HK,20241220,581479000.0,FY2025H1
1933.HK,20240722,593614000.0,FY2024H2
1933.HK,20231220,552978000.0,FY2024H1
1933.HK,20230720,503614000.0,FY2023H2
1933.HK,20221222,422823000.0,FY2023H1
1935.HK,20260416,4934648000.0,FY2025H2
1935.HK,20250922,4208296000.0000005,FY2025H1
1935.HK,20250416,2946817000.0,FY2024H2
1935.HK,20240920,2115891000.0,FY2024H1
1935.HK,20240416,2044790000.0,FY2023H2
1935.HK,20230921,1938354000.0,FY2023H1
1936.HK,20260424,110488000.0,FY2025H2
1936.HK,20250926,116094000.0,FY2025H1
1936.HK,20250425,114565000.0,FY2024H2
1936.HK,20240927,120849000.0,FY2024H1
1936.HK,20240426,114062000.0,FY2023H2
1936.HK,20230927,108561000.0,FY2023H1
1937.HK,20260429,410738000.0,FY2025H2
1937.HK,20250916,391947000.0,FY2025H1
1937.HK,20250425,445504000.0,FY2024H2
1937.HK,20240923,415777000.0,FY2024H1
1937.HK,20240430,441249000.0,FY2023H2
1937.HK,20230921,392528000.0,FY2023H1
1938.HK,20260423,5899169000.0,FY2025H2
1938.HK,20250912,6244571000.0,FY2025H1
1938.HK,20250425,6452616000.0,FY2024H2
1938.HK,20240912,6394580000.0,FY2024H1
1938.HK,20240426,6389230000.0,FY2023H2
1938.HK,20230907,6826523000.0,FY2023H1
1939.HK,20250721,318505000.0,FY2025H2
1939.HK,20241216,376653000.0,FY2025H1
1939.HK,20240730,347893000.0,FY2024H2
1939.HK,20231215,356846000.0,FY2024H1
1939.HK,20230728,398721000.0,FY2023H2
1939.HK,20221220,446394000.0,FY2023H1
1940.HK,20260422,2298009415.0,FY2025H2
1940.HK,20250929,2290717867.0,FY2025H1
1940.HK,20250429,2259263994.0,FY2024H2
1940.HK,20240926,2241759666.0,FY2024H1
1940.HK,20240426,2270343669.0,FY2023H2
1940.HK,20230915,2327020665.0,FY2023H1
1941.HK,20260430,278856000.0,FY2025H2
1941.HK,20250925,303048000.0,FY2025H1
1941.HK,20250429,275943000.0,FY2024H2
1941.HK,20240926,302196000.0,FY2024H1
1941.HK,20240426,269685000.0,FY2023H2
1941.HK,20230927,265815000.0,FY2023H1
1942.HK,20260424,805995000.0,FY2025H2
1942.HK,20250917,862057000.0,FY2025H1
1942.HK,20250425,673439000.0,FY2024H2
1942.HK,20240911,621080000.0,FY2024H1
1942.HK,20240426,505943000.0,FY2023H2
1942.HK,20230807,599791000.0,FY2023H1
1943.HK,20250731,136721000.0,FY2025H2
1943.HK,20241129,152405000.0,FY2025H1
1943.HK,20240722,167226000.0,FY2024H2
1943.HK,20231221,237088000.0,FY2024H1
1943.HK,20230720,255644000.0,FY2023H2
1943.HK,20221221,219787000.0,FY2023H1
1945.HK,20260423,684324000.0,FY2025H2
1945.HK,20250828,658148000.0,FY2025H1
1945.HK,20250424,684034000.0,FY2024H2
1945.HK,20240828,606708000.0,FY2024H1
1945.HK,20240424,630642000.0,FY2023H2
1945.HK,20230824,685207000.0,FY2023H1
1947.HK,20260424,78925000.0,FY2025H2
1947.HK,20250925,100086000.0,FY2025H1
1947.HK,20250428,100174000.0,FY2024H2
1947.HK,20240924,123290000.0,FY2024H1
1947.HK,20240426,145600000.0,FY2023H2
1947.HK,20230925,99195000.0,FY2023H1
1948.HK,20260428,4444484000.0,FY2025H2
1948.HK,20250926,4341427000.0,FY2025H1
1948.HK,20250429,3814473000.0,FY2024H2
1948.HK,20240925,3588824000.0,FY2024H1
1948.HK,20240426,2721964000.0,FY2023H2
1948.HK,20230919,2861818000.0,FY2023H1
1949.HK,20260429,797304000.0,FY2025H2
1949.HK,20250925,710383000.0,FY2025H1
1949.HK,20250429,915166000.0,FY2024H2
1949.HK,20240925,1173653000.0,FY2024H1
1949.HK,20240429,1129533000.0,FY2023H2
1949.HK,20230925,1031840999.9999999,FY2023H1
1950.HK,20260331,822061000.0,FY2025H2
1950.HK,20250930,845658000.0,FY2025H1
1950.HK,20250430,772958000.0,FY2024H2
1950.HK,20240927,741524000.0,FY2024H1
1950.HK,20240430,688639000.0,FY2023H2
1950.HK,20230920,475764000.0,FY2023H1
1951.HK,20260423,10141526000.0,FY2025H2
1951.HK,20250926,10412635000.0,FY2025H1
1951.HK,20250422,10823594000.0,FY2024H2
1951.HK,20240926,10774193000.0,FY2024H1
1951.HK,20240425,10719115000.0,FY2023H2
1951.HK,20230927,10864873000.0,FY2023H1
1952.HK,20260423,4977828000.0,FY2025H2
1952.HK,20250904,3633134000.0,FY2025H1
1952.HK,20250424,4071912000.0,FY2024H2
1952.HK,20240905,4589291000.0,FY2024H1
1952.HK,20240424,5247306000.0,FY2023H2
1952.HK,20230831,5092420000.0,FY2023H1
1953.HK,20260210,200744000.0,FY2025H2
1953.HK,20250724,205259000.0,FY2025H1
1953.HK,20250225,229686000.0,FY2024H2
1953.HK,20240725,210693000.0,FY2024H1
1953.HK,20240223,290722000.0,FY2023H2
1953.HK,20230724,245520000.0,FY2023H1
1955.HK,20250729,619773000.0,FY2025H2
1955.HK,20241223,506762000.0,FY2025H1
1955.HK,20240729,410865000.0,FY2024H2
1955.HK,20231227,567570000.0,FY2024H1
1955.HK,20230726,495457000.0,FY2023H2
1955.HK,20221221,751158000.0,FY2023H1
1957.HK,20260422,131844000.0,FY2025H2
1957.HK,20250828,145297000.0,FY2025H1
1957.HK,20250411,145192000.0,FY2024H2
1957.HK,20240823,143967000.0,FY2024H1
1957.HK,20240412,148601000.0,FY2023H2
1957.HK,20230824,115609000.0,FY2023H1
1958.HK,20260427,146137790000.0,FY2025H2
1958.HK,20250922,138743257000.0,FY2025H1
1958.HK,20250429,142129996000.0,FY2024H2
1958.HK,20240927,138356382000.0,FY2024H1
1958.HK,20240426,145403845000.0,FY2023H2
1958.HK,20230927,138352050000.0,FY2023H1
1959.HK,20260429,366610000.0,FY2025H2
1959.HK,20250929,403461000.0,FY2025H1
1959.HK,20250429,445008000.0,FY2024H2
1959.HK,20240927,554088000.0,FY2024H1
1959.HK,20240429,800399000.0,FY2023H2
1959.HK,20230921,816680000.0,FY2023H1
1960.HK,20251028,120967000.0,FY2025H2
1960.HK,20250327,157516000.0,FY2025H1
1960.HK,20240327,162778000.0,FY2024H1
1960.HK,20231026,151774000.0,FY2023H2
1960.HK,20230322,146725000.0,FY2023H1
1961.HK,20250929,257740000.0,FY2025H1
1961.HK,20250429,485481000.0,FY2024H2
1961.HK,20240927,257153000.00000003,FY2024H1
1961.HK,20240429,190945000.0,FY2023H2
1961.HK,20230928,175894000.0,FY2023H1
1962.HK,20260413,1481110000.0,FY2025H2
1962.HK,20250908,1457418000.0,FY2025H1
1962.HK,20250416,1418652000.0,FY2024H2
1962.HK,20240909,1490764000.0,FY2024H1
1962.HK,20240408,1540983000.0,FY2023H2
1962.HK,20230907,1487353000.0,FY2023H1
1963.HK,20260428,-685122000.0,FY2025H2
1963.HK,20251024,,FY2025Q3
1963.HK,20250910,-717410000.0,FY2025H1
1963.HK,20250425,-887916000.0,FY2024H2
1963.HK,20241030,,FY2024Q3
1963.HK,20240920,-785418000.0,FY2024H1
1963.HK,20240426,,FY2024Q1
1963.HK,20240419,-857927000.0,FY2023H2
1963.HK,20231027,,FY2023Q3
1963.HK,20230915,-741088000.0,FY2023H1
1963.HK,20230427,,FY2023Q1
1965.HK,20260428,510298000.0,FY2025H2
1965.HK,20250929,567101000.0,FY2025H1
1965.HK,20250428,490533000.0,FY2024H2
1965.HK,20240926,677065000.0,FY2024H1
1965.HK,20240430,574003000.0,FY2023H2
1965.HK,20230922,790864000.0,FY2023H1
1966.HK,20260424,86288318000.0,FY2025H2
1966.HK,20250923,107013987000.0,FY2025H1
1966.HK,20250423,125364688000.0,FY2024H2
1966.HK,20240927,140219990000.0,FY2024H1
1966.HK,20240425,163005162000.0,FY2023H2
1966.HK,20230915,181622980000.0,FY2023H1
1967.HK,20260429,239244000.0,FY2025H2
1967.HK,20250918,229113000.0,FY2025H1
1967.HK,20250425,268527000.0,FY2024H2
1967.HK,20240912,313977000.0,FY2024H1
1967.HK,20240418,275761000.0,FY2023H2
1967.HK,20230915,295691000.0,FY2023H1
1968.HK,20260430,256331000.00000003,FY2025H2
1968.HK,20250929,265356000.0,FY2025H1
1968.HK,20250430,284334000.0,FY2024H2
1968.HK,20240927,282126000.0,FY2024H1
1968.HK,20240430,281259000.0,FY2023H2
1968.HK,20230926,290390000.0,FY2023H1
1969.HK,20251223,7134095000.0,FY2025H2
1969.HK,20250528,6925705000.0,FY2025H1
1969.HK,20241223,6462930000.0,FY2024H2
1969.HK,20240528,6232184000.0,FY2024H1
1969.HK,20231228,5668083000.0,FY2023H2
1969.HK,20230529,5476158000.0,FY2023H1
1970.HK,20260309,191542000.0,FY2025H2
1970.HK,20250801,205434000.0,FY2025H1
1970.HK,20250303,194483000.0,FY2024H2
1970.HK,20240802,193010000.0,FY2024H1
1970.HK,20240315,203246000.0,FY2023H2
1970.HK,20230809,194266000.0,FY2023H1
1971.HK,20260424,1300022000.0,FY2025H2
1971.HK,20250923,926402000.0,FY2025H1
1971.HK,20250424,922697000.0,FY2024H2
1971.HK,20240924,1030500000.0,FY2024H1
1971.HK,20240418,880689000.0,FY2023H2
1971.HK,20230925,1049671000.0,FY2023H1
1972.HK,20260408,328227000000.0,FY2025H2
1972.HK,20250901,328157000000.0,FY2025H1
1972.HK,20250408,333468000000.0,FY2024H2
1972.HK,20240902,332273000000.0,FY2024H1
1972.HK,20240403,333060000000.0,FY2023H2
1972.HK,20230904,326246000000.0,FY2023H1
1973.HK,20260429,12260606000.0,FY2025H2
1973.HK,20250930,11976064000.0,FY2025H1
1973.HK,20250430,12640344000.0,FY2024H2
1973.HK,20240930,13364967000.0,FY2024H1
1973.HK,20240430,15247477000.0,FY2023Q4
1973.HK,20230925,16777052000.0,FY2023Q2
1975.HK,20251024,238689000.0,FY2025H2
1975.HK,20250321,324099000.0,FY2025H1
1975.HK,20241025,315551000.0,FY2024H2
1975.HK,20240315,363841000.0,FY2024H1
1975.HK,20231027,393050000.0,FY2023H2
1975.HK,20230314,447527000.0,FY2023H1
1977.HK,20260421,4143769000.0,FY2025H2
1977.HK,20250918,4118001000.0,FY2025H1
1977.HK,20250423,4164095999.9999995,FY2024H2
1977.HK,20240919,4198051999.9999995,FY2024H1
1977.HK,20240425,4232926000.0000005,FY2023H2
1977.HK,20230920,3897176000.0,FY2023H1
1978.HK,20260428,556618000.0,FY2025H2
1978.HK,20250930,583941000.0,FY2025H1
1978.HK,20250429,641196000.0,FY2024H2
1978.HK,20240930,553752000.0,FY2024H1
1978.HK,20240426,611994000.0,FY2023H2
1978.HK,20230929,722345000.0,FY2023H1
1979.HK,20260427,5163399000.0,FY2025H2
1979.HK,20250925,4839758000.0,FY2025H1
1979.HK,20250428,5081547000.0,FY2024H2
1979.HK,20240926,3985739000.0,FY2024H1
1979.HK,20240425,4169076000.0,FY2023H2
1979.HK,20230925,3556447000.0,FY2023H1
1980.HK,20260427,2075295999.9999998,FY2025H2
1980.HK,20250929,2135773000.0000002,FY2025H1
1980.HK,20250429,2151821000.0,FY2024H2
1980.HK,20240924,2323102000.0,FY2024H1
1980.HK,20240429,2195032000.0,FY2023H2
1980.HK,20230922,2109733000.0000002,FY2023H1
1981.HK,20260428,2439976000.0,FY2025H2
1981.HK,20250929,2393988000.0,FY2025H1
1981.HK,20250428,2359357000.0,FY2024H2
1981.HK,20240926,2387774000.0,FY2024H1
1981.HK,20240429,2736153000.0,FY2023H2
1981.HK,20230927,2328904000.0,FY2023H1
1982.HK,20250731,4340790000.0,FY2025H2
1982.HK,20241224,4255863000.0000005,FY2025H1
1982.HK,20240726,3730699000.0,FY2024H2
1982.HK,20231222,3675674000.0,FY2024H1
1982.HK,20230725,3712074000.0,FY2023H2
1982.HK,20221223,4274514000.0,FY2023H1
1983.HK,20260327,-140017000.0,FY2025H2
1983.HK,20250903,-132693999.99999999,FY2025H1
1983.HK,20250402,-104095000.0,FY2024H2
1983.HK,20240827,-114648000.0,FY2024H1
1983.HK,20240327,-107262000.0,FY2023H2
1983.HK,20230824,-89368000.0,FY2023H1
1985.HK,20250729,560463000.0,FY2025H2
1985.HK,20241211,555001000.0,FY2025H1
1985.HK,20240715,357135000.0,FY2024H2
1985.HK,20231213,293729000.0,FY2024H1
1985.HK,20230713,268559000.0,FY2023H2
1985.HK,20221214,319784000.0,FY2023H1
1986.HK,20260422,3075118000.0,FY2025H2
1986.HK,20250911,2936992000.0,FY2025H1
1986.HK,20250417,3240660000.0,FY2024H2
1986.HK,20240827,3249316000.0,FY2024H1
1986.HK,20240409,3166255000.0,FY2023H2
1986.HK,20230830,2975649000.0,FY2023H1
1987.HK,20260423,43356752.0,FY2025H2
1987.HK,20250915,42839236.0,FY2025H1
1987.HK,20250428,42205641.0,FY2024H2
1987.HK,20240920,43506623.0,FY2024H1
1987.HK,20240429,38190752.0,FY2023H2
1987.HK,20230918,33978255.0,FY2023H1
1988.HK,20260427,-4193000000.0,FY2025H2
1988.HK,20250922,-4979000000.0,FY2025H1
1988.HK,20250422,-5260000000.0,FY2024H2
1988.HK,20240923,-5652000000.0,FY2024H1
1988.HK,20240426,-7002000000.0,FY2023H2
1988.HK,20230922,-6622000000.0,FY2023H1
1989.HK,20260312,6069291000.0,FY2025Q3
1989.HK,20250821,5696463314.04,FY2025H1
1989.HK,20250429,4957178118.39,FY2025Q1
1989.HK,20250331,5050685425.88,FY2024H2
1989.HK,20241029,4249497861.4,FY2024Q3
1989.HK,20240816,3773395336.83,FY2024H1
1989.HK,20240428,3278472383.0,FY2024Q1
1989.HK,20240313,3462950125.85,FY2023H2
1991.HK,20260601,598175000.0,FY2025H2
1991.HK,20250929,630704000.0,FY2025H1
1991.HK,20250428,528979000.00000006,FY2024H2
1991.HK,20241024,622597000.0,FY2024H1
1991.HK,20230921,765790000.0,FY2023H1
1992.HK,20240925,32133697000.0,FY2024H1
1992.HK,20240418,33743745000.000004,FY2023H2
1992.HK,20230914,33954466999.999996,FY2023H1
1993.HK,20260429,1432129000.0,FY2025H2
1993.HK,20250919,1604887000.0,FY2025H1
1993.HK,20250429,1838621000.0,FY2024H2
1993.HK,20240925,2347639000.0,FY2024H1
1993.HK,20240429,2510295000.0,FY2023H2
1993.HK,20230928,2843016000.0,FY2023H1
1995.HK,20260420,5372100000.0,FY2025H2
1995.HK,20250922,5583605000.0,FY2025H1
1995.HK,20250429,5110636000.0,FY2024H2
1995.HK,20240926,5084336000.0,FY2024H1
1995.HK,20240426,4999562000.0,FY2023H2
1995.HK,20231026,5273683000.0,FY2023H1
1996.HK,20260428,50118108000.0,FY2025H2
1996.HK,20250925,53479794000.0,FY2025H1
1996.HK,20250428,58763028000.0,FY2024H2
1996.HK,20240926,65123821000.0,FY2024H1
1996.HK,20240424,72152575000.0,FY2023H2
1996.HK,20230927,89808981000.0,FY2023H1
1997.HK,20260409,227662000000.0,FY2025H2
1997.HK,20250911,232847000000.0,FY2025H1
1997.HK,20250414,236764000000.0,FY2024H2
1997.HK,20240909,237970000000.0,FY2024H1
1997.HK,20240409,244198000000.0,FY2023H2
1997.HK,20230911,247640000000.0,FY2023H1
1999.HK,20250605,15358417000.0,FY2025H2
1999.HK,20241202,15966414000.0,FY2025H1
1999.HK,20240530,15766296000.0,FY2024H2
1999.HK,20231201,14897562000.0,FY2024H1
1999.HK,20230531,15086080000.0,FY2023H2
1999.HK,20221201,16315020000.0,FY2023H1
2000.HK,20260423,1491499000.0,FY2025H2
2000.HK,20250918,1730883000.0,FY2025H1
2000.HK,20250423,1560867000.0,FY2024H2
2000.HK,20240920,1668776000.0,FY2024H1
2000.HK,20240423,2075321000.0,FY2023H2
2000.HK,20230921,1734886000.0,FY2023H1
2001.HK,20251230,9229537000.0,FY2025H2
2001.HK,20250528,8834097000.0,FY2025H1
2001.HK,20241230,8886128000.0,FY2024H2
2001.HK,20240528,8220357000.0,FY2024H1
2001.HK,20231228,7635918000.0,FY2023H2
2001.HK,20230531,7634888000.0,FY2023H1
2002.HK,20260427,12223298000.0,FY2025H2
2002.HK,20250926,11606004000.0,FY2025H1
2002.HK,20250428,10923213000.0,FY2024H2
2002.HK,20240927,10682932000.0,FY2024H1
2002.HK,20240429,10533471000.0,FY2023H2
2002.HK,20230928,10891322000.0,FY2023H1
2003.HK,20260424,-1395803000.0,FY2025H2
2003.HK,20250919,-1636366000.0,FY2025H1
2003.HK,20250424,-1693418000.0,FY2024H2
2003.HK,20240920,-1390228000.0,FY2024H1
2003.HK,20240424,-896534000.0,FY2023H2
2003.HK,20230921,-1261303000.0,FY2023H1
2005.HK,20260421,11122536000.0,FY2025H2
2005.HK,20250915,11453811000.0,FY2025H1
2005.HK,20250416,11345978000.0,FY2024H2
2005.HK,20240912,10984146000.0,FY2024H1
2005.HK,20240418,10351128000.0,FY2023H2
2005.HK,20230914,9542323000.0,FY2023H1
2007.HK,20260427,806309000000.0,FY2025H2
2007.HK,20250925,903046000000.0,FY2025H1
2007.HK,20250428,1029481000000.0,FY2024H2
2007.HK,20250224,1202810000000.0,FY2024H1
2007.HK,20230926,1517414000000.0,FY2023H1
2008.HK,20260427,3959992000.0,FY2025H2
2008.HK,20250829,4012499000.0,FY2025H1
2008.HK,20250423,3822559000.0,FY2024H2
2008.HK,20240830,4957627000.0,FY2024H1
2008.HK,20240424,5141336000.0,FY2023H2
2008.HK,20230831,5653668000.0,FY2023H1
2009.HK,20260330,244494861509.49,FY2025H2
2009.HK,20251030,247008715127.889,FY2025Q3
2009.HK,20250827,251385928333.12003,FY2025H1
2009.HK,20250429,244602535362.11002,FY2025Q1
2009.HK,20250328,242510736542.449,FY2024H2
2009.HK,20241030,250761469150.38898,FY2024Q3
2009.HK,20240830,254118576489.0,FY2024H1
2009.HK,20240429,249831367216.74002,FY2024Q1
2009.HK,20240401,251661906496.51,FY2023H2
2009.HK,20231027,258248677937.63998,FY2023Q3
2009.HK,20230824,263150756082.72903,FY2023H1
2009.HK,20230427,258237160372.569,FY2023Q1
2011.HK,20260429,514970000.0,FY2025H2
2011.HK,20250929,476479000.0,FY2025H1
2011.HK,20250429,410308000.0,FY2024H2
2011.HK,20240927,270143000.0,FY2024H1
2011.HK,20240429,214771000.0,FY2023H2
2011.HK,20230926,217534000.0,FY2023H1
2012.HK,20260430,722771000.0,FY2025Q4
2012.HK,20251114,734249000.0,FY2025Q3
2012.HK,20250829,739843000.0,FY2025Q2
2012.HK,20250514,739093000.0,FY2025Q1
2012.HK,20250430,737208000.0,FY2024Q4
2012.HK,20241112,728702000.0,FY2024Q3
2012.HK,20240809,727714000.0,FY2024Q2
2012.HK,20240510,730815000.0,FY2024Q1
2012.HK,20240426,730762000.0,FY2023Q4
2012.HK,20231110,726937000.0,FY2023Q3
2012.HK,20230829,732359000.0,FY2023Q2
2012.HK,20230512,736104000.0,FY2023Q1
2013.HK,20260417,4805837000.0,FY2025H2
2013.HK,20250919,4966376000.0,FY2025H1
2013.HK,20250422,5071028000.0,FY2024H2
2013.HK,20240919,5520093000.0,FY2024H1
2013.HK,20240417,5464022000.0,FY2023H2
2013.HK,20230913,5242051000.0,FY2023H1
2015.HK,20260410,97603481000.0,FY2025Q4
2015.HK,20251126,102002689000.0,FY2025Q3
2015.HK,20250908,111495696000.0,FY2025Q2
2015.HK,20250529,108615869000.0,FY2025Q1
2015.HK,20250410,96448015000.0,FY2024Q4
2015.HK,20241031,77226963000.0,FY2024Q3
2015.HK,20240828,64325989000.0,FY2024Q2
2015.HK,20240520,64529608000.0,FY2024Q1
2015.HK,20240412,52137843000.0,FY2023Q4
2015.HK,20231109,47137159000.0,FY2023Q3
2015.HK,20230808,42383700000.0,FY2023Q2
2015.HK,20230510,50388534000.0,FY2023Q1
2016.HK,20260427,-869000000.0,FY2025H2
2016.HK,20251030,,FY2025Q3
2016.HK,20250923,-915000000.0,FY2025H1
2016.HK,20250429,,FY2025Q1
2016.HK,20250428,-996000000.0,FY2024H2
2016.HK,20241029,,FY2024Q3
2016.HK,20240923,-987000000.0,FY2024H1
2016.HK,20240429,,FY2024Q1
2016.HK,20240422,-865000000.0,FY2023H2
2016.HK,20231027,,FY2023Q3
2016.HK,20230920,-669000000.0,FY2023H1
2016.HK,20230425,,FY2023Q1
2017.HK,20260428,1987944000.0,FY2025H2
2017.HK,20250926,1926364000.0,FY2025H1
2017.HK,20250424,1884425000.0,FY2024H2
2017.HK,20240920,1902935000.0,FY2024H1
2017.HK,20240418,2066385000.0000002,FY2023H2
2017.HK,20230920,2047546000.0,FY2023H1
2018.HK,20260427,38027631000.0,FY2025H2
2018.HK,20250925,37038061000.0,FY2025H1
2018.HK,20250428,36999994000.0,FY2024H2
2018.HK,20240926,34124583000.0,FY2024H1
2018.HK,20240425,31810893000.0,FY2023H2
2018.HK,20230921,32017849000.0,FY2023H1
2019.HK,20240430,71897009000.0,FY2023H2
2019.HK,20230928,90321881000.0,FY2023H1
2020.HK,20260409,111440000000.0,FY2025H2
2020.HK,20250908,108579000000.0,FY2025H1
2020.HK,20250331,101225000000.0,FY2024H2
2020.HK,20240910,88073000000.0,FY2024H1
2020.HK,20240410,77000000000.0,FY2023H2
2020.HK,20230831,57857000000.0,FY2023H1
2022.HK,20260429,15734690.0,FY2025H2
2022.HK,20250925,13881569.0,FY2025H1
2022.HK,20250424,13727850.0,FY2024H2
2022.HK,20240926,11485392.0,FY2024H1
2022.HK,20240426,15702425.0,FY2023H2
2022.HK,20230927,18263495.0,FY2023H1
2023.HK,20260423,1885939000.0,FY2025H2
2023.HK,20250922,1613882000.0,FY2025H1
2023.HK,20250422,1662666000.0,FY2024H2
2023.HK,20240924,1400263000.0,FY2024H1
2023.HK,20240419,1357432000.0,FY2023H2
2023.HK,20230926,1199118000.0,FY2023H1
2025.HK,20260430,1826363000.0,FY2025H2
2025.HK,20250922,1812766000.0,FY2025H1
2025.HK,20250423,1812049000.0,FY2024H2
2025.HK,20240926,1710085000.0,FY2024H1
2025.HK,20240426,1618585000.0,FY2023H2
2025.HK,20230926,1597882000.0,FY2023H1
2026.HK,20260422,1519348000.0,FY2025Q4
2026.HK,20251125,801671000.0,FY2025Q3
2026.HK,20250812,672513000.0,FY2025Q2
2026.HK,20250520,593153000.0,FY2025Q1
2026.HK,20250425,496302000.0,FY2024Q4
2026.HK,20241127,351765000.0,FY2024Q2
2026.HK,20230913,306911000.0,FY2023Q2
2028.HK,20260427,123473000.0,FY2025H2
2028.HK,20250923,147233000.0,FY2025H1
2028.HK,20250428,181704000.0,FY2024H2
2028.HK,20240920,179170000.0,FY2024H1
2028.HK,20240426,216899000.0,FY2023H2
2028.HK,20230922,259170000.00000003,FY2023H1
2030.HK,20260326,1735907000.0,FY2025H2
2030.HK,20250820,1712895000.0,FY2025H1
2031.HK,20250729,149574000.0,FY2025H2
2031.HK,20241223,154053000.0,FY2025H1
2031.HK,20240730,148967000.0,FY2024H2
2031.HK,20231227,161531000.0,FY2024H1
2031.HK,20230728,148368000.0,FY2023H2
2031.HK,20221222,155652000.0,FY2023H1
2033.HK,20251027,1491362000.0,FY2025H2
2033.HK,20250325,1610423000.0,FY2025H1
2033.HK,20241030,1581639000.0,FY2024H2
2033.HK,20240326,1620625000.0,FY2024H1
2033.HK,20231026,1827392000.0,FY2023H2
2033.HK,20230328,1973980000.0,FY2023H1
2038.HK,20260416,2702227000.0,FY2025H2
2038.HK,20250918,3249045000.0,FY2025H1
2038.HK,20250416,2271672000.0,FY2024H2
2038.HK,20240919,2933907000.0,FY2024H1
2038.HK,20240418,2439488000.0,FY2023H2
2038.HK,20230914,3385794000.0,FY2023H1
2039.HK,20260326,142353158000.0,FY2025H2
2039.HK,20251030,147384854000.0,FY2025Q3
2039.HK,20250827,148418780000.0,FY2025H1
2039.HK,20250428,144693674000.0,FY2025Q1
2039.HK,20250327,154534791000.0,FY2024H2
2039.HK,20241029,154012194000.0,FY2024Q3
2039.HK,20240828,156036544000.0,FY2024H1
2039.HK,20240429,145933651000.0,FY2024Q1
2039.HK,20240327,140481707000.0,FY2023H2
2039.HK,20231030,135478128999.99998,FY2023Q3
2039.HK,20230829,134661236000.0,FY2023H1
2039.HK,20230427,127797450000.0,FY2023Q1
2048.HK,20260429,1275056000.0,FY2025H2
2048.HK,20250925,1463322000.0,FY2025H1
2048.HK,20250425,1782632000.0,FY2024H2
2048.HK,20240926,3083554000.0,FY2024H1
2048.HK,20240426,3443570000.0,FY2023H2
2048.HK,20230927,3973294000.0,FY2023H1
2050.HK,20260424,36918942000.0,FY2025Q4
2050.HK,20250925,35059400000.0,FY2025Q2
2050.HK,20250613,34057396000.0,FY2025Q1
2051.HK,20260429,486724000.0,FY2025H2
2051.HK,20250925,503906000.0,FY2025H1
2051.HK,20250429,494970000.0,FY2024H2
2051.HK,20240926,507270000.0,FY2024H1
2051.HK,20240429,532479000.00000006,FY2023H2
2051.HK,20230927,498274000.0,FY2023H1
2057.HK,20260417,75815407000.0,FY2025Q4
2057.HK,20251119,75459943000.0,FY2025Q3
2057.HK,20250819,75747044000.0,FY2025Q2
2057.HK,20250520,74998247000.0,FY2025Q1
2057.HK,20250417,73350227000.0,FY2024Q4
2057.HK,20241119,76004068000.0,FY2024Q3
2057.HK,20240821,74805237000.0,FY2024Q2
2057.HK,20240515,71461721000.0,FY2024Q1
2057.HK,20240419,70340753000.0,FY2023Q4
2057.HK,20231117,72929709000.0,FY2023Q3
2057.HK,20230829,69115451000.0,FY2023Q2
2057.HK,20230517,65411013000.0,FY2023Q1
2066.HK,20250905,-668711000.0,FY2025H1
2066.HK,20250411,,FY2024H2
2066.HK,20240830,-713464000.0,FY2024H1
2066.HK,20240412,-1108497000.0,FY2023H2
2066.HK,20230831,-787970000.0,FY2023H1
2068.HK,20260327,35953710000.0,FY2025H2
2068.HK,20251028,35877250000.0,FY2025Q3
2068.HK,20250828,36384195000.0,FY2025H1
2068.HK,20250422,35874783000.0,FY2025Q1
2068.HK,20250328,36414192000.0,FY2024H2
2068.HK,20241029,35824987000.0,FY2024Q3
2068.HK,20240826,36613317000.0,FY2024H1
2068.HK,20240418,35027919000.0,FY2024Q1
2068.HK,20240328,35763450000.0,FY2023H2
2068.HK,20231027,36235426680.0,FY2023Q3
2068.HK,20230822,36695285775.6899,FY2023H1
2068.HK,20230427,37283953756.17,FY2023Q1
2076.HK,20260429,20456569000.0,FY2025Q4
2076.HK,20251118,19451931000.0,FY2025Q3
2076.HK,20250820,18017921000.0,FY2025Q2
2076.HK,20250522,17590921000.0,FY2025Q1
2076.HK,20250410,16751054000.0,FY2024Q4
2076.HK,20241211,15990732000.0,FY2024Q3
2076.HK,20240828,15685931000.0,FY2024Q2
2076.HK,20240521,15963383000.0,FY2024Q1
2076.HK,20240429,15461399000.0,FY2023Q4
2076.HK,20231114,14873303000.0,FY2023Q3
2076.HK,20230829,13636342000.0,FY2023Q2
2076.HK,20230524,8744614000.0,FY2023Q1
2078.HK,20260416,889011000.0,FY2025H2
2078.HK,20250910,977389000.0,FY2025H1
2078.HK,20250416,1123033000.0,FY2024H2
2078.HK,20240913,1033709000.0000001,FY2024H1
2078.HK,20240418,1205280000.0,FY2023H2
2078.HK,20230915,1199906000.0,FY2023H1
2080.HK,20250730,367389000.0,FY2025H2
2080.HK,20241230,450801000.0,FY2025H1
2080.HK,20240730,177931000.0,FY2024H2
2080.HK,20231228,187295000.0,FY2024H1
2080.HK,20230725,195636000.0,FY2023H2
2080.HK,20221229,191073000.0,FY2023H1
2086.HK,20260417,58601000.0,FY2025H2
2086.HK,20250922,65616000.0,FY2025H1
2086.HK,20250429,68220000.0,FY2024H2
2086.HK,20240902,56292000.0,FY2024H1
2086.HK,20240418,57390000.0,FY2023H2
2086.HK,20230915,62683000.0,FY2023H1
2088.HK,20240930,310649000.0,FY2024H1
2088.HK,20240429,309246000.0,FY2023H2
2088.HK,20230825,398951000.0,FY2023H1
2096.HK,20260428,11071071000.0,FY2025H2
2096.HK,20250929,9691878000.0,FY2025H1
2096.HK,20250428,9324279000.0,FY2024H2
2096.HK,20240927,8715604000.0,FY2024H1
2096.HK,20240424,8603705000.0,FY2023H2
2096.HK,20230922,10100864000.0,FY2023H1
2097.HK,20260423,23272675000.0,FY2025H2
2097.HK,20250923,18887432000.0,FY2025H1
2097.HK,20250423,15448199000.0,FY2024Q4
2097.HK,20250221,12639937000.0,FY2024Q3
2098.HK,20260423,60162129000.0,FY2025H2
2098.HK,20250919,67945289999.99999,FY2025H1
2098.HK,20250425,67656742000.0,FY2024H2
2098.HK,20240923,61592356000.0,FY2024H1
2098.HK,20240425,61713762000.0,FY2023H2
2098.HK,20230921,58336263000.0,FY2023H1
2099.HK,20260330,2957133000.0,FY2025Q4
2099.HK,20251113,2919587000.0,FY2025Q3
2099.HK,20250814,2799884000.0,FY2025Q2
2099.HK,20250515,2794138000.0,FY2025Q1
2099.HK,20250327,2752200000.0,FY2024Q4
2099.HK,20241114,2796291000.0,FY2024Q3
2099.HK,20240814,2740455000.0,FY2024Q2
2099.HK,20240515,2758435000.0,FY2024Q1
2099.HK,20240328,2737479000.0,FY2023Q4
2099.HK,20231114,2737813000.0,FY2023Q3
2099.HK,20230814,2726201000.0,FY2023Q2
2099.HK,20230515,2746986000.0,FY2023Q1
2100.HK,20260429,1268201000.0,FY2025H2
2100.HK,20250925,1319048000.0,FY2025H1
2100.HK,20250429,1379376000.0,FY2024H2
2100.HK,20240926,1065367000.0,FY2024H1
2100.HK,20240429,954057000.0,FY2023H2
2100.HK,20230928,758224000.0,FY2023H1
2101.HK,20260429,1272115000.0,FY2025H2
2101.HK,20250910,1493348000.0,FY2025H1
2101.HK,20250428,1452909000.0,FY2024H2
2101.HK,20240905,1569135000.0,FY2024H1
2101.HK,20240424,1614612000.0,FY2023H2
2101.HK,20230905,1518747000.0,FY2023H1
2102.HK,20251031,372349000.0,FY2025H2
2102.HK,20250328,387161000.0,FY2025H1
2102.HK,20241031,417936000.0,FY2024H2
2102.HK,20240405,464404000.0,FY2024H1
2102.HK,20231102,452180000.0,FY2023H2
2102.HK,20230406,446008000.0,FY2023H1
2105.HK,20260413,1288576000.0,FY2025H2
2105.HK,20250821,222152000.0,FY2025H1
2105.HK,20250423,312140000.0,FY2024H2
2105.HK,20240826,399575000.0,FY2024H1
2105.HK,20240426,484994000.0,FY2023H2
2105.HK,20230919,221369000.0,FY2023H1
2107.HK,20260424,1049092000.0000001,FY2025H2
2107.HK,20250919,1106345000.0,FY2025H1
2107.HK,20250430,1065583000.0000001,FY2024H2
2107.HK,20240920,1205855000.0,FY2024H1
2107.HK,20240425,782271000.0,FY2023H2
2107.HK,20230921,870178000.0,FY2023H1
2108.HK,20260428,200591000.0,FY2025H2
2108.HK,20250929,194488000.0,FY2025H1
2108.HK,20250429,196887000.0,FY2024H2
2108.HK,20240927,194406000.0,FY2024H1
2108.HK,20240429,190743000.0,FY2023H2
2108.HK,20230925,184374000.0,FY2023H1
2110.HK,20250923,66726000.0,FY2025H2
2110.HK,20250124,72350000.0,FY2025H1
2110.HK,20240924,91643000.0,FY2024H2
2110.HK,20240202,98775000.0,FY2024H1
2110.HK,20230925,112000000.0,FY2023H2
2110.HK,20230207,155535000.0,FY2023H1
2111.HK,20260428,5625590000.0,FY2025H2
2111.HK,20250926,5271098000.0,FY2025H1
2111.HK,20250428,5532491000.0,FY2024H2
2111.HK,20240926,5065477000.0,FY2024H1
2111.HK,20240424,5055558000.0,FY2023H2
2111.HK,20230922,4836135000.0,FY2023H1
2112.HK,20260331,68379000.0,FY2025H2
2112.HK,20250829,74509000.0,FY2025H1
2112.HK,20250331,73354000.0,FY2024H2
2112.HK,20240830,101431000.0,FY2024H1
2112.HK,20240328,102774000.0,FY2023H2
2112.HK,20230831,123576000.0,FY2023H1
2113.HK,20250710,34281000.0,FY2025H2
2113.HK,20241206,35751000.0,FY2025H1
2113.HK,20240711,39762000.0,FY2024H2
2113.HK,20231213,52800000.0,FY2024H1
2113.HK,20230714,61176000.0,FY2023H2
2113.HK,20221215,82978000.0,FY2023H1
2115.HK,20240919,405787000.0,FY2024H1
2115.HK,20240425,364000000.0,FY2023H2
2115.HK,20230919,318811000.0,FY2023H1
2116.HK,20260423,153284000.0,FY2025H2
2116.HK,20250917,156193000.0,FY2025H1
2116.HK,20250416,181372000.0,FY2024H2
2116.HK,20240919,146940000.0,FY2024H1
2116.HK,20240422,164192000.0,FY2023H2
2116.HK,20230918,183948000.0,FY2023H1
2119.HK,20260327,560960000.0,FY2025H2
2119.HK,20250904,559117000.0,FY2025H1
2119.HK,20250328,509725000.0,FY2024H2
2119.HK,20240905,480453000.0,FY2024H1
2119.HK,20240418,481365000.0,FY2023H2
2119.HK,20230914,472509000.0,FY2023H1
2120.HK,20260427,2605072572.49,FY2025H2
2120.HK,20250901,2578956046.98,FY2025H1
2120.HK,20250425,2615045716.27,FY2024H2
2120.HK,20240925,2501140249.73,FY2024H1
2120.HK,20240426,2494915796.21,FY2023H2
2120.HK,20230907,2347189111.0699997,FY2023H1
2121.HK,20260416,1296197000.0,FY2025H2
2121.HK,20250919,1438055000.0,FY2025H1
2121.HK,20250423,1243040000.0,FY2024H2
2121.HK,20240923,1416313000.0,FY2024H1
2121.HK,20240417,1617157000.0,FY2023H2
2121.HK,20230922,1819120000.0,FY2023H1
2122.HK,20260427,355601000.0,FY2025H2
2122.HK,20250925,344043000.0,FY2025H1
2122.HK,20250425,437581000.0,FY2024H2
2122.HK,20240926,511135000.0,FY2024H1
2122.HK,20240425,558816000.0,FY2023H2
2122.HK,20230927,696514000.0,FY2023H1
2125.HK,20260413,2528789000.0,FY2025H2
2125.HK,20250908,2341267000.0,FY2025H1
2125.HK,20250428,2476497000.0,FY2024H2
2125.HK,20240925,2428105000.0,FY2024H1
2125.HK,20240425,2320898000.0,FY2023H2
2125.HK,20230925,2244619000.0,FY2023H1
2126.HK,20260428,482177000.0,FY2025H2
2126.HK,20250925,771026000.0,FY2025H1
2126.HK,20250428,921492000.0,FY2024H2
2126.HK,20240926,1106131000.0,FY2024H1
2126.HK,20240426,1127622000.0,FY2023H2
2126.HK,20230927,1367878000.0,FY2023H1
2127.HK,20250331,4784627000.0,FY2024H2
2127.HK,20240927,5780213000.0,FY2024H1
2127.HK,20240430,6064819000.0,FY2023H2
2127.HK,20230928,5029061000.0,FY2023H1
2128.HK,20260429,51845594000.0,FY2025H2
2128.HK,20250929,52902881000.0,FY2025H1
2128.HK,20250428,52572626000.0,FY2024H2
2128.HK,20240924,53998169000.0,FY2024H1
2128.HK,20240429,54281578000.0,FY2023H2
2128.HK,20230928,55865784000.0,FY2023H1
2129.HK,20260429,,FY2025H2
2129.HK,20250926,,FY2025H1
2129.HK,20250429,62509688.0,FY2024H2
2129.HK,20240919,40543834.0,FY2024H1
2129.HK,20240429,48669411.0,FY2023H2
2129.HK,20230926,41293874.0,FY2023H1
2130.HK,20260424,1255297000.0,FY2025H2
2130.HK,20250922,1250087000.0,FY2025H1
2130.HK,20250424,1114637000.0,FY2024H2
2130.HK,20240927,1092611000.0,FY2024H1
2130.HK,20240425,924578000.0,FY2023H2
2130.HK,20230922,930862000.0,FY2023H1
2131.HK,20260724,2116777999.9999998,FY2025H1
2131.HK,20260710,1965847000.0,FY2024H2
2131.HK,20240923,2437299000.0,FY2024H1
2131.HK,20240425,2274298000.0,FY2023H2
2131.HK,20230925,2241145000.0,FY2023H1
2132.HK,20250730,455478000.0,FY2025H2
2132.HK,20241219,469176000.0,FY2025H1
2132.HK,20240730,516236000.0,FY2024H2
2132.HK,20231221,481664000.0,FY2024H1
2132.HK,20230728,463481000.0,FY2023H2
2132.HK,20221221,421710000.0,FY2023H1
2135.HK,20260428,173708000.0,FY2025H2
2135.HK,20250918,199010000.0,FY2025H1
2135.HK,20250424,214903000.0,FY2024H2
2135.HK,20240920,245306000.0,FY2024H1
2135.HK,20240419,188987000.0,FY2023H2
2135.HK,20230919,191455000.0,FY2023H1
2136.HK,20260423,14668465000.0,FY2025H2
2136.HK,20250910,14874007000.0,FY2025H1
2136.HK,20250429,15148800000.0,FY2024H2
2136.HK,20240830,14723857000.0,FY2024H1
2136.HK,20230824,14332088000.0,FY2023H1
2137.HK,20260423,1752729000.0,FY2025H2
2137.HK,20250918,977781000.0,FY2025H1
2137.HK,20250425,1703260000.0,FY2024H2
2137.HK,20240919,2240349000.0,FY2024H1
2137.HK,20240425,2708601000.0,FY2023H2
2137.HK,20230921,2710854000.0,FY2023H1
2138.HK,20250731,3268429000.0,FY2025H2
2138.HK,20241220,3793970000.0,FY2025H1
2138.HK,20240731,3872253000.0,FY2024H2
2138.HK,20231220,4081803000.0,FY2024H1
2138.HK,20230725,4059927000.0,FY2023H2
2138.HK,20221220,3767388000.0,FY2023H1
2139.HK,20260423,-499788000.0,FY2025H2
2139.HK,20250904,-482834000.0,FY2025H1
2139.HK,20250423,-476212000.0,FY2024H2
2139.HK,20240912,-430990000.0,FY2024H1
2139.HK,20240418,-404696000.0,FY2023H2
2139.HK,20230911,-388732000.0,FY2023H1
2142.HK,20260428,97200000.0,FY2025H2
2142.HK,20250926,59787000.0,FY2025H1
2142.HK,20250422,48193000.0,FY2024H2
2142.HK,20240916,36668000.0,FY2024H1
2142.HK,20240424,88156000.0,FY2023H2
2142.HK,20230918,54174000.0,FY2023H1
2145.HK,20260416,4165032000.0,FY2025H2
2145.HK,20250909,3293971000.0,FY2025H1
2145.HK,20250410,3137148000.0,FY2024H2
2145.HK,20240913,2897588000.0,FY2024H1
2145.HK,20240425,2431138000.0,FY2023H2
2145.HK,20230925,2241123000.0,FY2023H1
2146.HK,20260429,3775289198.81,FY2025H2
2146.HK,20250930,3837868907.5299997,FY2025H1
2146.HK,20250430,3585610364.7599998,FY2024H2
2146.HK,20240930,3594955555.17,FY2024H1
2146.HK,20240430,3469567029.83,FY2023H2
2146.HK,20230928,3297962528.56,FY2023H1
2147.HK,20251031,353560000.0,FY2025H3
2147.HK,20250328,336732000.0,FY2025H2
2147.HK,20240927,284980000.0,FY2025H1
2147.HK,20240430,323321000.0,FY2023H2
2147.HK,20230927,189261000.0,FY2023H1
2148.HK,20250417,472440000.0,FY2024H2
2148.HK,20240926,412521000.0,FY2024H1
2148.HK,20240422,460826000.0,FY2023H2
2148.HK,20230927,365939000.0,FY2023H1
2149.HK,20260428,1293920000.0,FY2025H2
2149.HK,20250919,1178685000.0,FY2025H1
2149.HK,20250425,972792000.0,FY2024H2
2149.HK,20240920,912838000.0,FY2024H1
2149.HK,20240429,720089000.0,FY2023H2
2149.HK,20231218,629441000.0,FY2023H1
2150.HK,20260429,3756464000.0,FY2025H2
2150.HK,20250929,4984119000.0,FY2025H1
2150.HK,20250429,5586028000.0,FY2024H2
2150.HK,20240927,6240875000.0,FY2024H1
2150.HK,20240429,7096018000.0,FY2023H2
2150.HK,20230925,6594468000.0,FY2023H1
2152.HK,20260430,1577074000.0,FY2025H2
2152.HK,20250929,1506498000.0,FY2025H1
2152.HK,20250430,1360516000.0,FY2024H2
2152.HK,20240925,1346106000.0,FY2024H1
2152.HK,20240424,1219315000.0,FY2023H2
2152.HK,20230926,1182913000.0,FY2023H1
2153.HK,20250717,2936418000.0,FY2025H2
2153.HK,20241219,3027835000.0,FY2025H1
2153.HK,20240725,2915226000.0,FY2024H2
2153.HK,20231214,3022487000.0,FY2024H1
2153.HK,20230725,2930945000.0,FY2023H2
2153.HK,20221215,2914394000.0,FY2023H1
2155.HK,20260416,6848290000.0,FY2025H2
2155.HK,20250929,7077618000.0,FY2025H1
2155.HK,20250416,6312885000.0,FY2024H2
2155.HK,20240920,6762817000.0,FY2024H1
2155.HK,20240417,6763394000.0,FY2023H2
2155.HK,20230922,7045737000.0,FY2023H1
2156.HK,20260430,1094940000.0,FY2025H2
2156.HK,20250922,1207098000.0,FY2025H1
2156.HK,20250429,920474000.0,FY2024H2
2156.HK,20240913,1216856000.0,FY2024H1
2156.HK,20240429,791148000.0,FY2023H2
2156.HK,20230914,999260000.0,FY2023H1
2157.HK,20260422,2162456000.0,FY2025H2
2157.HK,20250919,1802221000.0,FY2025H1
2157.HK,20250425,1791947000.0,FY2024H2
2157.HK,20240924,1811057000.0,FY2024H1
2157.HK,20240425,1846646000.0,FY2023H2
2157.HK,20230922,1704001000.0,FY2023H1
2158.HK,20250725,3372715000.0,FY2025H2
2158.HK,20241227,3976454000.0,FY2025H1
2158.HK,20240726,3416578000.0,FY2024H2
2158.HK,20231228,3832143000.0,FY2024H1
2158.HK,20230727,3738715000.0,FY2023H2
2158.HK,20221228,3782652000.0,FY2023H1
2159.HK,20260422,91169000.0,FY2025H2
2159.HK,20250919,124903000.0,FY2025H1
2159.HK,20250425,122432000.0,FY2024H2
2159.HK,20240828,129107000.0,FY2024H1
2159.HK,20240425,133966000.00000001,FY2023H2
2159.HK,20230926,196872000.0,FY2023H1
2160.HK,20260428,490730000.0,FY2025H2
2160.HK,20250929,326014713.27266,FY2025H1
2160.HK,20250429,2567733000.0,FY2024H2
2160.HK,20240926,1696324000.0,FY2024H1
2160.HK,20240426,1512023000.0,FY2023H2
2160.HK,20230926,1847847000.0,FY2023H1
2161.HK,20250703,1339271000.0,FY2025H2
2161.HK,20241212,1253808000.0,FY2025H1
2161.HK,20240710,981048000.0,FY2024H2
2161.HK,20231212,1318992000.0,FY2024H1
2161.HK,20230707,1250819000.0,FY2023H2
2161.HK,20221215,1242494000.0,FY2023H1
2162.HK,20260429,3713670000.0,FY2025H2
2162.HK,20250925,3689178000.0,FY2025H1
2162.HK,20250428,3347703000.0,FY2024H2
2162.HK,20240923,3095414000.0,FY2024H1
2162.HK,20240424,3031824000.0,FY2023H2
2162.HK,20230919,2952003000.0,FY2023H1
2163.HK,20240830,7976384000.0,FY2024H1
2163.HK,20240328,8295373000.0,FY2023H2
2163.HK,20230831,8841896000.0,FY2023H1
2165.HK,20260420,220720000.0,FY2025H2
2165.HK,20250919,233099000.0,FY2025H1
2165.HK,20250416,250651000.0,FY2024H2
2165.HK,20240913,235866000.0,FY2024H1
2165.HK,20240418,216222000.0,FY2023H2
2165.HK,20230914,368165000.0,FY2023H1
2166.HK,20260417,2089982000.0,FY2025H2
2166.HK,20250919,2083675000.0000002,FY2025H1
2166.HK,20250417,1434302000.0,FY2024H2
2166.HK,20240913,1708569000.0,FY2024H1
2166.HK,20240419,1552333000.0,FY2023H2
2166.HK,20230915,2367945000.0,FY2023H1
2167.HK,20260427,526176000.00000006,FY2025H2
2167.HK,20250925,439106000.0,FY2025H1
2167.HK,20250425,446486000.0,FY2024H2
2167.HK,20240925,400932000.0,FY2024H1
2167.HK,20240429,208987000.0,FY2023H2
2167.HK,20230922,251360000.0,FY2023H1
2168.HK,20260430,1479484000.0,FY2025H2
2168.HK,20250925,1547439000.0,FY2025H1
2168.HK,20250428,1448605000.0,FY2024H2
2168.HK,20240926,1440208000.0,FY2024H1
2168.HK,20240429,1372659000.0,FY2023H2
2168.HK,20230928,1749305000.0,FY2023H1
2169.HK,20260428,1360603000.0,FY2025H2
2169.HK,20250925,1360155000.0,FY2025H1
2169.HK,20250428,1218557000.0,FY2024H2
2169.HK,20240927,1181784000.0,FY2024H1
2169.HK,20240426,1213591000.0,FY2023H2
2169.HK,20230919,1146264000.0,FY2023H1
2170.HK,20260422,888403000.0,FY2025H2
2170.HK,20250925,880249000.0,FY2025H1
2170.HK,20250423,958962000.0,FY2024H2
2170.HK,20240927,887474000.0,FY2024H1
2170.HK,20240424,806881000.0,FY2023H2
2170.HK,20230926,720323000.0,FY2023H1
2171.HK,20260410,168722000.0,FY2025H2
2171.HK,20250904,252598000.0,FY2025H1
2171.HK,20250416,193976000.0,FY2024H2
2171.HK,20240909,449928000.0,FY2024H1
2171.HK,20240418,407462000.0,FY2023H2
2171.HK,20230919,961036000.0,FY2023H1
2172.HK,20260427,1496666000.0,FY2025H2
2172.HK,20250925,1515480000.0,FY2025H1
2172.HK,20250425,1266171000.0,FY2024H2
2172.HK,20240927,1250249000.0,FY2024H1
2172.HK,20240429,1079038000.0,FY2023H2
2172.HK,20230922,1066005000.0000001,FY2023H1
2175.HK,20251223,1694132000.0,FY2025H2
2175.HK,20250522,1650751000.0,FY2025H1
2175.HK,20241230,1359023000.0,FY2024H2
2175.HK,20240619,1335237000.0,FY2024H1
2175.HK,20240610,1011831000.0,FY2023H1
2176.HK,20260423,73712000.0,FY2025H2
2176.HK,20250901,86251000.0,FY2025H1
2176.HK,20250409,78886000.0,FY2024H2
2176.HK,20240830,87538000.0,FY2024H1
2176.HK,20240416,74756000.0,FY2023H2
2176.HK,20230831,97940000.0,FY2023H1
2177.HK,20260428,749024000.0,FY2025H2
2177.HK,20250925,813840000.0,FY2025H1
2177.HK,20250428,751377000.0,FY2024H2
2177.HK,20240926,803662000.0,FY2024H1
2177.HK,20240426,818954000.0,FY2023H2
2177.HK,20230927,1038214000.0,FY2023H1
2178.HK,20260416,638647000.0,FY2025H2
2178.HK,20250917,582175000.0,FY2025H1
2178.HK,20250415,627332000.0,FY2024H2
2178.HK,20240912,664269000.0,FY2024H1
2178.HK,20240424,685717000.0,FY2023H2
2178.HK,20230922,674504000.0,FY2023H1
2179.HK,20260429,1400685000.0,FY2025H2
2179.HK,20250925,1427290000.0,FY2025H1
2179.HK,20250422,1611887000.0,FY2024H2
2179.HK,20240926,1450925000.0,FY2024H1
2179.HK,20240416,1264546000.0,FY2023H2
2179.HK,20230926,1278062000.0,FY2023H1
2180.HK,20260424,1680664000.0,FY2025H2
2180.HK,20250912,1722950000.0,FY2025H1
2180.HK,20250424,1737652000.0,FY2024H2
2180.HK,20240913,1398524000.0,FY2024H1
2180.HK,20240426,1368390000.0,FY2023H2
2180.HK,20230911,1241526000.0,FY2023H1
2181.HK,20260427,1044202000.0,FY2025H2
2181.HK,20250922,973684000.0,FY2025H1
2181.HK,20250422,926874000.0,FY2024H2
2181.HK,20240924,871219000.0,FY2024H1
2181.HK,20240418,859818000.0,FY2023H2
2181.HK,20230915,877251000.0,FY2023H1
2182.HK,20260427,741260000.0,FY2025H2
2182.HK,20250926,764370000.0,FY2025H1
2182.HK,20250425,794859000.0,FY2024H2
2182.HK,20240927,804195000.0,FY2024H1
2182.HK,20240426,841791000.0,FY2023H2
2182.HK,20230928,916517000.0,FY2023H1
2185.HK,20260429,576236000.0,FY2025H2
2185.HK,20250929,529965000.00000006,FY2025H1
2185.HK,20250429,366408000.0,FY2024H2
2185.HK,20240926,356421000.0,FY2024H1
2185.HK,20240427,296075000.0,FY2023H2
2185.HK,20230921,374058000.0,FY2023H1
2186.HK,20260429,27258612000.0,FY2025H2
2186.HK,20250929,24005322000.0,FY2025H1
2186.HK,20250429,23662599000.0,FY2024H2
2186.HK,20240929,22834355000.0,FY2024H1
2186.HK,20240429,21209812000.0,FY2023H2
2186.HK,20230928,20775297000.0,FY2023H1
2187.HK,20260428,1237846000.0,FY2025H2
2187.HK,20250905,1104305000.0,FY2025H1
2187.HK,20250422,1099808000.0,FY2024H2
2187.HK,20240909,1213038000.0,FY2024H1
2187.HK,20240419,1301490000.0,FY2023H2
2187.HK,20230908,1378591000.0,FY2023H1
2188.HK,20260422,865922000.0,FY2025H2
2188.HK,20250926,837347000.0,FY2025H1
2188.HK,20250425,886836000.0,FY2024H2
2188.HK,20240926,915311000.0,FY2024H1
2188.HK,20240425,859075000.0,FY2023H2
2188.HK,20230915,828645000.0,FY2023H1
2189.HK,20250731,758509000.0,FY2025H2
2189.HK,20241213,788995000.0,FY2025H1
2189.HK,20240730,825881000.0,FY2024H2
2189.HK,20231220,654778000.0,FY2024H1
2189.HK,20230718,627863000.0,FY2023H2
2189.HK,20221129,586905000.0,FY2023H1
2190.HK,20260421,2994069000.0,FY2025H2
2190.HK,20250923,3031537000.0,FY2025H1
2190.HK,20250429,3034452000.0,FY2024H2
2190.HK,20240920,2953887000.0,FY2024H1
2190.HK,20240425,2289122000.0,FY2023H2
2190.HK,20230914,1990223000.0,FY2023H1
2192.HK,20260421,2397377000.0,FY2025H2
2192.HK,20250919,1974107000.0,FY2025H1
2192.HK,20250414,1070935000.0,FY2024H2
2192.HK,20240925,927586000.0,FY2024H1
2192.HK,20240426,343036000.0,FY2023H2
2192.HK,20230921,338792000.0,FY2023H1
2193.HK,20250729,227733000.0,FY2025H2
2193.HK,20241230,225310000.0,FY2025H1
2193.HK,20240726,258916999.99999997,FY2024H2
2193.HK,20231215,234114000.0,FY2024H1
2193.HK,20230728,226205000.0,FY2023H2
2193.HK,20221216,283705000.0,FY2023H1
2195.HK,20260428,158214000.0,FY2025H2
2195.HK,20250926,151992000.0,FY2025H1
2195.HK,20250423,187659000.0,FY2024H2
2195.HK,20240919,153637000.0,FY2024H1
2195.HK,20240425,167346000.0,FY2023H2
2195.HK,20230921,177433000.0,FY2023H1
2196.HK,20260421,95888067000.0,FY2025H2
2196.HK,20250917,94695841000.0,FY2025H1
2196.HK,20250423,92793738000.0,FY2024H2
2196.HK,20240920,90453122000.0,FY2024H1
2196.HK,20240424,88800314000.0,FY2023H2
2196.HK,20230919,86064620000.0,FY2023H1
2197.HK,20260423,190292000.0,FY2025H2
2197.HK,20250918,213266000.0,FY2025H1
2197.HK,20250417,411501000.0,FY2024H2
2197.HK,20240919,1338497000.0,FY2024H1
2197.HK,20240425,1365570000.0,FY2023H2
2197.HK,20230915,1814590000.0,FY2023H1
2198.HK,20260421,21732358000.0,FY2025H2
2198.HK,20250915,21748688000.0,FY2025H1
2198.HK,20250429,21541543000.0,FY2024H2
2198.HK,20240913,20963909000.0,FY2024H1
2198.HK,20240429,20637622000.0,FY2023H2
2198.HK,20230915,20074756000.0,FY2023H1
2199.HK,20250725,7986265000.0,FY2025H2
2199.HK,20241220,8357356000.0,FY2025H1
2199.HK,20240719,7979633000.0,FY2024H2
2199.HK,20231220,8011890000.0,FY2024H1
2199.HK,20230720,8007262000.0,FY2023H2
2199.HK,20221220,8241686000.0,FY2023H1
2202.HK,20260415,959102074000.0,FY2025H2
2202.HK,20251030,1076206744000.0,FY2025Q3
2202.HK,20250919,1124801312000.0,FY2025H1
2202.HK,20250429,1172917343000.0,FY2025Q1
2202.HK,20250411,1202250468000.0,FY2024H2
2202.HK,20241030,1279869142000.0,FY2024Q3
2202.HK,20240920,1332849951000.0,FY2024H1
2202.HK,20240430,1383063992000.0,FY2024Q1
2202.HK,20240408,1407929587000.0,FY2023H2
2202.HK,20231027,1545479329000.0,FY2023Q3
2202.HK,20230918,1564517430000.0,FY2023H1
2203.HK,20260422,95431000.0,FY2025H2
2203.HK,20250917,110214000.0,FY2025H1
2203.HK,20250417,126172000.0,FY2024H2
2203.HK,20240927,262416999.99999997,FY2024H1
2203.HK,20240429,236723000.0,FY2023H2
2203.HK,20230921,269665000.0,FY2023H1
2205.HK,20260429,1876165000.0,FY2025H2
2205.HK,20250926,1463920000.0,FY2025H1
2205.HK,20250429,1383779000.0,FY2024H2
2205.HK,20240910,1023457000.0,FY2024H1
2205.HK,20240417,896692000.0,FY2023H2
2205.HK,20230915,892419000.0,FY2023H1
2207.HK,20240925,480109000.0,FY2024H1
2207.HK,20240426,546237000.0,FY2023H2
2207.HK,20230928,546017000.0,FY2023H1
2208.HK,20260422,143354097000.0,FY2025H2
2208.HK,20250929,139931798000.0,FY2025H1
2208.HK,20250424,131576348000.0,FY2024H2
2208.HK,20240926,124460914000.0,FY2024H1
2208.HK,20240425,117091838000.0,FY2023H2
2208.HK,20230926,114529559000.0,FY2023H1
2209.HK,20260422,147815000.0,FY2025H2
2209.HK,20250828,142394000.0,FY2025H1
2209.HK,20250416,105040000.0,FY2024H2
2209.HK,20240904,80898000.0,FY2024H1
2209.HK,20240429,49304000.0,FY2023H2
2209.HK,20230831,50780000.0,FY2023H1
2210.HK,20260429,1836700000.0,FY2025H2
2210.HK,20250916,1856409000.0,FY2025H1
2210.HK,20250429,1658432000.0,FY2024H2
2210.HK,20240919,1289443000.0,FY2024H1
2210.HK,20240429,1262190000.0,FY2023H2
2210.HK,20230906,1141104000.0,FY2023H1
2211.HK,20251021,434200000.0,FY2025H2
2211.HK,20250328,555350000.0,FY2025H1
2211.HK,20241023,656514000.0,FY2024H2
2211.HK,20240326,716662000.0,FY2024H1
2211.HK,20231019,695869000.0,FY2023H2
2211.HK,20230324,800485000.0,FY2023H1
2212.HK,20260422,181007000.0,FY2025H2
2212.HK,20250911,146776000.0,FY2025H1
2212.HK,20250428,138369000.0,FY2024H2
2212.HK,20240903,122461000.0,FY2024H1
2212.HK,20240423,124757000.0,FY2023H2
2212.HK,20230905,44573000.0,FY2023H1
2215.HK,20260423,1007818000.0,FY2025H2
2215.HK,20250917,1218647000.0,FY2025H1
2215.HK,20250423,1138926000.0,FY2024H2
2215.HK,20240917,1309859000.0,FY2024H1
2215.HK,20240429,1194921000.0,FY2023H2
2215.HK,20230921,864231000.0,FY2023H1
2216.HK,20260420,124433000.0,FY2025H2
2216.HK,20250925,139215000.0,FY2025H1
2216.HK,20250424,129402999.99999999,FY2024H2
2216.HK,20240924,128139999.99999999,FY2024H1
2216.HK,20240426,112199000.0,FY2023H2
2216.HK,20230921,105790000.0,FY2023H1
2217.HK,20250730,1299426000.0,FY2025H2
2217.HK,20241218,1250361000.0,FY2025H1
2217.HK,20240711,1271401000.0,FY2024H2
2217.HK,20231221,1356399000.0,FY2024H1
2217.HK,20230713,1299357000.0,FY2023H2
2217.HK,20221208,1305631000.0,FY2023H1
2218.HK,20260327,2521544231.7000003,FY2025H2
2218.HK,20251029,2226314907.48,FY2025Q3
2218.HK,20250818,1921877219.8,FY2025H1
2218.HK,20250422,2231614227.3599997,FY2025Q1
2218.HK,20250326,2537484648.35,FY2024H2
2218.HK,20241030,2048365211.5300002,FY2024Q3
2218.HK,20240826,2397912469.85,FY2024H1
2218.HK,20240426,2501988952.71999,FY2024Q1
2218.HK,20240306,2060581141.6599998,FY2023H2
2218.HK,20231030,2467551574.3300004,FY2023Q3
2218.HK,20230830,2463670105.56,FY2023H1
2218.HK,20230426,2352890502.89,FY2023Q1
2219.HK,20260421,2353447000.0,FY2025H2
2219.HK,20250924,2549411000.0,FY2025H1
2219.HK,20250428,1914532000.0,FY2024H2
2219.HK,20240924,2233933000.0,FY2024H1
2219.HK,20240425,2253383000.0,FY2023H2
2219.HK,20230922,2283760000.0,FY2023H1
2221.HK,20250730,967385000.0,FY2025H2
2221.HK,20241209,1025612000.0000001,FY2025H1
2221.HK,20240716,943182000.0,FY2024H2
2221.HK,20231207,743789000.0,FY2024H1
2221.HK,20230724,770325000.0,FY2023H2
2221.HK,20221207,610510000.0,FY2023H1
2222.HK,20260424,439225000.0,FY2025H2
2222.HK,20250915,441295000.0,FY2025H1
2222.HK,20250425,438086000.0,FY2024H2
2222.HK,20240913,431127000.0,FY2024H1
2222.HK,20240424,453985000.0,FY2023H2
2222.HK,20230921,429547000.0,FY2023H1
2223.HK,20260422,67673000.0,FY2025H2
2223.HK,20250911,300916000.0,FY2025H1
2223.HK,20250422,319055000.0,FY2024H2
2223.HK,20240912,322251000.0,FY2024H1
2223.HK,20240422,343074000.0,FY2023H2
2223.HK,20230914,328669000.0,FY2023H1
2225.HK,20260424,52724000.0,FY2025H2
2225.HK,20250923,44740000.0,FY2025H1
2225.HK,20250425,47899000.0,FY2024H2
2225.HK,20240920,51678000.0,FY2024H1
2225.HK,20240425,42024000.0,FY2023H2
2225.HK,20230925,33123769.000000004,FY2023H1
2226.HK,20260428,1001202000.0,FY2025H2
2226.HK,20250919,1018716000.0,FY2025H1
2226.HK,20250428,1044021000.0,FY2024H2
2226.HK,20240920,1074780000.0,FY2024H1
2226.HK,20240425,1103064000.0,FY2023H2
2226.HK,20230925,1111696000.0,FY2023H1
2227.HK,20260430,85194000.0,FY2025H2
2227.HK,20250918,62909000.0,FY2025H1
2227.HK,20250430,70199000.0,FY2024H2
2227.HK,20240920,59463000.0,FY2024H1
2227.HK,20240430,56362000.0,FY2023H2
2227.HK,20230919,46234000.0,FY2023H1
2228.HK,20260417,7637603000.0,FY2025H2
2228.HK,20250916,5406452000.0,FY2025H1
2228.HK,20250407,3188592000.0,FY2024H2
2228.HK,20240916,3148897000.0,FY2024H1
2230.HK,20250729,734276000.0,FY2025H2
2230.HK,20241227,682582000.0,FY2025H1
2230.HK,20240730,682525000.0,FY2024H2
2230.HK,20231228,737445000.0,FY2024H1
2230.HK,20230727,635735000.0,FY2023H2
2230.HK,20221229,732216000.0,FY2023H1
2231.HK,20260430,6187312000.0,FY2025H2
2231.HK,20250918,6302367000.0,FY2025H1
2231.HK,20250430,6934259000.0,FY2024H2
2231.HK,20240919,8312242000.0,FY2024H1
2231.HK,20240430,10167519000.0,FY2023H2
2231.HK,20230915,11756078000.0,FY2023H1
2232.HK,20260423,1727231000.0,FY2025H2
2232.HK,20250929,1750327000.0,FY2025H1
2232.HK,20250428,1752111000.0,FY2024H2
2232.HK,20240925,1441118000.0,FY2024H1
2232.HK,20240429,1356162000.0,FY2023H2
2232.HK,20230926,1427748000.0,FY2023H1
2233.HK,20260423,34362764000.0,FY2025H2
2233.HK,20250918,34758597000.0,FY2025H1
2233.HK,20250424,34998098000.0,FY2024H2
2233.HK,20240913,34822296000.0,FY2024H1
2233.HK,20240419,31584079000.0,FY2023H2
2233.HK,20230921,29586731000.0,FY2023H1
2235.HK,20260430,803584314.7099999,FY2025H2
2235.HK,20250930,491860152.59,FY2025H1
2235.HK,20250430,449087985.89000005,FY2024H2
2235.HK,20240927,362592859.22999996,FY2024H1
2235.HK,20240425,272900966.45,FY2023H2
2235.HK,20230926,212540000.0,FY2023H1
2236.HK,20260423,7888863000.0,FY2025H2
2236.HK,20250925,9280428000.0,FY2025H1
2236.HK,20250428,8475898999.999999,FY2024H2
2236.HK,20240925,9053959000.0,FY2024H1
2236.HK,20240425,8542130999.999999,FY2023H2
2236.HK,20230925,8704213000.0,FY2023H1
2237.HK,20260413,547782000.0,FY2025H2
2237.HK,20250911,478898000.0,FY2025H1
2237.HK,20250410,529908000.0,FY2024H2
2237.HK,20240905,511502000.0,FY2024H1
2237.HK,20240410,463707000.0,FY2023H2
2237.HK,20230907,362304000.0,FY2023H1
2238.HK,20260429,191060217000.0,FY2025H2
2238.HK,20250926,190443950000.0,FY2025H1
2238.HK,20250425,195936570000.0,FY2024H2
2238.HK,20240927,188804112000.0,FY2024H1
2238.HK,20240426,178926439000.0,FY2023H2
2238.HK,20230922,167379052000.0,FY2023H1
2239.HK,20260415,129397922.0,FY2025H2
2239.HK,20250910,112113885.0,FY2025H1
2239.HK,20250417,125957919.0,FY2024H2
2239.HK,20240820,152663172.0,FY2024H1
2239.HK,20240430,168886752.0,FY2023H2
2239.HK,20230911,185283156.0,FY2023H1
2245.HK,20260430,40667125000.0,FY2025H2
2245.HK,20250929,36954016000.0,FY2025H1
2245.HK,20250429,32701385000.0,FY2024H2
2245.HK,20240920,30706310000.0,FY2024H1
2245.HK,20240429,25829393000.0,FY2023H2
2245.HK,20230919,22297952000.0,FY2023H1
2246.HK,20260429,280976000.0,FY2025H2
2246.HK,20250929,287842000.0,FY2025H1
2246.HK,20250429,314786000.0,FY2024H2
2246.HK,20240927,219528000.0,FY2024H1
2246.HK,20240426,453776000.0,FY2023H2
2246.HK,20230925,572570000.0,FY2023H1
2250.HK,20260423,176949000.0,FY2025H2
2250.HK,20250919,196629000.0,FY2025H1
2250.HK,20250416,215654000.0,FY2024H2
2250.HK,20240910,224768000.0,FY2024H1
2250.HK,20240412,242019000.0,FY2023H2
2250.HK,20230911,218279000.0,FY2023H1
2251.HK,20260429,643220000.0,FY2025H2
2251.HK,20250926,683347000.0,FY2025H1
2251.HK,20250428,644270000.0,FY2024H2
2251.HK,20240926,872393000.0,FY2024H1
2251.HK,20240425,616630000.0,FY2023H2
2251.HK,20230925,768791000.0,FY2023H1
2252.HK,20260430,638808000.0,FY2025H2
2252.HK,20250925,680578000.0,FY2025H1
2252.HK,20250430,625824000.0,FY2024H2
2252.HK,20240926,900350000.0,FY2024H1
2252.HK,20240424,880639000.0,FY2023H2
2252.HK,20230921,1037936999.9999999,FY2023H1
2255.HK,20260429,9731494000.0,FY2025H2
2255.HK,20250929,10018645000.0,FY2025H1
2255.HK,20250424,10274815000.0,FY2024H2
2255.HK,20240926,9876471000.0,FY2024H1
2255.HK,20240429,9820480000.0,FY2023H2
2255.HK,20230927,8966100000.0,FY2023H1
2256.HK,20260428,1604093000.0,FY2025H2
2256.HK,20250915,1691979000.0,FY2025H1
2256.HK,20250415,1817516000.0,FY2024H2
2256.HK,20240919,1952714000.0,FY2024H1
2256.HK,20240416,1537301000.0,FY2023H2
2256.HK,20230918,1527598000.0,FY2023H1
2257.HK,20260424,7087000.0,FY2025H2
2257.HK,20250905,14432000.0,FY2025H1
2257.HK,20250425,16559999.999999998,FY2024H2
2257.HK,20240930,26831000.0,FY2024H1
2257.HK,20240429,51903000.0,FY2023H2
2257.HK,20230908,66538000.0,FY2023H1
2258.HK,20260422,2607219000.0,FY2025H2
2258.HK,20250922,2284503000.0,FY2025H1
2258.HK,20250423,2439189000.0,FY2024H2
2258.HK,20240923,2249468000.0,FY2024H1
2258.HK,20240423,2508191000.0,FY2023H2
2258.HK,20230918,2169237000.0,FY2023H1
2259.HK,20260429,8910133000.0,FY2025H2
2259.HK,20250919,7061338000.0,FY2025H1
2260.HK,20260424,816039000.0,FY2025H2
2260.HK,20250919,799013000.0,FY2025H1
2260.HK,20250417,815833000.0,FY2024H2
2260.HK,20240919,746263000.0,FY2024H1
2260.HK,20240419,744426000.0,FY2023H2
2260.HK,20230922,635547000.0,FY2023H1
2262.HK,20260422,354620000.0,FY2025H2
2262.HK,20250909,364900000.0,FY2025H1
2262.HK,20250422,355305000.0,FY2024H2
2262.HK,20240910,366320000.0,FY2024H1
2262.HK,20240426,347776000.0,FY2023H2
2262.HK,20230906,376343000.0,FY2023H1
2263.HK,20250729,321626000.0,FY2025H2
2263.HK,20241227,257925000.0,FY2025H1
2263.HK,20240730,308735000.0,FY2024H2
2263.HK,20231227,293541000.0,FY2024H1
2263.HK,20230728,383495000.0,FY2023H2
2263.HK,20221228,455097000.0,FY2023H1
2265.HK,20260429,1014894000.0,FY2025H2
2265.HK,20250929,886464000.0,FY2025H1
2265.HK,20250429,855980000.0,FY2024H2
2265.HK,20240927,734353000.0,FY2024H1
2265.HK,20240430,720536000.0,FY2023H2
2265.HK,20230927,718280000.0,FY2023H1
2266.HK,20260429,182464000.0,FY2025H2
2266.HK,20250922,208359000.0,FY2025H1
2266.HK,20250429,192642000.0,FY2024H2
2266.HK,20240923,190383000.0,FY2024H1
2266.HK,20240429,170178000.0,FY2023H2
2266.HK,20230922,166483000.0,FY2023H1
2268.HK,20260424,12709070000.0,FY2025H2
2268.HK,20250926,9428254000.0,FY2025H1
2268.HK,20250429,6983789000.0,FY2024H2
2268.HK,20240926,3578204000.0,FY2024H1
2268.HK,20240429,2472545000.0,FY2023H2
2268.HK,20231106,1963113000.0,FY2023H1
2269.HK,20260429,52902273000.0,FY2025H2
2269.HK,20250922,50389945000.0,FY2025H1
2269.HK,20250429,47082674000.0,FY2024H2
2269.HK,20240920,45270662000.0,FY2024H1
2269.HK,20240429,45210470000.0,FY2023H2
2269.HK,20230921,43154784000.0,FY2023H1
2270.HK,20260424,739030000.0,FY2025H2
2270.HK,20250910,683499000.0,FY2025H1
2270.HK,20250424,652356000.0,FY2024H2
2270.HK,20240927,659369000.0,FY2024H1
2270.HK,20240425,623457000.0,FY2023H2
2270.HK,20230922,556166000.0,FY2023H1
2271.HK,20260427,374933000.0,FY2025H2
2271.HK,20250922,350079000.0,FY2025H1
2271.HK,20250425,332668000.0,FY2024H2
2271.HK,20240911,266781000.0,FY2024H1
2271.HK,20240425,232779000.0,FY2023H2
2271.HK,20230911,169894000.0,FY2023H1
2273.HK,20260429,1782695000.0,FY2025H2
2273.HK,20250926,1569727000.0,FY2025H1
2273.HK,20250429,1407171000.0,FY2024H2
2273.HK,20240920,1128708000.0,FY2024H1
2273.HK,20240422,1093354000.0,FY2023H2
2273.HK,20230922,967738000.0,FY2023H1
2276.HK,20260428,2915015000.0,FY2025H2
2276.HK,20250902,2464725000.0,FY2025H1
2276.HK,20250428,1889714000.0,FY2024H2
2276.HK,20240902,1637039000.0,FY2024H1
2276.HK,20240426,1653792000.0,FY2023H2
2276.HK,20230914,1423932000.0,FY2023H1
2279.HK,20260416,1002847000.0,FY2025H2
2279.HK,20250917,1058578000.0,FY2025H1
2279.HK,20250428,1238338000.0,FY2024H2
2279.HK,20240906,2075958999.9999998,FY2024H1
2279.HK,20240429,2433685000.0,FY2023H2
2279.HK,20230915,2699653000.0,FY2023H1
2280.HK,20250911,1659486000.0,FY2025H1
2280.HK,20250421,1596743000.0,FY2024H2
2280.HK,20240916,2187555000.0,FY2024H1
2280.HK,20240422,2711363000.0,FY2023H2
2280.HK,20230921,4009825000.0,FY2023H1
2281.HK,20260424,6567818592.71,FY2025H2
2281.HK,20250925,6622971240.17,FY2025H1
2281.HK,20250425,6712758132.39,FY2024H2
2281.HK,20240924,6526037785.059999,FY2024H1
2281.HK,20240425,6635335607.639999,FY2023H2
2281.HK,20230921,6472045447.16,FY2023H1
2282.HK,20260330,25277015000.0,FY2025H2
2282.HK,20250903,25344918000.0,FY2025H1
2282.HK,20250428,25288208000.0,FY2024H2
2282.HK,20240905,24820258000.0,FY2024H1
2282.HK,20240410,24949318000.0,FY2023H2
2282.HK,20230911,25455443000.0,FY2023H1
2283.HK,20260423,1603163000.0,FY2025H2
2283.HK,20250911,1624464000.0,FY2025H1
2283.HK,20250417,1565714000.0,FY2024H2
2283.HK,20240919,1437274000.0,FY2024H1
2283.HK,20240429,1293435000.0,FY2023H2
2283.HK,20230921,1344075000.0,FY2023H1
2285.HK,20260424,1455867000.0,FY2025H2
2285.HK,20250924,1328330000.0,FY2025H1
2285.HK,20250425,1656572000.0,FY2024H2
2285.HK,20240926,1545325000.0,FY2024H1
2285.HK,20240425,1496893000.0,FY2023H2
2285.HK,20230926,1405512000.0,FY2023H1
2286.HK,20260430,6905092000.0,FY2025H2
2286.HK,20250926,7542033000.0,FY2025H1
2286.HK,20250428,7539664000.0,FY2024H2
2286.HK,20240927,8916116000.0,FY2024H1
2286.HK,20240426,13000577000.0,FY2023H2
2286.HK,20230928,12566452000.0,FY2023H1
2288.HK,20250730,749800000.0,FY2025H2
2288.HK,20241230,899610000.0,FY2025H1
2288.HK,20240731,1046704999.9999999,FY2024H2
2288.HK,20231228,1185355000.0,FY2024H1
2288.HK,20230728,1190606000.0,FY2023H2
2288.HK,20221229,1374147000.0,FY2023H1
2289.HK,20260428,3200410143.35,FY2025H2
2289.HK,20250929,2976283902.72,FY2025H1
2289.HK,20250428,2887495502.84,FY2024H2
2289.HK,20240927,2860338715.8199997,FY2024H1
2289.HK,20240426,2607434543.35,FY2023H2
2289.HK,20230921,2382154410.58,FY2023H1
2291.HK,20260423,894397425.68,FY2025H2
2291.HK,20250919,907106192.77,FY2025H1
2291.HK,20250417,909343835.0300001,FY2024H2
2291.HK,20240926,957034037.51,FY2024H1
2292.HK,20250818,1065342000.0000001,FY2025H1
2292.HK,20250321,1098867000.0,FY2024H2
2292.HK,20240903,1188864000.0,FY2024H1
2292.HK,20240322,1214820000.0,FY2023H2
2292.HK,20230904,1287603000.0,FY2023H1
2293.HK,20251024,272357000.0,FY2025H2
2293.HK,20250320,233831000.0,FY2025H1
2293.HK,20241025,236915000.0,FY2024H2
2293.HK,20240320,304994000.0,FY2024H1
2293.HK,20231024,253559000.0,FY2023H2
2293.HK,20230324,300528000.0,FY2023H1
2295.HK,20260428,41672000.0,FY2025H2
2295.HK,20250908,35070000.0,FY2025H1
2295.HK,20250423,48552000.0,FY2024H2
2295.HK,20240920,51790000.0,FY2024H1
2295.HK,20240418,52503000.0,FY2023H2
2295.HK,20230920,70661000.0,FY2023H1
2297.HK,20260428,531095000.0,FY2025H2
2297.HK,20250929,444197000.0,FY2025H1
2297.HK,20250429,401284000.0,FY2024H2
2297.HK,20240927,469700000.0,FY2024H1
2297.HK,20240429,424179000.0,FY2023H2
2297.HK,20230925,523905999.99999994,FY2023H1
2298.HK,20260430,3049947000.0,FY2025H2
2298.HK,20250930,3083459000.0,FY2025H1
2298.HK,20250430,3159044000.0,FY2024H2
2298.HK,20240930,3266340000.0,FY2024H1
2298.HK,20240430,3309360000.0,FY2023H2
2298.HK,20230928,2975480000.0,FY2023H1
2299.HK,20260416,25282229000.0,FY2025H2
2299.HK,20250910,27237612000.0,FY2025H1
2299.HK,20250417,27987254000.0,FY2024H2
2299.HK,20240916,28115729000.0,FY2024H1
2299.HK,20240418,26110310000.0,FY2023H2
2299.HK,20230914,26241637000.0,FY2023H1
2302.HK,20260424,89761000.0,FY2025H2
2302.HK,20250911,738584000.0,FY2025H1
2302.HK,20250410,273026000.0,FY2024H2
2302.HK,20240830,702406000.0,FY2024H1
2302.HK,20240419,810428000.0,FY2023H2
2302.HK,20230925,564803000.0,FY2023H1
2306.HK,20260428,1673321000.0,FY2025H2
2306.HK,20250925,1728709000.0,FY2025H1
2306.HK,20250428,1663063000.0,FY2024H2
2306.HK,20240926,1339961000.0,FY2024H1
2306.HK,20240429,1431555000.0,FY2023H2
2306.HK,20230921,1111483000.0,FY2023H1
2307.HK,20260423,2777457000.0,FY2025H2
2307.HK,20250901,2773234000.0,FY2025H1
2307.HK,20250429,2722954000.0,FY2024H2
2307.HK,20240920,2875851000.0,FY2024H1
2307.HK,20240429,2825650000.0,FY2023H2
2307.HK,20230920,2916138000.0,FY2023H1
2309.HK,20251027,1743852000.0,FY2025H2
2309.HK,20250320,1495397000.0,FY2025H1
2309.HK,20241025,1113494000.0,FY2024H2
2309.HK,20240321,977576000.0,FY2024H1
2309.HK,20231026,944822000.0,FY2023H2
2309.HK,20230324,816220000.0,FY2023H1
2310.HK,20260430,94578000.0,FY2025H2
2310.HK,20250930,102091000.0,FY2025H1
2310.HK,20250430,98069000.0,FY2024H2
2310.HK,20240930,109626000.0,FY2024H1
2310.HK,20240430,109212000.0,FY2023H2
2310.HK,20230929,112616000.0,FY2023H1
2312.HK,20260416,113567000.0,FY2025H2
2312.HK,20250903,77887000.0,FY2025H1
2312.HK,20250324,74966000.0,FY2024H2
2312.HK,20240830,68364000.0,FY2024H1
2312.HK,20240318,59397000.0,FY2023H2
2312.HK,20230831,46637000.0,FY2023H1
2313.HK,20260423,41532141000.0,FY2025H2
2313.HK,20250929,45856924000.0,FY2025H1
2313.HK,20250423,42239018000.0,FY2024H2
2313.HK,20240927,38934071000.0,FY2024H1
2313.HK,20240425,37014684000.0,FY2023H2
2313.HK,20230928,35969864000.0,FY2023H1
2314.HK,20260324,55429757000.0,FY2025H2
2314.HK,20250815,53856190000.0,FY2025H1
2314.HK,20250331,53561180000.0,FY2024H2
2314.HK,20240812,52781818000.0,FY2024H1
2314.HK,20240408,52248217000.0,FY2023H2
2314.HK,20230809,50856056000.0,FY2023H1
2315.HK,20260421,2176348000.0,FY2025H2
2315.HK,20250925,2073286999.9999998,FY2025H1
2315.HK,20250423,2034132000.0,FY2024H2
2315.HK,20240925,2048927000.0000002,FY2024H1
2315.HK,20240425,2049806999.9999998,FY2023H2
2315.HK,20230926,2183035000.0,FY2023H1
2317.HK,20260422,337842000.0,FY2025H2
2317.HK,20250917,321958000.0,FY2025H1
2317.HK,20250423,320488000.0,FY2024H2
2317.HK,20240912,340595000.0,FY2024H1
2317.HK,20240417,352614000.0,FY2023H2
2317.HK,20230914,365839000.0,FY2023H1
2318.HK,20260428,-795418000000.0,FY2025H2
2318.HK,20251028,-1091504000000.0,FY2025Q3
2318.HK,20250919,-741404000000.0,FY2025H1
2318.HK,20250425,-1107164000000.0,FY2025Q1
2318.HK,20250416,-710274000000.0,FY2024H2
2318.HK,20241021,-987869000000.0,FY2024Q3
2318.HK,20240912,-580556000000.0,FY2024H1
2318.HK,20240426,-536360000000.0,FY2023H2
2318.HK,20240423,-786452000000.0,FY2024Q1
2318.HK,20231027,-736469000000.0,FY2023Q3
2318.HK,20230919,-493195000000.0,FY2023H1
2318.HK,20230426,-752026000000.0,FY2023Q1
2319.HK,20260427,75662369000.0,FY2025H2
2319.HK,20250923,76470383000.0,FY2025H1
2319.HK,20250428,81275799000.0,FY2024H2
2319.HK,20240923,89380642000.0,FY2024H1
2319.HK,20240428,93823869000.0,FY2023H2
2319.HK,20230926,105933777000.0,FY2023H1
2320.HK,20260430,820672000.0,FY2025H2
2320.HK,20250915,850105000.0,FY2025H1
2320.HK,20250430,874824000.0,FY2024H2
2320.HK,20240923,915186000.0,FY2024H1
2320.HK,20240430,973148000.0,FY2023H2
2320.HK,20230921,1004648000.0,FY2023H1
2321.HK,20260428,415497000.0,FY2025H2
2321.HK,20250930,386561000.0,FY2025H1
2321.HK,20250429,337534000.0,FY2024H2
2321.HK,20240926,340851000.0,FY2024H1
2321.HK,20240429,303894000.0,FY2023H2
2321.HK,20230926,334618000.0,FY2023H1
2322.HK,20250729,616561000.0,FY2025H2
2322.HK,20241218,609872000.0,FY2025H1
2322.HK,20240729,538667000.0,FY2024H2
2322.HK,20231220,667069000.0,FY2024H1
2322.HK,20230727,653021000.0,FY2023H2
2322.HK,20221219,728118000.0,FY2023H1
2323.HK,20250417,980147000.0,FY2024H2
2323.HK,20240926,1622516000.0,FY2024H1
2323.HK,20240429,1683514000.0,FY2023H2
2323.HK,20230926,1809110000.0,FY2023H1
2324.HK,20260128,379457177.0,FY2025H2
2324.HK,20250611,282911859.0,FY2025H1
2324.HK,20250123,183915702.0,FY2024H2
2324.HK,20240614,252554752.0,FY2024H1
2324.HK,20240131,224871500.0,FY2023H2
2324.HK,20230614,263619161.00000003,FY2023H1
2325.HK,20260424,1212502000.0,FY2025H2
2325.HK,20250919,1785709000.0,FY2025H1
2325.HK,20250425,1906981000.0,FY2024H2
2325.HK,20240920,2780393000.0,FY2024H1
2325.HK,20240422,3287932000.0,FY2023H2
2325.HK,20230929,3309640000.0,FY2023H1
2326.HK,20250722,487876000.0,FY2025H2
2326.HK,20241212,449125000.0,FY2025H1
2326.HK,20240718,529828000.0,FY2024H2
2326.HK,20231214,1524656000.0,FY2024H1
2326.HK,20230714,1797644000.0,FY2023H2
2326.HK,20221213,1034108000.0,FY2023H1
2327.HK,20260428,1802507000.0,FY2025H2
2327.HK,20250922,1739142000.0,FY2025H1
2327.HK,20250429,1638707000.0,FY2024H2
2327.HK,20240923,1639787000.0,FY2024H1
2327.HK,20240429,1572400000.0,FY2023H2
2327.HK,20230922,1608668000.0,FY2023H1
2328.HK,20260401,-9073000000.0,FY2025H2
2328.HK,20250904,-9463000000.0,FY2025H1
2328.HK,20250402,-8550000000.0,FY2024H2
2328.HK,20240906,-12930000000.0,FY2024H1
2328.HK,20240408,-12242000000.0,FY2023H2
2328.HK,20230907,-9057000000.0,FY2023H1
2329.HK,20260430,53400381000.0,FY2025H2
2329.HK,20250930,55998527000.0,FY2025H1
2329.HK,20250430,56408967000.0,FY2024H2
2329.HK,20240927,54065461000.0,FY2024H1
2329.HK,20240430,55460225000.0,FY2023H2
2329.HK,20230928,55001854000.0,FY2023H1
2330.HK,20260416,452267000.0,FY2025H2
2330.HK,20250918,564857000.0,FY2025H1
2330.HK,20250429,553542000.0,FY2024H2
2330.HK,20240927,648292000.0,FY2024H1
2330.HK,20240426,634526000.0,FY2023H2
2330.HK,20230922,583973000.0,FY2023H1
2331.HK,20260422,20831823000.0,FY2025H2
2331.HK,20250910,24829111000.0,FY2025H1
2331.HK,20250429,28043291000.0,FY2024H2
2331.HK,20240904,29191135000.0,FY2024H1
2331.HK,20240423,28529044000.0,FY2023H2
2331.HK,20230828,27625008000.0,FY2023H1
2333.HK,20260327,198218781163.93,FY2025H2
2333.HK,20251024,196125761438.62,FY2025Q3
2333.HK,20250829,197980892533.52,FY2025H1
2333.HK,20250425,179523684936.54,FY2025Q1
2333.HK,20250328,187926089081.94,FY2024H2
2333.HK,20241025,159883556348.449,FY2024Q3
2333.HK,20240829,160977891915.99002,FY2024H1
2333.HK,20240424,159249542288.94,FY2024Q1
2333.HK,20240328,164179188555.75,FY2023H2
2333.HK,20231027,166792498178.96,FY2023Q3
2333.HK,20230830,156603188405.41,FY2023H1
2333.HK,20230421,150095720479.9,FY2023Q1
2336.HK,20260428,347627000.0,FY2025H2
2336.HK,20250926,349053000.0,FY2025H1
2336.HK,20250428,318421000.0,FY2024H2
2336.HK,20240926,332676000.0,FY2024H1
2336.HK,20240425,322458000.0,FY2023H2
2336.HK,20230926,314898000.0,FY2023H1
2337.HK,20260421,1764649000.0,FY2025H2
2337.HK,20250911,2351350000.0,FY2025H1
2337.HK,20250416,1807005000.0,FY2024H2
2337.HK,20240912,1611186000.0,FY2024H1
2337.HK,20240429,1868079000.0,FY2023H2
2337.HK,20230912,1369171000.0,FY2023H1
2338.HK,20260326,265316185009.56003,FY2025H2
2338.HK,20251030,257314834458.63998,FY2025Q3
2338.HK,20250829,270504361327.81998,FY2025H1
2338.HK,20250429,249245376432.38,FY2025Q1
2338.HK,20250327,244782341636.919,FY2024H2
2338.HK,20241030,238944469847.57,FY2024Q3
2338.HK,20240822,236749913850.41898,FY2024H1
2338.HK,20240429,212292529914.07,FY2024Q1
2338.HK,20240325,223532832563.519,FY2023H2
2338.HK,20231030,206782714823.32,FY2023Q3
2338.HK,20230830,218770047088.37,FY2023H1
2338.HK,20230428,200215835060.59,FY2023Q1
2339.HK,20260428,1770952000.0,FY2025H2
2339.HK,20250917,1999933000.0,FY2025H1
2339.HK,20250429,1898012000.0,FY2024H2
2339.HK,20240919,1969451000.0,FY2024H1
2339.HK,20240429,1815687000.0,FY2023H2
2339.HK,20230921,1998941000.0,FY2023H1
2340.HK,20260417,259673000.0,FY2025H2
2340.HK,20250917,264596999.99999997,FY2025H1
2340.HK,20250416,275966000.0,FY2024H2
2340.HK,20240917,271928000.0,FY2024H1
2340.HK,20240426,280359000.0,FY2023H2
2340.HK,20230921,311768000.0,FY2023H1
2342.HK,20260420,5460764000.0,FY2025H2
2342.HK,20250912,5582883000.0,FY2025H1
2342.HK,20250422,5955005000.0,FY2024H2
2342.HK,20240912,7059008000.0,FY2024H1
2342.HK,20230915,8181659000.0,FY2023H1
2343.HK,20260319,2003816000.0,FY2025H2
2343.HK,20250822,2010726000.0,FY2025H1
2343.HK,20250314,2123132999.9999998,FY2024H2
2343.HK,20240823,2134507000.0,FY2024H1
2343.HK,20240314,2145806999.9999998,FY2023H2
2343.HK,20230816,2275552000.0,FY2023H1
2347.HK,20250717,321200000.0,FY2025H2
2347.HK,20241219,232334000.0,FY2025H1
2347.HK,20240718,244710000.0,FY2024H2
2347.HK,20231215,208881000.0,FY2024H1
2347.HK,20230710,217701000.0,FY2023H2
2347.HK,20221215,141221000.0,FY2023H1
2348.HK,20260423,3242391000.0,FY2025H2
2348.HK,20250911,3403899000.0,FY2025H1
2348.HK,20250423,3152443000.0,FY2024H2
2348.HK,20240912,3256064000.0,FY2024H1
2348.HK,20240419,2908218000.0,FY2023H2
2348.HK,20230913,2864906000.0,FY2023H1
2349.HK,20260430,1017196000.0,FY2025H2
2349.HK,20250925,1058328000.0,FY2025H1
2349.HK,20250429,1059377999.9999999,FY2024H2
2349.HK,20240906,1173850000.0,FY2024H1
2349.HK,20240429,1217273000.0,FY2023H2
2349.HK,20230908,1308540000.0,FY2023H1
2350.HK,20250731,468900000.0,FY2025H2
2350.HK,20241218,435040000.0,FY2025H1
2350.HK,20240722,470073000.0,FY2024H2
2350.HK,20231215,494561000.0,FY2024H1
2350.HK,20230720,359222000.0,FY2023H2
2350.HK,20221215,301917000.0,FY2023H1
2352.HK,20260424,1009600000.0,FY2025H2
2352.HK,20250917,1053243999.9999999,FY2025H1
2352.HK,20250424,1010489000.0,FY2024H2
2352.HK,20240926,1113115000.0,FY2024H1
2352.HK,20230914,956929000.0,FY2023H1
2355.HK,20260424,35461613000.0,FY2025H2
2355.HK,20250926,35699538000.0,FY2025H1
2355.HK,20250430,36794986000.0,FY2024H2
2355.HK,20240927,37213556000.0,FY2024H1
2355.HK,20240426,38545284000.0,FY2023H2
2355.HK,20230922,38908725000.0,FY2023H1
2356.HK,20260428,,FY2025H2
2356.HK,20250915,,FY2025H1
2356.HK,20250428,,FY2024H2
2356.HK,20240923,,FY2024H1
2356.HK,20240425,,FY2023H2
2356.HK,20230918,,FY2023H1
2357.HK,20260422,176069931543.0,FY2025H2
2357.HK,20250924,167295061526.0,FY2025H1
2357.HK,20250424,160628625760.0,FY2024H2
2357.HK,20240919,156442809077.0,FY2024H1
2357.HK,20230915,147440962365.0,FY2023H1
2358.HK,20251002,1873283000.0,FY2025H3
2358.HK,20250331,2086315000.0,FY2025H2
2358.HK,20240925,2089598000.0,FY2025H1
2358.HK,20240627,2231411000.0,FY2023H2
2358.HK,20230928,2547822000.0,FY2023H1
2359.HK,20260401,72800749000.0,FY2025Q4
2359.HK,20251026,68280319000.0,FY2025Q3
2359.HK,20250902,65316651000.0,FY2025Q2
2359.HK,20250428,63525179000.0,FY2025Q1
2359.HK,20250403,65919185000.0,FY2024Q4
2359.HK,20241028,63130062000.0,FY2024Q3
2359.HK,20240904,62856655000.0,FY2024Q2
2359.HK,20240429,61588147000.0,FY2024Q1
2359.HK,20240426,61847437000.0,FY2023Q4
2359.HK,20231030,60440859000.0,FY2023Q3
2359.HK,20230904,57851399000.0,FY2023Q2
2359.HK,20230424,56495349000.0,FY2023Q1
2360.HK,20260427,920218000.0,FY2025H2
2360.HK,20250916,843972000.0,FY2025H1
2360.HK,20250428,908471000.0,FY2024H2
2360.HK,20240913,844101000.0,FY2024H1
2360.HK,20230703,852572000.0,FY2023H2
2360.HK,20221209,857425000.0,FY2023H1
2361.HK,20260423,621202000.0,FY2025H2
2361.HK,20250923,762726000.0,FY2025H1
2361.HK,20250423,735630000.0,FY2024H2
2361.HK,20240923,776907000.0,FY2024H1
2361.HK,20240423,673810000.0,FY2023H2
2361.HK,20230922,650491000.0,FY2023H1
2362.HK,20260526,2481700000.0,FY2025H1
2362.HK,20260525,2620994000.0,FY2025H2
2362.HK,20240926,2215022000.0,FY2024H1
2362.HK,20240429,2109001000.0000002,FY2023H2
2362.HK,20230927,2056029000.0,FY2023H1
2363.HK,20260415,39480000.0,FY2025H2
2363.HK,20250926,76334000.0,FY2025H1
2363.HK,20250415,76294000.0,FY2024H2
2363.HK,20240927,56896000.0,FY2024H1
2363.HK,20240403,81418000.0,FY2023H2
2363.HK,20230914,101576000.0,FY2023H1
2367.HK,20260429,4535263000.0,FY2025H2
2367.HK,20250923,4342487000.0,FY2025H1
2367.HK,20250428,4007751000.0,FY2024H2
2367.HK,20240926,3216255000.0,FY2024H1
2367.HK,20240429,2469079000.0,FY2023H2
2367.HK,20230927,2320510000.0,FY2023H1
2368.HK,20250717,3422722000.0,FY2025H2
2368.HK,20241128,3685123000.0,FY2025H1
2368.HK,20240725,2576353000.0,FY2024H2
2368.HK,20231127,2542884000.0,FY2024H1
2368.HK,20230724,2455284000.0,FY2023H2
2368.HK,20221201,2692869000.0,FY2023H1
2369.HK,20260428,3991599000.0,FY2025H2
2369.HK,20250918,4329896000.0,FY2025H1
2369.HK,20250422,4350601000.0,FY2024H2
2369.HK,20250227,4432775000.0,FY2024H1
2369.HK,20230925,3983689000.0,FY2023H1
2370.HK,20260428,467035000.0,FY2025H2
2370.HK,20250924,460508000.0,FY2025H1
2370.HK,20250429,438049000.0,FY2024H2
2370.HK,20240925,445645000.0,FY2024H1
2370.HK,20240530,413242000.0,FY2023H2
2371.HK,20251023,207758000.0,FY2025H2
2371.HK,20241024,355293000.0,FY2024H3
2371.HK,20240320,419812000.0,FY2024H2
2371.HK,20230920,368678000.0,FY2023H1
2372.HK,20260430,161925000.0,FY2025H2
2372.HK,20250922,194126000.0,FY2025H1
2372.HK,20250423,208547000.0,FY2024H2
2372.HK,20240924,242477000.0,FY2024H1
2372.HK,20240425,270013000.0,FY2023H2
2372.HK,20230929,218571000.0,FY2023H1
2373.HK,20260427,2701667000.0,FY2025H2
2373.HK,20250926,2584884000.0,FY2025H1
2373.HK,20250424,2702811000.0,FY2024H2
2373.HK,20240927,2510013000.0,FY2024H1
2373.HK,20240424,2475273000.0,FY2023H2
2373.HK,20230922,2295517000.0,FY2023H1
2376.HK,20260424,429835542.32,FY2025H2
2376.HK,20250926,509152837.26,FY2025H1
2376.HK,20250428,502534244.59000003,FY2024H2
2376.HK,20240923,514527691.75000006,FY2024H1
2376.HK,20230925,518403136.44,FY2023H1
2377.HK,20260429,3869208000.0,FY2025H2
2377.HK,20250918,3818945000.0,FY2025H1
2377.HK,20250424,4024058000.0,FY2024H2
2377.HK,20240919,3921300000.0,FY2024H1
2377.HK,20240424,3955471000.0,FY2023H2
2377.HK,20230919,3842627000.0,FY2023H1
2378.HK,20260326,-5308428960.0,FY2025H2
2378.HK,20250826,-3712210660.0,FY2025H1
2380.HK,20260424,345714032000.0,FY2025H2
2380.HK,20250917,329526611000.0,FY2025H1
2380.HK,20250424,320676000000.0,FY2024H2
2380.HK,20240916,307151703000.0,FY2024H1
2380.HK,20240426,289919965000.0,FY2023H2
2380.HK,20230915,207768304000.0,FY2023H1
2381.HK,20260424,115218000.0,FY2025H2
2381.HK,20250929,111861000.0,FY2025H1
2381.HK,20250428,112711000.0,FY2024H2
2381.HK,20240919,106081000.0,FY2024H1
2381.HK,20240425,101173000.0,FY2023H2
2381.HK,20230922,110259000.0,FY2023H1
2382.HK,20260424,51730483000.0,FY2025H2
2382.HK,20250909,47342883000.0,FY2025H1
2382.HK,20250430,49296482000.0,FY2024H2
2382.HK,20240913,38933966000.0,FY2024H1
2382.HK,20240422,37210438000.0,FY2023H2
2382.HK,20230908,35513177000.0,FY2023H1
2383.HK,20260401,1733709000.0,FY2025H2
2383.HK,20250829,1889394000.0,FY2025H1
2383.HK,20250401,1851049000.0,FY2024H2
2383.HK,20240827,1854370000.0,FY2024H1
2383.HK,20240327,2011466000.0,FY2023H2
2383.HK,20230825,2060636000.0,FY2023H1
2385.HK,20260422,259197999.99999997,FY2025H2
2385.HK,20250904,335747000.0,FY2025H1
2385.HK,20250424,348045000.0,FY2024H2
2385.HK,20240830,363519000.0,FY2024H1
2385.HK,20240424,372306000.0,FY2023H2
2385.HK,20230921,422873000.0,FY2023H1
2386.HK,20260315,75518995000.0,FY2025H2
2386.HK,20250817,74558171000.0,FY2025H1
2386.HK,20250316,70073414000.0,FY2024H2
2386.HK,20240818,71677141000.0,FY2024H1
2386.HK,20230820,63997424000.0,FY2023H1
2388.HK,20260330,-124907000000.0,FY2025H2
2388.HK,20250829,-99156000000.0,FY2025H1
2388.HK,20250326,-113040000000.0,FY2024H2
2388.HK,20240829,-127359000000.0,FY2024H1
2388.HK,20240328,-156201000000.0,FY2023H2
2388.HK,20230830,-111744000000.0,FY2023H1
2389.HK,20260428,1782714000.0,FY2025H2
2389.HK,20250922,1721975000.0,FY2025H1
2389.HK,20250421,1792322000.0,FY2024H2
2389.HK,20240912,1850730000.0,FY2024H1
2389.HK,20240422,1945068000.0,FY2023H2
2389.HK,20230922,2083676000.0,FY2023H1
2390.HK,20260417,1821720000.0,FY2025Q4
2390.HK,20251125,2645071000.0,FY2025Q3
2390.HK,20250827,2421651000.0,FY2025Q2
2390.HK,20250527,2316753000.0,FY2025Q1
2390.HK,20250415,1607448000.0,FY2024Q4
2390.HK,20241126,2668167000.0,FY2024Q3
2390.HK,20240822,2822535000.0,FY2024Q2
2390.HK,20240612,4149880000.0,FY2024Q1
2390.HK,20240426,4497556000.0,FY2023Q4
2390.HK,20231129,3724105000.0,FY2023Q3
2390.HK,20230823,3408889000.0,FY2023Q2
2390.HK,20230524,3308635000.0,FY2023Q1
2391.HK,20260422,241806000.0,FY2025Q4
2391.HK,20251124,281576000.0,FY2025Q3
2391.HK,20250826,380084000.0,FY2025Q2
2391.HK,20250521,354615000.0,FY2025Q1
2391.HK,20250424,450446000.0,FY2024Q4
2391.HK,20241118,504802000.0,FY2024Q3
2391.HK,20240826,474883000.0,FY2024Q2
2391.HK,20240520,547720000.0,FY2024Q1
2391.HK,20240424,567712000.0,FY2023Q4
2391.HK,20231128,882765000.0,FY2023Q3
2391.HK,20230823,953072000.0,FY2023Q2
2391.HK,20230607,966798000.0,FY2023Q1
2392.HK,20260424,418120000.0,FY2025H2
2392.HK,20250912,519691000.00000006,FY2025H1
2392.HK,20250423,551905000.0,FY2024H2
2392.HK,20240913,556852000.0,FY2024H1
2392.HK,20240424,488248000.0,FY2023H2
2392.HK,20230918,552674000.0,FY2023H1
2393.HK,20260423,904004000.0,FY2025H2
2393.HK,20250912,1011833000.0,FY2025H1
2393.HK,20250424,1235667000.0,FY2024H2
2393.HK,20240913,1605232000.0,FY2024H1
2393.HK,20240426,3122407000.0,FY2023H2
2393.HK,20230915,3068143000.0,FY2023H1
2396.HK,20260429,46936000.0,FY2025Q4
2396.HK,20251212,50362000.0,FY2025Q3
2399.HK,20260429,1144696000.0,FY2025H2
2399.HK,20250922,1290195000.0,FY2025H1
2399.HK,20250527,1363387000.0,FY2024H2
2399.HK,20240923,1590316000.0,FY2024H1
2399.HK,20240429,1655177000.0,FY2023H2
2399.HK,20230927,1527795000.0,FY2023H1
2400.HK,20260429,1517382000.0,FY2025H2
2400.HK,20250929,1539130000.0,FY2025H1
2400.HK,20250429,1142028000.0,FY2024H2
2400.HK,20240926,1216658000.0,FY2024H1
2400.HK,20240425,1202621000.0,FY2023H2
2400.HK,20230926,1502411000.0,FY2023H1
2402.HK,20260429,3288844566.79,FY2025H2
2402.HK,20251030,3643488408.78,FY2025Q3
2402.HK,20250828,3830302808.03,FY2025H1
2402.HK,20250428,4037841326.06,FY2024H2
2402.HK,20241030,4390449742.2699995,FY2024Q3
2402.HK,20240829,4379708033.91,FY2024H1
2402.HK,20240426,4339685274.63,FY2023H2
2402.HK,20231030,4067057706.7200003,FY2023Q3
2402.HK,20230830,4050739542.3799996,FY2023H1
2402.HK,20230427,3222832001.7599998,FY2023Q1
2405.HK,20260429,9679000.0,FY2025H2
2405.HK,20250925,193498000.0,FY2025H1
2405.HK,20250428,231771000.0,FY2024H2
2405.HK,20240920,243894000.0,FY2024H1
2405.HK,20240429,203423000.0,FY2023H2
2405.HK,20230919,133306999.99999999,FY2023H1
2407.HK,20260429,1193097000.0,FY2025H2
2407.HK,20250925,1233453000.0,FY2025H1
2407.HK,20250429,1234367000.0,FY2024H2
2407.HK,20240926,1323102000.0,FY2024H1
2407.HK,20240429,1263633000.0,FY2023H2
2407.HK,20230926,1244797000.0,FY2023H1
2408.HK,20260427,1405853000.0,FY2025H2
2408.HK,20251127,1156891000.0,FY2025H1
2409.HK,20260428,887938000.0,FY2025H2
2409.HK,20250925,682408000.0,FY2025H1
2409.HK,20250428,507974000.0,FY2024H2
2409.HK,20240926,545620000.0,FY2024H1
2409.HK,20240428,464061000.0,FY2023H2
2409.HK,20230926,379314000.0,FY2023H1
2410.HK,20260429,412452000.0,FY2025H2
2410.HK,20250919,588339000.0,FY2025H1
2410.HK,20250429,520116000.0,FY2024Q4
2410.HK,20240927,468654000.0,FY2024Q2
2410.HK,20240812,507117000.0,FY2024Q1
2411.HK,20260430,5245829000.0,FY2025H2
2411.HK,20250922,5237423000.0,FY2025H1
2411.HK,20250429,5624059000.0,FY2024H2
2411.HK,20240923,6055937000.0,FY2024H1
2411.HK,20240426,5065767000.0,FY2023H2
2411.HK,20230922,5173047000.0,FY2023H1
2415.HK,20260430,1017977000.0,FY2025H2
2415.HK,20250930,1068352000.0000001,FY2025H1
2415.HK,20250430,982297000.0,FY2024H2
2415.HK,20240927,1175337000.0,FY2024H1
2415.HK,20240429,1113681000.0,FY2023H2
2415.HK,20230927,530985000.0,FY2023H1
2416.HK,20260429,3259966000.0,FY2025H2
2416.HK,20250922,2950587000.0,FY2025H1
2416.HK,20250423,2782021000.0,FY2024H2
2416.HK,20240926,2682021000.0,FY2024H1
2416.HK,20240426,2631354000.0,FY2023H2
2416.HK,20230925,2623806000.0,FY2023H1
2418.HK,20260429,7867425000.0,FY2025H2
2418.HK,20250925,6972235000.0,FY2025H1
2418.HK,20250430,6552032000.0,FY2024H2
2418.HK,20240924,6535604000.0,FY2024H1
2418.HK,20240425,6419810000.0,FY2023H2
2418.HK,20230922,6141108000.0,FY2023H1
2419.HK,20260324,19106208033.719997,FY2025H2
2419.HK,20250822,18830659000.0,FY2025H1
2419.HK,20250402,18549368000.0,FY2024H2
2419.HK,20240828,18343125000.0,FY2024H1
2420.HK,20260410,911407000.0,FY2025H2
2420.HK,20250910,908004000.0,FY2025H1
2420.HK,20250409,632756000.0,FY2024H2
2420.HK,20240909,558689000.0,FY2024H1
2420.HK,20240418,615931000.0,FY2023H2
2420.HK,20230907,1024739000.0,FY2023H1
2421.HK,20250725,1223416000.0,FY2025H2
2421.HK,20241219,1206081000.0,FY2025H1
2421.HK,20240725,1216416000.0,FY2024H2
2421.HK,20231220,1267796000.0,FY2024H1
2421.HK,20230727,1255163000.0,FY2023H2
2421.HK,20230228,1215174000.0,FY2023H1
2422.HK,20260428,373942000.0,FY2025H2
2422.HK,20250926,472892000.0,FY2025H1
2422.HK,20250424,369931000.0,FY2024H2
2422.HK,20240925,465528000.0,FY2024H1
2422.HK,20240430,425522000.0,FY2023H2
2422.HK,20230919,286636000.0,FY2023H1
2423.HK,20260424,104195063000.0,FY2025Q4
2423.HK,20251112,105149921000.0,FY2025Q3
2423.HK,20250826,107799407000.0,FY2025Q2
2423.HK,20250515,113042981000.0,FY2025Q1
2423.HK,20250417,116797488000.0,FY2024Q4
2423.HK,20241121,108354185000.0,FY2024Q3
2423.HK,20240812,108221864000.0,FY2024Q2
2423.HK,20240523,96263561000.0,FY2024Q1
2423.HK,20240426,95813408000.0,FY2023Q4
2423.HK,20231109,97600734000.0,FY2023Q3
2423.HK,20230831,80722922000.0,FY2023Q2
2423.HK,20230518,82430073000.0,FY2023Q1
2425.HK,20260428,8489592000.000001,FY2025H2
2425.HK,20250929,8743099000.0,FY2025H1
2425.HK,20250422,9585574000.0,FY2024H2
2425.HK,20240926,10000810000.0,FY2024H1
2425.HK,20240429,10903365000.0,FY2023H2
2425.HK,20230926,10316425000.0,FY2023H1
2427.HK,20260430,248757000.0,FY2025H2
2427.HK,20250926,271092000.0,FY2025H1
2427.HK,20250428,275942000.0,FY2024H2
2427.HK,20240924,268841000.0,FY2024H1
2427.HK,20240429,244143000.0,FY2023H2
2427.HK,20230922,237641000.0,FY2023H1
2429.HK,20260428,982778000.0,FY2025H2
2429.HK,20250828,937776000.0,FY2025H1
2429.HK,20250428,937773000.0,FY2024H2
2429.HK,20240827,1049761000.0,FY2024H1
2429.HK,20240426,1128299000.0,FY2023H2
2429.HK,20231024,1224384000.0,FY2023H1
2431.HK,20260430,1320523000.0,FY2025H2
2431.HK,20250922,1008614000.0,FY2025H1
2431.HK,20250428,884347000.0,FY2024H2
2431.HK,20241217,867634000.0,FY2024H1
2432.HK,20260330,2708128000.0,FY2025H2
2432.HK,20250922,1212620000.0,FY2025H1
2432.HK,20250425,1265023000.0,FY2024H2
2432.HK,20241213,605375000.0,FY2024H1
2433.HK,20260430,2018787000.0,FY2025H2
2433.HK,20250930,2301479000.0,FY2025H1
2433.HK,20250430,2207091000.0,FY2024H2
2433.HK,20240920,2183706000.0,FY2024H1
2433.HK,20240429,1977558000.0,FY2023H2
2433.HK,20230922,1839204000.0,FY2023H1
2436.HK,20260429,1333977000.0,FY2025H2
2436.HK,20250925,1415288000.0,FY2025H1
2436.HK,20250423,1419019000.0,FY2024H2
2436.HK,20240917,1271335000.0,FY2024H1
2436.HK,20240425,1265210000.0,FY2023H2
2436.HK,20230926,1216071000.0,FY2023H1
2438.HK,20260428,225628000.0,FY2025H2
2438.HK,20250926,219207000.0,FY2025H1
2438.HK,20250425,368710000.0,FY2024H2
2438.HK,20240926,361844000.0,FY2024H1
2439.HK,20260427,868233000.0,FY2025H2
2439.HK,20250918,492370000.0,FY2025H1
2439.HK,20250424,267898000.00000003,FY2024H2
2439.HK,20240924,252375000.0,FY2024H1
2439.HK,20240425,242349000.0,FY2023H2
2439.HK,20230922,237643000.0,FY2023H1
2440.HK,20260423,123264000.0,FY2025H2
2440.HK,20250926,222799000.0,FY2025H1
2440.HK,20250423,247971000.0,FY2024H2
2440.HK,20240913,298467000.0,FY2024H1
2440.HK,20240423,323197000.0,FY2023H2
2440.HK,20230918,283626000.0,FY2023H1
2442.HK,20251010,177895000.0,FY2025H2
2442.HK,20250314,218577000.0,FY2025H1
2442.HK,20241018,160883000.0,FY2024H2
2442.HK,20240315,187214000.0,FY2024H1
2443.HK,20260428,402937000.0,FY2025H2
2443.HK,20250919,194674000.0,FY2025H1
2443.HK,20250428,203637000.0,FY2024H2
2443.HK,20240926,218220000.0,FY2024H1
2448.HK,20240429,1096124000.0,FY2023H2
2448.HK,20230929,1207278000.0,FY2023H1
2450.HK,20260423,2126655000.0000002,FY2025H2
2450.HK,20250926,1885958000.0,FY2025H1
2450.HK,20250425,2154704000.0,FY2024H2
2450.HK,20240926,2010162000.0,FY2024H1
2450.HK,20240430,2309343000.0,FY2023H2
2450.HK,20230927,2017450000.0,FY2023H1
2451.HK,20260423,4614363000.0,FY2025H2
2451.HK,20250926,4323797000.0,FY2025H1
2451.HK,20250423,3769543000.0,FY2024H2
2451.HK,20240926,3415677000.0,FY2024H1
2453.HK,20260415,4783434000.0,FY2025H2
2453.HK,20250926,5401844000.0,FY2025H1
2453.HK,20250425,5493984000.0,FY2024H2
2453.HK,20240927,5375113000.0,FY2024H1
2453.HK,20240419,4611958000.0,FY2023H2
2453.HK,20231229,4660381000.0,FY2023H1
2455.HK,20260429,601074000.0,FY2025H2
2455.HK,20250926,633217000.0,FY2025H1
2455.HK,20250428,565913000.0,FY2024H2
2455.HK,20240930,572763000.0,FY2024H1
2455.HK,20240430,517885999.99999994,FY2023H2
2455.HK,20230926,505644000.0,FY2023H1
2457.HK,20260423,400769000.0,FY2025H2
2457.HK,20250925,347822000.0,FY2025H1
2457.HK,20250425,305905000.0,FY2024H2
2457.HK,20240925,321408000.0,FY2024H1
2457.HK,20240430,260887000.0,FY2023H2
2457.HK,20230926,251912000.0,FY2023H1
2458.HK,20260410,279060000.0,FY2025H2
2458.HK,20250915,295491000.0,FY2025H1
2458.HK,20250331,253937000.0,FY2024H2
2458.HK,20240904,217691000.0,FY2024H1
2458.HK,20240424,227007000.0,FY2023H2
2458.HK,20230928,206411000.0,FY2023H1
2459.HK,20260402,167720000.0,FY2025H2
2459.HK,20250926,168419000.0,FY2025H1
2459.HK,20250416,163032000.0,FY2024H2
2459.HK,20240925,185626000.0,FY2024H1
2459.HK,20240425,196434000.0,FY2023H2
2459.HK,20230926,201184000.0,FY2023H1
2460.HK,20260424,14215055000.0,FY2025H2
2460.HK,20260326,6481897000.0,FY2025Q4
2460.HK,20250924,12952222000.0,FY2025H1
2465.HK,20260424,15189933000.0,FY2025H2
2465.HK,20250919,14966459000.0,FY2025H1
2465.HK,20250422,13065513000.0,FY2024H2
2465.HK,20241022,14609807000.0,FY2024H1
2469.HK,20260427,950742000.0,FY2025H2
2469.HK,20250929,1057252000.0,FY2025H1
2469.HK,20250428,920569000.0,FY2024H2
2469.HK,20240920,1321147000.0,FY2024H1
2469.HK,20240425,1441102000.0,FY2023H2
2469.HK,20230920,805380000.0,FY2023H1
2473.HK,20260428,2351232000.0,FY2025H2
2473.HK,20250917,2006966000.0,FY2025H1
2473.HK,20250428,1918422000.0,FY2024H2
2473.HK,20240913,1726199000.0,FY2024H1
2473.HK,20240426,1685773000.0,FY2023H2
2473.HK,20231030,1559601000.0,FY2023H1
2477.HK,20260423,275790000.0,FY2025H2
2477.HK,20250926,238115000.0,FY2025H1
2477.HK,20250422,220339000.0,FY2024H2
2477.HK,20240919,175597000.0,FY2024H1
2477.HK,20240419,159782000.0,FY2023H2
2477.HK,20231228,134592000.0,FY2023H1
2479.HK,20240925,732059000.0,FY2024H1
2480.HK,20260423,943646000.0,FY2025H2
2480.HK,20250826,975856000.0,FY2025H1
2480.HK,20250416,910337000.0,FY2024H2
2480.HK,20240829,914539000.0,FY2024H1
2480.HK,20240423,901712000.0,FY2023H2
2480.HK,20230831,884305000.0,FY2023H1
2481.HK,20260421,5167308000.0,FY2025H2
2481.HK,20250915,5120480000.0,FY2025H1
2481.HK,20250425,5240365000.0,FY2024H2
2481.HK,20240916,5121254000.0,FY2024H1
2481.HK,20240424,4986862000.0,FY2023H2
2481.HK,20230918,4743250000.0,FY2023H1
2482.HK,20260427,1522252000.0,FY2025H2
2482.HK,20250919,1853063000.0,FY2025H1
2482.HK,20250425,2180529000.0,FY2024H2
2482.HK,20240913,2051456000.0000002,FY2024H1
2482.HK,20240425,1932901000.0,FY2023H2
2482.HK,20230907,1605876000.0,FY2023H1
2483.HK,20260421,-64717000.0,FY2025H2
2483.HK,20250917,-41614000.0,FY2025H1
2483.HK,20250416,-116428000.0,FY2024H2
2483.HK,20240920,-60074000.0,FY2024H1
2486.HK,20260428,592912000.0,FY2025H2
2486.HK,20250919,661729000.0,FY2025H1
2486.HK,20250428,641061000.0,FY2024H2
2486.HK,20240919,520390000.0,FY2024H1
2486.HK,20240430,507315000.0,FY2023H2
2486.HK,20230915,578956000.0,FY2023H1
2487.HK,20260424,999365000.0,FY2025H2
2487.HK,20250926,846137000.0,FY2025H1
2487.HK,20250422,948771000.0,FY2024H2
2487.HK,20240926,1179947000.0,FY2024H1
2487.HK,20240426,1197183000.0,FY2023H2
2487.HK,20230921,1058759000.0,FY2023H1
2488.HK,20260402,1512283917.34,FY2025H2
2488.HK,20250825,1522206000.0,FY2025H1
2488.HK,20250403,1344353737.01,FY2024H2
2488.HK,20240822,1281399000.0,FY2024H1
2488.HK,20240419,1147504543.88,FY2023H2
2488.HK,20230915,1217138000.0,FY2023H1
2489.HK,20260424,1163820000.0,FY2025H2
2489.HK,20251128,1152750000.0,FY2025Q3
2489.HK,20250912,1133589000.0,FY2025H1
2489.HK,20250530,1049645000.0,FY2025Q1
2489.HK,20250417,615363000.0,FY2024H2
2489.HK,20241129,626791000.0,FY2024Q3
2489.HK,20240913,629050000.0,FY2024H1
2489.HK,20240524,625577000.0,FY2024Q1
2489.HK,20240426,631061000.0,FY2023H2
2489.HK,20231214,617544000.0,FY2023H1
2490.HK,20260428,1465452000.0,FY2025H2
2490.HK,20250912,1428654000.0,FY2025H1
2490.HK,20250422,1135355000.0,FY2024H2
2490.HK,20240920,1387092000.0,FY2024H1
2490.HK,20240423,1229028000.0,FY2023H2
2490.HK,20230927,1217172000.0,FY2023H1
2495.HK,20260423,2906721000.0,FY2025H2
2495.HK,20250926,2654872000.0,FY2025H1
2495.HK,20250425,2248779000.0,FY2024H2
2495.HK,20240913,1543412000.0,FY2024H1
2496.HK,20260416,74398000.0,FY2025H2
2496.HK,20250916,72934000.0,FY2025H1
2496.HK,20250416,141057000.0,FY2024H2
2496.HK,20240916,97597000.0,FY2024H1
2496.HK,20240426,104428000.0,FY2023H2
2496.HK,20230928,100149000.0,FY2023H1
2497.HK,20260430,498368000.0,FY2025H2
2497.HK,20250930,424745000.0,FY2025H1
2497.HK,20250429,366492000.0,FY2024H2
2497.HK,20240925,288706000.0,FY2024H1
2497.HK,20240429,287137000.0,FY2023Q4
2497.HK,20240320,280602000.0,FY2023Q3
2498.HK,20260424,3159224000.0,FY2025H2
2498.HK,20251125,2354951000.0,FY2025Q3
2498.HK,20250926,2014720000.0,FY2025H1
2498.HK,20250530,1704834000.0,FY2025Q1
2498.HK,20250428,1303154000.0,FY2024H2
2498.HK,20241129,3893230000.0,FY2024Q3
2498.HK,20240920,1300762000.0,FY2024H1
2498.HK,20240520,1605222000.0,FY2024Q1
2498.HK,20231227,1128691000.0,FY2023H1
2499.HK,20260422,3935919000.0,FY2025H2
2499.HK,20250919,3794057000.0,FY2025H1
2499.HK,20250416,3575842000.0,FY2024H2
2499.HK,20240920,3374315000.0,FY2024H1
2500.HK,20260429,1344598000.0,FY2025H2
2500.HK,20250929,1805689000.0,FY2025H1
2500.HK,20250429,1912093000.0,FY2024H2
2500.HK,20240927,2380187000.0,FY2024H1
2500.HK,20240429,2614964000.0,FY2023H2
2500.HK,20230928,2270100000.0,FY2023H1
2501.HK,20260429,742512000.0,FY2025H2
2501.HK,20250929,638911000.0,FY2025H1
2501.HK,20250422,650536000.0,FY2024H2
2501.HK,20240930,547864000.0,FY2024H1
2502.HK,20260423,1363303000.0,FY2025H2
2502.HK,20250922,1435664000.0,FY2025H1
2502.HK,20250428,1528957000.0,FY2024H2
2502.HK,20240922,1301466000.0,FY2024H1
2502.HK,20240428,1352007000.0,FY2023H2
2502.HK,20231212,1150914000.0,FY2023H1
2503.HK,20260420,1569799000.0,FY2025H2
2503.HK,20250912,1490985000.0,FY2025H1
2503.HK,20250410,1551475000.0,FY2024H2
2503.HK,20240916,1430240000.0,FY2024H1
2503.HK,20240425,1535576000.0,FY2023H2
2503.HK,20231228,1244736000.0,FY2023H1
2505.HK,20260428,1859252000.0,FY2025H2
2505.HK,20250926,1601292000.0,FY2025H1
2505.HK,20250428,1333002000.0,FY2024H2
2505.HK,20240927,658486000.0,FY2024H1
2506.HK,20260416,2122864000.0,FY2025H2
2506.HK,20250911,1444626000.0,FY2025H1
2506.HK,20250416,1313203000.0,FY2024H2
2506.HK,20241218,1064422000.0,FY2024H1
2507.HK,20260424,1064926999.9999999,FY2025H2
2507.HK,20250929,980611000.0,FY2025H1
2507.HK,20250428,855335000.0,FY2024H2
2507.HK,20240919,750308000.0,FY2024H1
2508.HK,20260429,872120000.0,FY2025H2
2508.HK,20250929,532601000.0,FY2025H1
2509.HK,20260427,638578000.0,FY2025H2
2509.HK,20250919,632828000.0,FY2025H1
2509.HK,20250429,623189000.0,FY2024H2
2509.HK,20240920,606283000.0,FY2024H1
2509.HK,20240427,568276000.0,FY2023Q4
2509.HK,20240312,573939000.0,FY2023Q3
2511.HK,20260429,318952000.0,FY2025H2
2511.HK,20250929,312969000.0,FY2025H1
2511.HK,20250423,249181000.0,FY2024H2
2511.HK,20240927,229377000.0,FY2024H1
2511.HK,20240426,186824000.0,FY2023H2
2511.HK,20231214,25662000.0,FY2023H1
2512.HK,20260427,779145000.0,FY2025H2
2512.HK,20250918,612696000.0,FY2025H1
2512.HK,20250423,540390000.0,FY2024H2
2512.HK,20240920,713658000.0,FY2024H1
2513.HK,20260419,2450016000.0,FY2025H2
2513.HK,20251230,2363725000.0,FY2025H1
2515.HK,20260408,623835000.0,FY2025H2
2515.HK,20250825,632301000.0,FY2025H1
2515.HK,20250430,684631000.0,FY2024H2
2515.HK,20240903,551469000.0,FY2024H1
2515.HK,20231229,436767000.0,FY2023H1
2516.HK,20260415,886515000.0,FY2025H2
2516.HK,20250925,830712000.0,FY2025H1
2516.HK,20250424,1129018000.0,FY2024H2
2516.HK,20240926,848756000.0,FY2024H1
2516.HK,20240425,653388000.0,FY2023H2
2516.HK,20231212,335281000.0,FY2023H1
2517.HK,20260407,4349367000.0,FY2025H2
2517.HK,20250821,3490066000.0,FY2025H1
2517.HK,20250429,3287695000.0,FY2024H2
2517.HK,20240919,3232575000.0,FY2024H1
2518.HK,20260415,22181502000.0,FY2025Q4
2518.HK,20251106,25753890000.0,FY2025Q3
2518.HK,20250731,26048964000.0,FY2025Q2
2518.HK,20250508,26848158000.0,FY2025Q1
2518.HK,20250415,24582687000.0,FY2024Q4
2518.HK,20241106,27380688000.0,FY2024Q3
2518.HK,20240731,26667600000.0,FY2024Q2
2518.HK,20240508,27972233000.0,FY2024Q1
2518.HK,20240425,21881510000.0,FY2023Q4
2518.HK,20231102,28701997000.0,FY2023Q3
2518.HK,20230727,27669602000.0,FY2023Q2
2518.HK,20230511,28428393000.0,FY2023Q1
2519.HK,20260422,8470441999.999999,FY2025H2
2519.HK,20250918,7570360000.0,FY2025H1
2520.HK,20260424,20913319000.0,FY2025H2
2520.HK,20250929,19167557000.0,FY2025H1
2520.HK,20250425,18209842274.15,FY2024H2
2520.HK,20240926,18894488738.33,FY2024H1
2521.HK,20260429,603664000.0,FY2025H2
2521.HK,20250827,531019000.0,FY2025H1
2521.HK,20250422,479214000.0,FY2024H2
2521.HK,20240930,353346000.0,FY2024H1
2521.HK,20240429,291780000.0,FY2023H2
2521.HK,20231127,287197000.0,FY2023H1
2522.HK,20260331,2160034000.0,FY2025H2
2522.HK,20250918,2011723000.0,FY2025H1
2522.HK,20250403,1926070000.0,FY2024H2
2522.HK,20240924,1785075000.0,FY2024H1
2525.HK,20260424,9597786000.0,FY2025Q4
2525.HK,20251111,8349193999.999999,FY2025Q3
2525.HK,20250814,3527740000.0,FY2025Q2
2525.HK,20250527,3000777000.0,FY2025Q1
2525.HK,20250401,3150645000.0,FY2024Q4
2525.HK,20241126,3394733000.0,FY2024Q3
2525.HK,20240819,3419124000.0,FY2024Q2
2525.HK,20240520,4022830000.0,FY2024Q1
2525.HK,20240425,4107960000.0,FY2023Q4
2525.HK,20231113,3903895000.0,FY2023Q3
2525.HK,20230814,3172023000.0,FY2023Q2
2525.HK,20230524,2995321000.0,FY2023Q1
2526.HK,20260429,197366000.0,FY2025Q4
2528.HK,20260430,579309000.0,FY2025H2
2528.HK,20250925,627042000.0,FY2025H1
2528.HK,20250429,756119000.0,FY2024H2
2528.HK,20240919,741446000.0,FY2024H1
2528.HK,20240422,814278000.0,FY2023H2
2528.HK,20230918,799394000.0,FY2023H1
2529.HK,20260428,592588000.0,FY2025H2
2529.HK,20250925,610681000.0,FY2025H1
2529.HK,20250429,541880000.0,FY2024H2
2529.HK,20240927,459953000.0,FY2024H1
2530.HK,20260521,112034000.0,FY2025H2
2530.HK,20250929,152712000.0,FY2025H1
2530.HK,20250428,179770000.0,FY2024H2
2530.HK,20241230,207239000.0,FY2024H1
2531.HK,20260422,757021000.0,FY2025H2
2531.HK,20250925,567379000.0,FY2025H1
2531.HK,20250430,497421000.0,FY2024H2
2531.HK,20240926,379052000.0,FY2024H1
2533.HK,20260427,1199957000.0,FY2025H2
2533.HK,20250911,864238000.0,FY2025H1
2533.HK,20250425,869129000.0,FY2024Q4
2533.HK,20240927,726528000.0,FY2024Q2
2533.HK,20240731,634847000.0,FY2024Q1
2535.HK,20260428,203177000.0,FY2025H2
2535.HK,20250925,195555000.0,FY2025H1
2535.HK,20250422,213342000.0,FY2024H2
2535.HK,20240925,248706000.0,FY2024H1
2535.HK,20240426,248414000.0,FY2023Q4
2535.HK,20240229,204476000.0,FY2023Q3
2536.HK,20250729,473984000.0,FY2025H2
2536.HK,20241219,466852000.0,FY2025H1
2536.HK,20240719,433581000.0,FY2024H2
2536.HK,20240318,451428000.0,FY2024H1
2540.HK,20260429,972070000.0,FY2025H2
2540.HK,20250930,870637000.0,FY2025H1
2540.HK,20250428,666240000.0,FY2024H2
2540.HK,20240930,719432000.0,FY2024H1
2540.HK,20240430,508525000.0,FY2023Q4
2540.HK,20240229,557180000.0,FY2023Q3
2543.HK,20260423,329542000.0,FY2025H2
2543.HK,20250926,312738000.0,FY2025H1
2545.HK,20260331,1465886000.0,FY2025H2
2545.HK,20250925,1363957000.0,FY2025H1
2545.HK,20250425,1261775000.0,FY2024H2
2545.HK,20240913,1153018000.0,FY2024H1
2549.HK,20260429,1616372000.0,FY2025H2
2549.HK,20250926,1357480000.0,FY2025H1
2549.HK,20250429,1344419000.0,FY2024Q4
2549.HK,20240923,531004000.0,FY2024Q1
2550.HK,20260430,655610000.0,FY2025H2
2550.HK,20250930,507570000.0,FY2025H1
2550.HK,20250430,487730000.0,FY2024H2
2550.HK,20240927,456239000.0,FY2024H1
2551.HK,20260427,2621106000.0,FY2025H2
2551.HK,20250926,2482354000.0,FY2025H1
2552.HK,20260422,375187000.0,FY2025H2
2552.HK,20250925,397213000.0,FY2025H1
2552.HK,20250424,385084000.0,FY2024H2
2552.HK,20240926,315976000.0,FY2024H1
2552.HK,20240425,262880000.0,FY2023H2
2552.HK,20230927,260543999.99999997,FY2023H1
2555.HK,20260424,1758152000.0,FY2025H2
2555.HK,20250925,1745635000.0,FY2025H1
2555.HK,20250428,1904481000.0,FY2024H2
2555.HK,20240926,2336716000.0,FY2024H1
2556.HK,20260430,3985230000.0,FY2025H2
2556.HK,20250926,3843763000.0,FY2025H1
2556.HK,20250425,2261847000.0,FY2024H2
2556.HK,20240923,2245282000.0,FY2024H1
2558.HK,20260428,-258495999.99999997,FY2025H2
2558.HK,20250926,-216663000.0,FY2025H1
2558.HK,20250429,-223546000.0,FY2024H2
2558.HK,20240927,-232938000.0,FY2024H1
2558.HK,20240429,-318482000.0,FY2023H2
2558.HK,20230927,-248837000.0,FY2023H1
2559.HK,20260428,1062636000.0,FY2025H2
2559.HK,20250925,1065730000.0,FY2025H1
2559.HK,20250429,856030000.0,FY2024H2
2559.HK,20240926,867657000.0,FY2024H1
2560.HK,20260428,2449079000.0,FY2025H2
2560.HK,20250926,2233777000.0,FY2025H1
2560.HK,20250425,2290647000.0,FY2024H2
2560.HK,20241231,2239644000.0,FY2024H1
2561.HK,20260427,318909000.0,FY2025H2
2561.HK,20250919,64995000.00000001,FY2025H1
2561.HK,20250430,30507000.0,FY2024Q4
2561.HK,20250312,38583000.0,FY2024Q3
2562.HK,20260430,38863000.0,FY2025H2
2562.HK,20250926,33543999.999999996,FY2025H1
2565.HK,20260428,131693999.99999999,FY2025H2
2565.HK,20250929,118818000.0,FY2025H1
2566.HK,20260423,1769301000.0,FY2025H2
2566.HK,20250923,1823064000.0,FY2025H1
2566.HK,20250424,1385393000.0,FY2024H2
2566.HK,20241120,1357913000.0,FY2024H1
2567.HK,20260415,811204000.0,FY2025H2
2567.HK,20250926,873414000.0,FY2025H1
2567.HK,20250429,750372000.0,FY2024Q4
2567.HK,20240930,621710000.0,FY2024Q1
2569.HK,20260423,715223000.0,FY2025H2
2569.HK,20250917,622454000.0,FY2025H1
2569.HK,20250428,564044000.0,FY2024Q4
2569.HK,20250318,504024000.0,FY2024Q3
2570.HK,20260424,3557229000.0,FY2025H2
2570.HK,20250808,3318947000.0,FY2025H1
2571.HK,20260429,799717000.0,FY2025H2
2571.HK,20250922,669934000.0,FY2025H1
2571.HK,20250428,457448000.0,FY2024H2
2571.HK,20241231,528611000.0,FY2024H1
2573.HK,20260430,962919000.0,FY2025H2
2573.HK,20250926,875837000.0,FY2025H1
2575.HK,20260427,954032000.0,FY2025H2
2575.HK,20251006,1020369000.0,FY2025H1
2576.HK,20260423,884931000.0,FY2025H2
2576.HK,20250925,1216660000.0,FY2025H1
2576.HK,20250423,1214180000.0,FY2024Q4
2576.HK,20240927,596167000.0,FY2024Q1
2577.HK,20260430,6191548000.0,FY2025H2
2577.HK,20250912,4431278000.0,FY2025H1
2577.HK,20250409,4022295000.0,FY2024H2
2577.HK,20241218,4395992000.0,FY2024H1
2579.HK,20260428,,FY2025Q4
2579.HK,20251107,66820992000.0,FY2025Q3
2580.HK,20260428,24540087000.0,FY2025Q4
2580.HK,20250918,24722968000.0,FY2025Q2
2580.HK,20250825,23867993000.0,FY2025Q1
2581.HK,20260427,3198068000.0,FY2025H2
2581.HK,20251212,3133799000.0,FY2025H1
2582.HK,20260427,2512244000.0,FY2025H2
2582.HK,20250922,2190172000.0,FY2025H1
2583.HK,20260417,1074750000.0,FY2025H2
2583.HK,20250930,902449000.0,FY2025H1
2585.HK,20260415,4448789000.0,FY2025H2
2585.HK,20250908,4272975999.9999995,FY2025H1
2585.HK,20250424,4378489000.0,FY2024H2
2585.HK,20241121,3646631000.0,FY2024H1
2586.HK,20260423,767899000.0,FY2025H2
2586.HK,20250916,681332000.0,FY2025H1
2586.HK,20250423,706147000.0,FY2024H2
2586.HK,20241128,733856000.0,FY2024H1
2587.HK,20260422,429375000.0,FY2025H2
2587.HK,20250918,314191000.0,FY2025H1
2587.HK,20250423,307992000.0,FY2024H2
2587.HK,20241218,245772000.0,FY2024H1
2588.HK,20260427,22256252000.0,FY2025H2
2588.HK,20250923,21850679000.0,FY2025H1
2588.HK,20250428,21646195000.0,FY2024H2
2588.HK,20240924,21421490000.0,FY2024H1
2588.HK,20240428,21542205000.0,FY2023H2
2588.HK,20230926,21859241000.0,FY2023H1
2589.HK,20260428,1773072000.0,FY2025H2
2589.HK,20250922,1401614000.0,FY2025H1
2590.HK,20260423,2738727000.0,FY2025H2
2590.HK,20250919,3077985000.0,FY2025H1
2591.HK,20260428,601924000.0,FY2025H2
2591.HK,20250929,400601000.0,FY2025H1
2592.HK,20260331,26458000.0,FY2025H2
2592.HK,20250925,10650000.0,FY2025H1
2593.HK,20260429,115909000.0,FY2025H2
2593.HK,20250919,119307000.0,FY2025H1
2593.HK,20250429,122784000.0,FY2024H2
2593.HK,20241211,114021000.0,FY2024H1
2595.HK,20260417,998162000.0,FY2025H2
2595.HK,20250930,205399000.0,FY2025H1
2596.HK,20260415,-135344000.0,FY2025H2
2596.HK,20250919,-117458000.0,FY2025H1
2596.HK,20250429,-117750000.0,FY2024H2
2596.HK,20241230,-133751000.0,FY2024H1
2598.HK,20260422,21310458000.0,FY2025H2
2598.HK,20250911,17582824000.0,FY2025H1
2598.HK,20250422,14012917000.0,FY2024H2
2598.HK,20240912,11244633000.0,FY2024H1
2598.HK,20240425,10274009000.0,FY2023Q4
2598.HK,20240320,10064096000.0,FY2023Q3
2600.HK,20260423,195533834000.0,FY2025H2
2600.HK,20250919,198586619000.0,FY2025H1
2600.HK,20250416,191651955000.0,FY2024H2
2600.HK,20240919,189133920000.0,FY2024H1
2600.HK,20230914,192333038000.0,FY2023H1
2601.HK,20260326,-62501000000.0,FY2025H2
2601.HK,20251030,-46292000000.0,FY2025Q3
2601.HK,20250828,-45857000000.0,FY2025H1
2601.HK,20250425,-47021000000.0,FY2025Q1
2601.HK,20250326,-28778000000.0,FY2024H2
2601.HK,20241030,-38122000000.0,FY2024Q3
2601.HK,20240829,-42128000000.0,FY2024H1
2601.HK,20240426,-42723000000.0,FY2024Q1
2601.HK,20240328,-30935000000.0,FY2023H2
2601.HK,20231027,-28144000000.0,FY2023Q3
2601.HK,20230827,-34071000000.0,FY2023H1
2602.HK,20260416,20783851000.0,FY2025H2
2602.HK,20250911,21422537000.0,FY2025H1
2602.HK,20250416,19946391000.0,FY2024H2
2602.HK,20240911,21078858000.0,FY2024H1
2602.HK,20240417,18548386000.0,FY2023H2
2602.HK,20230921,19024133000.0,FY2023H1
2603.HK,20260331,3082703000.0,FY2025Q4
2603.HK,20250827,2779529000.0,FY2025Q2
2603.HK,20250519,2782915000.0,FY2025Q1
2605.HK,20260427,360890000.0,FY2025H2
2605.HK,20250916,176959000.0,FY2025H1
2607.HK,20260330,187568086891.73,FY2025H2
2607.HK,20251030,186946521903.0,FY2025Q3
2607.HK,20250828,185929563287.02,FY2025H1
2607.HK,20250428,178194560151.74002,FY2025Q1
2607.HK,20250327,177796326710.73,FY2024H2
2607.HK,20241029,177936436314.62,FY2024Q3
2607.HK,20240826,203682465743.47,FY2024H1
2607.HK,20240426,175761619147.91,FY2024Q1
2607.HK,20240328,172851452993.8,FY2023H2
2607.HK,20231027,172300890281.43002,FY2023Q3
2607.HK,20230829,196015596828.61,FY2023H1
2607.HK,20230426,167456910098.25,FY2023Q1
2608.HK,20260429,36905994000.0,FY2025H2
2608.HK,20250929,38780042000.0,FY2025H1
2608.HK,20250430,45423276000.0,FY2024H2
2608.HK,20240926,49171859000.0,FY2024H1
2608.HK,20240429,50158718000.0,FY2023H2
2608.HK,20231123,51361009000.0,FY2023H1
2609.HK,20260430,1297107000.0,FY2025H2
2609.HK,20250926,1184303000.0,FY2025H1
2610.HK,20260423,1927162000.0,FY2025H2
2610.HK,20250918,1547926000.0,FY2025H1
2610.HK,20250423,1266487000.0,FY2024Q4
2610.HK,20250317,1250335000.0,FY2024Q3
2611.HK,20260408,1579148743000.0,FY2025H2
2611.HK,20250916,1308023495000.0,FY2025H1
2611.HK,20250425,809002478000.0,FY2024H2
2611.HK,20240916,687661117000.0,FY2024H1
2611.HK,20240419,696875331000.0,FY2023H2
2611.HK,20230915,701002939000.0,FY2023H1
2613.HK,20260422,589804000.0,FY2025H2
2613.HK,20250925,477774000.0,FY2025H1
2613.HK,20250425,289942000.0,FY2024H2
2613.HK,20241231,246504000.0,FY2024H1
2615.HK,20251107,4395124000.0,FY2025H1
2616.HK,20260427,597063000.0,FY2025H2
2616.HK,20250929,714081000.0,FY2025H1
2616.HK,20250428,1002912000.0,FY2024H2
2616.HK,20240926,850304000.0,FY2024H1
2616.HK,20240423,663070000.0,FY2023H2
2616.HK,20230925,728492000.0,FY2023H1
2617.HK,20260423,130499000.0,FY2025H2
2617.HK,20250919,243788000.0,FY2025H1
2618.HK,20260424,99632432000.0,FY2025Q4
2618.HK,20250905,94741809000.0,FY2025Q2
2618.HK,20250425,85206815000.0,FY2024Q4
2618.HK,20240906,86682242000.0,FY2024Q2
2618.HK,20240426,88845474000.0,FY2023Q4
2618.HK,20230908,84488560000.0,FY2023Q2
2621.HK,20260422,1646730000.0,FY2025H2
2621.HK,20250925,1434512000.0,FY2025H1
2623.HK,20260429,913935000.0,FY2025H2
2623.HK,20250930,965087000.0,FY2025H1
2623.HK,20250430,935980000.0,FY2024H2
2623.HK,20240930,823818000.0,FY2024H1
2623.HK,20240430,723164000.0,FY2023H2
2623.HK,20230928,593818000.0,FY2023H1
2625.HK,20260417,1572673000.0,FY2025H2
2625.HK,20250912,1475514000.0,FY2025H1
2625.HK,20250430,1238830000.0,FY2024Q4
2625.HK,20250321,1252182000.0,FY2024Q3
2627.HK,20250929,1286329000.0,FY2025Q2
2627.HK,20250731,1382736000.0,FY2025Q1
2628.HK,20260413,-142373000000.0,FY2025H2
2628.HK,20250908,-119643000000.0,FY2025H1
2628.HK,20250423,-85505000000.0,FY2024H2
2628.HK,20240913,-88704000000.0,FY2024H1
2628.HK,20240419,-149305000000.0,FY2023H2
2628.HK,20230913,-195232000000.0,FY2023H1
2629.HK,20250928,91424389.0,FY2025H1
2631.HK,20260428,6484942000.0,FY2025Q4
2631.HK,20250929,6172502000.0,FY2025Q2
2631.HK,20250811,6147002000.0,FY2025Q1
2632.HK,20260428,662353000.0,FY2025Q4
2632.HK,20260316,652882000.0,FY2025Q3
2633.HK,20250703,2977656000.0,FY2025H2
2633.HK,20241213,3100907000.0,FY2025H1
2633.HK,20240712,2907066000.0,FY2024H2
2633.HK,20231214,3546496000.0,FY2024H1
2633.HK,20230707,4846081000.0,FY2023H2
2633.HK,20221215,4649484000.0,FY2023H1
2635.HK,20260428,1055223000.0,FY2025H2
2635.HK,20251215,642208000.0,FY2025H1
2638.HK,20260420,84800000000.0,FY2025H2
2638.HK,20250826,84961000000.0,FY2025H1
2638.HK,20250416,84846000000.0,FY2024H2
2638.HK,20240827,85207000000.0,FY2024H1
2638.HK,20240418,84896000000.0,FY2023H2
2638.HK,20230815,86842000000.0,FY2023H1
2643.HK,20260424,3977367000.0,FY2025H2
2643.HK,20250919,3960761000.0,FY2025H1
2648.HK,20250912,14402866000.0,FY2025Q2
2648.HK,20250624,13619509000.0,FY2025Q1
2650.HK,20260402,832543000.0,FY2025Q4
2650.HK,20250930,803058000.0,FY2025Q1
2651.HK,20260428,200414000.0,FY2025H2
2651.HK,20250919,207650000.0,FY2025H1
2652.HK,20260430,1361366000.0,FY2025Q4
2652.HK,20250926,1157979000.0,FY2025Q1
2655.HK,20260412,2114784000.0,FY2025H2
2655.HK,20251208,1674109000.0,FY2025H1
2656.HK,20260414,361022000.0,FY2025Q4
2656.HK,20250909,237566000.0,FY2025Q1
2657.HK,20260417,958728000.0,FY2025H2
2657.HK,20251218,837798000.0,FY2025H1
2659.HK,20260427,975370000.0,FY2025H2
2659.HK,20251202,935295000.0,FY2025H1
2660.HK,20260428,2221501000.0,FY2025H2
2660.HK,20250918,2419719000.0,FY2025H1
2660.HK,20250428,2047971000.0,FY2024H2
2660.HK,20240912,1818415000.0,FY2024H1
2660.HK,20240429,1308838000.0,FY2023H2
2660.HK,20230915,1248907000.0,FY2023H1
2661.HK,20260417,848937000.0,FY2025H2
2661.HK,20251215,321288000.0,FY2025H1
2663.HK,20250728,317250000.0,FY2025H2
2663.HK,20241203,363569000.0,FY2025H1
2663.HK,20240726,355801000.0,FY2024H2
2663.HK,20231128,362054000.0,FY2024H1
2663.HK,20230721,382557000.0,FY2023H2
2663.HK,20221206,425099000.0,FY2023H1
2665.HK,20250922,1124869000.0,FY2025H1
2665.HK,20250401,1104112000.0,FY2024H2
2665.HK,20240916,1080957000.0,FY2024H1
2665.HK,20240418,1056239000.0,FY2023H2
2665.HK,20230915,1025102000.0000001,FY2023H1
2666.HK,20260420,43204915000.0,FY2025H2
2666.HK,20250916,44575683000.0,FY2025H1
2666.HK,20250428,40196016000.0,FY2024H2
2666.HK,20240916,41282669000.0,FY2024H1
2666.HK,20240425,35665812000.0,FY2023H2
2666.HK,20230914,39109225000.0,FY2023H1
2667.HK,20260320,857584000.0,FY2025Q3
2668.HK,20260429,1729930000.0,FY2025H2
2668.HK,20250929,1801585000.0,FY2025H1
2668.HK,20250429,1790930000.0,FY2024H2
2668.HK,20240927,855786000.0,FY2024H1
2668.HK,20240429,862878000.0,FY2023H2
2668.HK,20230927,1044507000.0000001,FY2023H1
2669.HK,20260429,6687911000.0,FY2025H2
2669.HK,20250915,6857917000.0,FY2025H1
2669.HK,20250429,6126970000.0,FY2024H2
2669.HK,20240923,6389545000.0,FY2024H1
2669.HK,20240426,5405137000.0,FY2023H2
2669.HK,20230907,5607784896.7074995,FY2023H1
2671.HK,20260423,1503420000.0,FY2025H2
2671.HK,20251218,1548714000.0,FY2025H1
2675.HK,20260428,1295700000.0,FY2025H2
2675.HK,20251230,1211795000.0,FY2025H1
2676.HK,20260428,6757651000.0,FY2025H2
2676.HK,20251128,6392596000.0,FY2025H1
2678.HK,20260421,17759597000.0,FY2025H2
2678.HK,20250922,18452506000.0,FY2025H1
2678.HK,20250422,18102441000.0,FY2024H2
2678.HK,20240919,18897283000.0,FY2024H1
2678.HK,20240419,20649377000.0,FY2023H2
2678.HK,20230907,22251004000.0,FY2023H1
2680.HK,20250626,253286000.0,FY2025H2
2680.HK,20241125,204630000.0,FY2025H1
2680.HK,20240626,170071000.0,FY2024H2
2680.HK,20231123,199658000.0,FY2024H1
2680.HK,20230623,211922000.0,FY2023H2
2680.HK,20221123,257230000.00000003,FY2023H1
2682.HK,20250710,349947000.0,FY2025H2
2682.HK,20241205,344303000.0,FY2025H1
2682.HK,20240725,340905000.0,FY2024H2
2682.HK,20231212,325569000.0,FY2024H1
2682.HK,20230727,272338000.0,FY2023H2
2682.HK,20221228,261613000.0,FY2023H1
2683.HK,20250710,232018000.0,FY2025H2
2683.HK,20241205,269408000.0,FY2025H1
2683.HK,20240710,230227000.0,FY2024H2
2683.HK,20231207,264850000.00000003,FY2024H1
2683.HK,20230705,279334000.0,FY2023H2
2683.HK,20221201,280186000.0,FY2023H1
2687.HK,20260429,933884000.0,FY2025H2
2687.HK,20251128,620430000.0,FY2025H1
2688.HK,20260428,95315000000.0,FY2025H2
2688.HK,20250916,94195000000.0,FY2025H1
2688.HK,20250415,93020000000.0,FY2024H2
2688.HK,20240913,89924000000.0,FY2024H1
2688.HK,20240421,90924000000.0,FY2023H2
2688.HK,20230913,92035000000.0,FY2023H1
2689.HK,20251023,137833136000.0,FY2025H2
2689.HK,20250325,131603043000.0,FY2025H1
2689.HK,20241022,127810821000.0,FY2024H2
2689.HK,20240318,121626982000.0,FY2024H1
2689.HK,20231025,110333516000.0,FY2023H2
2689.HK,20230313,105522636000.0,FY2023H1
2691.HK,20260329,61773243000.0,FY2025H2
2691.HK,20251212,46334198000.0,FY2025H1
2692.HK,20260227,4025062000.0,FY2025Q3
2693.HK,20260327,858423000.0,FY2025H2
2693.HK,20251125,848996000.0,FY2025H1
2695.HK,20251212,364534000.0,FY2025H1
2696.HK,20260424,11588884000.0,FY2025H2
2696.HK,20250930,10660849000.0,FY2025H1
2696.HK,20250415,9824558000.0,FY2024H2
2696.HK,20240926,9330311000.0,FY2024H1
2696.HK,20240417,8915906000.0,FY2023Q4
2696.HK,20231115,8869151000.0,FY2023Q3
2696.HK,20230927,8833128000.0,FY2023Q2
2699.HK,20260430,2188869000.0,FY2025H2
2699.HK,20250930,2123248000.0,FY2025H1
2699.HK,20250430,2144049000.0,FY2024H2
2699.HK,20250320,2067498000.0,FY2024H1
2700.HK,20260430,38665000.0,FY2025H2
2700.HK,20250930,44747000.0,FY2025H1
2700.HK,20250430,49982000.0,FY2024H2
2700.HK,20240930,68229000.0,FY2024H1
2700.HK,20240430,69375000.0,FY2023H2
2700.HK,20230929,69325000.0,FY2023H1
2706.HK,20260415,478306000.0,FY2025Q4
2706.HK,20260205,777514000.0,FY2025Q3
2708.HK,20251013,21104000.0,FY2025H2
2708.HK,20231227,1624620000.0,FY2024H1
2708.HK,20230728,1902592000.0,FY2023H2
2708.HK,20221223,1787839000.0,FY2023H1
2714.HK,20260327,158963030610.21,FY2025H2
2714.HK,20251030,161720705588.97,FY2025Q3
2714.HK,20250820,170053022858.82,FY2025H1
2714.HK,20250424,174604709759.8,FY2025Q1
2714.HK,20250319,174804172217.84,FY2024H2
2714.HK,20241029,171945983638.08902,FY2024Q3
2714.HK,20240802,177025256127.83002,FY2024H1
2714.HK,20240426,181628161001.349,FY2023H2
2714.HK,20231027,173784259272.689,FY2023Q3
2714.HK,20230817,177189516686.07,FY2023H1
2715.HK,20260424,7485935000.0,FY2025Q4
2715.HK,20260227,7966879000.0,FY2025Q3
2718.HK,20260424,1222161000.0,FY2025H2
2718.HK,20251023,1177772000.0,FY2025H1
2722.HK,20260414,16335021421.18,FY2025H2
2722.HK,20250910,15871070419.67,FY2025H1
2722.HK,20250411,14296328426.539999,FY2024H2
2722.HK,20240912,14947976786.429998,FY2024H1
2722.HK,20240409,14675695272.279999,FY2023H2
2722.HK,20230913,15166821128.460001,FY2023H1
2726.HK,20260429,3309868000.0,FY2025Q4
2726.HK,20260320,2533837000.0,FY2025Q3
2727.HK,20260330,264334028999.99997,FY2025H2
2727.HK,20251030,267798208999.99997,FY2025Q3
2727.HK,20250829,251539026000.0,FY2025H1
2727.HK,20250428,250056255000.0,FY2025Q1
2727.HK,20250328,246346860000.0,FY2024H2
2727.HK,20241030,237229137000.0,FY2024Q3
2727.HK,20240830,223693587000.0,FY2024H1
2727.HK,20240429,229623396000.0,FY2024Q1
2727.HK,20231030,247568552000.0,FY2023Q3
2727.HK,20230830,241483028000.0,FY2023H1
2727.HK,20230425,248441977000.0,FY2023Q1
2728.HK,20260714,332816000.0,FY2025H2
2728.HK,20250918,44842000.0,FY2025H1
2728.HK,20250430,298962000.0,FY2024H2
2728.HK,20240927,5143000.0,FY2024H1
2728.HK,20240425,279504000.0,FY2023H2
2728.HK,20230921,71592000.0,FY2023H1
2729.HK,20260427,1705985000.0,FY2025Q4
2729.HK,20260316,1830573000.0,FY2025Q3
2738.HK,20260428,2334649000.0,FY2025H2
2738.HK,20250918,3297336000.0,FY2025H1
2738.HK,20250430,3681384000.0,FY2024H2
2738.HK,20240913,4202826000.0,FY2024H1
2738.HK,20240426,3689289000.0,FY2023H2
2738.HK,20230914,2858147000.0,FY2023H1
2772.HK,20260424,110756306000.0,FY2025H2
2772.HK,20250912,118769663000.0,FY2025H1
2772.HK,20250415,129625779000.0,FY2024H2
2772.HK,20240913,140907252000.0,FY2024H1
2772.HK,20240415,173529196000.0,FY2023H2
2772.HK,20230912,207024323000.0,FY2023H1
2777.HK,20260429,267909434000.0,FY2025H2
2777.HK,20250829,288461406000.0,FY2025H1
2777.HK,20250429,289805448000.0,FY2024H2
2777.HK,20240830,310839074000.0,FY2024H1
2777.HK,20240429,333141025000.0,FY2023H2
2777.HK,20230831,359852214000.0,FY2023H1
2779.HK,20260429,2513054000.0,FY2025H2
2779.HK,20250929,2310833000.0,FY2025H1
2779.HK,20250429,2476264000.0,FY2024H2
2779.HK,20240926,2003515000.0,FY2024H1
2779.HK,20240429,2065913000.0,FY2023H2
2779.HK,20230927,1854699000.0,FY2023H1
2789.HK,20260428,3711322000.0,FY2025H2
2789.HK,20250929,3957157000.0,FY2025H1
2789.HK,20250428,4067239000.0,FY2024H2
2789.HK,20240926,4988077000.0,FY2024H1
2789.HK,20240428,4685547000.0,FY2023H2
2789.HK,20230927,5089649000.0,FY2023H1
2798.HK,20260423,4355249000.0,FY2025H2
2798.HK,20250911,4626603000.0,FY2025H1
2798.HK,20250423,4675610000.0,FY2024H2
2798.HK,20240912,4541378000.0,FY2024H1
2798.HK,20240425,4226234999.9999995,FY2023H2
2798.HK,20230907,4200505000.0,FY2023H1
2799.HK,20260427,-75000.0,FY2025H2
2799.HK,20250928,-74000.0,FY2025H1
2799.HK,20250425,-74000.0,FY2024H2
2799.HK,20240925,-74000.0,FY2024H1
2799.HK,20240428,-112116000.0,FY2023H2
2799.HK,20230927,-113679000.0,FY2023H1
2858.HK,20260325,27197837000.0,FY2025H2
2858.HK,20250902,24252056000.0,FY2025H1
2858.HK,20250313,24390385000.0,FY2024H2
2858.HK,20240826,23596813000.0,FY2024H1
2858.HK,20240308,24230268000.0,FY2023H2
2858.HK,20230906,22193476000.0,FY2023H1
2863.HK,20260115,209607000.0,FY2025H2
2863.HK,20250529,184363000.0,FY2025H1
2863.HK,20250124,213787000.0,FY2024H2
2863.HK,20240627,257326000.00000003,FY2024H1
2863.HK,20240126,202235000.0,FY2023H2
2863.HK,20230620,280635000.0,FY2023H1
2865.HK,20260430,12607291000.0,FY2025Q4
2865.HK,20250825,14307443000.0,FY2025Q2
2865.HK,20250428,14577365000.0,FY2025Q1
2866.HK,20260424,97821867000.0,FY2025H2
2866.HK,20250923,93783082000.0,FY2025H1
2866.HK,20250424,90773315000.0,FY2024H2
2866.HK,20240923,87595517000.0,FY2024H1
2866.HK,20240424,84416196000.0,FY2023H2
2866.HK,20230925,83854812000.0,FY2023H1
2869.HK,20260423,12614064000.0,FY2025H2
2869.HK,20250925,13922063000.0,FY2025H1
2869.HK,20250424,12405290000.0,FY2024H2
2869.HK,20240925,14889521000.0,FY2024H1
2869.HK,20240425,12820494000.0,FY2023H2
2869.HK,20230927,13415885000.0,FY2023H1
2877.HK,20260423,3422132000.0,FY2025H2
2877.HK,20250918,3360881000.0,FY2025H1
2877.HK,20250424,3735421000.0,FY2024H2
2877.HK,20240919,3483426000.0,FY2024H1
2877.HK,20240425,3519261000.0,FY2023H2
2877.HK,20230920,3371878000.0,FY2023H1
2878.HK,20260424,59854000.0,FY2025H2
2878.HK,20250911,63527000.0,FY2025H1
2878.HK,20250429,59066000.0,FY2024H2
2878.HK,20240912,74925000.0,FY2024H1
2878.HK,20240426,76408000.0,FY2023H2
2878.HK,20230915,88055000.0,FY2023H1
2880.HK,20260326,50671082769.11,FY2025H2
2880.HK,20251030,51350143326.520004,FY2025Q3
2880.HK,20250828,52279389580.01,FY2025H1
2880.HK,20250429,53216787867.77,FY2025Q1
2880.HK,20250327,54308296813.840004,FY2024H2
2880.HK,20241030,55121268116.439995,FY2024Q3
2880.HK,20240830,50115199603.7499,FY2024H1
2880.HK,20240426,50929048144.95,FY2024Q1
2880.HK,20240328,50921960213.34,FY2023H2
2880.HK,20231026,51606255574.39,FY2023Q3
2880.HK,20230825,51778968382.24,FY2023H1
2880.HK,20230427,52188277490.6499,FY2023Q1
2881.HK,20260428,2515368000.0,FY2025H2
2881.HK,20250911,2415583000.0,FY2025H1
2881.HK,20250417,2278042000.0,FY2024H2
2881.HK,20240913,2160704000.0,FY2024H1
2882.HK,20250722,1516259000.0,FY2025H2
2882.HK,20250320,1439764000.0,FY2025H1
2882.HK,20241022,1082116000.0,FY2024H2
2882.HK,20240326,1787982000.0,FY2024H1
2882.HK,20231031,1709064000.0,FY2023H2
2882.HK,20230329,1677689000.0,FY2023H1
2883.HK,20260414,76815210000.0,FY2025H2
2883.HK,20250908,76611605000.0,FY2025H1
2883.HK,20250416,77309815000.0,FY2024H2
2883.HK,20240905,75457833000.0,FY2024H1
2883.HK,20240417,77031814000.0,FY2023H2
2883.HK,20230906,73993773000.0,FY2023H1
2885.HK,20260421,234320000.0,FY2025H2
2885.HK,20250919,189534000.0,FY2025H1
2885.HK,20250423,146195000.0,FY2024H2
2885.HK,20240919,202258000.0,FY2024H1
2885.HK,20240422,165472000.0,FY2023H2
2885.HK,20230919,176099000.0,FY2023H1
2886.HK,20260409,7232149000.0,FY2025H2
2886.HK,20250905,7001140926.44398,FY2025H1
2886.HK,20250407,6921581405.03624,FY2024H2
2886.HK,20240905,6882145434.83607,FY2024H1
2886.HK,20240412,7074001290.93564,FY2023H2
2886.HK,20230831,6706278189.16539,FY2023H1
2888.HK,20260224,,FY2025H2
2888.HK,20251030,,FY2025Q3
2888.HK,20250731,,FY2025H1
2888.HK,20250502,,FY2025Q1
2888.HK,20250221,,FY2024H2
2888.HK,20241030,,FY2024Q3
2888.HK,20240730,,FY2024H1
2888.HK,20240502,,FY2024Q1
2888.HK,20240223,,FY2023H2
2888.HK,20231026,,FY2023Q3
2888.HK,20230728,,FY2023H1
2888.HK,20230426,,FY2023Q1
2889.HK,20260428,4393240000.0,FY2025H2
2889.HK,20250930,3418370000.0,FY2025H1
2892.HK,20260424,1209778000.0,FY2025H2
2892.HK,20250925,1131624000.0,FY2025H1
2892.HK,20250425,1172736000.0,FY2024H2
2892.HK,20240925,1260435000.0,FY2024H1
2892.HK,20240426,1309106000.0,FY2023H2
2892.HK,20230925,2288874000.0,FY2023H1
2898.HK,20250926,386716000.0,FY2025H1
2898.HK,20250429,481744000.0,FY2024H2
2898.HK,20240927,93504000.0,FY2024H1
2899.HK,20260320,429571692855.0,FY2025H2
2899.HK,20251017,413432241474.0,FY2025Q3
2899.HK,20250826,385479750732.0,FY2025H1
2899.HK,20250411,370738456020.0,FY2025Q1
2899.HK,20250321,349004356784.0,FY2024H2
2899.HK,20241018,351179089647.0,FY2024Q3
2899.HK,20240823,324168128473.0,FY2024H1
2899.HK,20240422,334066411389.0,FY2024Q1
2899.HK,20240322,306763338733.0,FY2023H2
2899.HK,20231027,312817518424.0,FY2023Q3
2899.HK,20230825,291039957807.0,FY2023H1
2899.HK,20230427,295715715676.0,FY2023Q1
3268.HK,20260429,2653527000.0,FY2025Q4
3268.HK,20260227,2533221000.0,FY2025Q3
3288.HK,20260408,42525507000.0,FY2025Q4
3288.HK,20250908,29038867000.0,FY2025Q2
3288.HK,20250611,30852019000.0,FY2025Q1
3300.HK,20260428,7198190000.0,FY2025H2
3300.HK,20250926,12623784000.0,FY2025H1
3300.HK,20250425,13329850000.0,FY2024H2
3300.HK,20240926,14061023000.0,FY2024H1
3300.HK,20240425,13880871000.0,FY2023H2
3300.HK,20230921,12256805000.0,FY2023H1
3301.HK,20260429,80078139000.0,FY2025H2
3301.HK,20250929,94498092000.0,FY2025H1
3301.HK,20250430,98332582000.0,FY2024H2
3301.HK,20240927,130761736000.0,FY2024H1
3301.HK,20240429,143919257000.0,FY2023H2
3301.HK,20230928,171078424000.0,FY2023H1
3302.HK,20260416,137156000.0,FY2025H2
3302.HK,20250903,138406000.0,FY2025H1
3302.HK,20250417,139927000.0,FY2024H2
3302.HK,20240903,155052000.0,FY2024H1
3302.HK,20240419,141232000.0,FY2023H2
3302.HK,20230906,131416000.0,FY2023H1
3303.HK,20260429,2256519000.0,FY2025H2
3303.HK,20250924,2110337000.0,FY2025H1
3303.HK,20250430,2286094000.0,FY2024H2
3303.HK,20240923,2603819000.0,FY2024H1
3303.HK,20240430,3275992000.0,FY2023H2
3303.HK,20230926,2392781000.0,FY2023H1
3306.HK,20250925,4214339000.0,FY2025H2
3306.HK,20250317,4304684000.0,FY2025H1
3306.HK,20240318,3436185000.0,FY2024H1
3306.HK,20231003,3540680000.0,FY2023H2
3306.HK,20230320,3501620000.0,FY2023H1
3308.HK,20230901,18173445000.0,FY2023H1
3309.HK,20260417,2383871000.0,FY2025H2
3309.HK,20250923,2381524000.0,FY2025H1
3309.HK,20250422,2267524000.0,FY2024H2
3309.HK,20240924,2270935000.0,FY2024H1
3309.HK,20240422,2198561000.0,FY2023H2
3309.HK,20230926,2131458000.0,FY2023H1
3311.HK,20260429,195146389000.0,FY2025H2
3311.HK,20250909,187826950000.0,FY2025H1
3311.HK,20240905,175210796000.0,FY2024H1
3311.HK,20240429,163127518000.0,FY2023H2
3311.HK,20230911,152490980000.0,FY2023H1
3313.HK,20260424,928862000.0,FY2025H2
3313.HK,20250911,982744000.0,FY2025H1
3313.HK,20250424,983583000.0,FY2024H2
3313.HK,20240905,1221417000.0,FY2024H1
3313.HK,20240429,1235353000.0,FY2023H2
3313.HK,20230907,1609821000.0,FY2023H1
3315.HK,20260424,1933686000.0,FY2025H2
3315.HK,20250918,2246780000.0,FY2025H1
3315.HK,20250425,2247055000.0,FY2024H2
3315.HK,20240919,2173083000.0,FY2024H1
3315.HK,20240416,2221424000.0,FY2023H2
3315.HK,20230921,2354191000.0,FY2023H1
3316.HK,20260424,4018595000.0,FY2025H2
3316.HK,20250919,3803993000.0,FY2025H1
3316.HK,20250424,3367949000.0,FY2024H2
3316.HK,20240920,3317756000.0,FY2024H1
3316.HK,20240428,2599518000.0,FY2023H2
3316.HK,20230915,1840409000.0,FY2023H1
3317.HK,20260429,1699442000.0,FY2025H2
3317.HK,20251218,1070111000.0000001,FY2025H1
3318.HK,20260417,6474285000.0,FY2025H2
3318.HK,20250912,6073998000.0,FY2025H1
3318.HK,20250411,6015204000.0,FY2024H2
3318.HK,20240916,5549394000.0,FY2024H1
3318.HK,20240419,5657073000.0,FY2023H2
3318.HK,20230918,6198158000.0,FY2023H1
3319.HK,20260428,14645278000.0,FY2025H2
3319.HK,20250919,15228369000.0,FY2025H1
3319.HK,20250428,14379463000.0,FY2024H2
3319.HK,20240920,16059530000.0,FY2024H1
3319.HK,20240425,17088704000.000002,FY2023H2
3319.HK,20230920,16595345000.000002,FY2023H1
3320.HK,20260427,245625229000.0,FY2025H2
3320.HK,20250926,244881311000.0,FY2025H1
3320.HK,20250427,218966770000.0,FY2024H2
3320.HK,20240926,222612561000.0,FY2024H1
3320.HK,20240425,200665346000.0,FY2023H2
3320.HK,20230927,208575216113.01602,FY2023H1
3321.HK,20251205,137007000.0,FY2024H2
3321.HK,20240924,112245000.0,FY2024H1
3321.HK,20240429,164058000.0,FY2023H2
3321.HK,20240115,209065000.0,FY2023H1
3322.HK,20260429,2300998000.0,FY2025H2
3322.HK,20250915,2264419000.0,FY2025H1
3322.HK,20250424,2447315000.0,FY2024H2
3322.HK,20240909,2450977000.0,FY2024H1
3322.HK,20240426,2620587000.0,FY2023H2
3322.HK,20230908,2550150000.0,FY2023H1
3323.HK,20260330,431435225000.0,FY2025H2
3323.HK,20250828,441776429000.0,FY2025H1
3323.HK,20250327,432892040000.0,FY2024H2
3323.HK,20240827,435938140000.0,FY2024H1
3323.HK,20240328,424535343000.0,FY2023H2
3323.HK,20230830,433365506000.0,FY2023H1
3326.HK,20250922,733275000.0,FY2025H1
3326.HK,20250424,740207000.0,FY2024H2
3326.HK,20240923,764010000.0,FY2024H1
3326.HK,20240425,761484000.0,FY2023H2
3326.HK,20230928,777563000.0,FY2023H1
3328.HK,20260427,-13256000000.0,FY2025H2
3328.HK,20251030,,FY2025Q3
3328.HK,20250922,-12404000000.0,FY2025H1
3328.HK,20250429,,FY2025Q1
3328.HK,20250424,-13587000000.0,FY2024H2
3328.HK,20241030,,FY2024Q3
3328.HK,20240923,-11900000000.0,FY2024H1
3328.HK,20240426,,FY2024Q1
3328.HK,20240422,-12477000000.0,FY2023H2
3328.HK,20231027,,FY2023Q3
3328.HK,20230921,-11342000000.0,FY2023H1
3329.HK,20260422,9352568000.0,FY2025H2
3329.HK,20250911,11049612000.0,FY2025H1
3329.HK,20250424,8962100000.0,FY2024H2
3329.HK,20240912,9912774000.0,FY2024H1
3329.HK,20240424,9812781000.0,FY2023H2
3329.HK,20230912,13097392000.0,FY2023H1
3330.HK,20260417,10010008000.0,FY2025H2
3330.HK,20250918,8610669000.0,FY2025H1
3330.HK,20250423,6930442000.0,FY2024H2
3330.HK,20240919,7564895000.0,FY2024H1
3330.HK,20240425,6574709000.0,FY2023H2
3330.HK,20230928,7002284000.0,FY2023H1
3331.HK,20240327,20772509540.0,FY2023H2
3331.HK,20230818,21967343642.0,FY2023H1
3332.HK,20260423,400073000.0,FY2025H2
3332.HK,20250912,389978000.0,FY2025H1
3332.HK,20250424,379597000.0,FY2024H2
3332.HK,20240913,452102000.0,FY2024H1
3332.HK,20240419,368058000.0,FY2023H2
3332.HK,20230914,380374000.0,FY2023H1
3333.HK,20230926,1738069000000.0,FY2023H1
3336.HK,20260416,9454057000.0,FY2025H2
3336.HK,20250828,9521816000.0,FY2025H1
3336.HK,20250416,9314055000.0,FY2024H2
3336.HK,20240829,10222430000.0,FY2024H1
3336.HK,20240411,10933662000.0,FY2023H2
3336.HK,20230831,11318530000.0,FY2023H1
3337.HK,20260429,11335946000.0,FY2025H2
3337.HK,20250926,9780432000.0,FY2025H1
3337.HK,20250425,9961673000.0,FY2024H2
3337.HK,20240927,9342988000.0,FY2024H1
3337.HK,20240425,9550353000.0,FY2023H2
3337.HK,20230927,8840320000.0,FY2023H1
3339.HK,20260430,12070895000.0,FY2025H2
3339.HK,20250929,12188456000.0,FY2025H1
3339.HK,20250430,14065174000.0,FY2024H2
3339.HK,20240927,11882897000.0,FY2024H1
3339.HK,20240425,12077977000.0,FY2023H2
3339.HK,20230929,11362265000.0,FY2023H1
3344.HK,20230706,280807000.0,FY2023H1
3347.HK,20260330,23115971034.81,FY2025H2
3347.HK,20251028,23621295481.239998,FY2025Q3
3347.HK,20250828,23563578208.05,FY2025H1
3347.HK,20250428,23995084165.4,FY2025Q1
3347.HK,20250327,23394759440.57,FY2024H2
3347.HK,20241029,25498876390.99,FY2024Q3
3347.HK,20240828,24454631454.25,FY2024H1
3347.HK,20240430,19516613000.0,FY2023H2
3347.HK,20240425,19821512509.79,FY2024Q1
3347.HK,20231027,19822177209.54,FY2023Q3
3347.HK,20230927,19021325000.0,FY2023H1
3347.HK,20230425,18060158503.329998,FY2023Q1
3348.HK,20260428,1810875000.0,FY2025H2
3348.HK,20250929,2034483000.0,FY2025H1
3348.HK,20250429,2100270000.0,FY2024H2
3348.HK,20240927,1809669000.0,FY2024H1
3348.HK,20240428,1955616000.0,FY2023H2
3348.HK,20230921,2389564000.0,FY2023H1
3355.HK,20260428,3151774000.0,FY2025Q4
3355.HK,20260313,3102291000.0,FY2025Q3
3360.HK,20260421,168464303000.0,FY2025H2
3360.HK,20250829,163851911000.0,FY2025H1
3360.HK,20250321,167942487000.0,FY2024H2
3360.HK,20240906,179182173000.0,FY2024H1
3360.HK,20240328,179898586000.0,FY2023H2
3360.HK,20230904,168809016000.0,FY2023H1
3363.HK,20260427,2968431000.0,FY2025H2
3363.HK,20250925,2803942000.0,FY2025H1
3363.HK,20250423,2688581000.0,FY2024H2
3363.HK,20240925,2785197000.0,FY2024H1
3363.HK,20240423,2738533000.0,FY2023H2
3363.HK,20230926,2617710000.0,FY2023H1
3366.HK,20260429,9343122000.0,FY2025H2
3366.HK,20250910,11384508000.0,FY2025H1
3366.HK,20250428,11504328000.0,FY2024H2
3366.HK,20240912,18404904000.0,FY2024H1
3366.HK,20240429,20474270000.0,FY2023H2
3366.HK,20230914,21531081000.0,FY2023H1
3368.HK,20260413,7549322000.0,FY2025H2
3368.HK,20251120,7343320000.0,FY2025Q3
3368.HK,20250912,7378826000.0,FY2025H1
3368.HK,20250526,7654842000.0,FY2025Q1
3368.HK,20250410,7701972000.0,FY2024H2
3368.HK,20241118,7226845000.0,FY2024Q3
3368.HK,20240912,7409231000.0,FY2024H1
3368.HK,20240523,7237056000.0,FY2024Q1
3368.HK,20240410,7464769000.0,FY2023H2
3368.HK,20231116,7492035000.0,FY2023Q3
3368.HK,20230919,7638724000.0,FY2023H1
3368.HK,20230518,7838615000.0,FY2023Q1
3369.HK,20260327,26327257715.47,FY2025H2
3369.HK,20251028,22875215480.530003,FY2025Q3
3369.HK,20250828,26483304079.93,FY2025H1
3369.HK,20250428,23442515865.140003,FY2025Q1
3369.HK,20250328,26132451234.100002,FY2024H2
3369.HK,20241029,25467401696.41,FY2024Q3
3369.HK,20240829,26164531787.63,FY2024H1
3369.HK,20240429,25006783057.18,FY2024Q1
3369.HK,20240328,26335432110.469902,FY2023H2
3369.HK,20231027,22496404337.68,FY2023Q3
3369.HK,20230829,22616001042.43,FY2023H1
3369.HK,20230427,22936536398.0,FY2023Q1
3377.HK,20260428,144184883000.0,FY2025H2
3377.HK,20250912,155744680000.0,FY2025H1
3377.HK,20250423,171540989000.0,FY2024H2
3377.HK,20240913,185641678000.0,FY2024H1
3377.HK,20240426,196062124000.0,FY2023H2
3377.HK,20230914,202021240000.0,FY2023H1
3380.HK,20260427,180063525000.0,FY2025H2
3380.HK,20250923,198263183000.0,FY2025H1
3380.HK,20250425,203932135000.0,FY2024H2
3380.HK,20240923,216988311000.0,FY2024H1
3380.HK,20240426,235210515000.0,FY2023H2
3380.HK,20230921,254443652000.0,FY2023H1
3382.HK,20260424,34484098000.0,FY2025H2
3382.HK,20250916,34215244000.0,FY2025H1
3382.HK,20250425,33761778000.0,FY2024H2
3382.HK,20240917,34154134000.0,FY2024H1
3382.HK,20240426,34208016000.000004,FY2023H2
3382.HK,20230919,33022201999.999996,FY2023H1
3383.HK,20260429,160221228000.0,FY2025H2
3383.HK,20250929,171310351000.0,FY2025H1
3383.HK,20250429,183239051000.0,FY2024H2
3383.HK,20240923,206092077000.0,FY2024H1
3383.HK,20240425,219800735000.0,FY2023H2
3383.HK,20230915,239193083000.0,FY2023H1
3389.HK,20260417,2064341000.0,FY2025H2
3389.HK,20250905,2158145000.0,FY2025H1
3389.HK,20250408,2543378000.0,FY2024H2
3389.HK,20240906,2542685000.0,FY2024H1
3389.HK,20240408,2555732000.0,FY2023H2
3389.HK,20230905,2298929000.0,FY2023H1
3390.HK,20260416,1099926000.0,FY2025H2
3390.HK,20250912,1195900000.0,FY2025H1
3390.HK,20250410,971543000.0,FY2024H2
3390.HK,20240912,967259000.0,FY2024H1
3390.HK,20240412,949850000.0,FY2023H2
3390.HK,20230912,1117283000.0,FY2023H1
3393.HK,20260422,14152534000.0,FY2025H2
3393.HK,20250916,13370027000.0,FY2025H1
3393.HK,20250423,12605962000.0,FY2024H2
3393.HK,20240917,11764915000.0,FY2024H1
3393.HK,20240411,10819587000.0,FY2023H2
3393.HK,20230920,10899012000.0,FY2023H1
3395.HK,20260429,18321409.0,FY2025Q4
3395.HK,20251114,20021221.0,FY2025Q3
3395.HK,20250925,21921912.0,FY2025Q2
3395.HK,20250515,25724181.0,FY2025Q1
3395.HK,20250429,25886116.0,FY2024Q4
3395.HK,20241108,30809534.0,FY2024Q3
3395.HK,20240919,31338099.0,FY2024Q2
3395.HK,20240515,34720098.0,FY2024Q1
3395.HK,20240514,35505624.0,FY2023Q4
3395.HK,20231110,47107529.0,FY2023Q3
3395.HK,20230925,48417493.0,FY2023Q2
3395.HK,20230512,49721419.0,FY2023Q1
3396.HK,20260428,595852051000.0,FY2025H2
3396.HK,20250922,561898572000.0,FY2025H1
3396.HK,20250428,540889849000.00006,FY2024H2
3396.HK,20240923,511762761000.0,FY2024H1
3396.HK,20240425,505757979000.0,FY2023H2
3396.HK,20230921,511367099000.0,FY2023H1
3398.HK,20260429,3089408000.0,FY2025H2
3398.HK,20250923,3177750000.0,FY2025H1
3398.HK,20250429,3144437000.0,FY2024H2
3398.HK,20240926,3019407000.0,FY2024H1
3398.HK,20240618,3098868000.0,FY2023H2
3398.HK,20230922,3081668000.0,FY2023H1
3399.HK,20260317,5765221767.05,FY2025H2
3399.HK,20250829,6869776811.51,FY2025H1
3399.HK,20250430,7269829677.030001,FY2024H2
3399.HK,20240829,7063092337.36,FY2024H1
3399.HK,20240429,7473913007.46,FY2023H2
3399.HK,20230831,8147153169.18,FY2023H1
3600.HK,20260423,2494343000.0,FY2025H2
3600.HK,20250917,2603006000.0,FY2025H1
3600.HK,20250424,2404685000.0,FY2024H2
3600.HK,20240917,2366889000.0,FY2024H1
3600.HK,20240424,2095583999.9999998,FY2023H2
3600.HK,20230918,2027904000.0,FY2023H1
3601.HK,20260429,324620000.0,FY2025H2
3601.HK,20250929,311943000.0,FY2025H1
3601.HK,20250428,341174000.0,FY2024H2
3601.HK,20240927,366181000.0,FY2024H1
3601.HK,20240426,258644999.99999997,FY2023H2
3601.HK,20230928,256461000.0,FY2023H1
3603.HK,20260428,1965523000.0,FY2025H2
3603.HK,20250922,1994880000.0,FY2025H1
3603.HK,20250428,2057380000.0,FY2024H2
3603.HK,20240920,2201717000.0,FY2024H1
3603.HK,20240424,2381113000.0,FY2023H2
3603.HK,20230915,2446007000.0,FY2023H1
3606.HK,20260324,50645551000.0,FY2025H2
3606.HK,20250826,47259852000.0,FY2025H1
3606.HK,20250325,44346067000.0,FY2024H2
3606.HK,20240813,47392927000.0,FY2024H1
3606.HK,20240322,43105381000.0,FY2023H2
3606.HK,20230905,40864020000.0,FY2023H1
3608.HK,20230920,1331975000.0,FY2023H1
3613.HK,20260429,2432891000.0,FY2025H2
3613.HK,20250904,2745513000.0,FY2025H1
3613.HK,20250429,2786451000.0,FY2024H2
3613.HK,20240912,2556320000.0,FY2024H1
3613.HK,20240422,3434631000.0,FY2023H2
3613.HK,20230825,2279511000.0,FY2023H1
3616.HK,20260430,6377364000.0,FY2025H2
3616.HK,20250919,6817993000.0,FY2025H1
3616.HK,20250801,7643183000.0,FY2024H2
3616.HK,20250718,8810397000.0,FY2023H2
3616.HK,20230928,10065732000.0,FY2023H1
3618.HK,20260414,-2958169000.0,FY2025H2
3618.HK,20251028,,FY2025Q3
3618.HK,20250910,-2535133000.0,FY2025H1
3618.HK,20250425,,FY2025Q1
3618.HK,20250410,-3004558000.0,FY2024H2
3618.HK,20241029,,FY2024Q3
3618.HK,20240903,-2533062000.0,FY2024H1
3618.HK,20240426,,FY2024Q1
3618.HK,20240410,-3086789000.0,FY2023H2
3618.HK,20231027,,FY2023Q3
3618.HK,20230831,-2928817000.0,FY2023H1
3618.HK,20230427,,FY2023Q1
3623.HK,20260427,331599000.0,FY2025H2
3623.HK,20250919,335691000.0,FY2025H1
3623.HK,20250428,373176000.0,FY2024H2
3623.HK,20240920,430068000.0,FY2024H1
3623.HK,20240430,510859000.0,FY2023H2
3623.HK,20230922,534982999.99999994,FY2023H1
3626.HK,20251030,22576000.0,FY2025H2
3626.HK,20250326,25833000.0,FY2025H1
3626.HK,20241030,25004000.0,FY2024H2
3626.HK,20240319,16840000.0,FY2024H1
3626.HK,20231025,17645000.0,FY2023H2
3626.HK,20230321,22751000.0,FY2023H1
3628.HK,20260428,219063000.0,FY2025H2
3628.HK,20250926,220688000.0,FY2025H1
3628.HK,20250429,185939000.0,FY2024H2
3628.HK,20240916,166764000.0,FY2024H1
3628.HK,20240426,149417000.0,FY2023H2
3628.HK,20230921,152561000.0,FY2023H1
3633.HK,20260424,24012300000.0,FY2025H2
3633.HK,20250929,25264941000.0,FY2025H1
3633.HK,20250417,24122154000.0,FY2024H2
3633.HK,20240927,24587450000.0,FY2024H1
3633.HK,20240419,24448371000.0,FY2023H2
3633.HK,20230918,24255447000.0,FY2023H1
3636.HK,20260417,1834431000.0,FY2025H2
3636.HK,20251231,1291716000.0,FY2025H1
3638.HK,20250730,511105000.0,FY2025H2
3638.HK,20241218,434210000.0,FY2025H1
3638.HK,20240730,402394000.0,FY2024H2
3638.HK,20231221,361096000.0,FY2024H1
3638.HK,20230724,398893000.0,FY2023H2
3638.HK,20221220,420881000.0,FY2023H1
3639.HK,20260414,30246870000.0,FY2025H2
3639.HK,20250912,33349453000.0,FY2025H1
3639.HK,20250428,33356894999.999996,FY2024H2
3639.HK,20230928,38533559000.0,FY2023H1
3650.HK,20260423,1617022000.0,FY2025H2
3650.HK,20250923,1260646000.0,FY2025H1
3650.HK,20250425,1141542000.0,FY2024H2
3650.HK,20240924,949807000.0,FY2024H1
3650.HK,20240425,835972000.0,FY2023H2
3650.HK,20230919,913188000.0,FY2023H1
3658.HK,20260430,1016477000.0,FY2025H2
3658.HK,20250926,1020624000.0,FY2025H1
3658.HK,20250429,893476000.0,FY2024H2
3658.HK,20240925,878531000.0,FY2024H1
3658.HK,20240419,682021000.0,FY2023H2
3658.HK,20230927,754496000.0,FY2023H1
3660.HK,20260427,44784641000.0,FY2025Q4
3660.HK,20251119,49022957000.0,FY2025Q3
3660.HK,20250815,48846901000.0,FY2025Q2
3660.HK,20250519,41833919000.0,FY2025Q1
3660.HK,20250325,38328152000.0,FY2024Q4
3660.HK,20241119,37370232000.0,FY2024Q3
3660.HK,20240814,35078623000.0,FY2024Q2
3660.HK,20240520,36515044000.0,FY2024Q1
3660.HK,20240426,35618138000.0,FY2023Q4
3660.HK,20231116,35071507000.0,FY2023Q3
3660.HK,20230821,32301386000.0,FY2023Q2
3660.HK,20230518,29890230000.0,FY2023Q1
3662.HK,20260422,1169607000.0,FY2025H2
3662.HK,20250917,1261384000.0,FY2025H1
3662.HK,20250417,1227013000.0,FY2024H2
3662.HK,20240913,1256561000.0,FY2024H1
3662.HK,20240416,1201771000.0,FY2023H2
3662.HK,20230919,1118985000.0,FY2023H1
3666.HK,20250926,111028000.0,FY2025H1
3666.HK,20250429,134058000.0,FY2024H2
3666.HK,20240926,184875000.0,FY2024H1
3666.HK,20240429,235352000.0,FY2023H2
3666.HK,20230927,254919000.0,FY2023H1
3668.HK,20260225,9738000000.0,FY2025H2
3668.HK,20250819,9628000000.0,FY2025H1
3668.HK,20250220,9536000000.0,FY2024H2
3668.HK,20240819,9227000000.0,FY2024H1
3668.HK,20240223,9503000000.0,FY2023H2
3668.HK,20230816,9476000000.0,FY2023H1
3669.HK,20260424,21703165000.0,FY2025H2
3669.HK,20250925,23258937000.0,FY2025H1
3669.HK,20250425,31972062000.0,FY2024H2
3669.HK,20240926,26960106000.0,FY2024H1
3669.HK,20240426,28758814000.0,FY2023H2
3669.HK,20230921,26379648000.0,FY2023H1
3677.HK,20260423,16971734000.0,FY2025H2
3677.HK,20250917,14695583000.0,FY2025H1
3678.HK,20260331,-7762158589.179999,FY2025H2
3678.HK,20251028,-7696230855.06,FY2025Q3
3678.HK,20250828,-6111836863.38,FY2025H1
3678.HK,20250425,-4250387881.24,FY2025Q1
3678.HK,20250328,-7058587651.28,FY2024H2
3678.HK,20241029,-6937837585.160001,FY2024Q3
3678.HK,20240816,-6853920008.76,FY2024H1
3678.HK,20240426,-6200027276.599999,FY2024Q1
3678.HK,20240328,-4837496482.47999,FY2023H2
3678.HK,20231027,-3917141861.26,FY2023Q3
3678.HK,20230829,-4727059232.57,FY2023H1
3678.HK,20230428,-4460421716.83,FY2023Q1
3680.HK,20260429,333338000.0,FY2025H2
3680.HK,20250915,318149000.0,FY2025H1
3680.HK,20250429,282453000.0,FY2024H2
3680.HK,20240912,312709000.0,FY2024H1
3680.HK,20240424,330891000.0,FY2023H2
3680.HK,20230922,319067000.0,FY2023H1
3681.HK,20260427,585404000.0,FY2025H2
3681.HK,20250926,661793000.0,FY2025H1
3681.HK,20250424,691200000.0,FY2024H2
3681.HK,20240926,736376000.0,FY2024H1
3681.HK,20240426,644122000.0,FY2023H2
3681.HK,20230926,620926000.0,FY2023H1
3683.HK,20250724,92572000.0,FY2025H2
3683.HK,20241212,101540000.0,FY2025H1
3683.HK,20240729,114155000.0,FY2024H2
3683.HK,20231219,121909000.0,FY2024H1
3683.HK,20230727,130951000.0,FY2023H2
3683.HK,20221216,140417000.0,FY2023H1
3686.HK,20260427,509288000.0,FY2025H2
3686.HK,20250918,344091000.0,FY2025H1
3686.HK,20250425,315994000.0,FY2024H2
3686.HK,20240920,252744000.0,FY2024H1
3686.HK,20240429,276509000.0,FY2023H2
3686.HK,20230921,309549000.0,FY2023H1
3688.HK,20260429,10591916000.0,FY2025H2
3688.HK,20250925,13536797000.0,FY2025H1
3688.HK,20250424,15105324000.0,FY2024H2
3688.HK,20240916,17699271000.0,FY2024H1
3688.HK,20240429,19020262000.0,FY2023H2
3688.HK,20230915,19799652000.0,FY2023H1
3689.HK,20260428,2302814000.0,FY2025H2
3689.HK,20250923,2281928000.0,FY2025H1
3689.HK,20250425,2355606000.0,FY2024H2
3689.HK,20240923,2403464000.0,FY2024H1
3689.HK,20240425,2290714000.0,FY2023H2
3689.HK,20230922,2344308000.0,FY2023H1
3690.HK,20260424,210595369000.0,FY2025Q4
3690.HK,20251128,218799861000.0,FY2025Q3
3690.HK,20250926,198902335000.0,FY2025Q2
3690.HK,20250526,218916514000.0,FY2025Q1
3690.HK,20250428,251518084000.0,FY2024Q4
3690.HK,20241129,243458553000.0,FY2024Q3
3690.HK,20240922,201132549000.0,FY2024Q2
3690.HK,20240606,234521776000.0,FY2024Q1
3690.HK,20240428,229540950000.0,FY2023Q4
3690.HK,20231128,260364310000.0,FY2023Q3
3690.HK,20230927,208202512000.0,FY2023Q2
3690.HK,20230525,223152148000.0,FY2023Q1
3692.HK,20260428,36491432000.0,FY2025H2
3692.HK,20250922,30633968000.0,FY2025H1
3692.HK,20250428,9036283000.0,FY2024H2
3692.HK,20240926,9927142000.0,FY2024H1
3692.HK,20240429,10604388000.0,FY2023H2
3692.HK,20230928,15024999000.0,FY2023H1
3696.HK,20260428,96645000.0,FY2025H2
3696.HK,20251218,29181000.0,FY2025H1
3698.HK,20260415,-1120781000.0,FY2025H2
3698.HK,20250909,-1030661000.0,FY2025H1
3698.HK,20250414,-1110290000.0,FY2024H2
3698.HK,20240912,-1009940000.0,FY2024H1
3698.HK,20240418,-1188976000.0,FY2023H2
3698.HK,20230911,-1076890000.0,FY2023H1
3699.HK,20260424,1093340000.0,FY2025H2
3699.HK,20250918,1061013999.9999999,FY2025H1
3699.HK,20250425,977687000.0,FY2024H2
3699.HK,20240923,976177000.0,FY2024H1
3699.HK,20240422,972087000.0,FY2023H2
3699.HK,20230927,976923000.0,FY2023H1
3700.HK,20260429,3308298000.0,FY2025H2
3700.HK,20250926,3734329000.0,FY2025H1
3700.HK,20250429,3369363000.0,FY2024H2
3700.HK,20240924,3289626000.0,FY2024H1
3700.HK,20240429,2773153000.0,FY2023H2
3700.HK,20230922,3231560000.0,FY2023H1
3708.HK,20251027,207480000.0,FY2025H2
3708.HK,20250306,197543000.0,FY2025H1
3708.HK,20241030,187524000.0,FY2024H2
3708.HK,20240227,188076000.0,FY2024H1
3708.HK,20231030,142234000.0,FY2023H2
3708.HK,20230413,192257000.0,FY2023H1
3709.HK,20260424,5447691000.0,FY2025H2
3709.HK,20250925,5106165000.0,FY2025H1
3709.HK,20250416,5240505000.0,FY2024H2
3709.HK,20240916,4968619000.0,FY2024H1
3709.HK,20240418,5335504000.0,FY2023H2
3709.HK,20230928,4816577000.0,FY2023H1
3718.HK,20260428,7199350000.0,FY2025H2
3718.HK,20250924,7202022000.0,FY2025H1
3718.HK,20250430,7624415000.0,FY2024H2
3718.HK,20240926,7459355000.0,FY2024H1
3718.HK,20240426,6798089000.0,FY2023H2
3718.HK,20230922,6124051360.9111805,FY2023H1
3728.HK,20250724,583034000.0,FY2025H2
3728.HK,20241217,566400000.0,FY2025H1
3728.HK,20240724,537856000.0,FY2024H2
3728.HK,20231215,524563000.0,FY2024H1
3728.HK,20221213,419543000.0,FY2023H1
3737.HK,20260420,1655436000.0,FY2025H2
3737.HK,20250916,1695784000.0,FY2025H1
3737.HK,20250416,1818391000.0,FY2024H2
3737.HK,20240916,1797114000.0,FY2024H1
3737.HK,20240419,1626639000.0,FY2023H2
3737.HK,20230918,1541410000.0,FY2023H1
3738.HK,20260430,3789759000.0,FY2025H2
3738.HK,20250930,3009805000.0,FY2025H1
3738.HK,20250430,2550031000.0,FY2024H2
3738.HK,20240930,2264344000.0,FY2024H1
3738.HK,20240430,2095672999.9999998,FY2023H2
3738.HK,20230929,2001252000.0,FY2023H1
3750.HK,20260310,,FY2025Q4
3750.HK,20260309,658856221000.0,FY2025H2
3750.HK,20250804,520837250000.0,FY2025Q2
3750.HK,20250512,532725927000.0,FY2025Q1
3759.HK,20260428,22665119000.0,FY2025H2
3759.HK,20251028,21712820000.0,FY2025Q3
3759.HK,20250926,21003559000.0,FY2025H1
3759.HK,20250429,19543591000.0,FY2024H2
3759.HK,20250427,20211815000.0,FY2025Q1
3759.HK,20241029,18795863000.0,FY2024Q3
3759.HK,20240926,17925565000.0,FY2024H1
3759.HK,20240429,17904630000.0,FY2023H2
3759.HK,20240425,17899310000.0,FY2024Q1
3759.HK,20231029,17688945000.0,FY2023Q3
3759.HK,20230925,17099827000.000002,FY2023H1
3759.HK,20230427,16347013000.0,FY2023Q1
3768.HK,20260416,10748234000.0,FY2025H2
3768.HK,20250918,10289332000.0,FY2025H1
3768.HK,20250424,9910444000.0,FY2024H2
3768.HK,20240919,9401962000.0,FY2024H1
3768.HK,20240418,8526525000.0,FY2023H2
3768.HK,20230919,8636343000.0,FY2023H1
3773.HK,20260416,430692000.0,FY2025H2
3773.HK,20250918,485775000.0,FY2025H1
3773.HK,20250428,509983000.0,FY2024H2
3773.HK,20240919,425683000.0,FY2024H1
3773.HK,20240423,319818000.0,FY2023H2
3773.HK,20230920,355798000.0,FY2023H1
3778.HK,20260429,1043152000.0,FY2025H2
3778.HK,20250926,1163968000.0,FY2025H1
3778.HK,20250428,1168262000.0,FY2024H2
3778.HK,20240913,1282563000.0,FY2024H1
3778.HK,20240423,1289362000.0,FY2023H2
3778.HK,20230925,1314782000.0,FY2023H1
3788.HK,20260410,3424963000.0,FY2025H2
3788.HK,20250819,3394637000.0,FY2025H1
3788.HK,20250409,3024688000.0,FY2024H2
3788.HK,20240911,2994707000.0,FY2024H1
3788.HK,20240416,3135169000.0,FY2023H2
3788.HK,20230913,3327943000.0,FY2023H1
3789.HK,20241223,396546000.0,FY2025H1
3789.HK,20240726,391780000.0,FY2024H2
3789.HK,20231222,370799000.0,FY2024H1
3789.HK,20230726,336402000.0,FY2023H2
3789.HK,20221223,423685000.0,FY2023H1
3798.HK,20260428,1318509000.0,FY2025H2
3798.HK,20250919,1270995000.0,FY2025H1
3798.HK,20250429,1361418000.0,FY2024H2
3798.HK,20240916,1283712000.0,FY2024H1
3798.HK,20240425,791571000.0,FY2023H2
3798.HK,20230925,867607000.0,FY2023H1
3800.HK,20260429,62783088000.0,FY2025H2
3800.HK,20250925,63365768000.0,FY2025H1
3800.HK,20250429,66190831000.00001,FY2024H2
3800.HK,20240923,72909827000.0,FY2024H1
3800.HK,20240429,73757728000.0,FY2023H2
3800.HK,20230920,89515452000.0,FY2023H1
3808.HK,20260429,125240088000.0,FY2025H2
3808.HK,20250929,125328198000.0,FY2025H1
3808.HK,20250429,112081066000.0,FY2024H2
3808.HK,20240930,110687078000.0,FY2024H1
3808.HK,20240430,101432531000.0,FY2023H2
3808.HK,20230926,96176006000.0,FY2023H1
3813.HK,20260421,10898305000.0,FY2025H2
3813.HK,20250908,10836598000.0,FY2025H1
3813.HK,20250422,11096675000.0,FY2024H2
3813.HK,20240909,11054873000.0,FY2024H1
3813.HK,20240422,10907947000.0,FY2023H2
3813.HK,20230907,10672371000.0,FY2023H1
3816.HK,20250723,732847000.0,FY2025H2
3816.HK,20241212,684596000.0,FY2025H1
3816.HK,20240719,666801000.0,FY2024H2
3816.HK,20231221,647309000.0,FY2024H1
3816.HK,20230721,631929000.0,FY2023H2
3816.HK,20221208,726925000.0,FY2023H1
3818.HK,20250710,7776375000.0,FY2025H2
3818.HK,20241202,8539507000.0,FY2025H1
3818.HK,20240711,7415220000.0,FY2024H2
3818.HK,20231128,8284183000.000001,FY2024H1
3818.HK,20230711,7397317000.0,FY2023H2
3818.HK,20221201,7753801000.0,FY2023H1
3822.HK,20250704,808705000.0,FY2025H2
3822.HK,20241204,826400000.0,FY2025H1
3822.HK,20240705,777863000.0,FY2024H2
3822.HK,20231206,728915000.0,FY2024H1
3822.HK,20230705,774356000.0,FY2023H2
3822.HK,20221125,659456000.0,FY2023H1
3828.HK,20260422,1580263000.0,FY2025H2
3828.HK,20250916,1470535000.0,FY2025H1
3828.HK,20250422,1661348000.0,FY2024H2
3828.HK,20240916,1549246000.0,FY2024H1
3828.HK,20240419,1584738000.0,FY2023H2
3828.HK,20230914,1441341000.0,FY2023H1
3830.HK,20250822,46699000.0,FY2025H2
3830.HK,20250122,61195000.0,FY2025H1
3830.HK,20240823,50964000.0,FY2024H2
3830.HK,20240122,79090000.0,FY2024H1
3830.HK,20230823,74836000.0,FY2023H2
3830.HK,20230116,88479000.0,FY2023H1
3833.HK,20260422,9895558550.84,FY2025H2
3833.HK,20250905,9225546149.43,FY2025H1
3833.HK,20250425,7244439006.190001,FY2024H2
3833.HK,20240905,7118122721.57,FY2024H1
3833.HK,20240424,7343887541.92,FY2023H2
3833.HK,20230825,7219199674.89,FY2023H1
3836.HK,20260416,10877194000.0,FY2025H2
3836.HK,20250926,10361353000.0,FY2025H1
3836.HK,20250429,10746800000.0,FY2024H2
3836.HK,20240926,8997825000.0,FY2024H1
3836.HK,20240430,9386719000.0,FY2023H2
3836.HK,20230928,8988774000.0,FY2023H1
3838.HK,20260413,4964219000.0,FY2025H2
3838.HK,20250911,4960906000.0,FY2025H1
3838.HK,20250410,4749015000.0,FY2024H2
3838.HK,20240912,4345167000.0,FY2024H1
3838.HK,20240415,4452796000.0,FY2023H2
3838.HK,20230925,3812688000.0,FY2023H1
3839.HK,20260429,421492000.0,FY2025H2
3839.HK,20251110,408312000.0,FY2025Q3
3839.HK,20250916,413040000.0,FY2025H1
3839.HK,20250515,413873000.0,FY2025Q1
3839.HK,20250425,389833000.0,FY2024H2
3839.HK,20241112,355515000.0,FY2024Q3
3839.HK,20240913,342057000.0,FY2024H1
3839.HK,20240509,341709000.0,FY2024Q1
3839.HK,20240419,339768000.0,FY2023H2
3839.HK,20231110,313497000.0,FY2023Q3
3839.HK,20230915,310252000.0,FY2023H1
3839.HK,20230510,323877000.0,FY2023Q1
3848.HK,20260423,498179000.0,FY2025H2
3848.HK,20250911,467189000.0,FY2025H1
3848.HK,20250423,470580000.0,FY2024H2
3848.HK,20240913,396424000.0,FY2024H1
3848.HK,20240422,310473000.0,FY2023H2
3848.HK,20230914,310374000.0,FY2023H1
3858.HK,20260427,2267626000.0,FY2025H2
3858.HK,20250820,2091766000.0,FY2025H1
3860.HK,20250721,181653000.0,FY2025H2
3860.HK,20241219,332922000.0,FY2025H1
3860.HK,20240724,265305000.0,FY2024H2
3860.HK,20231221,222479000.0,FY2024H1
3860.HK,20230728,96023000.0,FY2023H2
3860.HK,20221229,91201000.0,FY2023H1
3866.HK,20260424,-514938000.0,FY2025H2
3866.HK,20251028,,FY2025Q3
3866.HK,20250903,-478110000.0,FY2025H1
3866.HK,20250428,-477724000.0,FY2024H2
3866.HK,20241028,,FY2024Q3
3866.HK,20240828,-421966000.0,FY2024H1
3866.HK,20240430,,FY2024Q1
3866.HK,20240419,-532013000.00000006,FY2023H2
3866.HK,20231026,,FY2023Q3
3866.HK,20230905,-379784000.0,FY2023H1
3866.HK,20230428,,FY2023Q1
3868.HK,20260430,21241582000.0,FY2025H2
3868.HK,20250919,21454915000.0,FY2025H1
3868.HK,20250430,21040313000.0,FY2024H2
3868.HK,20240930,19264786895.9016,FY2024H1
3868.HK,20230929,17695812117.2664,FY2023H1
3869.HK,20260427,1829312000.0,FY2025H2
3869.HK,20250926,1813249000.0,FY2025H1
3869.HK,20250425,1748098000.0,FY2024H2
3869.HK,20240927,1787620000.0,FY2024H1
3869.HK,20230928,1925025000.0,FY2023H1
3877.HK,20260428,39486119000.0,FY2025H2
3877.HK,20250929,41147943000.0,FY2025H1
3877.HK,20250428,42147099000.0,FY2024H2
3877.HK,20240927,42386712000.0,FY2024H1
3877.HK,20240426,44205554000.0,FY2023H2
3877.HK,20230928,39964439000.0,FY2023H1
3878.HK,20250730,293995000.0,FY2025H2
3878.HK,20241227,275330000.0,FY2025H1
3878.HK,20240729,272783000.0,FY2024H2
3878.HK,20231221,338557000.0,FY2024H1
3878.HK,20230726,320300000.0,FY2023H2
3878.HK,20221229,314955000.0,FY2023H1
3880.HK,20260423,829534000.0,FY2025H2
3880.HK,20250925,677678000.0,FY2025H1
3881.HK,20260417,1508301000.0,FY2025H2
3881.HK,20251211,1378351000.0,FY2025H1
3882.HK,20260429,220048000.0,FY2025H2
3882.HK,20250912,196824000.0,FY2025H1
3882.HK,20250430,217468000.0,FY2024H2
3882.HK,20240910,230877000.0,FY2024H1
3882.HK,20240430,282591000.0,FY2023H2
3882.HK,20230908,320120000.0,FY2023H1
3883.HK,20260429,128039108000.0,FY2025H2
3883.HK,20250925,144183522000.0,FY2025H1
3883.HK,20250429,158108711000.0,FY2024H2
3883.HK,20240920,186410972000.0,FY2024H1
3883.HK,20240430,196888978000.0,FY2023H2
3883.HK,20230921,217767555000.0,FY2023H1
3886.HK,20260428,2156131000.0,FY2025H2
3886.HK,20250926,2233392000.0,FY2025H1
3886.HK,20250429,2318661000.0,FY2024H2
3886.HK,20240927,2830123000.0,FY2024H1
3886.HK,20240429,2757645000.0,FY2023H2
3886.HK,20230921,2862694000.0,FY2023H1
3887.HK,20260429,737979000.0,FY2025H2
3887.HK,20251208,593408000.0,FY2025H1
3888.HK,20260422,36226449000.0,FY2025Q4
3888.HK,20251119,14889452000.0,FY2025Q3
3888.HK,20250918,32686943000.0,FY2025Q2
3888.HK,20250528,14823990000.0,FY2025Q1
3888.HK,20250416,34395325000.0,FY2024Q4
3888.HK,20241119,15767668000.0,FY2024Q3
3888.HK,20240920,33105391000.000004,FY2024Q2
3888.HK,20240522,14062552000.0,FY2024Q1
3888.HK,20240419,26301776000.0,FY2023Q4
3888.HK,20231121,14147381000.0,FY2023Q3
3888.HK,20230921,21812415000.0,FY2023Q2
3888.HK,20230523,15928818000.0,FY2023Q1
3889.HK,20260423,570806000.0,FY2025H2
3889.HK,20250915,572646000.0,FY2025H1
3889.HK,20250415,563737000.0,FY2024H2
3889.HK,20240911,478494000.0,FY2024H1
3889.HK,20240424,561805000.0,FY2023H2
3889.HK,20230913,647825000.0,FY2023H1
3893.HK,20251030,57475000.0,FY2025H2
3893.HK,20250328,60184000.0,FY2025H1
3893.HK,20241028,46848000.0,FY2024H2
3893.HK,20240328,23295000.0,FY2024H1
3893.HK,20231027,28473000.0,FY2023H2
3893.HK,20230330,40128000.0,FY2023H1
3896.HK,20260423,16105422000.0,FY2025Q4
3896.HK,20251119,17092158000.0,FY2025Q3
3898.HK,20260327,65782631578.0,FY2025H2
3898.HK,20251030,63230983090.0,FY2025Q3
3898.HK,20250822,62601443592.0,FY2025H1
3898.HK,20250429,55886169895.0,FY2025Q1
3898.HK,20250328,54044972694.0,FY2024H2
3898.HK,20241030,55605997106.0,FY2024Q3
3898.HK,20240823,51405137133.0,FY2024H1
3898.HK,20240425,46581929915.0,FY2024Q1
3898.HK,20240328,45288770827.0,FY2023H2
3898.HK,20231026,43997510384.0,FY2023Q3
3898.HK,20230822,43062237139.0,FY2023H1
3898.HK,20230428,42217833644.0,FY2023Q1
3899.HK,20260422,24163846000.0,FY2025H2
3899.HK,20250915,22543335000.0,FY2025H1
3899.HK,20250423,21833449000.0,FY2024H2
3899.HK,20240906,22136671000.0,FY2024H1
3899.HK,20240419,20295519000.0,FY2023H2
3899.HK,20230906,18327062000.0,FY2023H1
3900.HK,20260423,389719061000.0,FY2025H2
3900.HK,20250926,454672031000.0,FY2025H1
3900.HK,20250428,437941480000.0,FY2024H2
3900.HK,20240925,464035207000.0,FY2024H1
3900.HK,20240429,464667456000.0,FY2023H2
3900.HK,20230922,477506546000.0,FY2023H1
3903.HK,20240910,-111224000.0,FY2024H1
3903.HK,20240412,-575201000.0,FY2023H2
3903.HK,20230908,-625259000.0,FY2023H1
3908.HK,20260416,672587822170.0,FY2025H2
3908.HK,20250911,597268615629.0,FY2025H1
3908.HK,20250415,569240262256.0,FY2024H2
3908.HK,20240910,502274975665.0,FY2024H1
3908.HK,20240416,517480124008.0,FY2023H2
3908.HK,20230911,542348627669.99994,FY2023H1
3913.HK,20260424,4126622999.9999995,FY2025H2
3913.HK,20250925,4229151000.0,FY2025H1
3913.HK,20250424,4325014000.0,FY2024H2
3913.HK,20240916,4479937000.0,FY2024H1
3913.HK,20240428,4107564999.9999995,FY2023H2
3913.HK,20230914,3977532000.0,FY2023H1
3918.HK,20260428,2397004000.0,FY2025H2
3918.HK,20250918,2339620000.0,FY2025H1
3918.HK,20250428,2339451000.0,FY2024H2
3918.HK,20240919,2752866000.0,FY2024H1
3918.HK,20240426,2396899000.0,FY2023H2
3918.HK,20230824,2405089000.0,FY2023H1
3919.HK,20260423,677456000.0,FY2025H2
3919.HK,20250826,661749000.0,FY2025H1
3919.HK,20250430,624572000.0,FY2024H2
3919.HK,20240823,613315000.0,FY2024H1
3919.HK,20240422,603880000.0,FY2023H2
3919.HK,20230825,606021000.0,FY2023H1
3928.HK,20260123,56314007.0,FY2025H2
3928.HK,20250619,58674802.0,FY2025H1
3928.HK,20250123,63508420.0,FY2024H2
3928.HK,20240620,53864330.0,FY2024H1
3928.HK,20240125,55330763.0,FY2023H2
3928.HK,20230620,56587646.0,FY2023H1
3931.HK,20260428,138779473000.0,FY2025H2
3931.HK,20250926,122242592000.0,FY2025H1
3931.HK,20250429,113414830000.0,FY2024H2
3931.HK,20240927,102266647000.0,FY2024H1
3931.HK,20240430,97595063000.0,FY2023H2
3931.HK,20230927,91835921000.0,FY2023H1
3933.HK,20260429,20291055000.0,FY2025H2
3933.HK,20250929,20417027000.0,FY2025H1
3933.HK,20250429,19500180000.0,FY2024H2
3933.HK,20240927,16268268000.0,FY2024H1
3933.HK,20240429,16752160000.0,FY2023H2
3933.HK,20230928,15022087000.0,FY2023H1
3938.HK,20250714,184410000.0,FY2025H2
3938.HK,20241217,148741000.0,FY2025H1
3938.HK,20240711,181150000.0,FY2024H2
3938.HK,20231219,219893000.0,FY2024H1
3938.HK,20230711,228002000.0,FY2023H2
3938.HK,20221220,276466000.0,FY2023H1
3939.HK,20260428,5191056000.0,FY2025H2
3939.HK,20250916,4035967000.0,FY2025H1
3939.HK,20250428,3600645000.0,FY2024H2
3939.HK,20240916,2504747000.0,FY2024H1
3939.HK,20240428,2189991000.0,FY2023H2
3939.HK,20230920,2019748000.0,FY2023H1
3948.HK,20260423,104821139724.57,FY2025H2
3948.HK,20250829,79082938396.41,FY2025H1
3958.HK,20260416,-178585648000.0,FY2025H2
3958.HK,20250925,-146080006000.0,FY2025H1
3958.HK,20250417,-143829391000.0,FY2024H2
3958.HK,20240924,-118141119000.0,FY2024H1
3958.HK,20240417,-141168138000.0,FY2023H2
3958.HK,20230921,-135205565999.99998,FY2023H1
3963.HK,20250729,7723000.0,FY2025H2
3963.HK,20241213,8026000.0,FY2025H1
3963.HK,20240719,7728000.0,FY2024H2
3963.HK,20231218,12182000.0,FY2024H1
3963.HK,20230727,10037000.0,FY2023H2
3963.HK,20221216,228869000.0,FY2023H1
3968.HK,20260427,,FY2025H2
3968.HK,20251029,,FY2025Q3
3968.HK,20250915,,FY2025H1
3968.HK,20250429,,FY2025Q1
3968.HK,20250416,,FY2024H2
3968.HK,20241029,,FY2024Q3
3968.HK,20240920,,FY2024H1
3968.HK,20240429,,FY2024Q1
3968.HK,20240418,,FY2023H2
3968.HK,20231027,,FY2023Q3
3968.HK,20230914,,FY2023H1
3968.HK,20230426,,FY2023Q1
3969.HK,20260324,89852429494.02,FY2025H2
3969.HK,20251028,88970940004.89,FY2025Q3
3969.HK,20250827,83750029050.51,FY2025H1
3969.HK,20250429,87512540961.9799,FY2025Q1
3969.HK,20250328,83084254913.03,FY2024H2
3969.HK,20241025,88150115810.77,FY2024Q3
3969.HK,20240828,96182137612.03,FY2024H1
3969.HK,20240426,87091932392.1099,FY2024Q1
3969.HK,20240326,83581386482.51001,FY2023H2
3969.HK,20231027,90142024296.7,FY2023Q3
3969.HK,20230824,96092521721.8499,FY2023H1
3969.HK,20230428,87892742116.09,FY2023Q1
3978.HK,20260413,1460292000.0,FY2025H2
3978.HK,20250923,1565072000.0,FY2025H1
3978.HK,20250424,1325397000.0,FY2024H2
3978.HK,20240829,912537000.0,FY2024H1
3978.HK,20240423,764448000.0,FY2023H2
3978.HK,20230925,700186000.0,FY2023H1
3983.HK,20260428,24101100000.0,FY2025H2
3983.HK,20250929,24037734000.0,FY2025H1
3983.HK,20250429,23187815000.0,FY2024H2
3983.HK,20240920,23192952000.0,FY2024H1
3983.HK,20240425,23511669000.0,FY2023H2
3983.HK,20230919,21869276000.0,FY2023H1
3986.HK,20260402,11593127000.0,FY2025H2
3986.HK,20251231,11319761000.0,FY2025H1
3988.HK,20260330,,FY2025H2
3988.HK,20251028,,FY2025Q3
3988.HK,20250829,,FY2025H1
3988.HK,20250429,,FY2025Q1
3988.HK,20250326,,FY2024H2
3988.HK,20241030,,FY2024Q3
3988.HK,20240829,,FY2024H1
3988.HK,20240430,,FY2024Q1
3988.HK,20240328,,FY2023H2
3988.HK,20231030,,FY2023Q3
3988.HK,20230830,,FY2023H1
3989.HK,20260420,20413272000.0,FY2025H2
3989.HK,20250905,20543232000.0,FY2025H1
3989.HK,20250425,19838185000.0,FY2024H2
3989.HK,20240912,19868852000.0,FY2024H1
3989.HK,20240426,19070827000.0,FY2023H2
3989.HK,20230907,18414815000.0,FY2023H1
3990.HK,20260415,8017722000.0,FY2025H2
3990.HK,20250926,8855744000.0,FY2025H1
3990.HK,20250429,8680822000.0,FY2024H2
3990.HK,20240920,167557618000.0,FY2024H1
3990.HK,20240426,183990032000.0,FY2023H2
3990.HK,20230922,212995246000.0,FY2023H1
3991.HK,20260429,17025223000.000002,FY2025H2
3991.HK,20250912,12923800000.0,FY2025H1
3991.HK,20250417,17507210000.0,FY2024H2
3991.HK,20240913,12891949000.0,FY2024H1
3991.HK,20240419,16319660000.0,FY2023H2
3991.HK,20230914,12897194000.0,FY2023H1
3993.HK,20260327,165914524154.07,FY2025H2
3993.HK,20251024,151290861497.62997,FY2025Q3
3993.HK,20250822,146580799003.83002,FY2025H1
3993.HK,20250425,148955792723.74002,FY2025Q1
3993.HK,20250321,139396522473.719,FY2024H2
3993.HK,20241028,149095595898.28,FY2024Q3
3993.HK,20240823,152204658784.53998,FY2024H1
3993.HK,20240429,146021874711.39,FY2024Q1
3993.HK,20240322,143569950615.66898,FY2023H2
3993.HK,20231027,147876467347.77,FY2023Q3
3993.HK,20230825,147196973509.22,FY2023H1
3993.HK,20230428,132144732066.56999,FY2023Q1
3996.HK,20260327,727772911000.0,FY2025H2
3996.HK,20251030,827207761000.0,FY2025Q3
3996.HK,20250828,734906221000.0,FY2025H1
3996.HK,20250429,780983225000.0,FY2025Q1
3996.HK,20250328,667333351000.0,FY2024H2
3996.HK,20241030,751578601000.0,FY2024Q3
3996.HK,20240830,665521641000.0,FY2024H1
3996.HK,20240429,713958791000.0,FY2024Q1
3996.HK,20240328,595100647000.0,FY2023H2
3996.HK,20230830,634065283000.0,FY2023H1
3996.HK,20230427,588321868000.0,FY2023Q1
3997.HK,20250711,56155000.0,FY2025H2
3997.HK,20241217,65562000.0,FY2025H1
3997.HK,20240711,81805000.0,FY2024H2
3997.HK,20231222,92846000.0,FY2024H1
3997.HK,20230724,84514000.0,FY2023H2
3997.HK,20221229,86952000.0,FY2023H1
3998.HK,20250728,22460224000.0,FY2025H2
3998.HK,20241219,24059130000.0,FY2025H1
3998.HK,20240726,18617406000.0,FY2024H2
3998.HK,20231218,19824812000.0,FY2024H1
3998.HK,20230726,16275063000.0,FY2023H2
3998.HK,20221215,20168059000.0,FY2023H1
3999.HK,20260424,3019989000.0,FY2025H2
3999.HK,20251031,3086688000.0,FY2025Q3
3999.HK,20250822,3187016000.0,FY2025H1
3999.HK,20250429,3256518000.0,FY2025Q1
3999.HK,20250425,3311764000.0,FY2024H2
3999.HK,20241101,3186299000.0,FY2024Q3
3999.HK,20240913,3145080000.0,FY2024H1
3999.HK,20240508,3133920000.0,FY2024Q1
3999.HK,20240426,3168861000.0,FY2023H2
3999.HK,20231102,3263770000.0,FY2023Q3
3999.HK,20230824,2981097000.0,FY2023H1
4335.HK,20260123,173252000000.0,FY2025Q4
4335.HK,20251106,169461000000.0,FY2025Q3
4335.HK,20250724,158965000000.0,FY2025Q2
4335.HK,20250425,158602000000.0,FY2025Q1
4335.HK,20250131,163543000000.0,FY2024Q4
4335.HK,20241101,160077000000.0,FY2024Q3
4335.HK,20240802,167476000000.0,FY2024Q2
4335.HK,20240426,158370000000.0,FY2024Q1
4335.HK,20240126,156902000000.0,FY2023Q4
4335.HK,20231027,153625000000.0,FY2023Q3
4335.HK,20230728,149689000000.0,FY2023Q2
4335.HK,20230428,149480000000.0,FY2023Q1
6030.HK,20260422,1671611141000.0,FY2025H2
6030.HK,20250925,1483430142000.0,FY2025H1
6030.HK,20250425,1368314618000.0,FY2024H2
6030.HK,20240925,1208546287000.0,FY2024H1
6030.HK,20240425,1202372338000.0,FY2023H2
6030.HK,20230927,1154362579000.0,FY2023H1
6033.HK,20250711,1184938000.0,FY2025H2
6033.HK,20241217,1281182000.0,FY2025H1
6033.HK,20240711,1198058000.0,FY2024H2
6033.HK,20231222,1283779000.0,FY2024H1
6033.HK,20230724,1341861000.0,FY2023H2
6033.HK,20221229,1353069000.0,FY2023H1
6036.HK,20260428,1664827000.0,FY2025H2
6036.HK,20250928,1478827000.0,FY2025H1
6036.HK,20250425,1150964000.0,FY2024H2
6036.HK,20240927,1086436000.0,FY2024H1
6036.HK,20240426,1257766000.0,FY2023H2
6036.HK,20230927,913300000.0,FY2023H1
6038.HK,20260428,94678000.0,FY2025H2
6038.HK,20250925,112669000.0,FY2025H1
6038.HK,20250428,266461000.0,FY2024H2
6038.HK,20240926,420696000.0,FY2024H1
6038.HK,20240429,428900000.0,FY2023H2
6038.HK,20230921,403329000.0,FY2023H1
6049.HK,20260430,7480802000.0,FY2025H2
6049.HK,20250925,7907100000.0,FY2025H1
6049.HK,20250428,6826573000.0,FY2024H2
6049.HK,20240926,5738775000.0,FY2024H1
6049.HK,20240425,3801802000.0,FY2023H2
6049.HK,20230914,7665594000.0,FY2023H1
6051.HK,20260402,1483879000.0,FY2025H2
6051.HK,20250814,1447151000.0,FY2025H1
6055.HK,20260423,8442672000.000001,FY2025H2
6055.HK,20250918,8491471000.0,FY2025H1
6055.HK,20250423,9049248000.0,FY2024H2
6055.HK,20240912,8669010000.0,FY2024H1
6055.HK,20240422,5898065000.0,FY2023H2
6055.HK,20230914,3815423000.0,FY2023H1
6058.HK,20260331,19034369073.0,FY2025H2
6058.HK,20250821,16189992995.0,FY2025H1
6058.HK,20250328,12976767490.0,FY2024H2
6058.HK,20240822,13438300498.0,FY2024H1
6058.HK,20240402,14065157773.0,FY2023H2
6058.HK,20230824,12487311940.0,FY2023H1
6060.HK,20260428,-3035274000.0,FY2025H2
6060.HK,20250905,-1120680000.0,FY2025H1
6060.HK,20250424,-1466702000.0,FY2024H2
6060.HK,20240906,-1438423000.0,FY2024H1
6060.HK,20240424,-1576365000.0,FY2023H2
6060.HK,20230908,-2792164000.0,FY2023H1
6063.HK,20250717,97396000.0,FY2025H2
6063.HK,20241205,111949000.0,FY2025H1
6063.HK,20240718,96745000.0,FY2024H2
6063.HK,20231206,111615000.0,FY2024H1
6063.HK,20230718,115591000.0,FY2023H2
6063.HK,20221206,125287000.0,FY2023H1
6066.HK,20260424,536184616999.99994,FY2025H2
6066.HK,20250911,502387179000.0,FY2025H1
6066.HK,20250425,480567049000.0,FY2024H2
6066.HK,20240916,456877216000.0,FY2024H1
6066.HK,20240412,459270742000.0,FY2023H2
6066.HK,20230913,487242197000.0,FY2023H1
6068.HK,20251211,940834000.0,FY2025H2
6068.HK,20250516,1029732000.0,FY2025H1
6068.HK,20241218,987654000.0,FY2024H2
6068.HK,20240517,1044846000.0,FY2024H1
6068.HK,20231228,1002612000.0,FY2023H2
6068.HK,20230530,933565000.0,FY2023H1
6069.HK,20260427,6638027000.0,FY2025H2
6069.HK,20250929,6042146000.0,FY2025H1
6069.HK,20250423,6997507000.0,FY2024H2
6069.HK,20240926,7146671000.0,FY2024H1
6069.HK,20240426,8959126000.0,FY2023H2
6069.HK,20230915,9231075000.0,FY2023H1
6078.HK,20260428,6794569000.0,FY2025H2
6078.HK,20250925,6613357000.0,FY2025H1
6078.HK,20250428,6835736000.0,FY2024H2
6078.HK,20240924,7043237000.0,FY2024H1
6078.HK,20240426,6460372000.0,FY2023H2
6078.HK,20230927,5190594000.0,FY2023H1
6080.HK,20250716,279289000.0,FY2025H2
6080.HK,20241209,278367000.0,FY2025H1
6080.HK,20240717,298844000.0,FY2024H2
6080.HK,20231204,189236000.0,FY2024H1
6080.HK,20230719,188659000.0,FY2023H2
6080.HK,20221212,208633000.0,FY2023H1
6082.HK,20260421,4805171000.0,FY2025H2
6082.HK,20251222,2656500000.0,FY2025H1
6083.HK,20260428,231480000.0,FY2025H2
6083.HK,20250929,145899000.0,FY2025H1
6083.HK,20250425,248829000.0,FY2024H2
6083.HK,20240925,216644000.0,FY2024H1
6083.HK,20240426,258767999.99999997,FY2023H2
6083.HK,20230927,149498000.0,FY2023H1
6086.HK,20260424,580399000.0,FY2025H2
6086.HK,20250925,554779000.0,FY2025H1
6086.HK,20250423,489456000.0,FY2024H2
6086.HK,20240926,433802000.0,FY2024H1
6088.HK,20260430,4862999000.0,FY2025H2
6088.HK,20250930,4635727000.0,FY2025H1
6088.HK,20250430,4357384000.0,FY2024H2
6088.HK,20240927,3937621000.0,FY2024H1
6088.HK,20240430,3772645000.0,FY2023H2
6088.HK,20230929,3224390000.0,FY2023H1
6090.HK,20260430,576890000.0,FY2025H2
6090.HK,20250915,503710000.0,FY2025H1
6093.HK,20260427,953270000.0,FY2025H2
6093.HK,20250919,1061557000.0,FY2025H1
6093.HK,20250422,993300000.0,FY2024H2
6093.HK,20240919,1029463000.0,FY2024H1
6093.HK,20240430,812972000.0,FY2023H2
6093.HK,20230922,934006000.0,FY2023H1
6098.HK,20260424,44411222000.0,FY2025H2
6098.HK,20250917,45724791000.0,FY2025H1
6098.HK,20250424,40138411000.0,FY2024H2
6098.HK,20240920,42180182000.0,FY2024H1
6098.HK,20240426,39940246000.0,FY2023H2
6098.HK,20230919,41906024000.0,FY2023H1
6099.HK,20260423,615585654000.0,FY2025H2
6099.HK,20250925,558357146000.0,FY2025H1
6099.HK,20250423,591582843000.0,FY2024H2
6099.HK,20240924,524818103000.0,FY2024H1
6099.HK,20240418,585323074000.0,FY2023H2
6099.HK,20230921,546695209999.99994,FY2023H1
6100.HK,20260428,2552235000.0,FY2025H2
6100.HK,20250925,2622368000.0,FY2025H1
6100.HK,20250428,2933518000.0,FY2024H2
6100.HK,20241129,3161264000.0,FY2024Q3
6100.HK,20240926,3015627000.0,FY2024H1
6100.HK,20240524,3047988000.0,FY2024Q1
6100.HK,20240429,3021813000.0,FY2023H2
6100.HK,20231124,3117973000.0,FY2023Q3
6100.HK,20230925,3237402000.0,FY2023H1
6100.HK,20230528,3339025000.0,FY2023Q1
6108.HK,20260427,407089000.0,FY2025H2
6108.HK,20250917,393114000.0,FY2025H1
6108.HK,20250424,440980000.0,FY2024H2
6108.HK,20240917,407746000.0,FY2024H1
6108.HK,20240424,387649000.0,FY2023H2
6108.HK,20230919,414805000.0,FY2023H1
6110.HK,20250617,11309600000.0,FY2025H2
6110.HK,20241121,11070500000.0,FY2025H1
6110.HK,20240618,11582500000.0,FY2024H2
6110.HK,20231121,11346400000.0,FY2024H1
6110.HK,20230620,13460900000.0,FY2023H2
6110.HK,20221114,15009900000.0,FY2023H1
6113.HK,20260422,57819000.0,FY2025H2
6113.HK,20250926,44638000.0,FY2025H1
6113.HK,20250425,49120000.0,FY2024H2
6113.HK,20240926,54270000.0,FY2024H1
6113.HK,20240429,58795000.0,FY2023H2
6113.HK,20230922,62431000.0,FY2023H1
6117.HK,20260424,3340530000.0,FY2025H2
6117.HK,20250926,3110475000.0,FY2025H1
6117.HK,20250425,3128606000.0,FY2024H2
6117.HK,20240920,2822448000.0,FY2024H1
6117.HK,20240426,2691857000.0,FY2023H2
6117.HK,20230922,2566181000.0,FY2023H1
6118.HK,20260423,1900609000.0,FY2025H2
6118.HK,20250924,1863719000.0,FY2025H1
6118.HK,20250424,1916830000.0,FY2024H2
6118.HK,20240912,1996837000.0,FY2024H1
6118.HK,20240425,1995207000.0,FY2023H2
6118.HK,20230914,2176330000.0,FY2023H1
6119.HK,20250918,366691000.0,FY2025H1
6119.HK,20250424,369642000.0,FY2024H2
6119.HK,20240920,365005000.0,FY2024H1
6119.HK,20240422,359144000.0,FY2023H2
6119.HK,20230921,439286000.0,FY2023H1
6122.HK,20240926,-547477000.0,FY2024H1
6122.HK,20240426,-674951000.0,FY2023H2
6122.HK,20230926,-626779000.0,FY2023H1
6123.HK,20260428,1218356000.0,FY2025H2
6123.HK,20250919,792036000.0,FY2025H1
6123.HK,20250428,1093175000.0,FY2024H2
6123.HK,20240919,1277235000.0,FY2024H1
6123.HK,20240429,1363055000.0,FY2023H2
6123.HK,20230919,926674000.0,FY2023H1
6127.HK,20260429,8715364000.0,FY2025H2
6127.HK,20250929,8673765000.0,FY2025H1
6127.HK,20250429,8292912000.0,FY2024H2
6127.HK,20240927,7366225000.0,FY2024H1
6127.HK,20240429,7037505000.0,FY2023H2
6127.HK,20230927,7053006000.0,FY2023H1
6128.HK,20260430,515188000.0,FY2025H2
6128.HK,20250929,778716000.0,FY2025H1
6128.HK,20250429,691963000.0,FY2024H2
6128.HK,20240926,726986000.0,FY2024H1
6128.HK,20240429,718214000.0,FY2023H2
6128.HK,20230928,783745000.0,FY2023H1
6133.HK,20260430,577098000.0,FY2025H2
6133.HK,20250922,590756000.0,FY2025H1
6133.HK,20250429,606398000.0,FY2024H2
6133.HK,20240927,612962000.0,FY2024H1
6133.HK,20240530,604513000.0,FY2023H2
6133.HK,20230928,605515000.0,FY2023H1
6136.HK,20260331,8489234000.0,FY2025H2
6136.HK,20250923,8870260000.0,FY2025H1
6136.HK,20250429,8889872000.0,FY2024H2
6136.HK,20240927,8200123000.0,FY2024H1
6136.HK,20240426,8230351000.000001,FY2023H2
6136.HK,20230928,8146833000.0,FY2023H1
6138.HK,20260429,-833985000.0,FY2025H2
6138.HK,20250919,-855016000.0,FY2025H1
6138.HK,20250428,-815789000.0,FY2024H2
6138.HK,20240913,-837973000.0,FY2024H1
6138.HK,20240426,-864775000.0,FY2023H2
6138.HK,20230918,-837049000.0,FY2023H1
6158.HK,20260428,85421053000.0,FY2025H2
6158.HK,20250910,101227764000.0,FY2025H1
6158.HK,20250429,112166873000.0,FY2024H2
6158.HK,20240926,122645969000.0,FY2024H1
6158.HK,20240429,151470669000.0,FY2023H2
6158.HK,20230929,168027675000.0,FY2023H1
6160.HK,20260226,3641043000.0,FY2025Q4
6160.HK,20251106,3595718000.0,FY2025Q3
6161.HK,20230831,-30593000.0,FY2023H1
6162.HK,20260429,638192000.0,FY2025H2
6162.HK,20250925,511520000.0,FY2025H1
6162.HK,20250428,528072000.0,FY2024H2
6162.HK,20240925,457153000.0,FY2024H1
6162.HK,20240429,461458000.0,FY2023H2
6162.HK,20230927,464017000.0,FY2023H1
6163.HK,20260224,46780000.0,FY2025H2
6163.HK,20250714,39891000.0,FY2025H1
6163.HK,20250218,34384000.0,FY2024H2
6163.HK,20240719,31331000.0,FY2024H1
6163.HK,20240226,33893000.0,FY2023H2
6163.HK,20230721,35574000.0,FY2023H1
6166.HK,20251020,5572212000.0,FY2025H1
6168.HK,20260424,4807449000.0,FY2025H2
6168.HK,20250926,3499164000.0,FY2025H1
6169.HK,20251219,9700259000.0,FY2025H2
6169.HK,20250523,10929853000.0,FY2025H1
6169.HK,20250313,9545147000.0,FY2024H2
6169.HK,20240523,10821648000.0,FY2024H1
6169.HK,20231227,8530781000.000001,FY2023H2
6169.HK,20230524,7093168000.0,FY2023H1
6178.HK,20260429,234449347000.0,FY2025H2
6178.HK,20250911,218287710000.0,FY2025H1
6178.HK,20250429,226373939000.0,FY2024H2
6178.HK,20240912,184323495000.0,FY2024H1
6178.HK,20240415,195815127000.0,FY2023H2
6178.HK,20230914,212159451000.0,FY2023H1
6181.HK,20260416,19184414000.0,FY2025H2
6181.HK,20250929,10947298000.0,FY2025H1
6181.HK,20250428,5604108000.0,FY2024H2
6181.HK,20240925,3016820000.0,FY2024H1
6182.HK,20250717,186355000.0,FY2025H2
6182.HK,20241213,171092000.0,FY2025H1
6182.HK,20240718,139841000.0,FY2024H2
6182.HK,20231208,177305000.0,FY2024H1
6182.HK,20230720,206384000.0,FY2023H2
6182.HK,20221213,228213000.0,FY2023H1
6185.HK,20260422,5930619000.0,FY2025H2
6185.HK,20250918,6545618000.0,FY2025H1
6185.HK,20250416,6343683000.0,FY2024H2
6185.HK,20240906,6229190000.0,FY2024H1
6185.HK,20240424,7034242000.0,FY2023H2
6185.HK,20230915,7300780000.0,FY2023H1
6186.HK,20260428,26387539000.0,FY2025H2
6186.HK,20250918,27313724000.0,FY2025H1
6186.HK,20250428,26292082000.0,FY2024H2
6186.HK,20240922,25829286000.0,FY2024H1
6186.HK,20240428,25641335000.0,FY2023H2
6186.HK,20230921,23731943000.0,FY2023H1
6188.HK,20260429,5515915000.0,FY2025H2
6188.HK,20250929,7797470000.0,FY2025H1
6188.HK,20250429,7086244000.0,FY2024H2
6188.HK,20240927,9066243000.0,FY2024H1
6188.HK,20240429,7614922000.0,FY2023H2
6188.HK,20230928,8571412000.0,FY2023H1
6189.HK,20250930,54197000.0,FY2025H1
6189.HK,20250430,57238000.0,FY2024H2
6189.HK,20240929,67157000.0,FY2024H1
6189.HK,20240429,92690000.0,FY2023H2
6189.HK,20231121,102312000.0,FY2023H1
6190.HK,20260430,-659769000.0,FY2025H2
6190.HK,20250929,-481774000.0,FY2025H1
6190.HK,20250428,-608757000.0,FY2024H2
6190.HK,20240926,-431715000.0,FY2024H1
6190.HK,20240429,-608548000.0,FY2023H2
6190.HK,20230927,-395630000.0,FY2023H1
6193.HK,20260429,264704999.99999997,FY2025H2
6193.HK,20250925,298904000.0,FY2025H1
6193.HK,20250428,274527000.0,FY2024H2
6193.HK,20240923,230468000.0,FY2024H1
6193.HK,20240425,245318000.0,FY2023H2
6193.HK,20230920,318069000.0,FY2023H1
6196.HK,20260423,-677838000.0,FY2025H2
6196.HK,20251030,,FY2025Q3
6196.HK,20250912,-781013000.0,FY2025H1
6196.HK,20250429,,FY2025Q1
6196.HK,20250428,-757394000.0,FY2024H2
6196.HK,20241030,,FY2024Q3
6196.HK,20240925,-860392000.0,FY2024H1
6196.HK,20240429,,FY2024Q1
6196.HK,20240417,-908846000.0,FY2023H2
6196.HK,20231030,,FY2023Q3
6196.HK,20230911,-1020917000.0,FY2023H1
6196.HK,20230427,,FY2023Q1
6198.HK,20260327,52040386841.0,FY2025H2
6198.HK,20251028,51049056993.0,FY2025Q3
6198.HK,20250828,50913547665.0,FY2025H1
6198.HK,20250429,50387051009.0,FY2025Q1
6198.HK,20250328,50048887616.0,FY2024H2
6198.HK,20241030,49693033930.0,FY2024Q3
6198.HK,20240829,50422454502.0,FY2024H1
6198.HK,20240426,49585229307.0,FY2024Q1
6198.HK,20240328,50054580052.0,FY2023H2
6198.HK,20231027,49838812138.0,FY2023Q3
6198.HK,20230825,49575746394.0,FY2023H1
6198.HK,20230428,49218763002.0,FY2023Q1
6199.HK,20260429,-536432000.0,FY2025H2
6199.HK,20250908,-466111000.0,FY2025H1
6199.HK,20250430,-536044999.99999994,FY2024H2
6199.HK,20240906,-492132000.0,FY2024H1
6199.HK,20240428,-481083000.0,FY2023H2
6199.HK,20230913,-637878000.0,FY2023H1
6288.HK,20251128,2958022000000.0,FY2025Q4
6288.HK,20250710,2698340000000.0,FY2025Q3
6288.HK,20250411,2743721000000.0,FY2025Q2
6288.HK,20250109,2588171000000.0,FY2025Q1
6288.HK,20241129,2385913000000.0,FY2024Q4
6288.HK,20240712,2578277000000.0,FY2024Q3
6288.HK,20240412,2421889000000.0,FY2024Q2
6288.HK,20240112,2539535000000.0,FY2024Q1
6288.HK,20231130,2392322000000.0,FY2023Q4
6288.HK,20230714,2169958000000.0,FY2023Q3
6288.HK,20230414,2118920000000.0,FY2023Q2
6288.HK,20230113,2274686000000.0,FY2023Q1
6600.HK,20260429,662268000.0,FY2025H2
6600.HK,20251218,472209000.0,FY2025H1
6601.HK,20260429,2451584000.0,FY2025H2
6601.HK,20250925,2741203000.0,FY2025H1
6601.HK,20250429,2910278000.0,FY2024H2
6601.HK,20240926,2827841000.0,FY2024H1
6601.HK,20240430,2938892000.0,FY2023H2
6601.HK,20230927,2707199000.0,FY2023H1
6603.HK,20260327,33778000.0,FY2025H2
6603.HK,20250919,34274000.0,FY2025H1
6606.HK,20230921,2129319000.0,FY2023H1
6608.HK,20260428,4593334000.0,FY2025H2
6608.HK,20250925,4742219000.0,FY2025H1
6608.HK,20250425,4922011000.0,FY2024H2
6608.HK,20240919,4782898000.0,FY2024H1
6608.HK,20240422,4472316000.0,FY2023H2
6608.HK,20230918,4633758000.0,FY2023H1
6609.HK,20260427,692805000.0,FY2025H2
6609.HK,20250923,697526000.0,FY2025H1
6609.HK,20250423,594633000.0,FY2024H2
6609.HK,20240926,572683000.0,FY2024H1
6609.HK,20240417,569329000.0,FY2023H2
6609.HK,20230921,545332000.0,FY2023H1
6610.HK,20260427,1512321000.0,FY2025H2
6610.HK,20250926,1740212000.0,FY2025H1
6610.HK,20250429,1608087000.0,FY2024H2
6610.HK,20240926,1689700000.0,FY2024H1
6610.HK,20240429,1388606000.0,FY2023H2
6610.HK,20230925,1260598000.0,FY2023H1
6611.HK,20240930,10297482000.0,FY2024H1
6611.HK,20240429,11111654000.0,FY2023H2
6611.HK,20230927,12064824000.0,FY2023H1
6613.HK,20260428,71578897000.0,FY2025Q4
6613.HK,20250925,68106721999.99999,FY2025Q2
6613.HK,20250630,66257765000.0,FY2025Q1
6616.HK,20260428,9734492000.0,FY2025H2
6616.HK,20250918,4562205000.0,FY2025H1
6616.HK,20250429,3548947000.0,FY2024H2
6616.HK,20240920,2322627000.0,FY2024H1
6616.HK,20240429,1847635000.0,FY2023H2
6616.HK,20230920,1290623000.0,FY2023H1
6618.HK,20260424,49798689000.0,FY2025H2
6618.HK,20250905,53282772000.0,FY2025H1
6618.HK,20250425,48636911000.0,FY2024H2
6618.HK,20240906,58364558000.0,FY2024H1
6618.HK,20240426,49235100000.0,FY2023H2
6618.HK,20230914,49434672000.0,FY2023H1
6622.HK,20260423,976001000.0,FY2025H2
6622.HK,20250919,1017394000.0,FY2025H1
6622.HK,20250424,1122510000.0,FY2024H2
6622.HK,20240923,1117943000.0,FY2024H1
6622.HK,20240426,958715000.0,FY2023H2
6622.HK,20230920,862637000.0,FY2023H1
6623.HK,20260430,-27890740000.0,FY2025Q2
6623.HK,20260430,-22086187000.0,FY2025Q4
6623.HK,20260217,-29903846000.0,FY2024Q4
6623.HK,20241021,-27038935000.0,FY2024Q3
6623.HK,20240925,-37113898000.0,FY2024Q2
6623.HK,20240422,-39442267000.0,FY2024Q1
6623.HK,20231114,-39780863000.0,FY2023Q3
6623.HK,20230822,-46927978000.0,FY2023Q2
6623.HK,20230523,-51302600000.0,FY2023Q1
6626.HK,20260429,3357648000.0,FY2025H2
6626.HK,20250926,4510336000.0,FY2025H1
6626.HK,20250429,4588194000.0,FY2024H2
6626.HK,20240924,4011262000.0,FY2024H1
6626.HK,20240429,1451532000.0,FY2023H2
6626.HK,20230922,1558388000.0,FY2023H1
6628.HK,20260428,433717000.0,FY2025H2
6628.HK,20250912,515756999.99999994,FY2025H1
6628.HK,20250422,553641000.0,FY2024H2
6628.HK,20240913,635844000.0,FY2024H1
6628.HK,20240418,674876000.0,FY2023H2
6628.HK,20230915,698670000.0,FY2023H1
6633.HK,20260420,1617117000.0,FY2025H2
6633.HK,20250918,1636115000.0,FY2025H1
6633.HK,20250416,1531078000.0,FY2024H2
6633.HK,20240919,1564078000.0,FY2024H1
6633.HK,20240418,1460825000.0,FY2023H2
6633.HK,20230921,1338318000.0,FY2023H1
6636.HK,20260320,451448000.0,FY2025Q3
6638.HK,20250827,3174958000.0,FY2025Q2
6638.HK,20250528,2772587000.0,FY2025Q1
6638.HK,20250424,2009224000.0,FY2024Q4
6638.HK,20241114,3093802000.0,FY2024Q3
6638.HK,20240816,4256160000.0,FY2024Q2
6638.HK,20240521,6889564000.0,FY2024Q1
6638.HK,20240423,6399724000.0,FY2023Q4
6638.HK,20231113,6981626000.0,FY2023Q3
6638.HK,20230816,6963226000.0,FY2023Q2
6638.HK,20230522,6759951000.0,FY2023Q1
6639.HK,20250725,2401247000.0,FY2025H2
6639.HK,20241224,2292387000.0,FY2025H1
6639.HK,20240725,2393618000.0,FY2024H2
6639.HK,20231227,2415574000.0,FY2024H1
6639.HK,20230726,2243650000.0,FY2023H2
6639.HK,20221229,2344820000.0,FY2023H1
6651.HK,20260424,524801000.00000006,FY2025H2
6651.HK,20251218,430521000.0,FY2025H1
6655.HK,20260326,68679582618.99999,FY2025H2
6655.HK,20251024,66758411393.0,FY2025Q3
6655.HK,20250829,63270058119.0,FY2025H1
6655.HK,20250429,62919395257.0,FY2025Q1
6655.HK,20250326,62037922865.0,FY2024H2
6655.HK,20241025,62428407913.0,FY2024Q3
6655.HK,20240830,63270378273.0,FY2024H1
6655.HK,20240426,62026915671.0,FY2024Q1
6655.HK,20240328,62100554569.0,FY2023H2
6655.HK,20231027,59066677637.0,FY2023Q3
6655.HK,20230824,59542725482.0,FY2023H1
6655.HK,20230427,56847350974.0,FY2023Q1
6657.HK,20260428,751709000.0,FY2025H2
6657.HK,20250929,877897000.0,FY2025H1
6657.HK,20250428,771359000.0,FY2024H2
6657.HK,20240920,808756000.0,FY2024H1
6660.HK,20260427,5930442000.0,FY2025H2
6660.HK,20250827,6626768000.0,FY2025H1
6660.HK,20250425,6548603000.0,FY2024H2
6660.HK,20240829,6524529000.0,FY2024H1
6660.HK,20240425,6407399000.0,FY2023H2
6660.HK,20230829,7810064000.0,FY2023H1
6661.HK,20260428,1902841000.0,FY2025H2
6661.HK,20250929,1919942000.0,FY2025H1
6661.HK,20250429,1349168000.0,FY2024H2
6661.HK,20240926,1286569000.0,FY2024H1
6661.HK,20240429,1311420000.0,FY2023H2
6661.HK,20230927,1250673000.0,FY2023H1
6663.HK,20250627,201388000.0,FY2025H2
6663.HK,20241129,240707000.0,FY2025H1
6663.HK,20240628,196111000.0,FY2024H2
6663.HK,20231124,173960000.0,FY2024H1
6663.HK,20230628,125831000.0,FY2023H2
6663.HK,20221125,172777000.0,FY2023H1
6666.HK,20260423,4494658000.0,FY2025H2
6666.HK,20250929,4810885000.0,FY2025H1
6666.HK,20250425,5055587000.0,FY2024H2
6666.HK,20240930,4939926000.0,FY2024H1
6666.HK,20240424,5366896000.0,FY2023H2
6666.HK,20230918,4922856000.0,FY2023H1
6667.HK,20260427,416809000.0,FY2025H2
6667.HK,20260209,228569000.0,FY2025H1
6667.HK,20260204,248217000.0,FY2024H2
6667.HK,20240926,323136000.0,FY2024H1
6667.HK,20240426,278253000.0,FY2023H2
6667.HK,20230928,304516000.0,FY2023H1
6668.HK,20260422,1770378000.0,FY2025H2
6668.HK,20250918,1792554000.0,FY2025H1
6668.HK,20250428,1563104000.0,FY2024H2
6668.HK,20240919,2015374000.0,FY2024H1
6668.HK,20240429,1772287000.0,FY2023H2
6668.HK,20230921,1775313000.0,FY2023H1
6669.HK,20260424,1467127000.0,FY2025H2
6669.HK,20250923,1171681000.0,FY2025H1
6669.HK,20250425,910036000.0,FY2024H2
6669.HK,20240925,1008606000.0,FY2024H1
6669.HK,20240424,972280000.0,FY2023H2
6669.HK,20230922,655594000.0,FY2023H1
6676.HK,20260424,10346862000.0,FY2025H2
6676.HK,20250926,10406751000.0,FY2025H1
6677.HK,20260427,1954905000.0,FY2025H2
6677.HK,20250919,3029757000.0,FY2025H1
6677.HK,20250428,3261931000.0,FY2024H2
6677.HK,20240919,3447081000.0,FY2024H1
6677.HK,20240423,3387638000.0,FY2023H2
6677.HK,20230919,3634226000.0,FY2023H1
6680.HK,20260401,12051899000.0,FY2025H2
6680.HK,20250826,12011993000.0,FY2025H1
6680.HK,20250411,10131817000.0,FY2024H2
6680.HK,20240903,8442773999.999999,FY2024H1
6680.HK,20240412,8669230000.0,FY2023H2
6680.HK,20230830,7515921000.0,FY2023H1
6681.HK,20260428,302530000.0,FY2025H2
6681.HK,20250929,434598000.0,FY2025H1
6681.HK,20250428,255613000.0,FY2024H2
6681.HK,20241230,263021000.00000003,FY2024H1
6682.HK,20260428,7295819000.0,FY2025H2
6682.HK,20250929,5693240000.0,FY2025H1
6682.HK,20250425,6522391000.0,FY2024H2
6682.HK,20240926,5129245000.0,FY2024H1
6682.HK,20240425,4812309000.0,FY2023Q4
6682.HK,20230929,4283249000.0,FY2023Q2
6682.HK,20230918,4484910000.0,FY2023Q1
6683.HK,20260428,1439243000.0,FY2025H2
6683.HK,20250929,1233904000.0,FY2025H1
6683.HK,20250429,944866000.0,FY2024H2
6683.HK,20240926,781504000.0,FY2024H1
6683.HK,20240428,756751000.0,FY2023H2
6683.HK,20230927,451696000.0,FY2023H1
6686.HK,20260429,7380016000.0,FY2025Q4
6686.HK,20251125,7708575000.0,FY2025Q3
6686.HK,20250827,7923036000.0,FY2025Q2
6686.HK,20250528,7798354000.0,FY2025Q1
6686.HK,20250424,7956506000.0,FY2024Q4
6686.HK,20241126,8085367000.0,FY2024Q3
6686.HK,20240828,7862059000.0,FY2024Q2
6686.HK,20240529,7613684000.0,FY2024Q1
6686.HK,20240424,7493251000.0,FY2023Q4
6686.HK,20231028,7669071000.0,FY2023Q3
6686.HK,20230828,7822923000.0,FY2023Q2
6686.HK,20230530,7467971000.0,FY2023Q1
6687.HK,20260427,914722000.0,FY2025H2
6687.HK,20251013,885608000.0,FY2025H1
6689.HK,20230925,10732087000.0,FY2023H1
6690.HK,20260427,222227000000.0,FY2025H2
6690.HK,20250925,219351000000.0,FY2025H1
6690.HK,20250429,207749000000.0,FY2024H2
6690.HK,20240926,183680000000.0,FY2024H1
6690.HK,20230928,166599000000.0,FY2023H1
6693.HK,20260320,18262319723.26,FY2025H2
6693.HK,20251024,18433858126.18,FY2025Q3
6693.HK,20250822,18025634063.32,FY2025H1
6693.HK,20250425,17828072272.6,FY2025Q1
6693.HK,20250328,17768509948.809998,FY2024H2
6693.HK,20250228,17759058000.0,FY2024Q3
6693.HK,20240830,17331047639.46,FY2024H1
6693.HK,20240429,17079701591.509998,FY2024Q1
6693.HK,20230818,17494554363.15,FY2023H1
6693.HK,20230428,16295974943.46,FY2023Q1
6696.HK,20250929,807716000.0,FY2025H1
6696.HK,20250423,817169000.0,FY2024H2
6696.HK,20240927,903925000.0,FY2024H1
6696.HK,20240425,748898000.0,FY2023H2
6696.HK,20230919,690655000.0,FY2023H1
6698.HK,20260428,2026137000.0,FY2025H2
6698.HK,20250926,2044101000.0,FY2025H1
6698.HK,20250429,2217020000.0,FY2024H2
6698.HK,20240920,2335859000.0,FY2024H1
6698.HK,20230919,3017371000.0,FY2023H1
6699.HK,20260423,626810000.0,FY2025H2
6699.HK,20250922,645690000.0,FY2025H1
6699.HK,20250422,435977000.0,FY2024H2
6699.HK,20240920,558689316.38045,FY2024H1
6699.HK,20230914,212316136.41691998,FY2023H1
6805.HK,20260423,5469136000.0,FY2025H2
6805.HK,20250925,5206793000.0,FY2025H1
6805.HK,20250425,5003344000.0,FY2024H2
6805.HK,20240925,4910640000.0,FY2024H1
6805.HK,20240425,4657350000.0,FY2023H2
6805.HK,20230921,4443002000.0,FY2023H1
6806.HK,20260422,558448928000.0,FY2025H2
6806.HK,20250916,525039991000.00006,FY2025H1
6806.HK,20250422,552179752000.0,FY2024H2
6806.HK,20240913,465644913000.0,FY2024H1
6806.HK,20240422,481004891000.0,FY2023H2
6806.HK,20230918,532235969000.00006,FY2023H1
6808.HK,20250718,49231000000.0,FY2025H2
6808.HK,20241206,52552000000.0,FY2025H1
6808.HK,20240722,48883000000.0,FY2024H2
6808.HK,20231206,50472000000.0,FY2024H1
6808.HK,20230629,51692000000.0,FY2023H2
6808.HK,20221206,52711000000.0,FY2023H1
6811.HK,20260427,2052283000.0,FY2025H2
6811.HK,20250915,2083572999.9999998,FY2025H1
6811.HK,20250428,2140387000.0000002,FY2024H2
6811.HK,20240919,2213063000.0,FY2024H1
6811.HK,20240419,2253477000.0,FY2023H2
6811.HK,20230929,2180031000.0,FY2023H1
6812.HK,20250707,178680000.0,FY2025H2
6812.HK,20241129,152817000.0,FY2025H1
6812.HK,20240626,188469000.0,FY2024H2
6812.HK,20231124,163228000.0,FY2024H1
6812.HK,20230626,121056000.0,FY2023H2
6812.HK,20221125,133489000.0,FY2023H1
6816.HK,20260429,5612960000.0,FY2025H2
6816.HK,20250925,5005471000.0,FY2025H1
6816.HK,20250429,5113376000.0,FY2024H2
6816.HK,20240912,4363928000.0,FY2024H1
6816.HK,20240429,4851644000.0,FY2023H2
6816.HK,20230918,4405934000.0,FY2023H1
6818.HK,20260429,-5866000000.0,FY2025H2
6818.HK,20251030,,FY2025Q3
6818.HK,20250930,-8889000000.0,FY2025H1
6818.HK,20250425,-5326000000.0,FY2024H2
6818.HK,20241030,,FY2024Q3
6818.HK,20240926,-8086000000.0,FY2024H1
6818.HK,20240429,-4361000000.0,FY2023H2
6818.HK,20231030,,FY2023Q3
6818.HK,20230927,-8229000000.0,FY2023H1
6819.HK,20240327,46353000.0,FY2024H1
6819.HK,20231030,45805000.0,FY2023H2
6819.HK,20230327,45428000.0,FY2023H1
6820.HK,20260420,1274395000.0,FY2025H2
6820.HK,20250926,1270276000.0,FY2025H1
6820.HK,20250428,1060060000.0,FY2024H2
6820.HK,20240923,916514000.0,FY2024H1
6820.HK,20240418,1067483999.9999999,FY2023H2
6820.HK,20230915,942206000.0,FY2023H1
6821.HK,20260420,16727950000.0,FY2025H2
6821.HK,20251030,12999333000.0,FY2025Q3
6821.HK,20250919,15063751000.0,FY2025H1
6821.HK,20250423,16133164000.0,FY2024H2
6821.HK,20241029,13349439000.0,FY2024Q3
6821.HK,20240925,15127313000.0,FY2024H1
6821.HK,20240425,12147370000.0,FY2024Q1
6821.HK,20240424,12510989000.0,FY2023H2
6821.HK,20231030,12518492000.0,FY2023Q3
6821.HK,20230927,12009232000.0,FY2023H1
6822.HK,20260424,496837000.0,FY2025H2
6822.HK,20250918,563009000.0,FY2025H1
6822.HK,20250424,663493000.0,FY2024H2
6822.HK,20240917,649079000.0,FY2024H1
6822.HK,20240422,644396000.0,FY2023H2
6822.HK,20230921,621369000.0,FY2023H1
6823.HK,20260401,69146000000.0,FY2025H2
6823.HK,20250904,67032000000.0,FY2025H1
6823.HK,20250402,64903000000.0,FY2024H2
6823.HK,20240905,62168000000.0,FY2024H1
6823.HK,20240402,60358000000.0,FY2023H2
6823.HK,20230907,57953000000.0,FY2023H1
6826.HK,20260424,4002994000.0,FY2025H2
6826.HK,20250908,4199430999.9999995,FY2025H1
6826.HK,20250425,4069158000.0,FY2024H2
6826.HK,20240902,4153060999.9999995,FY2024H1
6826.HK,20240412,3952477000.0,FY2023H2
6826.HK,20230901,4011030000.0,FY2023H1
6828.HK,20260427,3235137000.0,FY2025H2
6828.HK,20250922,3469533000.0,FY2025H1
6828.HK,20250428,3430392000.0,FY2024H2
6828.HK,20240917,3626376544.67213,FY2024H1
6828.HK,20230921,3588611551.4931097,FY2023H1
6829.HK,20250722,422329000.0,FY2025H2
6829.HK,20241212,321267000.0,FY2025H1
6829.HK,20240709,285218000.0,FY2024H2
6829.HK,20231214,220796000.0,FY2024H1
6829.HK,20230711,211596000.0,FY2023H2
6829.HK,20221208,201036000.0,FY2023H1
6830.HK,20260427,4470354000.0,FY2025H2
6830.HK,20250926,3714114000.0,FY2025H1
6830.HK,20250428,3563342000.0,FY2024H2
6830.HK,20240920,3232977000.0,FY2024H1
6830.HK,20240426,3272766000.0,FY2023H2
6830.HK,20230919,3043223000.0,FY2023H1
6831.HK,20260427,2596072000.0,FY2025H2
6831.HK,20250929,2490697000.0,FY2025H1
6833.HK,20260420,1531197000.0,FY2025H2
6833.HK,20250919,1580685000.0,FY2025H1
6833.HK,20250422,1625567000.0,FY2024H2
6833.HK,20240923,1470809000.0,FY2024H1
6833.HK,20240422,1386220000.0,FY2023H2
6833.HK,20230921,1054497000.0000001,FY2023H1
6836.HK,20230920,826471000.0,FY2023H1
6837.HK,20240919,372945916000.0,FY2024H1
6837.HK,20240419,405803396000.0,FY2023H2
6837.HK,20230918,392455156000.0,FY2023H1
6838.HK,20260427,887795000.0,FY2025H2
6838.HK,20250916,1037698000.0000001,FY2025H1
6838.HK,20250417,1045133000.0,FY2024H2
6838.HK,20240917,906225000.0,FY2024H1
6838.HK,20240419,961542000.0,FY2023H2
6838.HK,20230919,934718000.0,FY2023H1
6839.HK,20260430,24024264000.0,FY2025H2
6839.HK,20250930,23962326000.0,FY2025H1
6839.HK,20250430,24711202000.0,FY2024H2
6839.HK,20240927,25973403000.0,FY2024H1
6839.HK,20240429,26115643000.0,FY2023H2
6839.HK,20230929,26614214000.0,FY2023H1
6855.HK,20260427,1468798000.0,FY2025H2
6855.HK,20250919,1359996000.0,FY2025H1
6855.HK,20250416,1331905000.0,FY2024H2
6855.HK,20241001,1982062000.0,FY2024H1
6855.HK,20240415,1381866000.0,FY2023H2
6855.HK,20230921,1311789000.0,FY2023H1
6858.HK,20250725,22666080000.0,FY2025H2
6858.HK,20241230,21929883000.0,FY2025H1
6858.HK,20240725,25754275000.0,FY2024H2
6858.HK,20231228,24980584000.0,FY2024H1
6858.HK,20230725,26036705000.0,FY2023H2
6858.HK,20221228,26861959000.0,FY2023H1
6860.HK,20260429,607353000.0,FY2025H2
6860.HK,20250916,503437000.0,FY2025H1
6860.HK,20250429,650200000.0,FY2024H2
6860.HK,20240929,466429000.0,FY2024H1
6860.HK,20240430,475008000.0,FY2023H2
6860.HK,20230928,483371000.0,FY2023H1
6862.HK,20260424,15403009000.0,FY2025H2
6862.HK,20250922,15159546000.0,FY2025H1
6862.HK,20250424,15221592000.0,FY2024H2
6862.HK,20240923,13606132000.0,FY2024H1
6862.HK,20240425,15262138000.0,FY2023H2
6862.HK,20230925,14000923000.0,FY2023H1
6865.HK,20260326,38664985345.62,FY2025H2
6865.HK,20251027,38088454913.64,FY2025Q3
6865.HK,20250827,38995409484.54,FY2025H1
6865.HK,20250429,38252260476.939995,FY2025Q1
6865.HK,20250327,38408170972.85,FY2024H2
6865.HK,20241029,38910174352.590004,FY2024Q3
6865.HK,20240827,40084971018.35999,FY2024H1
6865.HK,20240429,37487556092.600006,FY2024Q1
6865.HK,20240326,37502681683.92,FY2023H2
6865.HK,20231030,33620181035.7,FY2023Q3
6865.HK,20230828,32875605714.79,FY2023H1
6865.HK,20230424,30720934276.579998,FY2023Q1
6866.HK,20260428,-23495000.0,FY2025H2
6866.HK,20251028,-23776000.0,FY2025Q3
6866.HK,20250829,-10284000.0,FY2025H1
6866.HK,20250425,-5032000.0,FY2025Q1
6866.HK,20250424,-10515000.0,FY2024H2
6866.HK,20241025,-35675000.0,FY2024Q3
6866.HK,20240905,-24755000.0,FY2024H1
6866.HK,20240426,-42441000.0,FY2024Q1
6866.HK,20240423,-17478000.0,FY2023H2
6866.HK,20231027,-33615000.0,FY2023Q3
6866.HK,20230907,-116010000.0,FY2023H1
6868.HK,20260409,2401971000.0,FY2025H2
6868.HK,20250908,2409087000.0,FY2025H1
6868.HK,20250410,2630309000.0,FY2024H2
6868.HK,20240909,2610320000.0,FY2024H1
6868.HK,20240408,2726717000.0,FY2023H2
6868.HK,20230907,2737066000.0,FY2023H1
6869.HK,20260327,29538773629.0,FY2025H2
6869.HK,20251030,30159523366.0,FY2025Q3
6869.HK,20250829,28167005336.0,FY2025H1
6869.HK,20250429,27804559788.0,FY2025Q1
6869.HK,20250328,27352346978.0,FY2024H2
6869.HK,20241030,26643429350.0,FY2024Q3
6869.HK,20240823,25162554182.0,FY2024H1
6869.HK,20240429,24168200289.0,FY2024Q1
6869.HK,20240328,24211087922.0,FY2023H2
6869.HK,20231030,24573335640.0,FY2023Q3
6869.HK,20230825,24869768581.0,FY2023H1
6869.HK,20230428,23786131581.0,FY2023Q1
6877.HK,20260414,39828000.0,FY2025H2
6877.HK,20250929,48738000.0,FY2025H1
6877.HK,20250402,74134000.0,FY2024H2
6877.HK,20240912,38053000.0,FY2024H1
6877.HK,20240327,29001000.0,FY2023H2
6877.HK,20230824,54796000.0,FY2023H1
6878.HK,20240909,4635449000.0,FY2024H1
6878.HK,20240730,4440389000.0,FY2023H2
6878.HK,20230904,6325151000.0,FY2023H1
6880.HK,20241119,47791000.0,FY2024H1
6880.HK,20241118,51126000.0,FY2023H1
6881.HK,20260416,716585812000.0,FY2025H2
6881.HK,20250919,660452901000.0,FY2025H1
6881.HK,20250416,579587329000.0,FY2024H2
6881.HK,20240919,637142356000.0,FY2024H1
6881.HK,20240417,542630698000.0,FY2023H2
6881.HK,20230914,570621084000.0,FY2023H1
6882.HK,20260428,580019000.0,FY2025H2
6882.HK,20250926,632623000.0,FY2025H1
6882.HK,20250425,593484000.0,FY2024H2
6882.HK,20240926,570883000.0,FY2024H1
6882.HK,20240425,638301000.0,FY2023H2
6882.HK,20230927,657076000.0,FY2023H1
6885.HK,20260429,8811682000.0,FY2025H2
6885.HK,20250929,10088926000.0,FY2025H1
6885.HK,20250428,10695515000.0,FY2024H2
6885.HK,20240922,10719220000.0,FY2024H1
6885.HK,20240428,11606440000.0,FY2023H2
6885.HK,20230926,10983660000.0,FY2023H1
6886.HK,20260428,833598215000.0,FY2025H2
6886.HK,20250926,715610995000.0,FY2025H1
6886.HK,20250428,644712832000.0,FY2024H2
6886.HK,20240927,657789017000.0,FY2024H1
6886.HK,20240426,701448889000.0,FY2023H2
6886.HK,20230927,687897085000.0,FY2023H1
6887.HK,20260430,10505943000.0,FY2025H2
6887.HK,20250929,11026543000.0,FY2025H1
6888.HK,20260430,755705000.0,FY2025H2
6888.HK,20250924,837484000.0,FY2025H1
6888.HK,20250430,704034000.0,FY2024H2
6888.HK,20240923,909507000.0,FY2024H1
6888.HK,20240429,983407000.0,FY2023H2
6888.HK,20230922,877958000.0,FY2023H1
6889.HK,20250530,305978000000.0,FY2025H2
6889.HK,20241206,307286000000.0,FY2025H1
6889.HK,20240531,309392000000.0,FY2024H2
6889.HK,20231207,303262000000.0,FY2024H1
6889.HK,20230531,259322000000.0,FY2023H2
6889.HK,20221205,238066000000.0,FY2023H1
6890.HK,20260421,1451113000.0,FY2025H2
6890.HK,20250925,1520172000.0,FY2025H1
6890.HK,20250415,1436125000.0,FY2024H2
6890.HK,20240919,1616651000.0,FY2024H1
6890.HK,20240425,1588554000.0,FY2023H2
6890.HK,20230913,1484176000.0,FY2023H1
6893.HK,20250724,542373000.0,FY2025H2
6893.HK,20241223,594329000.0,FY2025H1
6893.HK,20240725,576622000.0,FY2024H2
6893.HK,20231228,579722000.0,FY2024H1
6893.HK,20230728,607502000.0,FY2023H2
6893.HK,20221222,623127000.0,FY2023H1
6896.HK,20260427,1320757000.0,FY2025H2
6896.HK,20250929,1079434000.0,FY2025H1
6896.HK,20250425,1120538000.0,FY2024H2
6896.HK,20240925,1083265000.0,FY2024H1
6896.HK,20240429,1266837000.0,FY2023H2
6896.HK,20230922,1060220000.0,FY2023H1
6898.HK,20260428,233272000.0,FY2025H2
6898.HK,20250911,240171000.0,FY2025H1
6898.HK,20250422,252400000.0,FY2024H2
6898.HK,20240912,279281000.0,FY2024H1
6898.HK,20240422,303538000.0,FY2023H2
6898.HK,20230911,341051000.0,FY2023H1
6899.HK,20250922,53742000.0,FY2025H1
6899.HK,20250910,86839000.0,FY2024H2
6899.HK,20230928,554268000.0,FY2023H1
6908.HK,20260430,543459000.0,FY2025H2
6908.HK,20250916,535554999.99999994,FY2025H1
6908.HK,20250430,620835000.0,FY2024H2
6908.HK,20240927,675389000.0,FY2024H1
6908.HK,20240429,715599000.0,FY2023H2
6908.HK,20230927,732450000.0,FY2023H1
6909.HK,20260417,4684322000.0,FY2025H2
6909.HK,20250912,4466833000.0,FY2025H1
6909.HK,20250417,4040099000.0,FY2024H2
6909.HK,20240913,3298263000.0,FY2024H1
6909.HK,20240408,3468208000.0,FY2023H2
6909.HK,20231219,3479252000.0,FY2023H1
6911.HK,20250828,1228266000.0,FY2025H1
6911.HK,20250701,1276309000.0,FY2024H2
6911.HK,20240925,1518413000.0,FY2024H1
6911.HK,20240429,1365663000.0,FY2023H2
6911.HK,20231214,1356349000.0,FY2023H1
6913.HK,20260429,2431554000.0,FY2025H2
6913.HK,20250926,2222780000.0,FY2025H1
6913.HK,20250430,2248407000.0,FY2024H2
6913.HK,20240927,2040538000.0,FY2024H1
6913.HK,20240424,2041213000.0,FY2023H2
6913.HK,20230926,1965383000.0,FY2023H1
6918.HK,20260430,523188999.99999994,FY2025H2
6918.HK,20250901,526549999.99999994,FY2025H1
6918.HK,20250429,581586000.0,FY2024H2
6918.HK,20240903,580922000.0,FY2024H1
6918.HK,20240626,591463000.0,FY2023H2
6918.HK,20230904,741246000.0,FY2023H1
6919.HK,20260430,1585279000.0,FY2025H2
6919.HK,20250929,1631938000.0,FY2025H1
6919.HK,20250430,2045614000.0,FY2024H2
6919.HK,20240920,1889105000.0,FY2024H1
6919.HK,20240426,1697128000.0,FY2023H2
6919.HK,20230921,1575998000.0,FY2023H1
6922.HK,20260428,102424000.0,FY2025H2
6922.HK,20250922,96118000.0,FY2025H1
6922.HK,20250429,103789000.0,FY2024H2
6922.HK,20240926,115082000.0,FY2024H1
6922.HK,20240425,109419000.0,FY2023H2
6922.HK,20230927,97664000.0,FY2023H1
6928.HK,20260430,6377139.0,FY2025H2
6928.HK,20250930,6620837.0,FY2025H1
6928.HK,20250430,6281759.0,FY2024H2
6928.HK,20240920,5868293.0,FY2024H1
6928.HK,20240429,6320449.0,FY2023H2
6928.HK,20230915,5811924.0,FY2023H1
6929.HK,20260413,222714000.0,FY2025H2
6929.HK,20250908,197517000.0,FY2025H1
6929.HK,20250416,361147000.0,FY2024H2
6929.HK,20240911,155771000.0,FY2024H1
6929.HK,20240418,338933000.0,FY2023H2
6929.HK,20230911,132417000.0,FY2023H1
6933.HK,20260428,89924000.0,FY2025H2
6933.HK,20250905,107650000.0,FY2025H1
6933.HK,20250411,70834000.0,FY2024H2
6933.HK,20240906,69403000.0,FY2024H1
6933.HK,20240426,58840000.0,FY2023H2
6933.HK,20230907,137648000.0,FY2023H1
6936.HK,20260409,186446991000.0,FY2025H2
6936.HK,20250904,187137978000.0,FY2025H1
6936.HK,20250407,170649881000.0,FY2024Q4
6936.HK,20241118,192148696000.0,FY2024Q3
6938.HK,20260417,433063000.0,FY2025H2
6938.HK,20251231,642046000.0,FY2025H1
6939.HK,20260428,187987000.0,FY2025H2
6939.HK,20250922,181404000.0,FY2025H1
6939.HK,20250428,236076000.0,FY2024H2
6939.HK,20240923,164510000.0,FY2024H1
6939.HK,20240425,206383000.0,FY2023H2
6939.HK,20230922,115686000.0,FY2023H1
6955.HK,20260429,2995238000.0,FY2025H2
6955.HK,20250929,2774667000.0,FY2025H1
6955.HK,20250429,2652421000.0,FY2024H2
6955.HK,20240925,2376258000.0,FY2024H1
6955.HK,20240429,2121536000.0,FY2023H2
6955.HK,20230921,1893207000.0,FY2023H1
6958.HK,20260428,791428000.0,FY2025H2
6958.HK,20250925,861381000.0,FY2025H1
6958.HK,20250429,875182000.0,FY2024H2
6958.HK,20240919,826998000.0,FY2024H1
6958.HK,20240425,732427000.0,FY2023H2
6958.HK,20230921,787541000.0,FY2023H1
6959.HK,20260427,640826000.0,FY2025H2
6959.HK,20250930,715023000.0,FY2025H1
6959.HK,20250425,255618000.0,FY2024H2
6959.HK,20240926,250881000.0,FY2024H1
6959.HK,20240428,201690000.0,FY2023H2
6959.HK,20231229,217293000.0,FY2023H1
6960.HK,20260427,5306747000.0,FY2025H2
6960.HK,20250919,5080843000.0,FY2025H1
6963.HK,20260427,-15373000000.0,FY2025H2
6963.HK,20250929,-10797000000.0,FY2025H1
6963.HK,20250425,-6706000000.0,FY2024H2
6963.HK,20240925,-9464000000.0,FY2024H1
6963.HK,20240425,-13553000000.0,FY2023H2
6963.HK,20230925,-12255000000.0,FY2023H1
6966.HK,20260427,126542000.0,FY2025H2
6966.HK,20250926,155259000.0,FY2025H1
6966.HK,20250429,160303000.0,FY2024H2
6966.HK,20240927,91574000.0,FY2024H1
6966.HK,20240426,91621000.0,FY2023H2
6966.HK,20230908,89467000.0,FY2023H1
6968.HK,20260430,18647784000.0,FY2025H2
6968.HK,20250930,20320367000.0,FY2025H1
6968.HK,20250428,23048207000.0,FY2024H2
6968.HK,20240920,28052560000.0,FY2024H1
6968.HK,20240422,31038234000.0,FY2023H2
6968.HK,20230915,40436484000.0,FY2023H1
6969.HK,20260416,21214852000.0,FY2025H2
6969.HK,20250908,22120050000.0,FY2025H1
6969.HK,20250411,22483678000.0,FY2024H2
6969.HK,20240904,20006123000.0,FY2024H1
6969.HK,20240415,20176208000.0,FY2023H2
6969.HK,20230907,11476659000.0,FY2023H1
6978.HK,20260407,548480000.0,FY2025H2
6978.HK,20250923,467846000.0,FY2025H1
6978.HK,20250429,517085000.00000006,FY2024H2
6978.HK,20240919,640074000.0,FY2024H1
6978.HK,20240429,794123000.0,FY2023H2
6978.HK,20230921,904050000.0,FY2023H1
6979.HK,20260424,18871689000.0,FY2025H2
6979.HK,20250924,18506595000.0,FY2025H1
6979.HK,20250417,18188236000.0,FY2024H2
6979.HK,20240925,11946795000.0,FY2024H1
6979.HK,20240423,16637119999.999998,FY2023H2
6979.HK,20230922,10114248000.0,FY2023H1
6988.HK,20260428,166066000.0,FY2025H2
6988.HK,20250925,437962000.0,FY2025H1
6988.HK,20250417,609354000.0,FY2024H2
6988.HK,20240927,1161164000.0,FY2024H1
6988.HK,20240429,1541408000.0,FY2023H2
6988.HK,20230927,2064745000.0,FY2023H1
6989.HK,20260428,4158216000.0000005,FY2025H2
6989.HK,20250926,4431636000.0,FY2025H1
6989.HK,20250429,3979472000.0,FY2024H2
6989.HK,20240927,4115100999.9999995,FY2024H1
6989.HK,20240429,2798172000.0,FY2023H2
6989.HK,20230928,2561410000.0,FY2023H1
6990.HK,20260416,2744748000.0,FY2025H2
6990.HK,20250918,2850094000.0,FY2025H1
6990.HK,20250417,2931499000.0,FY2024H2
6990.HK,20240919,1704394000.0,FY2024H1
6990.HK,20240418,1980981000.0,FY2023H2
6990.HK,20230919,1974364000.0,FY2023H1
6993.HK,20260424,5741989000.0,FY2025H2
6993.HK,20250919,5315314000.0,FY2025H1
6993.HK,20250425,5089219000.0,FY2024H2
6993.HK,20240920,5333596000.0,FY2024H1
6993.HK,20240426,7710113000.0,FY2023H2
6993.HK,20230922,4065200000.0,FY2023H1
6996.HK,20260429,520563999.99999994,FY2025H2
6996.HK,20250929,538737000.0,FY2025H1
6996.HK,20250427,592653000.0,FY2024H2
6996.HK,20240927,979754000.0,FY2024H1
6996.HK,20240429,906806000.0,FY2023H2
6996.HK,20230927,844353000.0,FY2023H1
6998.HK,20260415,5148383000.0,FY2025H2
6998.HK,20250916,293377000.0,FY2025H1
6998.HK,20250424,189616000.0,FY2024H2
6998.HK,20240927,202798000.0,FY2024H1
6998.HK,20240425,236409000.0,FY2023H2
6998.HK,20230926,432060000.0,FY2023H1
6999.HK,20250416,21748414000.0,FY2024H2
6999.HK,20240913,28421975000.0,FY2024H1
6999.HK,20240424,32735407000.0,FY2023H2
6999.HK,20230914,48483001000.0,FY2023H1
7618.HK,20260424,12617365000.0,FY2025H2
7618.HK,20251203,9295356000.0,FY2025H1
7801.HK,20240917,1074010105.0,FY2024H1
7801.HK,20240429,1048799365.0000001,FY2023H2
7801.HK,20230922,1025426261.0000001,FY2023H1
7827.HK,20250430,1001610000.0,FY2024H2
7827.HK,20240913,1001522000.0,FY2024H1
7827.HK,20240411,1001984000.0,FY2023H2
7827.HK,20230915,1002418000.0,FY2023H1
8001.HK,20250730,42930000.0,FY2025H2
8001.HK,20241212,258685999.99999997,FY2025H1
8001.HK,20240729,216885000.0,FY2024Q4
8001.HK,20231113,194571000.0,FY2024Q2
8001.HK,20230811,,FY2024Q1
8001.HK,20230629,235854000.0,FY2023Q5
8001.HK,20230214,380894000.0,FY2023Q4
8001.HK,20221111,,FY2023Q3
8001.HK,20220812,371811000.0,FY2023Q2
8001.HK,20220510,,FY2023Q1
80011.HK,20250826,-5383000000.0,FY2025H1
80011.HK,20250311,-6241000000.0,FY2024H2
80011.HK,20240809,-7100000000.0,FY2024H1
80011.HK,20240311,-7899000000.0,FY2023H2
80011.HK,20230808,-6513000000.0,FY2023H1
80016.HK,20251008,799974000000.0,FY2025H2
80016.HK,20250320,796683000000.0,FY2025H1
80016.HK,20241007,801873000000.0,FY2024H2
80016.HK,20240320,808204000000.0,FY2024H1
80016.HK,20231004,790711000000.0,FY2023H2
80016.HK,20230316,783948000000.0,FY2023H1
80020.HK,20260427,27967616000.0,FY2025H2
80020.HK,20250929,24371988000.0,FY2025H1
80020.HK,20250424,25654834000.0,FY2024H2
80020.HK,20240926,24869129000.0,FY2024H1
80020.HK,20240425,23366476000.0,FY2023H2
80020.HK,20230925,28206917000.0,FY2023H1
8003.HK,20250730,158996000.0,FY2025H2
8003.HK,20241127,202040000.0,FY2025H1
8003.HK,20240730,197504000.0,FY2024Q4
8003.HK,20240208,219018000.0,FY2024Q3
8003.HK,20231114,210062000.0,FY2024Q2
8003.HK,20230814,,FY2024Q1
8003.HK,20230629,219039000.0,FY2023Q4
8003.HK,20230214,,FY2023Q3
8003.HK,20221114,264702000.0,FY2023Q2
8003.HK,20220812,,FY2023Q1
8005.HK,20260422,1847349000.0,FY2025H2
8005.HK,20250828,1902232000.0,FY2025H1
8005.HK,20250411,1917101000.0,FY2024H2
8005.HK,20240909,2019264000.0,FY2024H1
8005.HK,20240422,2021609000.0,FY2023Q4
8005.HK,20231115,,FY2023Q3
8005.HK,20230815,2096985000.0000002,FY2023Q2
8005.HK,20230515,,FY2023Q1
8006.HK,20260429,57351000.0,FY2025H2
8006.HK,20250925,68181000.0,FY2025H1
8006.HK,20250430,53897000.0,FY2024H2
8006.HK,20240909,65915000.00000001,FY2024H1
8006.HK,20240430,58816000.0,FY2023Q4
8006.HK,20231114,,FY2023Q3
8006.HK,20230811,75111000.0,FY2023Q2
8006.HK,20230512,,FY2023Q1
8007.HK,20260130,383238000.0,FY2025H2
8007.HK,20250630,328671000.0,FY2025H1
8007.HK,20250128,318425000.0,FY2024H2
8007.HK,20240628,303675000.0,FY2024H1
8007.HK,20240101,289953000.0,FY2023Q4
8007.HK,20230814,,FY2023Q3
8007.HK,20230515,257380999.99999997,FY2023Q2
8007.HK,20230214,,FY2023Q1
8013.HK,20251203,86064000.0,FY2025H2
8013.HK,20250506,88091000.0,FY2025H1
8013.HK,20241204,73549000.0,FY2024H2
8013.HK,20240425,72848000.0,FY2024H1
8013.HK,20231129,76598000.0,FY2023Q4
8013.HK,20230706,,FY2023Q3
8013.HK,20230412,61669000.0,FY2023Q2
8013.HK,20230111,,FY2023Q1
8017.HK,20250729,60414527.0,FY2025H2
8017.HK,20241205,84457093.0,FY2025H1
8017.HK,20240725,47166725.0,FY2024Q4
8017.HK,20231113,100220531.0,FY2024Q2
8017.HK,20230811,,FY2024Q1
8017.HK,20230629,43593038.0,FY2023Q4
8017.HK,20230213,,FY2023Q3
8017.HK,20221111,50597650.0,FY2023Q2
8017.HK,20220811,,FY2023Q1
80175.HK,20260427,225090815000.0,FY2025H2
80175.HK,20251117,218212000000.0,FY2025Q3
80175.HK,20250827,220912139000.0,FY2025H1
80175.HK,20250515,223757000000.0,FY2025Q1
80175.HK,20250427,183681541000.0,FY2024H2
80175.HK,20241114,170974000000.0,FY2024Q3
80175.HK,20240828,150577636000.0,FY2024H1
80175.HK,20240628,150925000000.0,FY2024Q1
80175.HK,20240425,154921836000.0,FY2023H2
80175.HK,20230831,129731848000.0,FY2023H1
8018.HK,20260330,54923000.0,FY2025H2
8018.HK,20250827,50918000.0,FY2025H1
8018.HK,20250331,65168000.00000001,FY2024H2
8018.HK,20240827,53337000.0,FY2024H1
8018.HK,20240327,54624000.0,FY2023Q4
8018.HK,20231110,,FY2023Q3
8018.HK,20230811,57092000.0,FY2023Q2
8018.HK,20230512,,FY2023Q1
8019.HK,20260429,187826000.0,FY2025H2
8019.HK,20250918,196511000.0,FY2025H1
8019.HK,20250429,192329000.0,FY2024H2
8019.HK,20240927,237173000.0,FY2024H1
8019.HK,20240429,209141000.0,FY2023Q4
8019.HK,20231114,,FY2023Q3
8019.HK,20230814,253246000.0,FY2023Q2
8019.HK,20230512,,FY2023Q1
8020.HK,20250721,36843000.0,FY2025H2
8020.HK,20241114,35328000.0,FY2025H1
8020.HK,20240628,40984000.0,FY2024Q4
8020.HK,20231114,12383000.0,FY2024Q2
8020.HK,20230814,,FY2024Q1
8020.HK,20230702,11945000.0,FY2023Q4
8020.HK,20230214,,FY2023Q3
8020.HK,20221114,17001000.0,FY2023Q2
8020.HK,20220812,,FY2023Q1
8021.HK,20250829,553359000.0,FY2025H2
8021.HK,20241231,331524000.0,FY2025H1
8021.HK,20240830,321657000.0,FY2024Q4
8021.HK,20231215,560795000.0,FY2024Q2
8021.HK,20230914,,FY2024Q1
8021.HK,20230730,530764000.0,FY2023Q4
8021.HK,20230317,,FY2023Q3
8021.HK,20221215,537108000.0,FY2023Q2
8021.HK,20220914,,FY2023Q1
8023.HK,20250721,146455343.0,FY2025H2
8023.HK,20241203,159623816.0,FY2025H1
8023.HK,20240628,135020516.0,FY2024Q4
8023.HK,20231110,129383048.0,FY2024Q2
8023.HK,20230814,,FY2024Q1
8023.HK,20230630,139888796.0,FY2023Q4
8023.HK,20230210,,FY2023Q3
8023.HK,20221111,147718557.0,FY2023Q2
8023.HK,20220810,,FY2023Q1
8026.HK,20250729,359730000.0,FY2025H2
8026.HK,20241119,336092000.0,FY2025H1
8026.HK,20240729,349944000.0,FY2024Q4
8026.HK,20231114,191084000.0,FY2024Q2
8026.HK,20230811,,FY2024Q1
8026.HK,20230214,,FY2023Q3
8026.HK,20221114,101999000.0,FY2023Q2
8026.HK,20220812,,FY2023Q1
8027.HK,20260429,15913000.0,FY2025H2
8027.HK,20250918,13337000.0,FY2025H1
8027.HK,20250429,13202348.0,FY2024H2
8027.HK,20240926,12730302.0,FY2024H1
8027.HK,20240430,14142500.0,FY2023Q4
8027.HK,20230809,16277992.000000002,FY2023Q2
8028.HK,20250722,77027000.0,FY2025H2
8028.HK,20241120,41346000.0,FY2025H1
8028.HK,20240719,72198000.0,FY2024Q4
8028.HK,20231113,41872000.0,FY2024Q2
8028.HK,20230814,,FY2024Q1
8028.HK,20230214,,FY2023Q3
8028.HK,20221114,50692000.0,FY2023Q2
8028.HK,20220812,,FY2023Q1
8029.HK,20250731,60374000.0,FY2025H2
8029.HK,20241129,63080000.0,FY2025H1
8029.HK,20240731,95753000.0,FY2024Q4
8029.HK,20231114,125519000.0,FY2024Q2
8029.HK,20221114,234631000.0,FY2023Q2
80291.HK,20260423,47786000000.0,FY2025H2
80291.HK,20250909,45995000000.0,FY2025H1
80291.HK,20250417,48686000000.0,FY2024H2
80291.HK,20240910,48612000000.0,FY2024H1
80291.HK,20240424,49198000000.0,FY2023H2
80291.HK,20230906,47342000000.0,FY2023H1
8030.HK,20260427,118999000.0,FY2025H2
8030.HK,20250909,84472000.0,FY2025H1
8030.HK,20250430,167218000.0,FY2024H2
8030.HK,20240905,155211000.0,FY2024H1
8030.HK,20240430,80678000.0,FY2023Q4
8030.HK,20231113,,FY2023Q3
8030.HK,20230814,70479000.0,FY2023Q2
8030.HK,20230512,,FY2023Q1
8031.HK,20260428,17795000.0,FY2025H2
8031.HK,20250911,56120000.0,FY2025H1
8031.HK,20250416,27259000.0,FY2024H2
8031.HK,20240911,44569000.0,FY2024H1
8031.HK,20240417,28930000.0,FY2023Q4
8031.HK,20231114,,FY2023Q3
8031.HK,20230811,71679000.0,FY2023Q2
8031.HK,20230512,,FY2023Q1
8033.HK,20260424,406267000.0,FY2025H2
8033.HK,20250827,426224000.0,FY2025H1
8033.HK,20250424,417245000.0,FY2024H2
8033.HK,20240826,420581000.0,FY2024H1
8033.HK,20240425,386580000.0,FY2023Q4
8033.HK,20231113,,FY2023Q3
8033.HK,20230811,333082000.0,FY2023Q2
8033.HK,20230515,,FY2023Q1
8035.HK,20260423,66437000.0,FY2025H2
8035.HK,20250828,97703000.0,FY2025H1
8035.HK,20250423,128800000.00000001,FY2024H2
8035.HK,20240827,149500000.0,FY2024H1
8035.HK,20240416,118213000.0,FY2023Q4
8035.HK,20231110,,FY2023Q3
8035.HK,20230814,256732000.00000003,FY2023Q2
8035.HK,20230512,,FY2023Q1
8036.HK,20260327,51277000.0,FY2025H2
8036.HK,20250903,49560000.0,FY2025H1
8036.HK,20250327,59319000.0,FY2024H2
8036.HK,20240830,37138000.0,FY2024H1
8036.HK,20240326,43055000.0,FY2023Q4
8036.HK,20231113,,FY2023Q3
8036.HK,20230814,43836000.0,FY2023Q2
8036.HK,20230518,,FY2023Q1
8037.HK,20260428,581655000.0,FY2025H2
8037.HK,20250926,419911000.0,FY2025H1
8037.HK,20250423,407148000.0,FY2024H2
8037.HK,20240828,492520000.0,FY2024H1
8037.HK,20240401,483094000.0,FY2023Q4
8037.HK,20231113,,FY2023Q3
8037.HK,20230814,553129000.0,FY2023Q2
8037.HK,20230511,,FY2023Q1
80388.HK,20260316,527868000000.0,FY2025H2
80388.HK,20251105,259064000000.0,FY2025Q3
80388.HK,20250901,218608000000.0,FY2025H1
80388.HK,20250430,209448000000.0,FY2025Q1
80388.HK,20250317,339666000000.0,FY2024H2
80388.HK,20241023,230241000000.0,FY2024Q3
80388.HK,20240902,211674000000.0,FY2024H1
80388.HK,20240424,179004000000.0,FY2024Q1
80388.HK,20240318,191095000000.0,FY2023H2
80388.HK,20231020,178760000000.0,FY2023Q3
80388.HK,20230828,184128000000.0,FY2023H1
80388.HK,20230426,182227000000.0,FY2023Q1
8039.HK,20241203,14296000.0,FY2025H1
8039.HK,20240731,16408999.999999998,FY2024Q4
8039.HK,20240523,13907000.0,FY2024Q2
8039.HK,20240418,12925000.0,FY2023Q4
8039.HK,20230213,,FY2023Q3
8039.HK,20221111,12205000.0,FY2023Q2
8039.HK,20220819,13633000.0,FY2023Q1
8040.HK,20250725,123460000.0,FY2025H2
8040.HK,20241217,123484000.0,FY2025H1
8040.HK,20240729,145378000.0,FY2024Q4
8040.HK,20231113,141174000.0,FY2024Q2
8040.HK,20230815,,FY2024Q1
8040.HK,20230630,118057000.0,FY2023Q4
8040.HK,20230213,,FY2023Q3
8040.HK,20221110,117778000.0,FY2023Q2
8040.HK,20220811,,FY2023Q1
8041.HK,20251030,45676000.0,FY2025H2
8041.HK,20250226,59774000.0,FY2025H1
8041.HK,20241030,43789000.0,FY2024Q4
8041.HK,20240305,49528000.0,FY2024Q2
8041.HK,20231113,,FY2024Q1
8041.HK,20230927,51260000.0,FY2023Q4
8041.HK,20230512,,FY2023Q3
8041.HK,20230213,65509000.0,FY2023Q2
8041.HK,20221110,,FY2023Q1
8042.HK,20260408,51722000.0,FY2025H2
8042.HK,20250828,68264000.0,FY2025H1
8042.HK,20250408,59010000.0,FY2024H2
8042.HK,20240830,49086000.0,FY2024H1
8042.HK,20240410,45818000.0,FY2023Q4
8042.HK,20231110,,FY2023Q3
8042.HK,20230811,44487000.0,FY2023Q2
8042.HK,20230512,,FY2023Q1
8043.HK,20260408,24645608.0,FY2025H2
8043.HK,20250901,24894284.0,FY2025H1
8043.HK,20250320,28251539.0,FY2024H2
8043.HK,20240904,26242004.0,FY2024H1
8043.HK,20240319,28050360.0,FY2023Q4
8043.HK,20231114,,FY2023Q3
8043.HK,20230814,31458818.0,FY2023Q2
8043.HK,20230515,,FY2023Q1
8045.HK,20231114,,FY2023Q3
8045.HK,20230814,1010166000.0,FY2023Q2
8047.HK,20250110,1270370000.0,FY2025H1
8047.HK,20240731,1061229000.0,FY2024Q4
8047.HK,20231207,1199671000.0,FY2024Q2
8047.HK,20220814,,FY2023Q1
8048.HK,20260331,56124000.0,FY2025H2
8048.HK,20260302,46964000.0,FY2025H1
8048.HK,20260301,48913000.0,FY2024H2
8048.HK,20240830,91589000.0,FY2024H1
8048.HK,20240402,93931000.0,FY2023Q4
8048.HK,20231114,,FY2023Q3
8048.HK,20230814,95539000.0,FY2023Q2
8048.HK,20230515,,FY2023Q1
8049.HK,20260331,2521819000.0,FY2025H2
8049.HK,20250814,2156983000.0,FY2025H1
8049.HK,20250331,2289006000.0,FY2024H2
8049.HK,20240814,2016348000.0,FY2024H1
8049.HK,20240329,1960433000.0,FY2023Q4
8049.HK,20231114,,FY2023Q3
8049.HK,20230814,2229792000.0,FY2023Q2
8050.HK,20250710,13415000.0,FY2025H2
8050.HK,20241212,13474000.0,FY2025H1
8050.HK,20240711,12979000.0,FY2024Q4
8050.HK,20231114,17747000.0,FY2024Q2
8050.HK,20230811,,FY2024Q1
8050.HK,20230626,31140000.0,FY2023Q4
8050.HK,20230214,,FY2023Q3
8050.HK,20221114,29237000.0,FY2023Q2
8050.HK,20220811,,FY2023Q1
8051.HK,20260326,162145000.0,FY2025H2
8051.HK,20250820,153262000.0,FY2025H1
8051.HK,20250327,132538000.00000001,FY2024H2
8051.HK,20240816,106305000.0,FY2024H1
8051.HK,20240328,58889000.0,FY2023Q4
8051.HK,20231114,,FY2023Q3
8051.HK,20230814,33725000.0,FY2023Q2
8051.HK,20230512,,FY2023Q1
8052.HK,20250829,15374000.0,FY2025H1
8052.HK,20250620,21577000.0,FY2024H2
8052.HK,20240830,32716000.0,FY2024H1
8052.HK,20240430,22103000.0,FY2023Q4
8052.HK,20231113,,FY2023Q3
8052.HK,20230807,34659000.0,FY2023Q2
8052.HK,20230512,,FY2023Q1
8056.HK,20250730,112661000.0,FY2025H2
8056.HK,20241129,101633000.0,FY2025H1
8056.HK,20240628,105746000.0,FY2024Q4
8056.HK,20231114,125373000.0,FY2024Q2
8056.HK,20230811,,FY2024Q1
8056.HK,20230630,121129000.0,FY2023Q4
8056.HK,20230214,,FY2023Q3
8056.HK,20221114,121586000.0,FY2023Q2
8056.HK,20220812,118392000.0,FY2023Q1
8057.HK,20250704,303643000.0,FY2025H2
8057.HK,20241120,321237000.0,FY2025H1
8057.HK,20240705,278491000.0,FY2024Q4
8057.HK,20231113,318579000.0,FY2024Q2
8057.HK,20230811,,FY2024Q1
8057.HK,20230628,318651000.0,FY2023Q4
8057.HK,20230210,,FY2023Q3
8057.HK,20221111,389317000.0,FY2023Q2
8057.HK,20220811,,FY2023Q1
8059.HK,20260327,68383000.0,FY2025H2
8059.HK,20250829,60546000.0,FY2025H1
8059.HK,20250516,61693000.0,FY2024H2
8059.HK,20240905,79139000.0,FY2024H1
8059.HK,20240426,83191000.0,FY2023Q4
8059.HK,20231110,,FY2023Q3
8059.HK,20230810,94781000.0,FY2023Q2
8059.HK,20230512,,FY2023Q1
8060.HK,20250721,74130000.0,FY2025H2
8060.HK,20241210,102857000.0,FY2025H1
8060.HK,20240718,141263000.0,FY2024Q4
8060.HK,20231113,131668000.0,FY2024Q2
8060.HK,20230811,,FY2024Q1
8060.HK,20230629,126497000.0,FY2023Q4
8060.HK,20230213,,FY2023Q3
8060.HK,20221111,101068000.0,FY2023Q2
8060.HK,20220811,,FY2023Q1
8062.HK,20250716,56710000.0,FY2025H2
8062.HK,20241119,67052000.00000001,FY2025H1
8062.HK,20240710,84351000.0,FY2024Q4
8062.HK,20231109,68228000.0,FY2024Q2
8062.HK,20230809,,FY2024Q1
8062.HK,20230630,61605000.0,FY2023Q4
8062.HK,20230210,,FY2023Q3
8062.HK,20221111,81757000.0,FY2023Q2
8062.HK,20220812,,FY2023Q1
8063.HK,20240829,231252000.0,FY2024H1
8063.HK,20240429,247566000.0,FY2023Q4
8063.HK,20231113,,FY2023Q3
8063.HK,20230814,273152000.0,FY2023Q2
8063.HK,20230515,,FY2023Q1
8065.HK,20250710,160140000.0,FY2025H2
8065.HK,20241121,157051000.0,FY2025H1
8065.HK,20240710,157856000.0,FY2024Q4
8065.HK,20231113,153125000.0,FY2024Q2
8065.HK,20230811,,FY2024Q1
8065.HK,20230628,132636000.0,FY2023Q4
8065.HK,20230213,,FY2023Q3
8065.HK,20221111,147505000.0,FY2023Q2
8065.HK,20220811,,FY2023Q1
8066.HK,20260423,96766066.0,FY2025H2
8066.HK,20250829,74255140.0,FY2025H1
8066.HK,20250327,64311383.00000001,FY2024H2
8066.HK,20240820,59534744.0,FY2024H1
8066.HK,20240405,61837448.0,FY2023Q4
8066.HK,20231114,,FY2023Q3
8066.HK,20230814,63520522.0,FY2023Q2
8066.HK,20230512,,FY2023Q1
8067.HK,20250912,1590028000.0,FY2025H2
8067.HK,20250221,1628399000.0,FY2025H1
8067.HK,20240923,1729534000.0,FY2024Q4
8067.HK,20240223,1667799000.0,FY2024Q2
8067.HK,20231102,,FY2024Q1
8067.HK,20230918,1628005000.0,FY2023Q4
8067.HK,20230511,,FY2023Q3
8067.HK,20230208,1685431000.0,FY2023Q2
8067.HK,20221102,,FY2023Q1
8069.HK,20250730,45210000.0,FY2025H2
8069.HK,20241126,52692000.0,FY2025H1
8069.HK,20240628,55338000.0,FY2024Q4
8069.HK,20231113,105812000.0,FY2024Q2
8069.HK,20230814,,FY2024Q1
8069.HK,20230629,86394000.0,FY2023Q4
8069.HK,20230214,,FY2023Q3
8069.HK,20221111,42256000.0,FY2023Q2
8069.HK,20220812,,FY2023Q1
8070.HK,20260429,265255000.0,FY2025H2
8070.HK,20250901,214509000.0,FY2025H1
8070.HK,20250428,211524000.0,FY2024H2
8070.HK,20240821,210335000.0,FY2024H1
8070.HK,20240425,198763000.0,FY2023Q4
8070.HK,20231114,,FY2023Q3
8070.HK,20230814,164690000.0,FY2023Q2
8070.HK,20230512,,FY2023Q1
80700.HK,20260409,1894077000000.0,FY2025Q4
80700.HK,20251113,1913290000000.0,FY2025Q3
80700.HK,20250826,1827409000000.0,FY2025Q2
80700.HK,20250514,1713027000000.0,FY2025Q1
80700.HK,20250408,1645102000000.0,FY2024Q4
80700.HK,20241113,1577889000000.0,FY2024Q3
80700.HK,20240827,1497963000000.0,FY2024Q2
80700.HK,20240514,1485654000000.0,FY2024Q1
80700.HK,20240408,1401259000000.0,FY2023Q4
80700.HK,20231115,1394757000000.0,FY2023Q3
80700.HK,20230829,1394582000000.0,FY2023Q2
80700.HK,20230517,1363878000000.0,FY2023Q1
8071.HK,20260409,5658000.0,FY2025H2
8071.HK,20250901,10286000.0,FY2025H1
8071.HK,20250403,2403000.0,FY2024H2
8071.HK,20240819,8057000.0,FY2024H1
8071.HK,20240327,14781000.0,FY2023Q4
8071.HK,20231113,,FY2023Q3
8071.HK,20230810,12567000.0,FY2023Q2
8071.HK,20230515,,FY2023Q1
8072.HK,20250723,475503000.0,FY2025H2
8072.HK,20241128,492612000.0,FY2025H1
8072.HK,20240724,445531000.0,FY2024Q4
8072.HK,20231114,451001000.0,FY2024Q2
8072.HK,20230814,,FY2024Q1
8072.HK,20230629,423129000.0,FY2023Q4
8072.HK,20230214,,FY2023Q3
8072.HK,20221114,335634000.0,FY2023Q2
8072.HK,20220812,,FY2023Q1
8073.HK,20260429,244003000.0,FY2025H2
8073.HK,20250910,250872000.0,FY2025H1
8073.HK,20250429,207367000.0,FY2024H2
8073.HK,20240902,240063000.0,FY2024H1
8073.HK,20240429,204857000.0,FY2023Q4
8073.HK,20231113,,FY2023Q3
8073.HK,20230815,275471000.0,FY2023Q2
8073.HK,20230515,,FY2023Q1
80737.HK,20260428,12486428000.0,FY2025H2
80737.HK,20251024,12213559000.0,FY2025Q3
80737.HK,20250918,12164655000.0,FY2025H1
80737.HK,20250425,11959224000.0,FY2025Q1
80737.HK,20250423,12069049000.0,FY2024H2
80737.HK,20241024,12105944000.0,FY2024Q3
80737.HK,20240919,12083274000.0,FY2024H1
80737.HK,20240425,12276214000.0,FY2024Q1
80737.HK,20240423,11929566000.0,FY2023H2
80737.HK,20230920,11453300000.0,FY2023H1
8075.HK,20221215,,FY2023Q1
8076.HK,20260430,30507000.0,FY2025H2
8076.HK,20250926,39697000.0,FY2025H1
8076.HK,20250430,31674000.0,FY2024H2
8076.HK,20240927,46503000.0,FY2024H1
8076.HK,20240327,35253000.0,FY2023Q4
8076.HK,20231114,,FY2023Q3
8076.HK,20230814,37030000.0,FY2023Q2
8076.HK,20230512,,FY2023Q1
8079.HK,20250729,25631000.0,FY2025H2
8079.HK,20241201,56782000.0,FY2025H1
8079.HK,20240731,59081000.0,FY2024Q4
8079.HK,20231113,132005000.0,FY2024Q2
8079.HK,20230814,,FY2024Q1
8079.HK,20230625,130828000.0,FY2023Q4
8079.HK,20230213,,FY2023Q3
8079.HK,20221111,161220000.0,FY2023Q2
8079.HK,20220812,,FY2023Q1
8080.HK,20250724,1623527000.0,FY2025H2
8080.HK,20241121,1753817000.0,FY2025H1
8080.HK,20240725,1599560000.0,FY2024Q4
8080.HK,20231114,1646818000.0,FY2024Q2
8080.HK,20230814,,FY2024Q1
8080.HK,20230214,,FY2023Q3
8080.HK,20221108,2406458000.0,FY2023Q2
8080.HK,20220809,,FY2023Q1
8081.HK,20260427,308167000.0,FY2025H2
8081.HK,20250829,349807000.0,FY2025H1
8081.HK,20250429,358422000.0,FY2024H2
8081.HK,20240827,426689000.0,FY2024H1
8081.HK,20240328,434933000.0,FY2023Q4
8081.HK,20231110,,FY2023Q3
8081.HK,20230811,440005000.0,FY2023Q2
8081.HK,20230512,,FY2023Q1
8082.HK,20260429,43712000.0,FY2025H2
8082.HK,20250930,94761000.0,FY2025H1
8082.HK,20250429,80276000.0,FY2024H2
8082.HK,20240930,135651000.0,FY2024H1
8082.HK,20240430,116980000.0,FY2023Q4
8082.HK,20231114,,FY2023Q3
8082.HK,20230814,211481000.0,FY2023Q2
8082.HK,20230515,,FY2023Q1
8083.HK,20260402,1483879000.0,FY2025H2
8083.HK,20250814,1447151000.0,FY2025H1
8083.HK,20250429,1553407000.0,FY2024H2
8083.HK,20240924,2009935000.0,FY2024H1
8083.HK,20240327,1757449000.0,FY2023Q4
8083.HK,20231113,,FY2023Q3
8083.HK,20230811,1890183000.0,FY2023Q2
8083.HK,20230512,,FY2023Q1
8086.HK,20221115,,FY2023Q1
8087.HK,20260430,400492000.0,FY2025H2
8087.HK,20250909,413799000.0,FY2025H1
8087.HK,20250331,338400000.0,FY2024H2
8087.HK,20240830,305023000.0,FY2024H1
8087.HK,20240430,256601000.0,FY2023Q4
8087.HK,20231114,,FY2023Q3
8087.HK,20230814,346830000.0,FY2023Q2
8087.HK,20230515,,FY2023Q1
80883.HK,20260409,1019880000000.0,FY2025H2
80883.HK,20250909,1024820000000.0,FY2025H1
80883.HK,20250408,974997000000.0,FY2024H2
80883.HK,20240910,932444000000.0,FY2024H1
80883.HK,20240402,872159000000.0,FY2023H2
80883.HK,20230830,885009000000.0,FY2023H1
8091.HK,20250721,19457000.0,FY2025H2
8091.HK,20241211,35782000.0,FY2025H1
8091.HK,20240711,38759000.0,FY2024Q4
8091.HK,20231113,73032000.0,FY2024Q2
8091.HK,20230811,,FY2024Q1
8091.HK,20230629,82611000.0,FY2023Q4
8091.HK,20230213,,FY2023Q3
8091.HK,20221111,73651000.0,FY2023Q2
8091.HK,20220811,,FY2023Q1
8092.HK,20250627,4540765.0,FY2025H2
8092.HK,20241112,4489000.0,FY2025H1
8092.HK,20240627,4456857.0,FY2024Q4
8092.HK,20240206,,FY2024Q3
8092.HK,20231107,6183000.0,FY2024Q2
8092.HK,20230808,,FY2024Q1
8092.HK,20230627,6453578.0,FY2023Q4
8092.HK,20230213,,FY2023Q3
8092.HK,20221107,21629000.0,FY2023Q2
8092.HK,20220809,,FY2023Q1
8093.HK,20251030,101287000.0,FY2025H2
8093.HK,20250313,105964000.0,FY2025H1
8093.HK,20241028,93078000.0,FY2024Q4
8093.HK,20240314,127454000.0,FY2024Q2
8093.HK,20231113,,FY2024Q1
8093.HK,20230929,149895000.0,FY2023Q4
8093.HK,20230512,,FY2023Q3
8093.HK,20230214,98485000.0,FY2023Q2
8093.HK,20221114,,FY2023Q1
80941.HK,20260423,1991651000000.0,FY2025H2
80941.HK,20251020,1970107000000.0,FY2025Q3
80941.HK,20250829,1997869000000.0,FY2025H1
8095.HK,20260429,5414361000.0,FY2025H2
8095.HK,20250904,5141701000.0,FY2025H1
8095.HK,20250416,5363108000.0,FY2024H2
8095.HK,20240819,5293570000.0,FY2024H1
8095.HK,20240418,4823679000.0,FY2023Q4
8095.HK,20231113,,FY2023Q3
8095.HK,20230814,4950291000.0,FY2023Q2
8095.HK,20230515,,FY2023Q1
8096.HK,20250730,22218000.0,FY2025H2
8096.HK,20241227,25989000.0,FY2025H1
8096.HK,20240731,23853000.0,FY2024Q4
8096.HK,20231114,21682000.0,FY2024Q2
8096.HK,20230814,,FY2024Q1
8096.HK,20230630,22486000.0,FY2023Q4
8096.HK,20230214,,FY2023Q3
8096.HK,20221114,19519000.0,FY2023Q2
8096.HK,20220812,,FY2023Q1
8098.HK,20250708,182453891.0,FY2025H2
8098.HK,20241114,213840593.0,FY2025H1
8098.HK,20240628,196970014.0,FY2024Q4
8098.HK,20231113,223628115.0,FY2024Q2
8098.HK,20230814,,FY2024Q1
8098.HK,20230628,242083281.0,FY2023Q4
8098.HK,20230214,,FY2023Q3
8098.HK,20221114,233863421.0,FY2023Q2
8098.HK,20220812,,FY2023Q1
80992.HK,20250620,39502688000.0,FY2025Q4
80992.HK,20250220,40787896000.0,FY2025Q3
80992.HK,20241128,40285369000.0,FY2025Q2
80992.HK,20240815,36573542000.0,FY2025Q1
80992.HK,20240619,35191123000.0,FY2024Q4
80992.HK,20240222,36038170000.0,FY2024Q3
80992.HK,20231130,35519669000.0,FY2024Q2
80992.HK,20230817,33569567000.000004,FY2024Q1
80992.HK,20230626,34669972000.0,FY2023Q4
80992.HK,20230217,36729744000.0,FY2023Q3
80992.HK,20221116,37726056000.0,FY2023Q2
80992.HK,20220809,40460409000.0,FY2023Q1
8100.HK,20260320,164999000.0,FY2025H2
8100.HK,20250828,161212000.0,FY2025H1
8100.HK,20250327,153872000.0,FY2024H2
8100.HK,20240821,174421000.0,FY2024H1
8100.HK,20240328,147079000.0,FY2023Q4
8100.HK,20231110,,FY2023Q3
8100.HK,20230811,151904000.0,FY2023Q2
8100.HK,20230515,,FY2023Q1
81024.HK,20260424,153324000000.0,FY2025Q4
81024.HK,20251119,150812000000.0,FY2025Q3
81024.HK,20250904,143229000000.0,FY2025Q2
81024.HK,20250527,130473000000.0,FY2025Q1
81024.HK,20250425,127176000000.0,FY2024Q4
81024.HK,20241120,119629000000.0,FY2024Q3
81024.HK,20240829,108362000000.0,FY2024Q2
81024.HK,20240522,94687000000.0,FY2024Q1
81024.HK,20240422,93391000000.0,FY2023Q4
81024.HK,20231121,86649000000.0,FY2023Q3
81024.HK,20230831,79006000000.0,FY2023Q2
81024.HK,20230522,73130000000.0,FY2023Q1
8103.HK,20250730,3214000.0,FY2025H2
8103.HK,20241209,2099000.0,FY2025H1
8103.HK,20240628,4855000.0,FY2024Q4
8103.HK,20231110,4550000.0,FY2024Q2
8103.HK,20230814,,FY2024Q1
8103.HK,20230629,7013000.0,FY2023Q4
8103.HK,20230228,7427000.0,FY2023Q3
8106.HK,20260424,93631000.0,FY2025H2
8106.HK,20250829,121512000.0,FY2025H1
8106.HK,20250416,94550000.0,FY2024H2
8106.HK,20240823,57338000.0,FY2024H1
8106.HK,20240418,70243000.0,FY2023Q4
8106.HK,20230814,79157000.0,FY2023Q2
8107.HK,20260430,28606000.0,FY2025H2
8107.HK,20250829,48042000.0,FY2025H1
8107.HK,20250331,40878000.0,FY2024H2
8107.HK,20240816,77778000.0,FY2024H1
8107.HK,20240314,85573000.0,FY2023Q4
8107.HK,20231113,,FY2023Q3
8107.HK,20230814,95763000.0,FY2023Q2
8107.HK,20230512,,FY2023Q1
8111.HK,20250629,90768000.0,FY2025H2
8111.HK,20241128,91414000.0,FY2025H1
8111.HK,20240628,102089000.0,FY2024Q4
8111.HK,20231110,132676999.99999999,FY2024Q2
8111.HK,20230810,,FY2024Q1
8111.HK,20230629,138624000.0,FY2023Q4
8111.HK,20230210,,FY2023Q3
8111.HK,20221111,155384000.0,FY2023Q2
8111.HK,20220810,,FY2023Q1
8112.HK,20260331,121193788.0,FY2025Q4
8112.HK,20250828,169055398.0,FY2025Q2
8112.HK,20250331,126036404.0,FY2024Q4
8112.HK,20240809,107531079.0,FY2024Q2
8112.HK,20240328,127227996.0,FY2023Q4
8112.HK,20231114,,FY2023Q3
8112.HK,20230814,142122923.0,FY2023Q2
8112.HK,20230515,,FY2023Q1
8113.HK,20260416,311361000.0,FY2025H2
8113.HK,20250904,279895000.0,FY2025H1
8113.HK,20250424,300592000.0,FY2024H2
8113.HK,20240902,312918000.0,FY2024H1
8113.HK,20240417,268889000.0,FY2023Q4
8113.HK,20231114,,FY2023Q3
8113.HK,20230814,308816000.0,FY2023Q2
8113.HK,20230511,,FY2023Q1
8115.HK,20260402,168263000.0,FY2025Q4
8115.HK,20251113,,FY2025Q3
8115.HK,20250904,55247000.0,FY2025Q2
8115.HK,20250514,,FY2025Q1
8115.HK,20250424,51680000.0,FY2024Q4
8115.HK,20241114,,FY2024Q3
8115.HK,20240829,55742000.0,FY2024Q2
8115.HK,20240514,,FY2024Q1
8115.HK,20240412,46312000.0,FY2023Q4
8115.HK,20231113,,FY2023Q3
8115.HK,20230814,47927000.0,FY2023Q2
8115.HK,20230512,,FY2023Q1
8117.HK,20260408,697802000.0,FY2025H2
8117.HK,20250822,697720000.0,FY2025H1
8117.HK,20250407,692446000.0,FY2024H2
8117.HK,20240816,690150000.0,FY2024H1
8117.HK,20240328,709340000.0,FY2023Q4
8117.HK,20231110,,FY2023Q3
8117.HK,20230810,622705000.0,FY2023Q2
8117.HK,20230512,,FY2023Q1
8118.HK,20250829,35820000.0,FY2025H2
8118.HK,20241220,87270000.0,FY2025H1
8118.HK,20241031,97132000.0,FY2024Q4
8118.HK,20231213,131479999.99999999,FY2024Q2
8118.HK,20230913,,FY2024Q1
8118.HK,20230731,120747000.0,FY2023Q4
8118.HK,20230314,,FY2023Q3
8118.HK,20221214,179466000.0,FY2023Q2
8118.HK,20220914,,FY2023Q1
8120.HK,20260327,98944000.0,FY2025H2
8120.HK,20250820,111601000.0,FY2025H1
8120.HK,20250327,140822000.0,FY2024H2
8120.HK,20240814,156240000.0,FY2024H1
8120.HK,20240327,166018000.0,FY2023Q4
8120.HK,20231113,,FY2023Q3
8120.HK,20230811,176275000.0,FY2023Q2
8120.HK,20230512,,FY2023Q1
8121.HK,20250630,58103000.0,FY2025Q4
8121.HK,20241113,57842000.0,FY2025Q2
8121.HK,20240628,47074000.0,FY2024Q4
8121.HK,20231110,51923000.0,FY2024Q2
8121.HK,20230814,,FY2024Q1
8121.HK,20230630,42707000.0,FY2023Q4
8121.HK,20230210,,FY2023Q3
8121.HK,20221111,50889000.0,FY2023Q2
8121.HK,20220811,,FY2023Q1
81211.HK,20260327,796161509000.0,FY2025H2
81211.HK,20251030,761963591000.0,FY2025Q3
81211.HK,20250829,719951699000.0,FY2025H1
81211.HK,20250425,708686462000.0,FY2025Q1
81211.HK,20250324,666038227000.0,FY2024H2
81211.HK,20241030,684773937000.0,FY2024Q3
81211.HK,20240828,620812330000.0,FY2024H1
81211.HK,20240429,578424854000.0,FY2024Q1
81211.HK,20240326,557731986000.0,FY2023H2
81211.HK,20231030,560236785000.0,FY2023Q3
81211.HK,20230828,506103099000.0,FY2023H1
81211.HK,20230427,489329092000.0,FY2023Q1
8123.HK,20260430,86952000.0,FY2025H2
8123.HK,20250930,80995000.0,FY2025H1
8123.HK,20250423,36788000.0,FY2024H2
8123.HK,20240920,184980000.0,FY2024H1
8123.HK,20240429,200795000.0,FY2023Q4
8123.HK,20231114,,FY2023Q3
8123.HK,20230814,168418000.0,FY2023Q2
8123.HK,20230517,,FY2023Q1
8125.HK,20250729,68500000.0,FY2025H2
8125.HK,20241230,78221000.0,FY2025H1
8125.HK,20240729,45022000.0,FY2024H2
8125.HK,20231113,66843999.99999999,FY2024H1
8125.HK,20230813,,FY2024Q1
8125.HK,20230629,78485000.0,FY2023Q4
8125.HK,20230214,,FY2023Q3
8125.HK,20221114,84934000.0,FY2023Q2
8125.HK,20220811,,FY2023Q1
8126.HK,20240830,1797560000.0,FY2024H1
8126.HK,20240328,1689919000.0,FY2023Q4
8126.HK,20231114,,FY2023Q3
8126.HK,20230814,1542999000.0,FY2023Q2
8126.HK,20230512,,FY2023Q1
8128.HK,20260402,727217000.0,FY2025H2
8128.HK,20250901,740961000.0,FY2025H1
8128.HK,20250415,748883000.0,FY2024H2
8128.HK,20240905,1042863000.0,FY2024H1
8128.HK,20240429,1069400000.0000001,FY2023Q4
8128.HK,20231114,,FY2023Q3
8128.HK,20231016,1071534000.0000001,FY2023Q2
81299.HK,20260415,-8772000000.0,FY2025H2
81299.HK,20250908,-9156000000.0,FY2025H1
81299.HK,20250408,-7291000000.0,FY2024H2
81299.HK,20240909,-8636000000.0,FY2024H1
81299.HK,20240412,-10812000000.0,FY2023H2
81299.HK,20230920,-5288000000.0,FY2023H1
8130.HK,20241227,684666000.0,FY2025H1
8130.HK,20240728,674948000.0,FY2024Q4
8130.HK,20231114,655691000.0,FY2024Q2
8130.HK,20230811,,FY2024Q1
8130.HK,20230702,701038000.0,FY2023Q4
8130.HK,20230214,,FY2023Q3
8130.HK,20221114,949552000.0,FY2023Q2
8130.HK,20220812,,FY2023Q1
8131.HK,20260331,20217000.0,FY2025H2
8131.HK,20250801,17678000.0,FY2025H1
8131.HK,20250331,15252000.0,FY2024H2
8131.HK,20240731,15762000.0,FY2024H1
8131.HK,20240328,34497000.0,FY2023Q4
8131.HK,20231013,,FY2023Q3
8131.HK,20230714,43604000.0,FY2023Q2
8131.HK,20230414,,FY2023Q1
8132.HK,20250829,57816000.0,FY2025H2
8132.HK,20241212,103483000.0,FY2025H1
8132.HK,20240723,80903000.0,FY2024Q4
8132.HK,20231114,89718000.0,FY2024Q2
8132.HK,20230814,,FY2024Q1
8132.HK,20230629,112822000.0,FY2023Q4
8132.HK,20230213,,FY2023Q3
8132.HK,20221114,106482000.0,FY2023Q2
8132.HK,20220811,,FY2023Q1
8133.HK,20260429,37628000.0,FY2025H2
8133.HK,20250901,53095000.0,FY2025H1
8133.HK,20250428,40405000.0,FY2024H2
8133.HK,20240814,40768000.0,FY2024H1
8133.HK,20240326,36005000.0,FY2023Q4
8133.HK,20231113,,FY2023Q3
8133.HK,20230814,36476000.0,FY2023Q2
8133.HK,20230512,,FY2023Q1
8136.HK,20250721,26849000.0,FY2025H2
8136.HK,20241206,26523000.0,FY2025H1
8136.HK,20240712,24211000.0,FY2024Q4
8136.HK,20231113,27621000.0,FY2024Q2
8136.HK,20230814,,FY2024Q1
8136.HK,20230629,30609000.0,FY2023Q4
8136.HK,20230213,,FY2023Q3
8136.HK,20221114,45064000.0,FY2023Q2
8136.HK,20220812,,FY2023Q1
8137.HK,20260413,6387658000.0,FY2025H2
8137.HK,20250905,6370560000.0,FY2025H1
8137.HK,20250408,5621637000.0,FY2024H2
8137.HK,20240904,6747471000.0,FY2024H1
8137.HK,20240416,7789129000.0,FY2023Q4
8137.HK,20231113,,FY2023Q3
8137.HK,20230814,8009156000.0,FY2023Q2
8137.HK,20230512,,FY2023Q1
8139.HK,20260408,322193915.0,FY2025H2
8139.HK,20250829,325473704.0,FY2025H1
8139.HK,20250403,321651338.0,FY2024H2
8139.HK,20240814,281585363.0,FY2024H1
8139.HK,20240328,277961221.0,FY2023Q4
8139.HK,20231114,,FY2023Q3
8139.HK,20230814,261077387.0,FY2023Q2
8139.HK,20230512,,FY2023Q1
8140.HK,20250926,176502000.0,FY2025Q4
8140.HK,20250226,170322000.0,FY2025Q2
8140.HK,20240923,149974000.0,FY2024Q4
8140.HK,20240207,131880000.0,FY2024Q2
8140.HK,20231109,,FY2024Q1
8140.HK,20230922,110089000.0,FY2023Q4
8140.HK,20230511,,FY2023Q3
8140.HK,20230208,69611000.0,FY2023Q2
8140.HK,20221108,,FY2023Q1
8143.HK,20250731,6003000.0,FY2025H2
8143.HK,20241113,23038000.0,FY2025H1
8143.HK,20240718,25502000.0,FY2024Q4
8143.HK,20231113,28288000.0,FY2024Q2
8143.HK,20230811,,FY2024Q1
8143.HK,20230629,24011000.0,FY2023Q4
8143.HK,20230214,,FY2023Q3
8143.HK,20221115,42084000.0,FY2023Q2
8143.HK,20220812,,FY2023Q1
8146.HK,20260416,166001000.0,FY2025H2
8146.HK,20250916,163864000.0,FY2025H1
8146.HK,20250423,282712000.0,FY2024H2
8146.HK,20240905,298183000.0,FY2024H1
8146.HK,20240327,285240000.0,FY2023Q4
8146.HK,20231110,,FY2023Q3
8146.HK,20230810,252417000.0,FY2023Q2
8146.HK,20230509,,FY2023Q1
8147.HK,20260429,59044000.0,FY2025H2
8147.HK,20250911,56612000.0,FY2025H1
8147.HK,20250429,47105000.0,FY2024H2
8147.HK,20240909,29118000.0,FY2024H1
8147.HK,20240429,34452000.0,FY2023Q4
8147.HK,20231110,,FY2023Q3
8147.HK,20230814,47987000.0,FY2023Q2
8147.HK,20230509,,FY2023Q1
8148.HK,20260429,77691000.0,FY2025H2
8148.HK,20250903,49814000.0,FY2025H1
8148.HK,20250711,28839000.0,FY2024H2
8148.HK,20240809,27618000.0,FY2024H1
8148.HK,20240412,5505000.0,FY2023Q4
8148.HK,20231110,,FY2023Q3
8148.HK,20230811,11116000.0,FY2023Q2
8148.HK,20230512,,FY2023Q1
8149.HK,20250710,538749000.0,FY2025H2
8149.HK,20241129,547818000.0,FY2025H1
8149.HK,20240710,540913000.0,FY2024Q4
8149.HK,20231113,550528000.0,FY2024Q2
8149.HK,20230814,,FY2024Q1
8149.HK,20230630,594362000.0,FY2023Q4
8149.HK,20230213,,FY2023Q3
8149.HK,20221111,548556000.0,FY2023Q2
8149.HK,20220812,,FY2023Q1
8150.HK,20230515,,FY2023Q1
8152.HK,20260422,23502000.0,FY2025H2
8152.HK,20250918,130377000.00000001,FY2025H1
8152.HK,20250423,145028000.0,FY2024H2
8152.HK,20240826,135413000.0,FY2024H1
8152.HK,20240423,152299000.0,FY2023Q4
8152.HK,20231108,,FY2023Q3
8152.HK,20230808,151358000.0,FY2023Q2
8152.HK,20230512,,FY2023Q1
8153.HK,20250630,98728000.0,FY2025H2
8153.HK,20241129,173854000.0,FY2025H1
8153.HK,20240628,150027000.0,FY2024Q4
8153.HK,20231114,146995000.0,FY2024Q2
8153.HK,20230814,,FY2024Q1
8153.HK,20230702,112876000.0,FY2023Q4
8153.HK,20230212,,FY2023Q3
8153.HK,20221114,111815000.0,FY2023Q2
8153.HK,20220814,120988000.0,FY2023Q1
8156.HK,20250926,44790000.0,FY2025H2
8156.HK,20250228,41335000.0,FY2025H1
8156.HK,20241223,41850000.0,FY2024Q4
8156.HK,20240229,34388000.0,FY2024Q2
8156.HK,20231114,,FY2024Q1
8156.HK,20230929,31706000.0,FY2023Q4
8156.HK,20230515,,FY2023Q3
8156.HK,20230214,46999000.0,FY2023Q2
8156.HK,20221114,,FY2023Q1
8158.HK,20260428,101012000.0,FY2025H2
8158.HK,20250918,73492000.0,FY2025H1
8158.HK,20250430,42596000.0,FY2024H2
8158.HK,20240920,143227000.0,FY2024H1
8158.HK,20240430,182563000.0,FY2023Q4
8158.HK,20231114,,FY2023Q3
8158.HK,20230814,282194000.0,FY2023Q2
8158.HK,20230515,,FY2023Q1
8159.HK,20250731,191312000.0,FY2025H2
8159.HK,20250618,252619000.0,FY2025H1
8159.HK,20250617,242080000.0,FY2024Q5
8159.HK,20240402,176402000.0,FY2024Q3
8159.HK,20240401,203514000.0,FY2024Q4
8160.HK,20250716,37545000.0,FY2025H2
8160.HK,20241114,56391000.0,FY2025H1
8160.HK,20240715,49051000.0,FY2024Q4
8160.HK,20231114,44770000.0,FY2024Q2
8160.HK,20230814,,FY2024Q1
8160.HK,20230630,36870000.0,FY2023Q4
8160.HK,20230214,,FY2023Q3
8160.HK,20221114,24611000.0,FY2023Q2
8160.HK,20220812,,FY2023Q1
8161.HK,20250730,28233000.0,FY2025H2
8161.HK,20241223,29658000.0,FY2025H1
8161.HK,20240708,24701000.0,FY2024Q4
8161.HK,20231113,26947000.0,FY2024Q2
8161.HK,20230811,,FY2024Q1
8161.HK,20230630,25396000.0,FY2023Q4
8161.HK,20230210,,FY2023Q3
8161.HK,20221114,30255000.0,FY2023Q2
8161.HK,20220811,,FY2023Q1
8162.HK,20260408,710514000.0,FY2025H2
8162.HK,20250905,2814113000.0,FY2025H1
8162.HK,20250407,945163000.0,FY2024H2
8162.HK,20240905,466877000.0,FY2024H1
8162.HK,20240327,371648000.0,FY2023Q4
8162.HK,20231113,,FY2023Q3
8162.HK,20230814,44123000.0,FY2023Q2
8162.HK,20230428,,FY2023Q1
8163.HK,20260429,22345000.0,FY2025H2
8163.HK,20250926,35446000.0,FY2025H1
8163.HK,20250429,24556000.0,FY2024H2
8163.HK,20240924,42710000.0,FY2024H1
8163.HK,20240424,36986000.0,FY2023Q4
8163.HK,20231114,39040000.0,FY2023Q3
8163.HK,20230814,41869000.0,FY2023Q2
8163.HK,20230512,49309000.0,FY2023Q1
8166.HK,20240717,122166000.0,FY2023Q4
8166.HK,20240607,,FY2023Q3
8167.HK,20250707,1585191000.0,FY2023Q4
8167.HK,20231114,,FY2023Q3
8167.HK,20230814,3833267000.0,FY2023Q2
8167.HK,20230515,,FY2023Q1
8168.HK,20251231,6587000.0,FY2025H2
8168.HK,20250530,13316000.0,FY2025H1
8168.HK,20250107,6321000.0,FY2024H2
8168.HK,20240611,7276000.0,FY2024H1
8168.HK,20231229,23512000.0,FY2023Q4
8168.HK,20230810,,FY2023Q3
8168.HK,20230515,21156000.0,FY2023Q2
8168.HK,20230213,,FY2023Q1
8169.HK,20260226,135732000.0,FY2025H2
8169.HK,20250703,134239000.0,FY2025H1
8169.HK,20250227,141542000.0,FY2024H2
8169.HK,20240704,133781000.0,FY2024H1
8169.HK,20240130,129054000.0,FY2023Q4
8169.HK,20230914,,FY2023Q3
8169.HK,20230614,125225000.0,FY2023Q2
8169.HK,20230314,,FY2023Q1
8172.HK,20260430,120117000.0,FY2025Q4
8172.HK,20250829,121145000.0,FY2025Q2
8172.HK,20250401,128636000.0,FY2024Q4
8172.HK,20240812,144720000.0,FY2024Q2
8172.HK,20240426,158407000.0,FY2023Q4
8172.HK,20231114,,FY2023Q3
8172.HK,20230814,176997000.0,FY2023Q2
8172.HK,20230515,,FY2023Q1
8173.HK,20250729,28984000.0,FY2025H2
8173.HK,20241212,29875000.0,FY2025H1
8173.HK,20240724,30623000.0,FY2024Q4
8173.HK,20231110,46093000.0,FY2024Q2
8173.HK,20230811,,FY2024Q1
8173.HK,20230625,51340000.0,FY2023Q4
8173.HK,20230209,,FY2023Q3
8173.HK,20221111,38480000.0,FY2023Q2
8173.HK,20220812,,FY2023Q1
8176.HK,20260428,36427000.0,FY2025H2
8176.HK,20250829,9952000.0,FY2025H1
8176.HK,20250422,12294000.0,FY2024H2
8176.HK,20240830,7930000.0,FY2024H1
8176.HK,20240424,13733000.0,FY2023Q4
8176.HK,20231114,,FY2023Q3
8176.HK,20230814,11217000.0,FY2023Q2
8176.HK,20230515,,FY2023Q1
8178.HK,20260414,217723000.0,FY2025H2
8178.HK,20250829,257754000.00000003,FY2025H1
8178.HK,20250407,302977000.0,FY2024H2
8178.HK,20240827,316544000.0,FY2024H1
8178.HK,20240429,331785000.0,FY2023Q4
8178.HK,20231114,,FY2023Q3
8178.HK,20230814,429962000.0,FY2023Q2
8178.HK,20230512,,FY2023Q1
8179.HK,20260427,508037000.0,FY2025H2
8179.HK,20250822,579339000.0,FY2025H1
8179.HK,20250425,572872000.0,FY2024H2
8179.HK,20240819,551753000.0,FY2024H1
8179.HK,20240401,492757000.0,FY2023Q4
8179.HK,20231114,,FY2023Q3
8179.HK,20230815,525352999.99999994,FY2023Q2
8179.HK,20230515,,FY2023Q1
8181.HK,20250704,235271000.0,FY2025H2
8181.HK,20241129,269536000.0,FY2025H1
8181.HK,20240628,259515000.0,FY2024Q4
8181.HK,20231113,292811000.0,FY2024Q2
8181.HK,20230808,,FY2024Q1
8181.HK,20230630,285755000.0,FY2023Q4
8181.HK,20230213,,FY2023Q3
8181.HK,20221111,295670000.0,FY2023Q2
8181.HK,20220815,,FY2023Q1
81810.HK,20260428,479484951000.0,FY2025Q4
81810.HK,20251118,467218547000.0,FY2025Q3
81810.HK,20250925,443813089000.0,FY2025Q2
81810.HK,20250527,363944435000.0,FY2025Q1
81810.HK,20250424,367797208000.0,FY2024Q4
81810.HK,20241118,311290011000.0,FY2024Q3
81810.HK,20240926,301142768000.0,FY2024Q2
81810.HK,20240523,292075334000.0,FY2024Q1
81810.HK,20240425,288919487000.0,FY2023Q4
81810.HK,20231120,270091936000.0,FY2023Q3
81810.HK,20230926,258400722000.0,FY2023Q2
81810.HK,20230524,238016480000.0,FY2023Q1
8186.HK,20260309,22259000.0,FY2025H2
8186.HK,20250815,18356000.0,FY2025H1
8186.HK,20250424,19444000.0,FY2024H2
8186.HK,20240827,18481000.0,FY2024H1
8186.HK,20240422,8880000.0,FY2023Q4
8186.HK,20231114,,FY2023Q3
8186.HK,20230809,23037000.0,FY2023Q2
8186.HK,20230512,,FY2023Q1
8187.HK,20260409,12949000.0,FY2025H2
8187.HK,20250905,9858000.0,FY2025H1
8187.HK,20250331,18992000.0,FY2024H2
8187.HK,20240830,21881000.0,FY2024H1
8187.HK,20240328,29249000.0,FY2023Q4
8187.HK,20231114,,FY2023Q3
8187.HK,20230808,31529000.0,FY2023Q2
8187.HK,20230512,,FY2023Q1
8188.HK,20260429,352264000.0,FY2025H2
8188.HK,20250827,321908000.0,FY2025H1
8188.HK,20250414,293118000.0,FY2024H2
8188.HK,20240830,296938000.0,FY2024H1
8188.HK,20240411,268630000.0,FY2023Q4
8188.HK,20231110,,FY2023Q3
8188.HK,20230814,185532000.0,FY2023Q2
8188.HK,20230511,,FY2023Q1
8189.HK,20260430,235631663.0,FY2025H2
8189.HK,20250905,362893040.0,FY2025H1
8189.HK,20250430,307127099.0,FY2024H2
8189.HK,20240911,291853252.0,FY2024H1
8189.HK,20240419,297343644.0,FY2023Q4
8189.HK,20231114,,FY2023Q3
8189.HK,20230814,313566004.0,FY2023Q2
8189.HK,20230512,,FY2023Q1
8191.HK,20260430,574675000.0,FY2025H2
8191.HK,20250831,690196000.0,FY2025H1
8191.HK,20250430,736121000.0,FY2024H2
8191.HK,20240830,798202000.0,FY2024H1
8191.HK,20240401,766516000.0,FY2023Q4
8193.HK,20250729,98882000.0,FY2025H2
8193.HK,20241213,96599000.0,FY2025H1
8193.HK,20240729,56970000.0,FY2024Q4
8193.HK,20231114,113204000.0,FY2024Q2
8193.HK,20230814,,FY2024Q1
8193.HK,20230629,147334000.0,FY2023Q4
8193.HK,20230214,,FY2023Q3
8193.HK,20221114,191673000.0,FY2023Q2
8193.HK,20220812,,FY2023Q1
8195.HK,20250728,222734000.0,FY2025H2
8195.HK,20241230,228878000.0,FY2025H1
8195.HK,20240729,187317000.0,FY2024Q4
8195.HK,20231114,173165000.0,FY2024Q2
8195.HK,20230814,,FY2024Q1
8195.HK,20230702,153235000.0,FY2023Q4
8195.HK,20230214,,FY2023Q3
8195.HK,20221114,150400000.0,FY2023Q2
8195.HK,20220812,,FY2023Q1
8196.HK,20260424,177140000.0,FY2025H2
8196.HK,20250912,128370000.0,FY2025H1
8196.HK,20250429,128366000.00000001,FY2024H2
8196.HK,20240913,166282000.0,FY2024H1
8196.HK,20240403,178616000.0,FY2023Q4
8196.HK,20231114,,FY2023Q3
8196.HK,20230814,219690000.0,FY2023Q2
8196.HK,20230512,,FY2023Q1
8198.HK,20260422,121333000.0,FY2025H2
8198.HK,20250903,76681000.0,FY2025H1
8198.HK,20250409,67328000.0,FY2024H2
8198.HK,20240912,71954000.0,FY2024H1
8198.HK,20240417,63993000.0,FY2023Q4
8198.HK,20231114,,FY2023Q3
8198.HK,20230814,56366000.0,FY2023Q2
8198.HK,20230515,,FY2023Q1
8200.HK,20250703,377528000.0,FY2025H2
8200.HK,20241118,427502000.0,FY2025H1
8200.HK,20240626,408773000.0,FY2024Q4
8200.HK,20231110,639536000.0,FY2024Q2
8200.HK,20230811,,FY2024Q1
8200.HK,20230627,443730000.0,FY2023Q4
8200.HK,20230210,,FY2023Q3
8200.HK,20221111,525332999.99999994,FY2023Q2
8200.HK,20220812,,FY2023Q1
8201.HK,20251003,175566000.0,FY2025H2
8201.HK,20250228,170775000.0,FY2025H1
8201.HK,20241010,182833000.0,FY2024Q4
8201.HK,20240307,223038000.0,FY2024Q2
8201.HK,20231114,,FY2024Q1
8201.HK,20230928,195917000.0,FY2023Q4
8201.HK,20230515,,FY2023Q3
8201.HK,20230214,211663000.0,FY2023Q2
8201.HK,20221114,,FY2023Q1
82020.HK,20260409,111440000000.0,FY2025H2
82020.HK,20250908,108579000000.0,FY2025H1
82020.HK,20250331,101225000000.0,FY2024H2
82020.HK,20240910,88073000000.0,FY2024H1
82020.HK,20240410,77000000000.0,FY2023H2
82020.HK,20230831,57857000000.0,FY2023H1
8203.HK,20260430,465742000.0,FY2025H2
8203.HK,20250829,722010000.0,FY2025H1
8203.HK,20250430,670219000.0,FY2024H2
8203.HK,20240830,567205000.0,FY2024H1
8203.HK,20231114,,FY2023Q3
8203.HK,20230813,504655000.0,FY2023Q2
8203.HK,20230515,,FY2023Q1
8205.HK,20260429,24906698.45,FY2025Q4
8205.HK,20250904,31716000.0,FY2025Q2
8205.HK,20250429,30751511.14,FY2024Q4
8205.HK,20240905,22677000.0,FY2024Q2
8205.HK,20240430,21529823.82999,FY2023Q4
8205.HK,20231110,,FY2023Q3
8205.HK,20230811,21495000.0,FY2023Q2
8205.HK,20230512,,FY2023Q1
8206.HK,20250627,9948000.0,FY2025H2
8206.HK,20241129,12702000.0,FY2025H1
8206.HK,20240628,10126000.0,FY2024Q4
8206.HK,20231114,8260999.999999999,FY2024Q2
8206.HK,20230814,,FY2024Q1
8206.HK,20230214,,FY2023Q3
8206.HK,20221111,4320000.0,FY2023Q2
8206.HK,20220812,,FY2023Q1
8208.HK,20260428,2903000.0,FY2025H2
8208.HK,20250819,3955000.0,FY2025H1
8208.HK,20250429,4261000.0,FY2024H2
8208.HK,20240819,4404000.0,FY2024H1
8208.HK,20240429,4152999.9999999995,FY2023Q4
8208.HK,20231110,,FY2023Q3
8208.HK,20230811,3573000.0,FY2023Q2
8208.HK,20230512,,FY2023Q1
8210.HK,20250617,26749000.0,FY2025H2
8210.HK,20241115,29402000.0,FY2025H1
8210.HK,20240618,31596000.0,FY2024Q4
8210.HK,20231106,29414000.0,FY2024Q2
8210.HK,20230808,,FY2024Q1
8210.HK,20230619,34880000.0,FY2023Q4
8210.HK,20230209,,FY2023Q3
8210.HK,20221107,31600000.0,FY2023Q2
8210.HK,20220808,,FY2023Q1
8211.HK,20240819,58860000.0,FY2024H1
8211.HK,20240430,336612000.0,FY2023Q4
8211.HK,20231115,,FY2023Q3
8211.HK,20230814,180536000.0,FY2023Q2
8211.HK,20230515,,FY2023Q1
8213.HK,20250731,21884000.0,FY2025H2
8213.HK,20241203,30145000.0,FY2025H1
8213.HK,20240730,33310000.000000004,FY2024Q4
8213.HK,20231114,33249000.000000004,FY2024Q2
8213.HK,20230810,,FY2024Q1
8213.HK,20230629,41349000.0,FY2023Q4
8213.HK,20230214,,FY2023Q3
8213.HK,20221111,56039000.0,FY2023Q2
8213.HK,20220812,,FY2023Q1
8215.HK,20250918,13401959.0,FY2025H1
8215.HK,20250429,14276290.0,FY2024H2
8215.HK,20240826,60917862.0,FY2024H1
8215.HK,20240326,95691471.0,FY2023Q4
8215.HK,20231117,,FY2023Q3
8215.HK,20230803,212476677.0,FY2023Q2
8215.HK,20230504,,FY2023Q1
8217.HK,20250728,78252000.0,FY2025H2
8217.HK,20241210,79607000.0,FY2025H1
8217.HK,20240726,77549000.0,FY2024Q4
8217.HK,20231114,90846000.0,FY2024Q2
8217.HK,20230814,,FY2024Q1
8217.HK,20230627,97362000.0,FY2023Q4
8217.HK,20230213,,FY2023Q3
8217.HK,20221114,119430000.0,FY2023Q2
8217.HK,20220812,,FY2023Q1
8218.HK,20250822,63203000.0,FY2025H2
8218.HK,20241128,69670000.0,FY2025H1
8218.HK,20240627,70048000.0,FY2024Q4
8218.HK,20231114,67285000.0,FY2024Q2
8218.HK,20230814,,FY2024Q1
8218.HK,20230628,64949000.0,FY2023Q4
8218.HK,20230213,,FY2023Q3
8218.HK,20221114,64441000.0,FY2023Q2
8218.HK,20220812,,FY2023Q1
8219.HK,20260430,105898000.0,FY2025H2
8219.HK,20250826,111652000.0,FY2025H1
8219.HK,20250423,136823000.0,FY2024H2
8219.HK,20240812,192089000.0,FY2024H1
8219.HK,20240424,188790000.0,FY2023Q4
8219.HK,20231113,,FY2023Q3
8219.HK,20230814,223854000.0,FY2023Q2
8219.HK,20230512,,FY2023Q1
8220.HK,20250729,13162000.0,FY2025H2
8220.HK,20241202,12455000.0,FY2025H1
8220.HK,20240718,1290000.0,FY2024Q4
8220.HK,20231113,2877000.0,FY2024Q2
8220.HK,20230814,,FY2024Q1
8220.HK,20230630,1167000.0,FY2023Q4
8220.HK,20230213,,FY2023Q3
8220.HK,20221114,1289000.0,FY2023Q2
8220.HK,20220812,,FY2023Q1
8221.HK,20250718,205266000.0,FY2025H2
8221.HK,20241219,233718000.0,FY2025H1
8221.HK,20240726,207547000.0,FY2024Q4
8221.HK,20231114,167335000.0,FY2024Q2
8221.HK,20230814,,FY2024Q1
8221.HK,20230629,151864000.0,FY2023Q4
8221.HK,20230209,,FY2023Q3
8221.HK,20221110,103088000.0,FY2023Q2
8221.HK,20220811,,FY2023Q1
8222.HK,20250710,19101000.0,FY2025H2
8222.HK,20241129,24370000.0,FY2025H1
8222.HK,20240709,25357000.0,FY2024Q4
8222.HK,20231110,39674000.0,FY2024Q2
8222.HK,20230810,,FY2024Q1
8222.HK,20230629,39663000.0,FY2023Q4
8222.HK,20230209,,FY2023Q3
8222.HK,20221110,38174000.0,FY2023Q2
8222.HK,20220812,,FY2023Q1
8223.HK,20260430,670321000.0,FY2025H2
8223.HK,20250929,488488000.0,FY2025H1
8223.HK,20250430,427712000.0,FY2024H2
8223.HK,20240927,450284000.0,FY2024H1
8223.HK,20240426,351311000.0,FY2023Q4
8223.HK,20231114,,FY2023Q3
8223.HK,20230814,373866000.0,FY2023Q2
8223.HK,20230512,,FY2023Q1
8225.HK,20260429,65257999.99999999,FY2025H2
8225.HK,20250918,86287000.0,FY2025H1
8225.HK,20250417,86766000.0,FY2024H2
8225.HK,20240926,121868000.0,FY2024H1
8225.HK,20240426,115209000.0,FY2023Q4
8225.HK,20231114,,FY2023Q3
8225.HK,20230814,186054000.0,FY2023Q2
8225.HK,20230515,,FY2023Q1
8226.HK,20260323,266430999.99999997,FY2025H2
8226.HK,20250820,312642000.0,FY2025H1
8226.HK,20250326,296951000.0,FY2024H2
8226.HK,20240816,343784000.0,FY2024H1
8226.HK,20240322,336811000.0,FY2023Q4
8226.HK,20231110,,FY2023Q3
8226.HK,20230811,323499000.0,FY2023Q2
8226.HK,20230511,,FY2023Q1
8227.HK,20260430,50714039.4,FY2025H2
8227.HK,20250929,47038114.38,FY2025H1
8227.HK,20250430,46864353.3,FY2024H2
8227.HK,20240828,42085930.14,FY2024H1
8227.HK,20240430,46334737.62,FY2023Q4
8227.HK,20231110,80187395.61,FY2023Q3
8227.HK,20230811,83452040.81,FY2023Q2
8227.HK,20230512,90766023.63000001,FY2023Q1
8229.HK,20260428,169395000.0,FY2025H2
8229.HK,20250923,157312000.0,FY2025H1
8229.HK,20250428,129797000.0,FY2024H2
8229.HK,20240920,165723000.0,FY2024H1
8229.HK,20240429,137245000.0,FY2023Q4
8229.HK,20231113,,FY2023Q3
8229.HK,20230811,196364000.0,FY2023Q2
8229.HK,20230512,,FY2023Q1
82318.HK,20260428,-795418000000.0,FY2025H2
82318.HK,20251028,-1091504000000.0,FY2025Q3
82318.HK,20250919,-741404000000.0,FY2025H1
82318.HK,20250425,-1107164000000.0,FY2025Q1
82318.HK,20250416,-710274000000.0,FY2024H2
82318.HK,20241021,-987869000000.0,FY2024Q3
82318.HK,20240912,-580556000000.0,FY2024H1
82318.HK,20240426,-536360000000.0,FY2023H2
82318.HK,20240423,-786452000000.0,FY2024Q1
82318.HK,20231027,-736469000000.0,FY2023Q3
82318.HK,20230919,-493195000000.0,FY2023H1
82318.HK,20230426,-752026000000.0,FY2023Q1
8232.HK,20260626,52297000.0,FY2025H2
8232.HK,20250908,25989000.0,FY2025H1
8232.HK,20250429,26527000.0,FY2024H2
8232.HK,20240830,28775000.0,FY2024H1
8232.HK,20240429,29749000.0,FY2023Q4
8232.HK,20231103,,FY2023Q3
8232.HK,20230814,36942000.0,FY2023Q2
8232.HK,20230511,,FY2023Q1
82331.HK,20260422,20831823000.0,FY2025H2
82331.HK,20250910,24829111000.0,FY2025H1
82331.HK,20250429,28043291000.0,FY2024H2
82331.HK,20240904,29191135000.0,FY2024H1
82331.HK,20240423,28529044000.0,FY2023H2
82331.HK,20230828,27625008000.0,FY2023H1
82333.HK,20260327,198218781163.93,FY2025H2
82333.HK,20251024,196125761438.62,FY2025Q3
82333.HK,20250829,197980892533.52,FY2025H1
82333.HK,20250425,179523684936.54,FY2025Q1
82333.HK,20250328,187926089081.94,FY2024H2
82333.HK,20241025,159883556348.449,FY2024Q3
82333.HK,20240829,160977891915.99002,FY2024H1
82333.HK,20240424,159249542288.94,FY2024Q1
82333.HK,20240328,164179188555.75,FY2023H2
82333.HK,20231027,166792498178.96,FY2023Q3
82333.HK,20230830,156603188405.41,FY2023H1
82333.HK,20230421,150095720479.9,FY2023Q1
8237.HK,20260429,227060000.0,FY2025H2
8237.HK,20250828,504957000.0,FY2025H1
8237.HK,20250407,483305000.0,FY2024H2
8237.HK,20240823,554069165.0,FY2024H1
8237.HK,20240408,590901669.0,FY2023Q4
8237.HK,20240105,592664134.0,FY2023Q2
8237.HK,20231114,,FY2023Q3
8237.HK,20230623,,FY2023Q1
8238.HK,20260430,27611000.0,FY2025H2
8238.HK,20250829,23714000.0,FY2025H1
8238.HK,20250501,18896000.0,FY2024H2
8238.HK,20240830,35651000.0,FY2024H1
8238.HK,20240430,36568000.0,FY2023Q4
8238.HK,20231114,,FY2023Q3
8238.HK,20230814,55168000.0,FY2023Q2
8238.HK,20230515,,FY2023Q1
82388.HK,20260330,-124907000000.0,FY2025H2
82388.HK,20250829,-99156000000.0,FY2025H1
82388.HK,20250326,-113040000000.0,FY2024H2
82388.HK,20240829,-127359000000.0,FY2024H1
82388.HK,20240328,-156201000000.0,FY2023H2
82388.HK,20230830,-111744000000.0,FY2023H1
8239.HK,20260428,32915000.0,FY2025H2
8239.HK,20250829,49007000.0,FY2025H1
8239.HK,20250428,45510000.0,FY2024H2
8239.HK,20240830,55982000.0,FY2024H1
8239.HK,20240426,90767000.0,FY2023Q4
8239.HK,20231114,,FY2023Q3
8239.HK,20230814,142066000.0,FY2023Q2
8239.HK,20230518,,FY2023Q1
8241.HK,20250722,85678000.0,FY2025H2
8241.HK,20241206,98226000.0,FY2025H1
8241.HK,20240716,98668000.0,FY2024Q4
8241.HK,20231110,106162000.0,FY2024Q2
8241.HK,20230814,,FY2024Q1
8241.HK,20230213,,FY2023Q3
8241.HK,20221111,111525000.0,FY2023Q2
8241.HK,20220812,,FY2023Q1
8245.HK,20250718,31102000.0,FY2025H2
8245.HK,20241129,29710000.0,FY2025H1
8245.HK,20240715,20565000.0,FY2024Q4
8245.HK,20231114,19708000.0,FY2024Q2
8245.HK,20230814,,FY2024Q1
8245.HK,20230630,15013000.0,FY2023Q4
8245.HK,20230214,,FY2023Q3
8245.HK,20221114,19424000.0,FY2023Q2
8245.HK,20220812,,FY2023Q1
8246.HK,20250707,331828000.0,FY2025H3
8246.HK,20240904,306900000.0,FY2025H1
8246.HK,20240430,153587000.0,FY2023Q4
8246.HK,20231114,,FY2023Q3
8246.HK,20230810,278277000.0,FY2023Q2
8246.HK,20230515,,FY2023Q1
8247.HK,20260331,363104000.0,FY2025H2
8247.HK,20250829,388286000.0,FY2025H1
8247.HK,20250430,408659000.0,FY2024H2
8247.HK,20240829,500763000.0,FY2024H1
8247.HK,20240328,499341000.0,FY2023Q4
8247.HK,20231114,,FY2023Q3
8247.HK,20230810,519913000.0,FY2023Q2
8247.HK,20230512,,FY2023Q1
8249.HK,20260423,120000.0,FY2025H2
8249.HK,20250905,2634000.0,FY2025H1
8249.HK,20250424,163000.0,FY2024H2
8249.HK,20240905,1287000.0,FY2024H1
8249.HK,20240429,549000.0,FY2023Q4
8249.HK,20231113,,FY2023Q3
8249.HK,20230814,2350000.0,FY2023Q2
8249.HK,20230512,,FY2023Q1
8250.HK,20251028,299939000.0,FY2025H2
8250.HK,20250326,307931000.0,FY2025H1
8250.HK,20241031,280974000.0,FY2024Q4
8250.HK,20240209,353208000.0,FY2024Q2
8250.HK,20231110,,FY2024Q1
8250.HK,20230928,375211000.0,FY2023Q4
8250.HK,20230512,,FY2023Q3
8250.HK,20230213,300606000.0,FY2023Q2
8250.HK,20221111,,FY2023Q1
8257.HK,20250821,2350587000.0,FY2025H1
8257.HK,20250325,2250212000.0,FY2024H2
8257.HK,20240814,2045686000.0,FY2024H1
8257.HK,20240321,1952144000.0,FY2023Q4
8257.HK,20231110,,FY2023Q3
8257.HK,20230811,2153676000.0,FY2023Q2
8257.HK,20230511,,FY2023Q1
8262.HK,20251009,82830000.0,FY2025H2
8262.HK,20250307,82978000.0,FY2025H1
8262.HK,20240930,119377000.0,FY2024Q4
8262.HK,20240322,85176000.0,FY2024Q2
8262.HK,20231206,,FY2024Q1
8262.HK,20230929,99366000.0,FY2023Q4
8262.HK,20230515,,FY2023Q3
8262.HK,20230213,102163000.0,FY2023Q2
8262.HK,20221111,,FY2023Q1
8267.HK,20260428,225506000.0,FY2025H2
8267.HK,20250926,232159000.0,FY2025H1
8267.HK,20250425,215752000.0,FY2024H2
8267.HK,20240926,258139000.0,FY2024H1
8267.HK,20240423,233083000.0,FY2023Q4
8267.HK,20231114,,FY2023Q3
8267.HK,20230814,228235000.0,FY2023Q2
8267.HK,20230515,,FY2023Q1
8268.HK,20250711,234306000.0,FY2025H2
8268.HK,20241203,258810999.99999997,FY2025H1
8268.HK,20240705,262772000.0,FY2024Q4
8268.HK,20231114,251614000.0,FY2024Q2
8268.HK,20230815,,FY2024Q1
8268.HK,20230630,237095000.0,FY2023Q4
8268.HK,20230214,,FY2023Q3
8268.HK,20221114,257861000.0,FY2023Q2
8268.HK,20220812,,FY2023Q1
8269.HK,20250730,49155000.0,FY2025H2
8269.HK,20241206,58979000.0,FY2025H1
8269.HK,20240731,51542000.0,FY2024Q4
8269.HK,20231114,74354000.0,FY2024Q2
8269.HK,20230814,,FY2024Q1
8269.HK,20230629,73530000.0,FY2023Q4
8269.HK,20230214,,FY2023Q3
8269.HK,20221114,83591000.0,FY2023Q2
8269.HK,20220812,,FY2023Q1
8270.HK,20260429,281195000.0,FY2025H2
8270.HK,20250826,295496000.0,FY2025H1
8270.HK,20250430,279265000.0,FY2024H2
8270.HK,20240909,296527000.0,FY2024H1
8270.HK,20240328,292894000.0,FY2023Q4
8270.HK,20231113,,FY2023Q3
8270.HK,20230813,290566000.0,FY2023Q2
8270.HK,20230512,,FY2023Q1
8271.HK,20260416,378303000.0,FY2025H2
8271.HK,20250826,279572000.0,FY2025H1
8271.HK,20250425,250611000.0,FY2024H2
8271.HK,20240827,286657000.0,FY2024H1
8271.HK,20240403,297042000.0,FY2023Q4
8271.HK,20231110,,FY2023Q3
8271.HK,20230814,350768000.0,FY2023Q2
8271.HK,20230512,,FY2023Q1
8275.HK,20250626,123535000.0,FY2025H2
8275.HK,20241108,135057000.0,FY2025H1
8275.HK,20240627,127191000.0,FY2024Q4
8275.HK,20231109,118534000.0,FY2024Q2
8275.HK,20230808,,FY2024Q1
8275.HK,20230629,122940000.0,FY2023Q4
8275.HK,20230207,,FY2023Q3
8275.HK,20221109,107351000.0,FY2023Q2
8275.HK,20220809,,FY2023Q1
8277.HK,20250717,26792000.0,FY2025H2
8277.HK,20241212,184457000.0,FY2025H1
8277.HK,20240715,201302000.0,FY2024Q4
8277.HK,20231113,239067000.0,FY2024Q2
8277.HK,20230811,,FY2024Q1
8277.HK,20230629,235019000.0,FY2023Q4
8277.HK,20230213,,FY2023Q3
8277.HK,20221111,263550000.0,FY2023Q2
8277.HK,20220811,,FY2023Q1
8279.HK,20250730,2015071000.0,FY2025H2
8279.HK,20241206,1217922000.0,FY2025H1
8279.HK,20240725,1080954000.0,FY2024Q5
8279.HK,20240322,948209000.0,FY2024Q4
8279.HK,20231110,,FY2024Q3
8279.HK,20230811,802622000.0,FY2024Q2
8279.HK,20230512,,FY2024Q1
8280.HK,20250703,272708000.0,FY2025H2
8280.HK,20241129,326053000.0,FY2025H1
8280.HK,20240729,371428000.0,FY2024Q4
8280.HK,20231113,410186000.0,FY2024Q2
8280.HK,20230810,,FY2024Q1
8280.HK,20230630,362171000.0,FY2023Q5
8280.HK,20230213,,FY2023Q4
8280.HK,20221111,,FY2023Q3
8280.HK,20220811,424630000.0,FY2023Q2
8280.HK,20220512,,FY2023Q1
8281.HK,20260424,245390000.0,FY2025H2
8281.HK,20250822,232865000.0,FY2025H1
8281.HK,20250424,252993000.0,FY2024H2
8281.HK,20240814,248837000.0,FY2024H1
8281.HK,20240423,270631000.0,FY2023Q4
8281.HK,20231114,,FY2023Q3
8281.HK,20230811,290611000.0,FY2023Q2
8281.HK,20230515,,FY2023Q1
8282.HK,20260415,28529000.0,FY2025H2
8282.HK,20250815,21443000.0,FY2025H1
8282.HK,20250403,21560000.0,FY2024H2
8282.HK,20240815,22160000.0,FY2024H1
8282.HK,20240328,20021000.0,FY2023Q4
8282.HK,20231114,,FY2023Q3
8282.HK,20230814,34257000.0,FY2023Q2
8282.HK,20230512,,FY2023Q1
8283.HK,20260430,21680000.0,FY2025H2
8283.HK,20250829,20320000.0,FY2025H1
8283.HK,20250425,15486000.0,FY2024H2
8283.HK,20240830,17677000.0,FY2024H1
8283.HK,20240423,16838000.0,FY2023Q4
8283.HK,20231113,,FY2023Q3
8283.HK,20230814,15739000.0,FY2023Q2
8283.HK,20230512,,FY2023Q1
8285.HK,20260416,23263000.0,FY2025H2
8285.HK,20250929,23588000.0,FY2025H1
8285.HK,20250411,24675000.0,FY2024H2
8285.HK,20240912,31081000.0,FY2024H1
8285.HK,20240403,41629000.0,FY2023Q4
8285.HK,20231114,,FY2023Q3
8285.HK,20230815,42819000.0,FY2023Q2
8285.HK,20230515,,FY2023Q1
8286.HK,20260416,159798000.0,FY2025H2
8286.HK,20250829,168494000.0,FY2025H1
8286.HK,20250430,162582000.0,FY2024Q4
8286.HK,20240814,175123000.0,FY2024Q2
8286.HK,20240514,,FY2024Q1
8286.HK,20240430,171393000.0,FY2023Q4
8286.HK,20231114,,FY2023Q3
8286.HK,20230814,157275000.0,FY2023Q2
8286.HK,20230525,,FY2023Q1
8290.HK,20260410,16756000.0,FY2025H2
8290.HK,20250815,19617000.0,FY2025H1
8290.HK,20250321,21260000.0,FY2024H2
8290.HK,20240816,15610000.0,FY2024H1
8290.HK,20240322,16606000.000000002,FY2023Q4
8290.HK,20231110,,FY2023Q3
8290.HK,20230811,18111000.0,FY2023Q2
8290.HK,20230512,,FY2023Q1
8291.HK,20260430,42070000.0,FY2025H2
8291.HK,20250929,30321000.0,FY2025H1
8291.HK,20250430,42599000.0,FY2024H2
8291.HK,20240912,87453000.0,FY2024H1
8291.HK,20240430,93303000.0,FY2023Q4
8291.HK,20231114,,FY2023Q3
8291.HK,20230814,68701000.0,FY2023Q2
8291.HK,20230515,,FY2023Q1
8292.HK,20260429,67084000.0,FY2025H2
8292.HK,20250828,44345000.0,FY2025H1
8292.HK,20250425,39896000.0,FY2024H2
8292.HK,20240823,34693000.0,FY2024H1
8292.HK,20240426,36794000.0,FY2023Q4
8292.HK,20231114,,FY2023Q3
8292.HK,20230814,44638000.0,FY2023Q2
8292.HK,20230512,,FY2023Q1
8293.HK,20251127,6832724.0,FY2025H2
8293.HK,20250423,4152204.0,FY2025H1
8293.HK,20241128,3115909.0,FY2024Q4
8293.HK,20240419,4728087.0,FY2024Q2
8293.HK,20231214,,FY2024Q1
8293.HK,20231030,5914515.0,FY2023Q4
8293.HK,20230614,,FY2023Q3
8293.HK,20230314,6580561.0,FY2023Q2
8293.HK,20221214,,FY2023Q1
8295.HK,20250715,600865000.0,FY2025H2
8295.HK,20241121,707553000.0,FY2025H1
8295.HK,20240628,755090000.0,FY2024Q4
8295.HK,20231110,750347000.0,FY2024Q2
8295.HK,20230810,,FY2024Q1
8295.HK,20230210,,FY2023Q3
8295.HK,20221111,640022000.0,FY2023Q2
8295.HK,20220812,,FY2023Q1
8296.HK,20260420,130088000.0,FY2025H2
8296.HK,20250908,139442000.0,FY2025H1
8296.HK,20250417,140992000.0,FY2024H2
8296.HK,20240829,142822000.0,FY2024H1
8296.HK,20231114,,FY2023Q3
8296.HK,20230814,160556000.0,FY2023Q2
8296.HK,20230512,,FY2023Q1
8297.HK,20260306,40691000.0,FY2025Q4
8297.HK,20241129,46731000.0,FY2025Q2
8297.HK,20240724,50398000.0,FY2024Q4
8297.HK,20231113,63279000.0,FY2024Q2
8297.HK,20230814,,FY2024Q1
8297.HK,20230714,66239000.00000001,FY2023Q4
8297.HK,20230214,,FY2023Q3
8297.HK,20221114,85499000.0,FY2023Q2
8297.HK,20220812,,FY2023Q1
8299.HK,20250724,1649675000.0,FY2025H2
8299.HK,20241112,1485978000.0,FY2025H1
8299.HK,20240724,1380783000.0,FY2024Q4
8299.HK,20231109,1046705999.9999999,FY2024Q2
8299.HK,20230814,,FY2024Q1
8299.HK,20230628,882369000.0,FY2023Q4
8299.HK,20230207,,FY2023Q3
8299.HK,20221107,794442000.0,FY2023Q2
8299.HK,20220801,,FY2023Q1
8300.HK,20250731,16190999.999999998,FY2025H2
8300.HK,20241128,9125000.0,FY2025H1
8300.HK,20240718,9744000.0,FY2024Q4
8300.HK,20231114,22128000.0,FY2024Q2
8300.HK,20230808,,FY2024Q1
8300.HK,20230627,26890000.0,FY2023Q4
8300.HK,20230209,,FY2023Q3
8300.HK,20221108,29420000.0,FY2023Q2
8300.HK,20220811,,FY2023Q1
8305.HK,20260416,151396000.0,FY2025H2
8305.HK,20250815,126997000.0,FY2025H1
8305.HK,20250430,132059000.0,FY2024H2
8305.HK,20240830,116045000.0,FY2024H1
8305.HK,20240426,132374000.0,FY2023Q4
8305.HK,20231115,,FY2023Q3
8305.HK,20230824,139575000.0,FY2023Q2
8305.HK,20230515,,FY2023Q1
8307.HK,20250627,37958000.0,FY2025H2
8307.HK,20241126,36034000.0,FY2025H1
8307.HK,20240725,33133000.000000004,FY2024Q4
8307.HK,20231113,37082000.0,FY2024Q2
8307.HK,20230814,,FY2024Q1
8307.HK,20230214,,FY2023Q3
8307.HK,20221114,38697000.0,FY2023Q2
8307.HK,20220812,,FY2023Q1
8308.HK,20260430,928383000.0,FY2025H2
8308.HK,20250912,929149000.0,FY2025H1
8308.HK,20250430,957078000.0,FY2024H2
8308.HK,20240903,891479000.0,FY2024H1
8308.HK,20240529,917489000.0,FY2023Q4
8308.HK,20240430,893823000.0,FY2023Q3
8309.HK,20250627,133524000.0,FY2025H2
8309.HK,20241115,254119000.0,FY2025H1
8309.HK,20240628,268228000.0,FY2024Q4
8309.HK,20231110,259257999.99999997,FY2024Q2
8309.HK,20230811,,FY2024Q1
8309.HK,20230629,253614000.0,FY2023Q4
8309.HK,20230213,,FY2023Q3
8309.HK,20221111,265887000.0,FY2023Q2
8309.HK,20220811,,FY2023Q1
8310.HK,20260420,694164000.0,FY2025H2
8310.HK,20250909,653903000.0,FY2025H1
8310.HK,20250422,312200000.0,FY2024H2
8310.HK,20240910,580670000.0,FY2024H1
8310.HK,20240422,412081000.0,FY2023Q4
8310.HK,20231110,,FY2023Q3
8310.HK,20230811,484361000.0,FY2023Q2
8310.HK,20230511,,FY2023Q1
8311.HK,20260429,26048000.0,FY2025H2
8311.HK,20250929,36278000.0,FY2025H1
8311.HK,20250429,33950000.0,FY2024H2
8311.HK,20240829,78596000.0,FY2024H1
8311.HK,20240429,68759000.0,FY2023Q4
8311.HK,20231113,,FY2023Q3
8311.HK,20230811,72698000.0,FY2023Q2
8311.HK,20230512,,FY2023Q1
8313.HK,20260429,21588000.0,FY2025H2
8313.HK,20250815,26499000.0,FY2025H1
8313.HK,20250403,25678000.0,FY2024H2
8313.HK,20240807,18100000.0,FY2024H1
8313.HK,20240325,13781000.0,FY2023Q4
8313.HK,20231113,,FY2023Q3
8313.HK,20230808,22474000.0,FY2023Q2
8313.HK,20230515,,FY2023Q1
8315.HK,20250731,14451000.0,FY2025H2
8315.HK,20241231,24594000.0,FY2025H1
8315.HK,20241031,32650000.0,FY2024Q4
8315.HK,20231114,39639000.0,FY2024Q2
8315.HK,20230814,,FY2024Q1
8315.HK,20230629,33745000.0,FY2023Q4
8315.HK,20230213,,FY2023Q3
8315.HK,20221114,36761000.0,FY2023Q2
8315.HK,20220812,,FY2023Q1
8316.HK,20250707,22083000.0,FY2025H2
8316.HK,20241114,18595000.0,FY2025H1
8316.HK,20240730,22144000.0,FY2024Q4
8316.HK,20231109,61569000.0,FY2024Q2
8316.HK,20230811,,FY2024Q1
8316.HK,20230629,85143000.0,FY2023Q4
8316.HK,20230214,,FY2023Q3
8316.HK,20221114,53839000.0,FY2023Q2
8316.HK,20220814,,FY2023Q1
8317.HK,20250707,55575000.0,FY2025H2
8317.HK,20241231,58972000.0,FY2025H1
8317.HK,20240731,57563000.0,FY2024Q4
8317.HK,20231114,55307000.0,FY2024Q2
8317.HK,20230814,,FY2024Q1
8317.HK,20230630,54078000.0,FY2023Q4
8317.HK,20230210,,FY2023Q3
8317.HK,20221110,58971000.0,FY2023Q2
8317.HK,20220812,,FY2023Q1
8319.HK,20250725,221487000.0,FY2025H2
8319.HK,20241129,236519000.0,FY2025H1
8319.HK,20240731,187260000.0,FY2024H2
8319.HK,20231114,297967000.0,FY2024H1
8319.HK,20230814,,FY2024Q1
8319.HK,20230627,198327000.0,FY2023H2
8319.HK,20230214,,FY2023Q3
8319.HK,20221111,272946000.0,FY2023H1
8319.HK,20220812,,FY2023Q1
8320.HK,20250620,85761000.0,FY2025H2
8320.HK,20241205,81914000.0,FY2025H1
8320.HK,20240618,83895000.0,FY2024Q4
8320.HK,20231109,84808000.0,FY2024Q2
8320.HK,20230809,,FY2024Q1
8320.HK,20230627,81354000.0,FY2023Q4
8320.HK,20230208,,FY2023Q3
8320.HK,20221104,83391000.0,FY2023Q2
8320.HK,20220810,,FY2023Q1
8321.HK,20250829,70774000.0,FY2025H2
8321.HK,20241213,72101000.0,FY2025H1
8321.HK,20240830,69584000.0,FY2024Q4
8321.HK,20231215,94974000.0,FY2024Q2
8321.HK,20230914,,FY2024Q1
8321.HK,20230731,88653000.0,FY2023Q4
8321.HK,20230316,,FY2023Q3
8321.HK,20221215,120421000.0,FY2023Q2
8321.HK,20220914,,FY2023Q1
8326.HK,20250725,725913000.0,FY2025H2
8326.HK,20241210,611080000.0,FY2025H1
8326.HK,20240711,604935000.0,FY2024Q4
8326.HK,20231114,461450000.0,FY2024Q2
8326.HK,20230814,,FY2024Q1
8326.HK,20230629,461466000.0,FY2023Q4
8326.HK,20230214,,FY2023Q3
8326.HK,20221114,388662000.0,FY2023Q2
8326.HK,20220812,,FY2023Q1
8328.HK,20260430,1398376000.0,FY2025H2
8328.HK,20250925,1425714000.0,FY2025H1
8328.HK,20250430,1428812000.0,FY2024H2
8328.HK,20240925,1707450000.0,FY2024H1
8328.HK,20240430,1769496000.0,FY2023Q4
8328.HK,20231114,,FY2023Q3
8328.HK,20230814,1906110000.0,FY2023Q2
8328.HK,20230515,,FY2023Q1
8329.HK,20260424,857204000.0,FY2025H2
8329.HK,20250822,908890000.0,FY2025H1
8329.HK,20250416,1051240000.0,FY2024Q4
8329.HK,20240829,1049635000.0,FY2024Q2
8329.HK,20240412,980018000.0,FY2023Q4
8329.HK,20231107,,FY2023Q3
8329.HK,20230811,1095977000.0,FY2023Q2
8329.HK,20230508,,FY2023Q1
8331.HK,20250729,140374000.0,FY2025H2
8331.HK,20241213,127067000.0,FY2025H1
8331.HK,20240724,124409000.0,FY2024Q4
8331.HK,20231114,119538000.0,FY2024Q2
8331.HK,20230814,,FY2024Q1
8331.HK,20230702,130652999.99999999,FY2023Q5
8331.HK,20230214,159842000.0,FY2023Q4
8331.HK,20221114,,FY2023Q3
8331.HK,20220812,144062000.0,FY2023Q2
8331.HK,20220513,,FY2023Q1
8333.HK,20260326,324410000.0,FY2025H2
8333.HK,20250828,175511000.0,FY2025H1
8333.HK,20250327,128530000.0,FY2024H2
8333.HK,20240826,114458000.0,FY2024H1
8333.HK,20240327,140942000.0,FY2023Q4
8333.HK,20231113,,FY2023Q3
8333.HK,20230811,139960000.0,FY2023Q2
8333.HK,20230515,,FY2023Q1
8337.HK,20260428,15030000.0,FY2025H2
8337.HK,20250926,14111000.0,FY2025H1
8337.HK,20250429,15161000.0,FY2024H2
8337.HK,20240926,23682000.0,FY2024H1
8337.HK,20240425,24543000.0,FY2023Q4
8337.HK,20231113,,FY2023Q3
8337.HK,20230814,35146000.0,FY2023Q2
8337.HK,20230515,,FY2023Q1
8340.HK,20260429,55444000.0,FY2025H2
8340.HK,20250925,51478000.0,FY2025H1
8340.HK,20250429,30240000.0,FY2024H2
8340.HK,20240916,34076000.0,FY2024H1
8340.HK,20240430,17629000.0,FY2023Q4
8340.HK,20231114,,FY2023Q3
8340.HK,20230814,13720000.0,FY2023Q2
8340.HK,20230512,,FY2023Q1
8341.HK,20250718,148454000.0,FY2025H2
8341.HK,20241230,144498000.0,FY2025H1
8341.HK,20240718,158285000.0,FY2024Q4
8341.HK,20231114,117543000.0,FY2024Q2
8341.HK,20230814,,FY2024Q1
8341.HK,20230630,113778000.0,FY2023Q4
8341.HK,20230213,,FY2023Q3
8341.HK,20221114,121352000.0,FY2023Q2
8341.HK,20220812,,FY2023Q1
8347.HK,20250708,129549000.0,FY2025H2
8347.HK,20241211,145279000.0,FY2025H1
8347.HK,20240709,153371000.0,FY2024Q4
8347.HK,20231114,157684000.0,FY2024Q2
8347.HK,20230814,,FY2024Q1
8347.HK,20230630,156111000.0,FY2023Q4
8347.HK,20230213,,FY2023Q3
8347.HK,20221114,180340000.0,FY2023Q2
8347.HK,20220812,,FY2023Q1
8348.HK,20260318,1119667000.0,FY2025H2
8348.HK,20250820,1067159000.0000001,FY2025H1
8348.HK,20250321,1407623000.0,FY2024H2
8348.HK,20240823,1641715000.0,FY2024H1
8348.HK,20240318,1395411000.0,FY2023Q4
8348.HK,20231110,,FY2023Q3
8348.HK,20230811,2035693000.0,FY2023Q2
8348.HK,20230512,,FY2023Q1
8349.HK,20250925,67467000.0,FY2025H1
8349.HK,20250429,64890000.0,FY2024H2
8349.HK,20240828,82448000.0,FY2024H1
8349.HK,20240426,86544000.0,FY2023Q4
8349.HK,20240129,93917000.0,FY2023Q3
8350.HK,20260428,105658000.0,FY2025H2
8350.HK,20250930,50908000.0,FY2025H1
8350.HK,20250429,65816000.0,FY2024H2
8350.HK,20240930,26628000.0,FY2024H1
8350.HK,20240422,34065000.0,FY2023Q4
8350.HK,20231114,,FY2023Q3
8350.HK,20230814,37482000.0,FY2023Q2
8350.HK,20230515,,FY2023Q1
8353.HK,20250411,14138065.0,FY2025Q3
8353.HK,20250113,14158651.0,FY2025Q2
8353.HK,20241013,,FY2025Q1
8353.HK,20240826,12807522.0,FY2024Q4
8353.HK,20240403,,FY2024Q3
8353.HK,20240111,11616694.0,FY2024Q2
8353.HK,20231011,,FY2024Q1
8353.HK,20230911,12607811.0,FY2023Q4
8353.HK,20230413,,FY2023Q3
8353.HK,20230111,9536556.0,FY2023Q2
8353.HK,20221012,,FY2023Q1
8356.HK,20250729,109529000.0,FY2025H2
8356.HK,20241216,167968000.0,FY2025H1
8356.HK,20240725,170738000.0,FY2024Q4
8356.HK,20231123,193924000.0,FY2023Q4
8356.HK,20231122,179908000.0,FY2024Q2
8356.HK,20231117,166089000.0,FY2023Q3
8357.HK,20260330,9802513.0,FY2025H2
8357.HK,20250807,4117795.0,FY2025H1
8357.HK,20250327,3111136.0,FY2024H2
8357.HK,20240808,4791562.0,FY2024H1
8357.HK,20240408,3708864.0,FY2023Q4
8357.HK,20231107,,FY2023Q3
8357.HK,20230810,4926311.0,FY2023Q2
8357.HK,20230511,,FY2023Q1
8360.HK,20260429,76841000.0,FY2025H2
8360.HK,20250829,89515000.0,FY2025H1
8360.HK,20250429,38910000.0,FY2024H2
8360.HK,20240829,36890000.0,FY2024H1
8360.HK,20240328,26614000.0,FY2023Q4
8360.HK,20231114,,FY2023Q3
8360.HK,20230814,45245000.0,FY2023Q2
8360.HK,20230515,,FY2023Q1
8362.HK,20260330,99402000.0,FY2025Q4
8362.HK,20250825,98727000.0,FY2025Q2
8362.HK,20250401,98892000.0,FY2024Q4
8362.HK,20240823,102713000.0,FY2024Q2
8362.HK,20240405,110345000.0,FY2023Q4
8362.HK,20231114,,FY2023Q3
8362.HK,20230811,113065000.0,FY2023Q2
8362.HK,20230512,,FY2023Q1
8363.HK,20240322,247605000.0,FY2024Q4
8363.HK,20231113,,FY2024Q3
8363.HK,20230811,242955000.0,FY2024Q2
8363.HK,20230515,,FY2024Q1
8365.HK,20260115,45015000.0,FY2025H2
8365.HK,20250530,56694000.0,FY2025H1
8365.HK,20250114,55287000.0,FY2024Q4
8365.HK,20240605,84397000.0,FY2024Q2
8365.HK,20240101,121861000.0,FY2023Q4
8365.HK,20230814,,FY2023Q3
8365.HK,20230515,82609000.0,FY2023Q2
8365.HK,20230214,,FY2023Q1
8366.HK,20250825,26657000.0,FY2025H2
8366.HK,20250103,25975000.0,FY2025H1
8366.HK,20240830,31038000.0,FY2024Q4
8366.HK,20231213,37636000.0,FY2024Q2
8366.HK,20230913,,FY2024Q1
8366.HK,20230728,51365000.0,FY2023Q4
8366.HK,20230315,,FY2023Q3
8366.HK,20221214,24851000.0,FY2023Q2
8366.HK,20220914,,FY2023Q1
8367.HK,20250731,55645000.0,FY2025H2
8367.HK,20241231,51919000.0,FY2025H1
8367.HK,20240731,40461000.0,FY2024Q4
8367.HK,20231114,48818000.0,FY2024Q2
8367.HK,20230814,,FY2024Q1
8367.HK,20230214,,FY2023Q3
8367.HK,20221114,58194000.0,FY2023Q2
8367.HK,20220814,64884000.0,FY2023Q1
8368.HK,20260427,445116000.0,FY2025H2
8368.HK,20250905,399295000.0,FY2025H1
8368.HK,20250428,399019000.0,FY2024H2
8368.HK,20240909,381833000.0,FY2024H1
8368.HK,20240418,337842000.0,FY2023Q4
8368.HK,20231113,,FY2023Q3
8368.HK,20230814,328751000.0,FY2023Q2
8368.HK,20230515,,FY2023Q1
83690.HK,20260424,210595369000.0,FY2025Q4
83690.HK,20251128,218799861000.0,FY2025Q3
83690.HK,20250926,198902335000.0,FY2025Q2
83690.HK,20250526,218916514000.0,FY2025Q1
83690.HK,20250428,251518084000.0,FY2024Q4
83690.HK,20241129,243458553000.0,FY2024Q3
83690.HK,20240922,201132549000.0,FY2024Q2
83690.HK,20240606,234521776000.0,FY2024Q1
83690.HK,20240428,229540950000.0,FY2023Q4
83690.HK,20231128,260364310000.0,FY2023Q3
83690.HK,20230927,208202512000.0,FY2023Q2
83690.HK,20230525,223152148000.0,FY2023Q1
8370.HK,20250926,69636000.0,FY2025H2
8370.HK,20250228,44276000.0,FY2025H1
8370.HK,20240920,46015000.0,FY2024Q4
8370.HK,20240219,102611000.0,FY2024Q2
8370.HK,20231113,,FY2024Q1
8370.HK,20230928,117211000.0,FY2023Q4
8370.HK,20230214,120650000.0,FY2023Q2
8370.HK,20221114,,FY2023Q1
8371.HK,20250702,683469000.0,FY2025H2
8371.HK,20241122,705350000.0,FY2025H1
8371.HK,20240625,689781000.0,FY2024Q4
8371.HK,20240208,,FY2024Q3
8371.HK,20231114,641488000.0,FY2024Q2
8371.HK,20230810,,FY2024Q1
8371.HK,20230628,567429000.0,FY2023Q4
8371.HK,20230208,,FY2023Q3
8371.HK,20221111,488046000.0,FY2023Q2
8371.HK,20220814,,FY2023Q1
8372.HK,20250718,71957000.0,FY2025H2
8372.HK,20241113,58245000.0,FY2025H1
8372.HK,20240711,54507000.0,FY2024Q4
8372.HK,20231113,59017000.0,FY2024Q2
8372.HK,20230814,,FY2024Q1
8372.HK,20230626,54163000.0,FY2023Q4
8372.HK,20230214,,FY2023Q3
8372.HK,20221110,48612000.0,FY2023Q2
8372.HK,20220811,,FY2023Q1
8373.HK,20260428,34050000.0,FY2025H2
8373.HK,20260225,28157000.0,FY2025H1
8373.HK,20260224,27952000.0,FY2024H2
8373.HK,20240930,25406000.0,FY2024H1
8373.HK,20240426,23613000.0,FY2023Q4
8373.HK,20231110,,FY2023Q3
8373.HK,20230814,21148000.0,FY2023Q2
8373.HK,20230515,,FY2023Q1
8375.HK,20260421,62222000.0,FY2025H2
8375.HK,20250904,73127000.0,FY2025H1
8375.HK,20250422,77130000.0,FY2024H2
8375.HK,20240826,88599000.0,FY2024H1
8375.HK,20240402,84010000.0,FY2023Q4
8375.HK,20231114,,FY2023Q3
8375.HK,20230814,88947000.0,FY2023Q2
8375.HK,20230512,,FY2023Q1
8377.HK,20260429,14416000.0,FY2025H2
8377.HK,20250916,21020000.0,FY2025H1
8377.HK,20250429,30681000.0,FY2024H2
8377.HK,20240827,46796000.0,FY2024H1
8377.HK,20240419,68523000.0,FY2023Q4
8377.HK,20231110,,FY2023Q3
8377.HK,20230811,93760000.0,FY2023Q2
8377.HK,20230512,,FY2023Q1
8379.HK,20250730,42741000.0,FY2025H2
8379.HK,20241209,43910000.0,FY2025H1
8379.HK,20240729,41388000.0,FY2024Q4
8379.HK,20231114,38428000.0,FY2024Q2
8379.HK,20230814,,FY2024Q1
8379.HK,20230629,37161000.0,FY2023Q4
8379.HK,20230214,,FY2023Q3
8379.HK,20221114,36948000.0,FY2023Q2
8379.HK,20220812,,FY2023Q1
8385.HK,20260430,86350000.0,FY2025H2
8385.HK,20250829,100475000.0,FY2025H1
8385.HK,20250331,157590000.0,FY2024H2
8385.HK,20240814,186662000.0,FY2024H1
8385.HK,20240327,230755000.0,FY2023Q4
8385.HK,20231114,,FY2023Q3
8385.HK,20230814,319742000.0,FY2023Q2
8385.HK,20230515,,FY2023Q1
8391.HK,20260429,245452000.0,FY2025H2
8391.HK,20250818,263582000.0,FY2025H1
8391.HK,20250430,294339000.0,FY2024H2
8391.HK,20240827,187866000.0,FY2024H1
8391.HK,20240430,166679000.0,FY2023Q4
8391.HK,20231114,,FY2023Q3
8391.HK,20230814,173610000.0,FY2023Q2
8391.HK,20230515,,FY2023Q1
8392.HK,20250708,12614000.0,FY2025H2
8392.HK,20241127,13040000.0,FY2025H1
8392.HK,20240628,13093000.0,FY2024Q4
8392.HK,20231113,10975000.0,FY2024Q2
8392.HK,20230807,,FY2024Q1
8392.HK,20230628,10206000.0,FY2023Q4
8392.HK,20230213,,FY2023Q3
8392.HK,20221108,17851000.0,FY2023Q2
8392.HK,20220810,,FY2023Q1
8395.HK,20250731,98967000.0,FY2025H2
8395.HK,20241202,106960000.0,FY2025H1
8395.HK,20240626,94403000.0,FY2024Q4
8395.HK,20231109,101991000.0,FY2024Q2
8395.HK,20230811,,FY2024Q1
8395.HK,20230209,,FY2023Q3
8395.HK,20221111,67440000.0,FY2023Q2
8395.HK,20220811,,FY2023Q1
8400.HK,20260408,23512853.0,FY2025H2
8400.HK,20250829,32401665.0,FY2025H1
8400.HK,20250407,23833651.0,FY2024H2
8400.HK,20240827,15160932.0,FY2024H1
8400.HK,20240403,23788792.0,FY2023Q4
8400.HK,20231113,,FY2023Q3
8400.HK,20230814,12486399.0,FY2023Q2
8400.HK,20230515,,FY2023Q1
8401.HK,20250704,8000999.999999999,FY2025H2
8401.HK,20241126,4407000.0,FY2025H1
8401.HK,20240628,5319000.0,FY2024Q4
8401.HK,20231109,12311000.0,FY2024Q2
8401.HK,20230811,,FY2024Q1
8401.HK,20230628,12925000.0,FY2023Q4
8401.HK,20230209,,FY2023Q3
8401.HK,20221110,16938000.0,FY2023Q2
8401.HK,20220811,,FY2023Q1
8402.HK,20260327,11876170.0,FY2025H2
8402.HK,20250828,11998473.0,FY2025H1
8402.HK,20250328,14615273.0,FY2024H2
8402.HK,20240903,17604683.0,FY2024H1
8402.HK,20240423,15384304.0,FY2023Q4
8402.HK,20231113,,FY2023Q3
8402.HK,20230814,12152194.0,FY2023Q2
8402.HK,20230515,,FY2023Q1
8403.HK,20260424,90129000.0,FY2025H2
8403.HK,20250926,103158000.0,FY2025H1
8403.HK,20250425,124905000.0,FY2024H2
8403.HK,20240926,118223000.0,FY2024H1
8403.HK,20240419,96487000.0,FY2023Q4
8403.HK,20231110,97641000.0,FY2023Q3
8403.HK,20230811,118784000.0,FY2023Q2
8403.HK,20230512,90066000.0,FY2023Q1
8405.HK,20240814,183467000.0,FY2024H1
8405.HK,20240327,139298000.0,FY2023Q4
8405.HK,20231114,,FY2023Q3
8405.HK,20230814,137612000.0,FY2023Q2
8405.HK,20230512,,FY2023Q1
8406.HK,20260429,118237000.0,FY2025H2
8406.HK,20250829,111286000.0,FY2025H1
8406.HK,20250430,137352000.0,FY2024H2
8406.HK,20240828,149751000.0,FY2024H1
8406.HK,20240429,113073000.0,FY2023Q4
8406.HK,20231113,,FY2023Q3
8406.HK,20230814,101973000.0,FY2023Q2
8406.HK,20230515,,FY2023Q1
8411.HK,20260424,37101000.0,FY2025H2
8411.HK,20250825,20270000.0,FY2025H1
8411.HK,20250422,57075000.0,FY2024H2
8411.HK,20240819,51470000.0,FY2024H1
8411.HK,20240405,50572000.0,FY2023Q4
8411.HK,20231113,,FY2023Q3
8411.HK,20230810,18838000.0,FY2023Q2
8411.HK,20230515,,FY2023Q1
8412.HK,20250904,30050000.0,FY2025H2
8412.HK,20250127,35832000.0,FY2025H1
8412.HK,20240905,48657000.0,FY2024Q4
8412.HK,20240111,70753000.0,FY2024Q2
8412.HK,20231012,,FY2024Q1
8412.HK,20230831,44774000.0,FY2023Q4
8412.HK,20230414,,FY2023Q3
8412.HK,20230115,27051000.0,FY2023Q2
8412.HK,20221013,,FY2023Q1
8413.HK,20250626,64260000.00000001,FY2025H2
8413.HK,20241120,73104000.0,FY2025H1
8413.HK,20240626,85274000.0,FY2024Q4
8413.HK,20231109,95528000.0,FY2024Q2
8413.HK,20230807,,FY2024Q1
8413.HK,20230628,100623000.0,FY2023Q4
8413.HK,20230214,,FY2023Q3
8413.HK,20221110,109254000.0,FY2023Q2
8413.HK,20220812,,FY2023Q1
8416.HK,20260323,55368000.0,FY2025H2
8416.HK,20250821,66342000.0,FY2025H1
8416.HK,20250324,56964000.0,FY2024H2
8416.HK,20240812,90948000.0,FY2024H1
8416.HK,20240408,50573000.0,FY2023Q4
8416.HK,20231113,,FY2023Q3
8416.HK,20230810,95621000.0,FY2023Q2
8416.HK,20230512,,FY2023Q1
8417.HK,20250703,18849000.0,FY2025H2
8417.HK,20241129,25864000.0,FY2025H1
8417.HK,20240628,31720000.0,FY2024Q4
8417.HK,20240209,,FY2024Q3
8417.HK,20231114,52337000.0,FY2024Q2
8417.HK,20230814,,FY2024Q1
8417.HK,20230628,31309000.0,FY2023Q4
8417.HK,20230214,,FY2023Q3
8417.HK,20221114,14986000.0,FY2023Q2
8417.HK,20220814,,FY2023Q1
8418.HK,20260428,11986000.0,FY2025H2
8418.HK,20250917,10314000.0,FY2025H1
8418.HK,20250429,13374000.0,FY2024H2
8418.HK,20240917,18794000.0,FY2024H1
8418.HK,20240429,17936000.0,FY2023Q4
8418.HK,20231114,,FY2023Q3
8418.HK,20230814,26209000.0,FY2023Q2
8418.HK,20230515,,FY2023Q1
8419.HK,20260428,169532000.0,FY2025H2
8419.HK,20250912,180992000.0,FY2025H1
8419.HK,20250425,171835000.0,FY2024H2
8419.HK,20240813,211182000.0,FY2024H1
8419.HK,20240411,233539000.0,FY2023Q4
8419.HK,20231113,,FY2023Q3
8419.HK,20230814,248814000.0,FY2023Q2
8419.HK,20230511,,FY2023Q1
8420.HK,20260402,13827000.0,FY2025H2
8420.HK,20250827,13917000.0,FY2025H1
8420.HK,20250331,12621000.0,FY2024H2
8420.HK,20240820,20266000.0,FY2024H1
8420.HK,20231113,,FY2023Q3
8420.HK,20230814,19973964.0,FY2023Q2
8420.HK,20230512,,FY2023Q1
8422.HK,20250930,15899000.0,FY2025H2
8422.HK,20250221,15866000.0,FY2025H1
8422.HK,20240930,17888000.0,FY2024Q4
8422.HK,20240208,8780000.0,FY2024Q2
8422.HK,20231113,,FY2024Q1
8422.HK,20230929,9245000.0,FY2023Q4
8422.HK,20230515,,FY2023Q3
8422.HK,20230213,20151000.0,FY2023Q2
8422.HK,20221111,,FY2023Q1
8423.HK,20250630,353691000.0,FY2025H2
8423.HK,20241128,409102000.0,FY2025H1
8423.HK,20240628,374721000.0,FY2024Q4
8423.HK,20231110,344466000.0,FY2024Q2
8423.HK,20230810,,FY2024Q1
8423.HK,20230630,300115000.0,FY2023Q4
8423.HK,20230210,,FY2023Q3
8423.HK,20221111,291439000.0,FY2023Q2
8423.HK,20220812,,FY2023Q1
8425.HK,20250626,171313000.0,FY2025H2
8425.HK,20241129,173254000.0,FY2025H1
8425.HK,20240620,167843000.0,FY2024Q4
8425.HK,20231110,152917000.0,FY2024Q2
8425.HK,20230814,,FY2024Q1
8425.HK,20230628,164455000.0,FY2023Q4
8425.HK,20230213,,FY2023Q3
8425.HK,20221114,149812000.0,FY2023Q2
8425.HK,20220812,,FY2023Q1
8426.HK,20260415,157442000.0,FY2025H2
8426.HK,20250918,181858000.0,FY2025H1
8426.HK,20250410,193060000.0,FY2024H2
8426.HK,20240827,203583000.0,FY2024H1
8426.HK,20240415,195136000.0,FY2023Q4
8426.HK,20231114,,FY2023Q3
8426.HK,20230810,158414000.0,FY2023Q2
8426.HK,20230515,,FY2023Q1
8427.HK,20250923,51105000.0,FY2025H2
8427.HK,20250115,44817000.0,FY2025H1
8427.HK,20240830,43465000.0,FY2024Q4
8427.HK,20240112,43536000.0,FY2024Q2
8427.HK,20231013,,FY2024Q1
8427.HK,20230831,43830000.0,FY2023Q4
8427.HK,20230414,,FY2023Q3
8427.HK,20230113,39428000.0,FY2023Q2
8427.HK,20221013,,FY2023Q1
8428.HK,20260429,9441000.0,FY2025H2
8428.HK,20241209,13391000.0,FY2025H1
8428.HK,20240723,12795000.0,FY2024Q4
8428.HK,20231113,22694000.0,FY2024Q2
8428.HK,20230811,,FY2024Q1
8428.HK,20230629,18630000.0,FY2023Q4
8428.HK,20230213,,FY2023Q3
8428.HK,20221111,29219000.0,FY2023Q2
8428.HK,20220810,,FY2023Q1
8429.HK,20260429,53488000.0,FY2025H2
8429.HK,20250911,54365000.0,FY2025H1
8429.HK,20250429,55277000.0,FY2024H2
8429.HK,20240905,49204000.0,FY2024H1
8429.HK,20240416,60230000.0,FY2023Q4
8429.HK,20231108,,FY2023Q3
8429.HK,20230809,50640000.0,FY2023Q2
8429.HK,20230509,,FY2023Q1
8430.HK,20260430,13901379.0,FY2025H2
8430.HK,20250930,15331011.0,FY2025H1
8430.HK,20250430,16240891.999999998,FY2024H2
8430.HK,20240925,16670591.000000002,FY2024H1
8430.HK,20240429,15923144.0,FY2023Q4
8430.HK,20231114,,FY2023Q3
8430.HK,20230814,16513473.999999998,FY2023Q2
8430.HK,20230515,,FY2023Q1
8431.HK,20250730,79266000.0,FY2025Q4
8431.HK,20241114,109084000.0,FY2025Q2
8431.HK,20240729,104259000.0,FY2024Q4
8431.HK,20231114,81866000.0,FY2024Q2
8431.HK,20230814,,FY2024Q1
8431.HK,20230702,75882000.0,FY2023Q4
8431.HK,20230214,,FY2023Q3
8431.HK,20221114,80770000.0,FY2023Q2
8431.HK,20220831,73233000.0,FY2023Q1
8432.HK,20250730,154053000.0,FY2025H2
8432.HK,20241223,188235000.0,FY2025H1
8432.HK,20240731,181731000.0,FY2024Q4
8432.HK,20231110,197343000.0,FY2024Q2
8432.HK,20230811,,FY2024Q1
8432.HK,20230629,202695000.0,FY2023Q4
8432.HK,20230213,,FY2023Q3
8432.HK,20221111,196396000.0,FY2023Q2
8432.HK,20220815,,FY2023Q1
8436.HK,20260323,91249000.0,FY2025H2
8436.HK,20250815,96224000.0,FY2025H1
8436.HK,20250327,101662000.0,FY2024H2
8436.HK,20240826,108217000.0,FY2024H1
8436.HK,20240328,92803000.0,FY2023Q4
8436.HK,20231113,,FY2023Q3
8436.HK,20230814,123675000.0,FY2023Q2
8436.HK,20230512,,FY2023Q1
8437.HK,20250918,4360000.0,FY2025H1
8437.HK,20250429,3401000.0,FY2024H2
8437.HK,20240927,8954000.0,FY2024H1
8437.HK,20240430,3842000.0,FY2023Q4
8439.HK,20250626,29471000.0,FY2025H2
8439.HK,20241129,30269000.0,FY2025H1
8439.HK,20240625,27398000.0,FY2024Q4
8439.HK,20231110,27927000.0,FY2024Q2
8439.HK,20230814,,FY2024Q1
8439.HK,20230627,37094000.0,FY2023Q4
8439.HK,20230213,,FY2023Q3
8439.HK,20221110,34058000.0,FY2023Q2
8439.HK,20220812,,FY2023Q1
8445.HK,20250724,80873000.0,FY2025H2
8445.HK,20241129,84920000.0,FY2025H1
8445.HK,20240712,84007000.0,FY2024Q4
8445.HK,20231113,71077000.0,FY2024Q2
8445.HK,20230814,,FY2024Q1
8445.HK,20230629,75068000.0,FY2023Q4
8445.HK,20230214,,FY2023Q3
8445.HK,20221114,75577000.0,FY2023Q2
8445.HK,20220812,,FY2023Q1
8446.HK,20260430,535233876.0,FY2025H2
8446.HK,20250912,434038000.0,FY2025H1
8446.HK,20250430,444105571.0,FY2024H2
8446.HK,20240913,423173000.0,FY2024H1
8446.HK,20240426,392177432.0,FY2023Q4
8446.HK,20231107,,FY2023Q3
8446.HK,20230814,380342000.0,FY2023Q2
8446.HK,20230509,,FY2023Q1
8447.HK,20250702,74030000.0,FY2025H2
8447.HK,20241113,92308000.0,FY2025H1
8447.HK,20240702,104952000.0,FY2024Q4
8447.HK,20231113,68145000.0,FY2024Q2
8447.HK,20230814,,FY2024Q1
8447.HK,20230628,88512000.0,FY2023Q4
8447.HK,20230214,,FY2023Q3
8447.HK,20221114,110336000.0,FY2023Q2
8447.HK,20220812,,FY2023Q1
8448.HK,20250729,107582469.0,FY2025H2
8448.HK,20241129,125120064.0,FY2025H1
8448.HK,20240628,42736903.0,FY2024Q4
8448.HK,20231110,51650542.0,FY2024Q2
8448.HK,20230808,,FY2024Q1
8448.HK,20230629,27855177.0,FY2023Q4
8448.HK,20230207,,FY2023Q3
8448.HK,20221108,35469806.0,FY2023Q2
8448.HK,20220809,,FY2023Q1
8450.HK,20260106,45781000.0,FY2025H2
8450.HK,20250528,28270000.0,FY2025H1
8450.HK,20250115,42961000.0,FY2024H2
8450.HK,20240605,44335000.0,FY2024H1
8450.HK,20231228,78492000.0,FY2023Q4
8450.HK,20230814,,FY2023Q3
8450.HK,20230512,63043000.0,FY2023Q2
8450.HK,20230214,,FY2023Q1
8451.HK,20251230,18125000.0,FY2025H2
8451.HK,20250526,18013000.0,FY2025H1
8451.HK,20241230,18332000.0,FY2024H2
8451.HK,20240513,17388000.0,FY2024H1
8451.HK,20231228,18595000.0,FY2023Q4
8451.HK,20230814,,FY2023Q3
8451.HK,20230511,17966000.0,FY2023Q2
8451.HK,20230214,,FY2023Q1
8452.HK,20260416,335497000.0,FY2025H2
8452.HK,20250918,388488000.0,FY2025H1
8452.HK,20250415,383978000.0,FY2024H2
8452.HK,20240912,294032000.0,FY2024H1
8452.HK,20240415,267468000.00000003,FY2023H2
8452.HK,20231110,,FY2023Q3
8452.HK,20230814,180292206.0,FY2023H1
8452.HK,20230511,,FY2023Q1
8455.HK,20250721,11452000.0,FY2025H2
8455.HK,20241127,11725000.0,FY2025H1
8455.HK,20240702,12485000.0,FY2024Q4
8455.HK,20231114,28868000.0,FY2024Q2
8455.HK,20230814,,FY2024Q1
8455.HK,20230630,28320000.0,FY2023Q4
8455.HK,20230214,,FY2023Q3
8455.HK,20221114,20975000.0,FY2023Q2
8455.HK,20220812,,FY2023Q1
8456.HK,20250731,36324000.0,FY2025H2
8456.HK,20241231,32338000.0,FY2025H1
8456.HK,20240731,44006000.0,FY2024Q4
8456.HK,20231114,34156000.0,FY2024Q2
8456.HK,20230814,,FY2024Q1
8456.HK,20230630,32046000.0,FY2023Q4
8456.HK,20230214,,FY2023Q3
8456.HK,20221114,29612000.0,FY2023Q2
8456.HK,20220812,,FY2023Q1
8460.HK,20260430,79002000.0,FY2025H2
8460.HK,20250930,84064000.0,FY2025H1
8460.HK,20250430,91782000.0,FY2024H2
8460.HK,20240927,100347000.0,FY2024H1
8460.HK,20240424,99468000.0,FY2023Q4
8460.HK,20231114,,FY2023Q3
8460.HK,20230814,122795000.0,FY2023Q2
8460.HK,20230515,,FY2023Q1
8462.HK,20260414,8868000.0,FY2025H2
8462.HK,20250926,9034000.0,FY2025H1
8462.HK,20250415,11314000.0,FY2024H2
8462.HK,20240903,10744000.0,FY2024H1
8462.HK,20240412,13268000.0,FY2023Q4
8462.HK,20231114,,FY2023Q3
8462.HK,20230814,14254000.0,FY2023Q2
8462.HK,20230515,,FY2023Q1
8471.HK,20260427,45849000.0,FY2025H2
8471.HK,20250917,39440000.0,FY2025H1
8471.HK,20250416,30692000.0,FY2024H2
8471.HK,20240924,36478000.0,FY2024H1
8471.HK,20240417,20735000.0,FY2023Q4
8471.HK,20231110,,FY2023Q3
8471.HK,20230811,32018000.0,FY2023Q2
8471.HK,20230512,,FY2023Q1
8472.HK,20260429,160917000.0,FY2025H2
8472.HK,20250829,155250000.0,FY2025H1
8472.HK,20250430,148187000.0,FY2024H2
8472.HK,20240830,135531000.0,FY2024H1
8472.HK,20240328,258041000.0,FY2023Q4
8472.HK,20231113,,FY2023Q3
8472.HK,20230814,273458000.0,FY2023Q2
8472.HK,20230515,,FY2023Q1
8473.HK,20250710,111389000.0,FY2025H2
8473.HK,20241202,118213000.0,FY2025H1
8473.HK,20240709,120570000.0,FY2024Q4
8473.HK,20231110,130673000.0,FY2024Q2
8473.HK,20230811,,FY2024Q1
8473.HK,20230628,114534000.0,FY2023Q4
8473.HK,20230214,,FY2023Q3
8473.HK,20221114,112750000.0,FY2023Q2
8473.HK,20220812,,FY2023Q1
8475.HK,20250429,6398000.0,FY2025H1
8475.HK,20241231,7638000.0,FY2024H2
8475.HK,20240501,23377020.21403,FY2024H1
8475.HK,20230714,,FY2023Q3
8475.HK,20230414,30369338.77309,FY2023Q2
8475.HK,20230113,,FY2023Q1
8480.HK,20260420,223658000.0,FY2025H2
8480.HK,20250822,227024000.0,FY2025H1
8480.HK,20250417,150825000.0,FY2024H2
8480.HK,20240814,161847000.0,FY2024H1
8480.HK,20240415,156906000.0,FY2023Q4
8480.HK,20231114,,FY2023Q3
8480.HK,20230814,159496000.0,FY2023Q2
8480.HK,20230512,,FY2023Q1
8481.HK,20260408,1001940000.0,FY2025H2
8481.HK,20250822,911068000.0,FY2025H1
8481.HK,20250403,819292000.0,FY2024H2
8481.HK,20240822,651936000.0,FY2024H1
8481.HK,20240412,616723000.0,FY2023Q4
8481.HK,20231114,,FY2023Q3
8481.HK,20230815,562501000.0,FY2023Q2
8481.HK,20230515,,FY2023Q1
8482.HK,20250728,56449000.0,FY2025H2
8482.HK,20241227,71839000.0,FY2025H1
8482.HK,20240726,77088000.0,FY2024Q4
8482.HK,20231113,70061000.0,FY2024Q2
8482.HK,20230814,,FY2024Q1
8482.HK,20230630,57657000.0,FY2023Q4
8482.HK,20230213,,FY2023Q3
8482.HK,20221111,40637000.0,FY2023Q2
8482.HK,20220812,,FY2023Q1
8483.HK,20260402,22996000.0,FY2025H2
8483.HK,20250820,28392000.0,FY2025H1
8483.HK,20250403,24490000.0,FY2024H2
8483.HK,20240815,25034000.0,FY2024H1
8483.HK,20240327,33771000.0,FY2023Q4
8483.HK,20231113,,FY2023Q3
8483.HK,20230809,32749000.000000004,FY2023Q2
8483.HK,20230510,,FY2023Q1
8487.HK,20251020,82181000.0,FY2025H2
8487.HK,20250326,171704000.0,FY2025H1
8487.HK,20241017,185362000.0,FY2024Q4
8487.HK,20240216,149256000.0,FY2024Q2
8487.HK,20231114,,FY2024Q1
8487.HK,20230929,208256000.0,FY2023Q4
8487.HK,20230515,,FY2023Q3
8487.HK,20230214,192402336.01523,FY2023Q2
8487.HK,20221111,,FY2023Q1
8489.HK,20260424,195003000.0,FY2025H2
8489.HK,20250905,166396000.0,FY2025H1
8489.HK,20250410,269339000.0,FY2024H2
8489.HK,20240905,261673000.0,FY2024H1
8489.HK,20240409,285589000.0,FY2023Q4
8489.HK,20231113,,FY2023Q3
8489.HK,20230811,226972000.0,FY2023Q2
8489.HK,20230512,,FY2023Q1
8490.HK,20260429,271625000.0,FY2025H2
8490.HK,20250912,305660000.0,FY2025H1
8490.HK,20250416,314128000.0,FY2024H2
8490.HK,20240830,352917000.0,FY2024H1
8490.HK,20240418,349064000.0,FY2023Q4
8490.HK,20231113,,FY2023Q3
8490.HK,20230811,293966000.0,FY2023Q2
8490.HK,20230512,,FY2023Q1
8491.HK,20260429,29460000.0,FY2025H2
8491.HK,20250828,27842000.0,FY2025H1
8491.HK,20250430,30085000.0,FY2024H2
8491.HK,20240906,32665999.999999996,FY2024H1
8491.HK,20240424,30363000.0,FY2023Q4
8491.HK,20231114,,FY2023Q3
8491.HK,20230814,26794000.0,FY2023Q2
8491.HK,20230515,,FY2023Q1
8493.HK,20260428,26793000.0,FY2025H2
8493.HK,20250909,46577000.0,FY2025H1
8493.HK,20250429,44225000.0,FY2024H2
8493.HK,20240823,39789000.0,FY2024H1
8493.HK,20240429,43771000.0,FY2023Q4
8493.HK,20231114,,FY2023Q3
8493.HK,20230814,48802000.0,FY2023Q2
8493.HK,20230522,50496000.0,FY2023Q1
8495.HK,20260429,196047000.0,FY2025H2
8495.HK,20250829,217175000.0,FY2025H1
8495.HK,20250428,251956000.0,FY2024H2
8495.HK,20240821,240995000.0,FY2024H1
8495.HK,20240425,268269000.0,FY2023Q4
8495.HK,20231113,,FY2023Q3
8495.HK,20230810,277319000.0,FY2023Q2
8495.HK,20230515,,FY2023Q1
8496.HK,20260119,3916001.0,FY2025H2
8496.HK,20250228,7737201.0,FY2025H1
8496.HK,20241029,3354895.0,FY2024Q4
8496.HK,20240229,2431489.0,FY2024Q2
8496.HK,20240125,,FY2024Q1
8496.HK,20230515,,FY2023Q3
8496.HK,20230214,7634797.0,FY2023Q2
8496.HK,20221114,,FY2023Q1
8500.HK,20250904,65626000.00000001,FY2025H1
8500.HK,20250529,54422000.0,FY2024H2
8500.HK,20240830,24935000.0,FY2024H1
8500.HK,20240430,12613000.0,FY2023H2
8500.HK,20231109,,FY2023Q3
8500.HK,20230811,115546000.0,FY2023H1
8500.HK,20230512,,FY2023Q1
8501.HK,20250723,178170000.0,FY2025H2
8501.HK,20241212,122109000.0,FY2025H1
8501.HK,20240724,117178000.0,FY2024Q4
8501.HK,20231113,224922000.0,FY2024Q2
8501.HK,20230809,,FY2024Q1
8501.HK,20230628,215235000.0,FY2023Q4
8501.HK,20230209,,FY2023Q3
8501.HK,20221110,188258000.0,FY2023Q2
8501.HK,20220814,,FY2023Q1
8502.HK,20260417,807671000.0,FY2025H2
8502.HK,20250820,792547000.0,FY2025H1
8502.HK,20250424,842437000.0,FY2024H2
8502.HK,20240816,772121000.0,FY2024H1
8502.HK,20240408,533034999.99999994,FY2023Q4
8502.HK,20231109,,FY2023Q3
8502.HK,20230810,522077000.0,FY2023Q2
8502.HK,20230510,,FY2023Q1
8507.HK,20250711,50504000.0,FY2025H2
8507.HK,20241127,61401000.0,FY2025H1
8507.HK,20240626,49754000.0,FY2024Q4
8507.HK,20231113,57538000.0,FY2024Q2
8507.HK,20230811,,FY2024Q1
8507.HK,20230702,50828000.0,FY2023Q4
8507.HK,20230214,,FY2023Q3
8507.HK,20221111,53097000.0,FY2023Q2
8507.HK,20220812,,FY2023Q1
8509.HK,20250724,353965000.0,FY2025H2
8509.HK,20241125,460044000.0,FY2025H1
8509.HK,20240717,445238000.0,FY2024Q4
8509.HK,20231114,423273000.0,FY2024Q2
8509.HK,20230814,,FY2024Q1
8509.HK,20230629,425610000.0,FY2023Q4
8509.HK,20230210,,FY2023Q3
8509.HK,20221111,403908000.0,FY2023Q2
8509.HK,20220812,,FY2023Q1
8510.HK,20260430,8857000.0,FY2025H2
8510.HK,20250829,5061000.0,FY2025H1
8510.HK,20250430,3827000.0,FY2024H2
8510.HK,20240830,13664000.0,FY2024H1
8510.HK,20240430,13056000.0,FY2023Q4
8510.HK,20231114,,FY2023Q3
8510.HK,20230814,8489000.0,FY2023Q2
8510.HK,20230515,,FY2023Q1
8511.HK,20250730,27597000.0,FY2025H2
8511.HK,20241219,29201000.0,FY2025H1
8511.HK,20240726,33643000.0,FY2024Q4
8511.HK,20231114,56963000.0,FY2024Q2
8511.HK,20230814,,FY2024Q1
8511.HK,20230630,57647000.0,FY2023Q4
8511.HK,20230215,,FY2023Q3
8511.HK,20221114,71111000.0,FY2023Q2
8511.HK,20220812,,FY2023Q1
8512.HK,20260422,455504000.0,FY2025H2
8512.HK,20250828,520048000.0,FY2025H1
8512.HK,20250425,472273000.0,FY2024H2
8512.HK,20240905,532176000.00000006,FY2024H1
8512.HK,20240426,350146000.0,FY2023Q4
8512.HK,20231113,,FY2023Q3
8512.HK,20230811,512602000.0,FY2023Q2
8512.HK,20230515,,FY2023Q1
8513.HK,20260429,7733000.0,FY2025H2
8513.HK,20250829,7582000.0,FY2025H1
8513.HK,20250425,6974000.0,FY2024H2
8513.HK,20240906,8342000.000000001,FY2024H1
8513.HK,20240410,8461000.0,FY2023Q4
8513.HK,20231113,,FY2023Q3
8513.HK,20230821,13079000.0,FY2023Q2
8513.HK,20230512,,FY2023Q1
8516.HK,20250708,27079000.0,FY2025H2
8516.HK,20241220,34421000.0,FY2025H1
8516.HK,20240628,26831000.0,FY2024Q4
8516.HK,20231110,33549000.0,FY2024Q2
8516.HK,20230811,,FY2024Q1
8516.HK,20230628,38130000.0,FY2023Q4
8516.HK,20230210,,FY2023Q3
8516.HK,20221110,62513000.0,FY2023Q2
8516.HK,20220810,,FY2023Q1
8519.HK,20260429,24025000.0,FY2025H2
8519.HK,20250828,34459000.0,FY2025H1
8519.HK,20250428,45096000.0,FY2024H2
8519.HK,20240905,62099000.0,FY2024H1
8519.HK,20240426,77299000.0,FY2023Q4
8519.HK,20231113,,FY2023Q3
8519.HK,20230814,84199000.0,FY2023Q2
8519.HK,20230515,,FY2023Q1
8521.HK,20260329,149704000.0,FY2025H2
8521.HK,20250829,109175000.0,FY2025H1
8521.HK,20250328,97282000.0,FY2024H2
8521.HK,20240830,139738000.0,FY2024H1
8521.HK,20240328,98278000.0,FY2023Q4
8521.HK,20231113,,FY2023Q3
8521.HK,20230814,116590000.0,FY2023Q2
8521.HK,20230512,,FY2023Q1
8523.HK,20231114,63511000.0,FY2024Q2
8523.HK,20230811,,FY2024Q1
8523.HK,20230703,72449000.0,FY2023Q4
8523.HK,20230214,,FY2023Q3
8523.HK,20221223,307259000.0,FY2023Q2
8523.HK,20221124,,FY2023Q1
8525.HK,20260416,108861694.0,FY2025H2
8525.HK,20250828,119065954.0,FY2025H1
8525.HK,20250415,116019146.0,FY2024H2
8525.HK,20240829,107016766.0,FY2024H1
8525.HK,20240419,144362841.0,FY2023Q4
8525.HK,20231114,,FY2023Q3
8525.HK,20230811,190331878.0,FY2023Q2
8525.HK,20230512,,FY2023Q1
8526.HK,20260415,100727000.0,FY2025H2
8526.HK,20250828,99614000.0,FY2025H1
8526.HK,20250415,109542000.0,FY2024H2
8526.HK,20240822,121126000.0,FY2024H1
8526.HK,20240416,124785000.0,FY2023Q4
8526.HK,20231106,,FY2023Q3
8526.HK,20230810,166081000.0,FY2023Q2
8526.HK,20230509,,FY2023Q1
8527.HK,20260430,7264000.0,FY2025H2
8527.HK,20260316,8438000.0,FY2025H1
8527.HK,20240923,7023000.0,FY2024H1
8527.HK,20240328,8054000.0,FY2023Q4
8527.HK,20231113,,FY2023Q3
8527.HK,20230814,12222000.0,FY2023Q2
8527.HK,20230512,,FY2023Q1
8529.HK,20260429,226342000.0,FY2025H2
8529.HK,20250929,209679000.0,FY2025H1
8529.HK,20250429,187337000.0,FY2024H2
8529.HK,20240924,183770000.0,FY2024H1
8532.HK,20251128,212372000.0,FY2025H2
8532.HK,20241206,340611000.0,FY2025H1
8532.HK,20240812,363917000.0,FY2024Q4
8532.HK,20231113,348000000.0,FY2024Q2
8532.HK,20230811,,FY2024Q1
8532.HK,20230629,308517000.0,FY2023Q4
8532.HK,20230214,,FY2023Q3
8532.HK,20221114,295613000.0,FY2023Q2
8532.HK,20220811,,FY2023Q1
8535.HK,20250725,255262000.0,FY2025H2
8535.HK,20241111,248753000.0,FY2025H1
8535.HK,20240712,251217000.0,FY2024Q4
8535.HK,20231114,235197000.0,FY2024Q2
8535.HK,20230814,,FY2024Q1
8535.HK,20230627,234952000.0,FY2023Q4
8535.HK,20230213,,FY2023Q3
8535.HK,20221114,231601000.0,FY2023Q2
8535.HK,20220815,,FY2023Q1
8536.HK,20260326,29355000.0,FY2025H2
8536.HK,20250815,32266000.0,FY2025H1
8536.HK,20250325,32764000.000000004,FY2024H2
8536.HK,20240816,38070000.0,FY2024H1
8536.HK,20240326,40785000.0,FY2023Q4
8536.HK,20231109,,FY2023Q3
8536.HK,20230810,57702000.0,FY2023Q2
8536.HK,20230511,,FY2023Q1
8537.HK,20250708,107538000.0,FY2025H2
8537.HK,20241121,102141000.0,FY2025H1
8537.HK,20240708,106265000.0,FY2024Q4
8537.HK,20231108,103486000.0,FY2024Q2
8537.HK,20230808,,FY2024Q1
8537.HK,20230208,,FY2023Q3
8537.HK,20221108,116360000.0,FY2023Q2
8537.HK,20220808,,FY2023Q1
8540.HK,20260330,337811742.0,FY2025H2
8540.HK,20250813,560405276.0,FY2025H1
8540.HK,20250328,445366252.0,FY2024H2
8540.HK,20240814,244171419.0,FY2024H1
8540.HK,20240328,211423906.0,FY2023Q4
8540.HK,20231107,,FY2023Q3
8540.HK,20230809,231183709.0,FY2023Q2
8540.HK,20230509,,FY2023Q1
8545.HK,20250627,100622000.0,FY2025H2
8545.HK,20241114,109869000.0,FY2025H1
8545.HK,20240628,192366000.0,FY2024Q4
8545.HK,20231114,130431000.00000001,FY2024Q2
8545.HK,20230811,,FY2024Q1
8545.HK,20230702,133684000.0,FY2023Q4
8545.HK,20230214,,FY2023Q3
8545.HK,20221111,113319000.0,FY2023Q2
8545.HK,20220812,,FY2023Q1
8547.HK,20251027,128023000.0,FY2025H3
8547.HK,20250226,121046000.0,FY2025H2
8547.HK,20240828,144795000.0,FY2025H1
8547.HK,20240531,155871000.0,FY2023Q4
8547.HK,20231114,,FY2023Q3
8547.HK,20230811,121994000.0,FY2023Q2
8547.HK,20230512,,FY2023Q1
8601.HK,20260402,134987000.0,FY2025H2
8601.HK,20250811,134348000.0,FY2025H1
8601.HK,20250401,131842999.99999999,FY2024H2
8601.HK,20240812,116710000.0,FY2024H1
8601.HK,20240402,118589000.0,FY2023Q4
8601.HK,20231106,,FY2023Q3
8601.HK,20230814,90132000.0,FY2023Q2
8601.HK,20230508,,FY2023Q1
8603.HK,20250731,289196000.0,FY2025H2
8603.HK,20241231,223422000.0,FY2025H1
8603.HK,20240731,175172000.0,FY2024Q4
8603.HK,20231114,175951000.0,FY2024Q2
8603.HK,20230814,,FY2024Q1
8603.HK,20230630,188921000.0,FY2023Q4
8603.HK,20230214,,FY2023Q3
8603.HK,20221114,207403000.0,FY2023Q2
8603.HK,20220812,,FY2023Q1
8606.HK,20260421,208406000.0,FY2025H2
8606.HK,20250829,215629000.0,FY2025H1
8606.HK,20250327,151538000.0,FY2024H2
8606.HK,20240823,139803000.0,FY2024H1
8606.HK,20240327,171293000.0,FY2023Q4
8606.HK,20231114,,FY2023Q3
8606.HK,20230814,152947000.0,FY2023Q2
8606.HK,20230515,,FY2023Q1
8607.HK,20241114,,FY2024Q3
8607.HK,20240815,177477000.0,FY2024Q2
8607.HK,20240704,,FY2024Q1
8607.HK,20240618,212212000.0,FY2023Q4
8607.HK,20231114,,FY2023Q3
8607.HK,20230814,208539000.0,FY2023Q2
8607.HK,20230512,,FY2023Q1
8609.HK,20241126,95822000.0,FY2025H1
8609.HK,20240710,95039000.0,FY2024Q4
8609.HK,20231110,91953000.0,FY2024Q2
8609.HK,20230814,,FY2024Q1
8609.HK,20230630,82280000.0,FY2023Q4
8609.HK,20230213,,FY2023Q3
8609.HK,20221111,74331000.0,FY2023Q2
8609.HK,20220812,,FY2023Q1
8610.HK,20260428,120416000.0,FY2025H2
8610.HK,20251231,104960000.0,FY2025H1
8611.HK,20260331,25308000.0,FY2025H2
8611.HK,20250722,9396000.0,FY2025H1
8611.HK,20250228,8438000.0,FY2024H2
8611.HK,20240718,6527000.0,FY2024H1
8611.HK,20240229,9695000.0,FY2023Q4
8611.HK,20231012,,FY2023Q3
8611.HK,20230713,8830000.0,FY2023Q2
8611.HK,20230412,,FY2023Q1
8612.HK,20260428,28815455.0,FY2025H2
8612.HK,20250829,30275701.0,FY2025H1
8612.HK,20250608,25246785.0,FY2024H2
8612.HK,20240830,43111823.0,FY2024H1
8612.HK,20240430,39483478.0,FY2023Q4
8612.HK,20231114,,FY2023Q3
8612.HK,20230814,81557515.0,FY2023Q2
8612.HK,20230515,,FY2023Q1
8613.HK,20250704,54035000.0,FY2025H2
8613.HK,20241128,61179000.0,FY2025H1
8613.HK,20240702,108256000.0,FY2024Q4
8613.HK,20231109,84687000.0,FY2024Q2
8613.HK,20230809,,FY2024Q1
8613.HK,20230627,100447000.0,FY2023Q4
8613.HK,20230209,,FY2023Q3
8613.HK,20221109,42920000.0,FY2023Q2
8613.HK,20220809,,FY2023Q1
8616.HK,20250627,195668000.0,FY2025H2
8616.HK,20241115,215996000.0,FY2025H1
8616.HK,20240625,218011000.0,FY2024Q4
8616.HK,20240209,,FY2024Q3
8616.HK,20231110,220259000.0,FY2024Q2
8616.HK,20230811,,FY2024Q1
8616.HK,20230627,228069000.0,FY2023Q4
8616.HK,20230210,,FY2023Q3
8616.HK,20221111,225715000.0,FY2023Q2
8616.HK,20220812,,FY2023Q1
8619.HK,20250731,227061000.0,FY2025H2
8619.HK,20241211,162398000.0,FY2025H1
8619.HK,20240731,114658000.0,FY2024Q4
8619.HK,20231114,95519000.0,FY2024Q2
8619.HK,20230814,,FY2024Q1
8619.HK,20230630,96643000.0,FY2023Q4
8619.HK,20230213,,FY2023Q3
8619.HK,20221114,84279000.0,FY2023Q2
8619.HK,20220812,,FY2023Q1
8620.HK,20250728,92386000.0,FY2025H2
8620.HK,20241204,104429000.0,FY2025H1
8620.HK,20240726,100865000.0,FY2024Q4
8620.HK,20231114,123686000.0,FY2024Q2
8620.HK,20230814,,FY2024Q1
8620.HK,20230629,135539000.0,FY2023Q4
8620.HK,20230214,,FY2023Q3
8620.HK,20221114,155961000.0,FY2023Q2
8620.HK,20220812,,FY2023Q1
8621.HK,20260331,118306316.0,FY2025H2
8621.HK,20250822,149382717.0,FY2025H1
8621.HK,20250331,181807086.0,FY2024H2
8621.HK,20240823,296643514.0,FY2024H1
8621.HK,20240402,348160346.0,FY2023Q4
8621.HK,20231110,,FY2023Q3
8621.HK,20230814,297374562.0,FY2023Q2
8621.HK,20230515,,FY2023Q1
8622.HK,20260427,29669000.0,FY2025H2
8622.HK,20250820,30027000.0,FY2025H1
8622.HK,20250430,33727000.0,FY2024H2
8622.HK,20240821,30131000.0,FY2024H1
8622.HK,20240429,32380000.000000004,FY2023Q4
8622.HK,20231114,,FY2023Q3
8622.HK,20230814,31987000.0,FY2023Q2
8622.HK,20230515,,FY2023Q1
8623.HK,20260430,129134999.99999999,FY2025H2
8623.HK,20250829,225847000.0,FY2025H1
8623.HK,20250430,271023000.0,FY2024H2
8623.HK,20240830,324969000.0,FY2024H1
8623.HK,20240430,357440000.0,FY2023Q4
8623.HK,20231114,,FY2023Q3
8623.HK,20230814,346984000.0,FY2023Q2
8623.HK,20230515,,FY2023Q1
8627.HK,20260327,22850000.0,FY2025H2
8627.HK,20250827,11112000.0,FY2025H1
8627.HK,20250401,9835000.0,FY2024H2
8627.HK,20240828,11373000.0,FY2024H1
8627.HK,20240328,6111000.0,FY2023Q4
8627.HK,20231113,,FY2023Q3
8627.HK,20230814,15801000.0,FY2023Q2
8627.HK,20230512,,FY2023Q1
8629.HK,20260416,180636000.0,FY2025H2
8629.HK,20250912,147161000.0,FY2025H1
8629.HK,20250321,135189000.0,FY2024H2
8629.HK,20240826,114887000.0,FY2024H1
8631.HK,20250707,35028000.0,FY2025Q4
8631.HK,20241113,47867000.0,FY2025Q2
8631.HK,20240708,50189000.0,FY2024Q4
8631.HK,20231113,61650000.0,FY2024Q2
8631.HK,20230810,,FY2024Q1
8631.HK,20230629,57856000.0,FY2023Q4
8631.HK,20230209,,FY2023Q3
8631.HK,20221111,64973000.0,FY2023Q2
8631.HK,20220809,,FY2023Q1
8635.HK,20250707,51820000.0,FY2025H2
8635.HK,20241107,65093000.0,FY2025H1
8635.HK,20240627,71131000.0,FY2024Q4
8635.HK,20231107,76936000.0,FY2024Q2
8635.HK,20230811,,FY2024Q1
8635.HK,20230627,75961000.0,FY2023Q4
8635.HK,20230210,,FY2023Q3
8635.HK,20221107,78501000.0,FY2023Q2
8635.HK,20220811,,FY2023Q1
8637.HK,20260428,86925000.0,FY2025H2
8637.HK,20250905,54742000.0,FY2025H1
8637.HK,20250428,51314000.0,FY2024H2
8637.HK,20240906,51129000.0,FY2024H1
8645.HK,20250929,102116000.0,FY2025H2
8645.HK,20250227,127456000.0,FY2025H1
8645.HK,20240927,101807000.0,FY2024Q4
8645.HK,20240228,108603000.0,FY2024Q2
8645.HK,20231113,,FY2024Q1
8645.HK,20230928,98249000.0,FY2023Q4
8645.HK,20230512,,FY2023Q3
8645.HK,20230214,95150000.0,FY2023Q2
8645.HK,20221111,,FY2023Q1
8646.HK,20260422,529109000.00000006,FY2025H2
8646.HK,20250829,530942000.0,FY2025H1
8646.HK,20250331,466163000.0,FY2024H2
8646.HK,20240830,444203000.0,FY2024H1
8646.HK,20240328,437097000.0,FY2023Q4
8646.HK,20231113,,FY2023Q3
8646.HK,20230814,391834000.0,FY2023Q2
8646.HK,20230515,,FY2023Q1
8657.HK,20260429,6033000.0,FY2025H2
8657.HK,20250828,26270000.0,FY2025H1
8657.HK,20250328,20749000.0,FY2024H2
8657.HK,20240829,56925000.0,FY2024H1
8657.HK,20240326,21007000.0,FY2023Q4
8657.HK,20231114,,FY2023Q3
8657.HK,20230811,10573000.0,FY2023Q2
8657.HK,20230510,,FY2023Q1
8659.HK,20260429,93642000.0,FY2025H2
8659.HK,20250828,119598000.0,FY2025H1
8659.HK,20250328,133104000.00000001,FY2024H2
8659.HK,20240830,159695000.0,FY2024H1
8659.HK,20240328,148559000.0,FY2023Q4
8659.HK,20231114,,FY2023Q3
8659.HK,20230814,167494000.0,FY2023Q2
8659.HK,20230515,,FY2023Q1
86618.HK,20260424,49798689000.0,FY2025H2
86618.HK,20250905,53282772000.0,FY2025H1
86618.HK,20250425,48636911000.0,FY2024H2
86618.HK,20240906,58364558000.0,FY2024H1
86618.HK,20240426,49235100000.0,FY2023H2
86618.HK,20230914,49434672000.0,FY2023H1
8668.HK,20260430,40591000.0,FY2025H2
8668.HK,20250821,39725000.0,FY2025H1
8668.HK,20250417,41624000.0,FY2024H2
8668.HK,20240826,47699000.0,FY2024H1
8668.HK,20240415,52171000.0,FY2023Q4
8668.HK,20231109,,FY2023Q3
8668.HK,20230809,61003000.0,FY2023Q2
8668.HK,20230515,,FY2023Q1
89618.HK,20260416,531422000000.0,FY2025Q4
89618.HK,20251113,572866000000.0,FY2025Q3
89618.HK,20250814,564683000000.0,FY2025Q2
89618.HK,20250513,555375000000.0,FY2025Q1
89618.HK,20250417,564175000000.0,FY2024Q4
89618.HK,20241114,522738000000.0,FY2024Q3
89618.HK,20240815,545411000000.0,FY2024Q2
89618.HK,20240516,500216000000.0,FY2024Q1
89618.HK,20240418,537086000000.0,FY2023Q4
89618.HK,20231115,478299000000.0,FY2023Q3
89618.HK,20230816,489781000000.0,FY2023Q2
89618.HK,20230511,453540000000.0,FY2023Q1
89888.HK,20260317,387601000000.0,FY2025Q4
89888.HK,20251118,367689000000.0,FY2025Q3
89888.HK,20250820,382873000000.0,FY2025Q2
89888.HK,20250521,366877000000.0,FY2025Q1
89888.HK,20250328,380225000000.0,FY2024Q4
89888.HK,20241121,365928000000.0,FY2024Q3
89888.HK,20240822,349195000000.0,FY2024Q2
89888.HK,20240516,361404000000.0,FY2024Q1
89888.HK,20240315,358747000000.0,FY2023Q4
89888.HK,20231121,353393000000.0,FY2023Q3
89888.HK,20230822,341500000000.0,FY2023Q2
89888.HK,20230516,354656000000.0,FY2023Q1
89988.HK,20250626,1403239000000.0,FY2025Q4
89988.HK,20250220,1437239000000.0,FY2025Q3
89988.HK,20241115,1320099000000.0,FY2025Q2
89988.HK,20240815,1306165000000.0,FY2025Q1
89988.HK,20240523,1257025000000.0,FY2024Q4
89988.HK,20240207,1306640000000.0,FY2024Q3
89988.HK,20231116,1301161000000.0,FY2024Q2
89988.HK,20230810,1283815000000.0,FY2024Q1
89988.HK,20230721,1291867000000.0,FY2023Q4
89988.HK,20230223,1308716000000.0,FY2023Q3
89988.HK,20221117,1234815000000.0,FY2023Q2
89988.HK,20220804,1261105000000.0,FY2023Q1
9600.HK,20260424,427843000.0,FY2025H2
9600.HK,20250917,499004000.0,FY2025H1
9600.HK,20250423,497182000.0,FY2024H2
9600.HK,20240919,603933000.0,FY2024H1
9600.HK,20240423,579491000.0,FY2023H2
9600.HK,20230921,613517000.0,FY2023H1
9606.HK,20260426,2616475000.0,FY2025H2
9606.HK,20250917,1182850000.0,FY2025H1
9608.HK,20260430,430088000.0,FY2025H2
9608.HK,20250926,420115000.0,FY2025H1
9608.HK,20250429,374559000.0,FY2024H2
9608.HK,20240927,416310000.0,FY2024H1
9608.HK,20240806,406940000.0,FY2023H2
9608.HK,20230928,348714000.0,FY2023H1
9611.HK,20260330,21098433000.0,FY2025Q4
9611.HK,20260114,20456472000.0,FY2025Q3
9616.HK,20260423,5880417000.0,FY2025H2
9616.HK,20250922,5579482000.0,FY2025H1
9616.HK,20250424,5359301000.0,FY2024H2
9616.HK,20240925,5033442000.0,FY2024H1
9616.HK,20240425,4807868000.0,FY2023H2
9616.HK,20230925,4452436000.0,FY2023H1
9618.HK,20260416,531422000000.0,FY2025Q4
9618.HK,20251113,572866000000.0,FY2025Q3
9618.HK,20250814,564683000000.0,FY2025Q2
9618.HK,20250513,555375000000.0,FY2025Q1
9618.HK,20250417,564175000000.0,FY2024Q4
9618.HK,20241114,522738000000.0,FY2024Q3
9618.HK,20240815,545411000000.0,FY2024Q2
9618.HK,20240516,500216000000.0,FY2024Q1
9618.HK,20240418,537086000000.0,FY2023Q4
9618.HK,20231115,478299000000.0,FY2023Q3
9618.HK,20230816,489781000000.0,FY2023Q2
9618.HK,20230511,453540000000.0,FY2023Q1
9626.HK,20260416,26166100000.0,FY2025Q4
9626.HK,20251113,25106804000.0,FY2025Q3
9626.HK,20250821,25393038000.0,FY2025Q2
9626.HK,20250520,20953460000.0,FY2025Q1
9626.HK,20250325,19723988000.0,FY2024Q4
9626.HK,20241114,21833016000.0,FY2024Q3
9626.HK,20240822,24860859000.0,FY2024Q2
9626.HK,20240523,21486719000.0,FY2024Q1
9626.HK,20240327,23242116000.0,FY2023Q4
9626.HK,20231129,23530214000.0,FY2023Q3
9626.HK,20230817,26483375000.0,FY2023Q2
9626.HK,20230601,28034160000.0,FY2023Q1
9633.HK,20260417,62300849000.0,FY2025H2
9633.HK,20250923,57834706000.0,FY2025H1
9633.HK,20250425,51157781000.0,FY2024H2
9633.HK,20240920,53202178000.0,FY2024H1
9633.HK,20240418,45272341000.0,FY2023H2
9633.HK,20230922,44480072000.0,FY2023H1
9636.HK,20260424,3127522000.0,FY2025H2
9636.HK,20250919,2289805000.0,FY2025H1
9636.HK,20250425,1580727000.0,FY2024H2
9636.HK,20240920,1295832000.0,FY2024H1
9636.HK,20240426,1712736000.0,FY2023H2
9636.HK,20230920,1866972000.0,FY2023H1
9638.HK,20260423,1552822000.0,FY2025H2
9638.HK,20260407,1552147000.0,FY2025Q4
9638.HK,20250731,1509302000.0,FY2025H1
9638.HK,20250416,1496786000.0,FY2024H2
9638.HK,20240829,1370510000.0,FY2024H1
9638.HK,20240328,1279225000.0,FY2023H2
9638.HK,20230802,1175221000.0,FY2023H1
9639.HK,20250729,475540000.0,FY2025H2
9639.HK,20250625,338416000.0,FY2024H2
9639.HK,20241219,375347000.0,FY2025H1
9658.HK,20260413,471932000.0,FY2025H2
9658.HK,20251126,499868000.0,FY2025Q3
9658.HK,20250922,442007000.0,FY2025H1
9658.HK,20250521,477761000.0,FY2025Q1
9658.HK,20250424,427745000.0,FY2024H2
9658.HK,20240923,481498000.0,FY2024H1
9658.HK,20240618,475140000.0,FY2024Q1
9658.HK,20240425,422014000.0,FY2023H2
9658.HK,20230925,497933000.0,FY2023H1
9660.HK,20260430,10376467000.0,FY2025H2
9660.HK,20250929,7332500000.0,FY2025H1
9660.HK,20250421,4982562000.0,FY2024H2
9660.HK,20241016,4476591000.0,FY2024H1
9663.HK,20260428,3956968000.0,FY2025H2
9663.HK,20250918,4136446000.0,FY2025H1
9663.HK,20250424,4251626000.0,FY2024H2
9663.HK,20240917,4592231000.0,FY2024H1
9666.HK,20250925,3972143000.0,FY2025H1
9666.HK,20250428,3964558000.0,FY2024H2
9666.HK,20240927,4921539000.0,FY2024H1
9666.HK,20240429,4346830000.0,FY2023H2
9666.HK,20230922,5236279000.0,FY2023H1
9668.HK,20260429,-458812000.0,FY2025H2
9668.HK,20250903,-781819000.0,FY2025H1
9668.HK,20250429,-470357000.0,FY2024H2
9668.HK,20240902,-778266000.0,FY2024H1
9668.HK,20240423,-362503000.0,FY2023H2
9668.HK,20230905,-863807000.0,FY2023H1
9669.HK,20250626,1329037000.0,FY2025H2
9669.HK,20241218,1181690000.0,FY2025H1
9669.HK,20240717,1672289000.0,FY2024H2
9669.HK,20231220,1280046000.0,FY2024H1
9669.HK,20230727,1462069000.0,FY2023H2
9669.HK,20230330,1788072000.0,FY2023H1
9676.HK,20260424,4837705000.0,FY2025H2
9676.HK,20250925,3450834000.0,FY2025H1
9676.HK,20250425,3900846000.0,FY2024H2
9676.HK,20240926,3755676000.0,FY2024H1
9676.HK,20240426,3307593000.0,FY2023Q4
9676.HK,20230928,2650973000.0,FY2023Q1
9677.HK,20260429,-277460000.0,FY2025H2
9677.HK,20250914,-243325000.0,FY2025H1
9677.HK,20250417,-251520000.0,FY2024H2
9677.HK,20240912,-219589000.0,FY2024H1
9677.HK,20240408,-267077999.99999997,FY2023H2
9677.HK,20230918,-225205000.0,FY2023H1
9678.HK,20260429,1174208000.0,FY2025H2
9678.HK,20250929,1030525000.0000001,FY2025H1
9680.HK,20260427,820443000.0,FY2025H2
9680.HK,20250926,864087000.0,FY2025H1
9680.HK,20250430,362024000.0,FY2024H2
9680.HK,20240926,305807000.0,FY2024H1
9686.HK,20260422,587898000.0,FY2025H2
9686.HK,20250918,613567000.0,FY2025H1
9686.HK,20250429,490466000.0,FY2024H2
9686.HK,20240923,643748000.0,FY2024H1
9686.HK,20240429,711144000.0,FY2023Q4
9686.HK,20230918,541375000.0,FY2023Q1
9688.HK,20260226,492811000.0,FY2025Q4
9688.HK,20251106,441785000.0,FY2025Q3
9688.HK,20250807,431942000.0,FY2025Q2
9688.HK,20250508,416067000.0,FY2025Q1
9688.HK,20250227,734735000.0,FY2024Q4
9688.HK,20241112,368020000.0,FY2024Q3
9688.HK,20240806,357320000.0,FY2024Q2
9688.HK,20240508,337657000.0,FY2024Q1
9688.HK,20240227,246144000.0,FY2023Q4
9688.HK,20231107,254888000.0,FY2023Q3
9688.HK,20230807,247218000.0,FY2023Q2
9688.HK,20230509,290230000.0,FY2023Q1
9689.HK,20260422,751748000.0,FY2025H2
9689.HK,20250904,361093000.0,FY2025H1
9689.HK,20250424,429648000.0,FY2024H2
9689.HK,20240927,436600000.0,FY2024H1
9689.HK,20240418,307041000.0,FY2023Q4
9689.HK,20230907,372590000.0,FY2023Q2
9689.HK,20230515,,FY2023Q1
9690.HK,20260423,11553192000.0,FY2025H2
9690.HK,20250922,11076603000.0,FY2025H1
9690.HK,20250429,11401468000.0,FY2024H2
9690.HK,20240924,10403005000.0,FY2024H1
9690.HK,20240425,9029077000.0,FY2023Q4
9690.HK,20230914,6364999000.0,FY2023Q2
9696.HK,20260427,68805753000.0,FY2025H2
9696.HK,20250925,66931152000.0,FY2025H1
9696.HK,20250429,63505351000.0,FY2024H2
9696.HK,20240924,65281906000.0,FY2024H1
9696.HK,20240429,65222488000.0,FY2023H2
9696.HK,20230926,68212314000.0,FY2023H1
9698.HK,20260429,58512791000.0,FY2025Q4
9698.HK,20251119,65165312000.0,FY2025Q3
9698.HK,20250820,66075304000.0,FY2025Q2
9698.HK,20250520,65882141000.0,FY2025Q1
9698.HK,20250428,58405058000.0,FY2024Q4
9698.HK,20241119,72933809000.0,FY2024Q3
9698.HK,20240821,69257590000.0,FY2024Q2
9698.HK,20240522,68072598000.0,FY2024Q1
9698.HK,20231122,69317385000.0,FY2023Q3
9698.HK,20230822,68869775000.0,FY2023Q2
9698.HK,20230525,67892558000.00001,FY2023Q1
9699.HK,20260428,4325704000.0,FY2025H2
9699.HK,20250926,3946374000.0,FY2025H1
9699.HK,20250428,3300140000.0,FY2024H2
9699.HK,20240926,2807864000.0,FY2024H1
9699.HK,20240426,2298040000.0,FY2023H2
9699.HK,20230926,2539966000.0,FY2023H1
9857.HK,20260429,2398707000.0,FY2025H2
9857.HK,20250929,2364212000.0,FY2025H1
9857.HK,20250429,2131572999.9999998,FY2024H2
9857.HK,20240920,2415372000.0,FY2024H1
9857.HK,20240430,2851335000.0,FY2023H2
9857.HK,20230927,2483791000.0,FY2023H1
9858.HK,20260424,40501578000.0,FY2025H2
9858.HK,20250905,40489304000.0,FY2025H1
9858.HK,20250425,42155343000.0,FY2024H2
9858.HK,20240912,41741199000.0,FY2024H1
9858.HK,20240425,41591732000.0,FY2023H2
9858.HK,20230913,44031905000.0,FY2023H1
9860.HK,20260426,3580642000.0,FY2025H2
9860.HK,20250904,3674677000.0,FY2025H1
9860.HK,20250424,3558871000.0,FY2024H2
9860.HK,20240919,3810094000.0,FY2024H1
9860.HK,20240428,3511839000.0,FY2023H2
9860.HK,20230925,3030036000.0,FY2023H1
9863.HK,20260429,51824735000.0,FY2025H2
9863.HK,20250929,39746809000.0,FY2025H1
9863.HK,20250429,31268252000.0,FY2024H2
9863.HK,20240927,17140853000.0,FY2024H1
9863.HK,20240429,16722027999.999998,FY2023H2
9863.HK,20230928,10818510000.0,FY2023H1
9866.HK,20260410,16072869971.8294,FY2025Q4
9866.HK,20251125,102773251000.0,FY2025Q3
9866.HK,20250902,92934386000.0,FY2025Q2
9866.HK,20250603,90088250000.0,FY2025Q1
9866.HK,20250408,87411896000.0,FY2024Q4
9866.HK,20241120,80197114000.0,FY2024Q3
9866.HK,20240905,75863327000.0,FY2024Q2
9866.HK,20240606,80364076000.0,FY2024Q1
9866.HK,20240409,81901912000.0,FY2023Q4
9866.HK,20231205,78381645000.0,FY2023Q3
9866.HK,20230829,73654980000.0,FY2023Q2
9866.HK,20230609,74563931000.0,FY2023Q1
9868.HK,20260416,79107981000.0,FY2025Q4
9868.HK,20251117,75965981000.0,FY2025Q3
9868.HK,20250922,68800085000.0,FY2025Q2
9868.HK,20250521,66855346999.99999,FY2025Q1
9868.HK,20250416,59432874000.0,FY2024Q4
9868.HK,20241119,61316144000.0,FY2024Q3
9868.HK,20240923,57349237000.0,FY2024Q2
9868.HK,20240521,62259561000.0,FY2024Q1
9868.HK,20240417,59973477000.0,FY2023Q4
9868.HK,20231115,55728543000.0,FY2023Q3
9868.HK,20230929,53411665000.0,FY2023Q2
9868.HK,20230524,56445494000.0,FY2023Q1
9869.HK,20260422,982241000.0,FY2025H2
9869.HK,20250926,718048000.0,FY2025H1
9869.HK,20250422,1244173000.0,FY2024H2
9869.HK,20240916,1655240000.0,FY2024H1
9869.HK,20240418,1539372000.0,FY2023H2
9869.HK,20230926,1668031000.0,FY2023H1
9876.HK,20250606,283165000.0,FY2025Q4
9876.HK,20241107,266579000.0,FY2025Q2
9876.HK,20240621,169621000.0,FY2024Q4
9876.HK,20231109,224882000.0,FY2024Q2
9876.HK,20230808,,FY2024Q1
9876.HK,20230616,190756000.0,FY2023Q4
9876.HK,20230209,,FY2023Q3
9876.HK,20221110,192098000.0,FY2023Q2
9876.HK,20220809,,FY2023Q1
9877.HK,20260428,388827000.0,FY2025H2
9877.HK,20250925,472354000.0,FY2025H1
9877.HK,20250422,421574000.0,FY2024H2
9877.HK,20240925,462191000.0,FY2024H1
9877.HK,20240426,399266000.0,FY2023H2
9877.HK,20230918,716516000.0,FY2023H1
9878.HK,20260428,27603320000.0,FY2025H2
9878.HK,20250926,27088942000.0,FY2025H1
9878.HK,20250428,25709883000.0,FY2024H2
9878.HK,20240926,26865733000.0,FY2024H1
9878.HK,20240426,25361132000.0,FY2023H2
9878.HK,20230928,26900528000.0,FY2023H1
9879.HK,20250724,4483603000.0,FY2025H2
9879.HK,20241223,4131884000.0,FY2025H1
9880.HK,20260414,5126456000.0,FY2025H2
9880.HK,20250912,3880750000.0,FY2025H1
9880.HK,20250430,3777476000.0,FY2024H2
9880.HK,20240912,3566232000.0,FY2024H1
9881.HK,20250922,346308197.86491,FY2025H1
9882.HK,20260423,98893000.0,FY2025H2
9882.HK,20250912,111380000.0,FY2025H1
9882.HK,20250410,108515000.0,FY2024Q4
9882.HK,20240916,106811000.0,FY2024Q2
9882.HK,20240415,109966000.0,FY2023Q4
9882.HK,20230814,96665000.0,FY2023Q2
9882.HK,20230512,,FY2023Q1
9885.HK,20260423,6579294000.0,FY2025H2
9885.HK,20250925,5396067000.0,FY2025H1
9885.HK,20250425,5212735000.0,FY2024H2
9885.HK,20240919,3895498000.0,FY2024H1
9885.HK,20240419,4528717000.0,FY2023H2
9885.HK,20230921,3778959000.0,FY2023H1
9886.HK,20260424,2348003000.0,FY2025H2
9886.HK,20250925,2259710000.0,FY2025H1
9886.HK,20250429,1357876000.0,FY2024H2
9886.HK,20240919,1502155000.0,FY2024H1
9886.HK,20240424,1623108000.0,FY2023H2
9886.HK,20230921,1503225000.0,FY2023H1
9887.HK,20260424,524073000.0,FY2025Q4
9887.HK,20250926,179342000.0,FY2025Q2
9887.HK,20250716,210649000.0,FY2025Q1
9888.HK,20260317,387601000000.0,FY2025Q4
9888.HK,20251118,367689000000.0,FY2025Q3
9888.HK,20250820,382873000000.0,FY2025Q2
9888.HK,20250521,366877000000.0,FY2025Q1
9888.HK,20250328,380225000000.0,FY2024Q4
9888.HK,20241121,365928000000.0,FY2024Q3
9888.HK,20240822,349195000000.0,FY2024Q2
9888.HK,20240516,361404000000.0,FY2024Q1
9888.HK,20240315,358747000000.0,FY2023Q4
9888.HK,20231121,353393000000.0,FY2023Q3
9888.HK,20230822,341500000000.0,FY2023Q2
9888.HK,20230516,354656000000.0,FY2023Q1
9889.HK,20260424,-2830505000.0,FY2025H2
9889.HK,20250912,-2260717000.0,FY2025H1
9889.HK,20250429,-2566580000.0,FY2024H2
9889.HK,20240911,-2438927000.0,FY2024H1
9889.HK,20240426,-2478099000.0,FY2023H2
9889.HK,20230911,-2574990000.0,FY2023H1
9890.HK,20260428,7006431000.0,FY2025H2
9890.HK,20250929,5198528000.0,FY2025H1
9890.HK,20250422,5048711000.0,FY2024H2
9890.HK,20240926,5704943000.0,FY2024H1
9893.HK,20250707,3928235000.0,FY2025H2
9893.HK,20241129,4009281000.0,FY2025H1
9893.HK,20240708,3660093000.0,FY2024Q4
9893.HK,20231110,3743217000.0,FY2024Q2
9893.HK,20230629,3536064000.0,FY2023Q4
9893.HK,20221111,2708569000.0,FY2023Q2
9896.HK,20260424,21345695000.0,FY2025Q4
9896.HK,20251124,25194580000.0,FY2025Q3
9896.HK,20250822,19273825000.0,FY2025Q2
9896.HK,20250523,19036820000.0,FY2025Q1
9896.HK,20250424,11429301000.0,FY2024Q4
9896.HK,20241129,14201238000.0,FY2024Q3
9896.HK,20240830,9285520000.0,FY2024Q2
9896.HK,20240514,7982036000.0,FY2024Q1
9896.HK,20231121,6129931000.0,FY2023Q3
9896.HK,20231019,7912429000.0,FY2023Q4
9896.HK,20230228,6761202000.0,FY2023Q2
9896.HK,20221115,6204893000.0,FY2023Q1
9898.HK,20260423,4622965000.0,FY2025Q4
9898.HK,20251118,5817401000.0,FY2025Q3
9898.HK,20250814,5382853000.0,FY2025Q2
9898.HK,20250521,5453114000.0,FY2025Q1
9898.HK,20250415,4451644000.0,FY2024Q4
9898.HK,20241119,5421139000.0,FY2024Q3
9898.HK,20240822,5179914000.0,FY2024Q2
9898.HK,20240523,5131316000.0,FY2024Q1
9898.HK,20240425,4529287000.0,FY2023Q4
9898.HK,20231109,4255529999.9999995,FY2023Q3
9898.HK,20230824,4518189000.0,FY2023Q2
9898.HK,20230525,4730021000.0,FY2023Q1
9899.HK,20260415,13343865000.0,FY2025H2
9899.HK,20250911,13210917000.0,FY2025H1
9899.HK,20250415,9787039000.0,FY2024H2
9899.HK,20240919,9888624000.0,FY2024H1
9899.HK,20240425,7590151000.0,FY2023H2
9899.HK,20230921,8344308999.999999,FY2023H1
9900.HK,20250724,295489000.0,FY2025H2
9900.HK,20241209,243352000.0,FY2025H1
9900.HK,20240711,226550000.0,FY2024H2
9900.HK,20231214,218836000.0,FY2024H1
9900.HK,20230724,180301000.0,FY2023H2
9900.HK,20221208,235364000.0,FY2023H1
9901.HK,20250925,6136824000.0,FY2025Q4
9901.HK,20250423,5910993000.0,FY2025Q3
9901.HK,20250121,6098766000.0,FY2025Q2
9901.HK,20241023,6442522000.0,FY2025Q1
9901.HK,20240925,6031083000.0,FY2024Q4
9901.HK,20240424,5068513000.0,FY2024Q3
9901.HK,20240124,5079612000.0,FY2024Q2
9901.HK,20231025,4819305000.0,FY2024Q1
9901.HK,20230925,4622227000.0,FY2023Q4
9901.HK,20230419,4725322000.0,FY2023Q3
9901.HK,20230117,4886201000.0,FY2023Q2
9901.HK,20221026,4843758000.0,FY2023Q1
9903.HK,20260427,2405997000.0,FY2025H2
9903.HK,20251230,1845274000.0,FY2025H1
9906.HK,20250929,607949000.0,FY2025H1
9906.HK,20250429,715505000.0,FY2024H2
9906.HK,20240925,732471000.0,FY2024H1
9906.HK,20240429,728954000.0,FY2023H2
9906.HK,20230928,683563000.0,FY2023H1
9908.HK,20260422,2926149000.0,FY2025H2
9908.HK,20250915,2723435000.0,FY2025H1
9908.HK,20250423,2686433000.0,FY2024H2
9908.HK,20240916,2454319000.0,FY2024H1
9908.HK,20240424,2311482000.0,FY2023H2
9908.HK,20230914,2331001000.0,FY2023H1
9909.HK,20260427,1316722000.0,FY2025H2
9909.HK,20250930,1715188000.0,FY2025H1
9909.HK,20250429,1888308000.0,FY2024H2
9909.HK,20240926,2119315999.9999998,FY2024H1
9909.HK,20240422,1710618000.0,FY2023H2
9909.HK,20230926,1830840000.0,FY2023H1
9911.HK,20260423,1349275000.0,FY2025H2
9911.HK,20250925,1257808000.0,FY2025H1
9911.HK,20250423,1137037000.0,FY2024H2
9911.HK,20240926,1108582000.0,FY2024H1
9911.HK,20240424,1002117000.0,FY2023H2
9911.HK,20230921,902609000.0,FY2023H1
9913.HK,20250724,305930000.0,FY2025H2
9913.HK,20241212,471059000.0,FY2025H1
9913.HK,20240726,394609000.0,FY2024H2
9913.HK,20231206,394013000.0,FY2024H1
9913.HK,20230724,392715000.0,FY2023H2
9913.HK,20221207,409360000.0,FY2023H1
9916.HK,20260420,553430000.0,FY2025H2
9916.HK,20250911,515770999.99999994,FY2025H1
9916.HK,20250417,492191000.0,FY2024H2
9916.HK,20240913,455645000.0,FY2024H1
9916.HK,20240429,488370000.0,FY2023H2
9916.HK,20230918,136729000.0,FY2023H1
9918.HK,20260423,447424000.0,FY2025H2
9918.HK,20250916,506749000.0,FY2025H1
9918.HK,20250411,698166000.0,FY2024H2
9918.HK,20240926,697881000.0,FY2024H1
9918.HK,20240424,691059000.0,FY2023H2
9918.HK,20230926,777685000.0,FY2023H1
9919.HK,20260417,351138000.0,FY2025H2
9919.HK,20250911,303809000.0,FY2025H1
9919.HK,20250416,356487000.0,FY2024H2
9919.HK,20240913,297591000.0,FY2024H1
9919.HK,20240419,478089000.0,FY2023H2
9919.HK,20230914,334474000.0,FY2023H1
9922.HK,20260429,4804984000.0,FY2025H2
9922.HK,20250929,5516944000.0,FY2025H1
9922.HK,20250429,5881649000.0,FY2024H2
9922.HK,20240926,5627975000.0,FY2024H1
9922.HK,20240429,5193977000.0,FY2023H2
9922.HK,20230922,5157106000.0,FY2023H1
9923.HK,20260427,7026493000.0,FY2025H2
9923.HK,20250922,6620299000.0,FY2025H1
9923.HK,20250424,6652825000.0,FY2024H2
9923.HK,20240925,6434503000.0,FY2024H1
9923.HK,20240425,7093335000.0,FY2023H2
9923.HK,20230928,5899943000.0,FY2023H1
9926.HK,20260429,14720613000.0,FY2025H2
9926.HK,20250930,11856700000.0,FY2025H1
9926.HK,20250429,9839223000.0,FY2024H2
9926.HK,20240930,7971966000.0,FY2024H1
9926.HK,20240429,7638777000.0,FY2023H2
9926.HK,20230926,4724945000.0,FY2023H1
9927.HK,20260330,-3773730000.0,FY2025H2
9927.HK,20251027,90717471000.0,FY2025H1
9928.HK,20260428,1451088000.0,FY2025H2
9928.HK,20250926,1439981000.0,FY2025H1
9928.HK,20250425,1412246000.0,FY2024H2
9928.HK,20240925,1496183000.0,FY2024H1
9928.HK,20240425,1562801000.0,FY2023H2
9928.HK,20230925,1565350000.0,FY2023H1
9929.HK,20260422,163776000.0,FY2025H2
9929.HK,20250926,169173000.0,FY2025H1
9929.HK,20250416,201474000.0,FY2024H2
9929.HK,20240923,199476000.0,FY2024H1
9929.HK,20240423,224025000.0,FY2023H2
9929.HK,20230921,256847961.33829,FY2023H1
9930.HK,20260421,34672363000.0,FY2025H2
9930.HK,20250829,34230797000.0,FY2025H1
9930.HK,20250320,34650763000.0,FY2024H2
9930.HK,20240906,33337273000.0,FY2024H1
9930.HK,20240328,29069977000.0,FY2023H2
9930.HK,20230903,28237745000.0,FY2023H1
9933.HK,20260416,1952317000.0,FY2025H2
9933.HK,20250911,1935249000.0,FY2025H1
9933.HK,20250422,1927820000.0,FY2024H2
9933.HK,20240906,1831633000.0,FY2024H1
9933.HK,20240418,1648305000.0,FY2023H2
9933.HK,20230831,1627320000.0,FY2023H1
9936.HK,20260429,2692350000.0,FY2025H2
9936.HK,20250910,2241771000.0,FY2025H1
9936.HK,20250416,1959916000.0,FY2024H2
9936.HK,20240904,1783095000.0,FY2024H1
9936.HK,20240417,1812682000.0,FY2023H2
9936.HK,20230822,1611962000.0,FY2023H1
9938.HK,20250630,227106000.0,FY2025H2
9938.HK,20241213,293899000.0,FY2025H1
9938.HK,20240719,239068000.0,FY2024H2
9938.HK,20231215,256051000.0,FY2024H1
9938.HK,20230714,218038000.0,FY2023H2
9938.HK,20221216,228007000.0,FY2023H1
9939.HK,20260429,308072000.0,FY2025H2
9939.HK,20250926,339033000.0,FY2025H1
9939.HK,20250429,367707000.0,FY2024H2
9939.HK,20240927,416885000.0,FY2024H1
9939.HK,20240429,423733000.0,FY2023H2
9939.HK,20230927,1182823000.0,FY2023H1
9955.HK,20260429,1380337000.0,FY2025H2
9955.HK,20250929,1715447000.0,FY2025H1
9955.HK,20250428,2467191000.0,FY2024H2
9955.HK,20240925,2747070000.0,FY2024H1
9955.HK,20240426,2615221000.0,FY2023H2
9955.HK,20230925,2523020000.0,FY2023H1
9956.HK,20250928,4089649000.0,FY2025H1
9956.HK,20250430,4069397000.0,FY2024H2
9956.HK,20240925,4051202000.0,FY2024H1
9956.HK,20240425,4287671000.0000005,FY2023H2
9956.HK,20230928,4514843000.0,FY2023H1
9958.HK,20251121,100786000.0,FY2025H3
9958.HK,20250328,677382000.0,FY2025H2
9958.HK,20240920,705642000.0,FY2025H1
9958.HK,20240430,716906000.0,FY2023H2
9958.HK,20230919,911144000.0,FY2023H1
9959.HK,20260429,3555667000.0,FY2025H2
9959.HK,20250924,3273739000.0,FY2025H1
9959.HK,20250424,3695519000.0,FY2024H2
9959.HK,20240926,4595273000.0,FY2024H1
9959.HK,20240425,5011365000.0,FY2023H2
9959.HK,20230922,5235771000.0,FY2023H1
9960.HK,20260424,3360826000.0,FY2025H2
9960.HK,20250926,3184977000.0,FY2025H1
9960.HK,20250424,3384125000.0,FY2024H2
9960.HK,20240926,3228635000.0,FY2024H1
9960.HK,20240426,2181719000.0,FY2023H2
9960.HK,20230919,2558068000.0,FY2023H1
9961.HK,20260428,165271000000.0,FY2025Q4
9961.HK,20251117,149069000000.0,FY2025Q3
9961.HK,20250827,132241000000.0,FY2025Q2
9961.HK,20250519,130256000000.0,FY2025Q1
9961.HK,20250411,133231000000.0,FY2024Q4
9961.HK,20241119,141392000000.0,FY2024Q3
9961.HK,20240827,136889000000.0,FY2024Q2
9961.HK,20240520,124356000000.0,FY2024Q1
9961.HK,20240429,118148000000.0,FY2023Q4
9961.HK,20231120,130386000000.0,FY2023Q3
9961.HK,20230904,121991000000.0,FY2023Q2
9961.HK,20230608,119217000000.0,FY2023Q1
9963.HK,20260430,316129000.0,FY2025H2
9963.HK,20250827,390084000.0,FY2025H1
9963.HK,20250430,377268000.0,FY2024H2
9963.HK,20240812,467297000.0,FY2024H1
9963.HK,20240430,502617000.0,FY2023H2
9963.HK,20230811,554045000.0,FY2023H1
9966.HK,20260428,1831841000.0,FY2025H2
9966.HK,20250926,1532002000.0,FY2025H1
9966.HK,20250428,1127812000.0,FY2024H2
9966.HK,20240920,999768000.0,FY2024H1
9966.HK,20240429,1050074000.0000001,FY2023H2
9966.HK,20230928,1191150000.0,FY2023H1
9968.HK,20260429,7611032000.0,FY2025H2
9968.HK,20250929,9071308000.0,FY2025H1
9968.HK,20250805,10113212000.0,FY2024H2
9968.HK,20240927,10402853000.0,FY2024H1
9968.HK,20240429,10291045000.0,FY2023H2
9968.HK,20240409,12621749000.0,FY2023H1
9969.HK,20260423,3769042000.0,FY2025H2
9969.HK,20250922,2402125000.0,FY2025H1
9969.HK,20250428,3181743000.0,FY2024H2
9969.HK,20240924,2769304000.0,FY2024H1
9969.HK,20240426,1691408000.0,FY2023H2
9969.HK,20230919,1820524000.0,FY2023H1
9973.HK,20260402,211021000000.0,FY2025Q4
9973.HK,20251031,184252000000.0,FY2025Q3
9973.HK,20250930,180859000000.0,FY2025Q2
9973.HK,20250917,172980000000.0,FY2025Q1
9977.HK,20250424,4879942453.05,FY2024H2
9977.HK,20240926,4773443000.0,FY2024H1
9977.HK,20240418,4858563437.26,FY2023H2
9977.HK,20230830,4767966000.0,FY2023H1
9978.HK,20260430,202835000.0,FY2025H2
9978.HK,20250904,264375000.0,FY2025H1
9978.HK,20250430,262149000.0,FY2024H2
9978.HK,20240830,343291000.0,FY2024H1
9978.HK,20240430,342511000.0,FY2023H2
9978.HK,20230907,381983000.0,FY2023H1
9979.HK,20260423,4139466000.0000005,FY2025H2
9979.HK,20250925,4230644000.0,FY2025H1
9979.HK,20250425,4276720000.0000005,FY2024H2
9979.HK,20240919,4099777000.0,FY2024H1
9979.HK,20240426,3577119000.0,FY2023H2
9979.HK,20230908,3037672000.0,FY2023H1
9980.HK,20260402,23268958756.0,FY2025Q4
9980.HK,20260126,21730813000.0,FY2025Q3
9981.HK,20260424,10107328000.0,FY2025Q4
9981.HK,20260205,9761385000.0,FY2025Q3
9981.HK,20250825,9751608367.880001,FY2025H1
9981.HK,20250425,8603024132.49,FY2024H2
9981.HK,20241028,8209785174.49,FY2024Q3
9981.HK,20240819,8217026522.079999,FY2024H1
9981.HK,20240429,7594900155.62,FY2024Q1
9981.HK,20240422,7331158475.389999,FY2023H2
9981.HK,20231026,6977262215.280001,FY2023Q3
9981.HK,20230814,6934132845.16,FY2023H1
9981.HK,20230427,6648109987.95,FY2023Q1
9982.HK,20260410,577181000.0,FY2025H2
9982.HK,20250926,568318000.0,FY2025H1
9982.HK,20250423,608637000.0,FY2024H2
9982.HK,20250212,867086000.0,FY2024H1
9982.HK,20230927,1516325000.0,FY2023H1
9983.HK,20260420,3750150000.0,FY2025H2
9983.HK,20250912,3446791000.0,FY2025H1
9983.HK,20250417,3363140000.0,FY2024H2
9983.HK,20240913,3228151000.0,FY2024H1
9983.HK,20240430,3065574000.0,FY2023H2
9983.HK,20230918,3341671000.0,FY2023H1
9985.HK,20260423,9657885000.0,FY2025H2
9985.HK,20250918,8138135000.0,FY2025H1
9985.HK,20250424,7336427000.0,FY2024H2
9985.HK,20240919,6868838000.0,FY2024H1
9985.HK,20240419,6527353000.0,FY2023H2
9985.HK,20230914,6473054000.0,FY2023H1
9986.HK,20250908,126280000.0,FY2025H1
9986.HK,20250429,116346000.0,FY2024H2
9986.HK,20240821,152548000.0,FY2024H1
9986.HK,20240805,132612000.0,FY2023H2
9987.HK,20260227,8300000000.0,FY2025Q4
9987.HK,20251110,8447000000.0,FY2025Q3
9987.HK,20250811,8468000000.0,FY2025Q2
9987.HK,20250509,8278000000.0,FY2025Q1
9987.HK,20250227,8510000000.0,FY2024Q4
9987.HK,20241108,8646000000.0,FY2024Q3
9987.HK,20240809,8629000000.0,FY2024Q2
9987.HK,20240508,8505000000.0,FY2024Q1
9987.HK,20240229,8965000000.0,FY2023Q4
9987.HK,20231109,9054000000.0,FY2023Q3
9987.HK,20230809,8590000000.0,FY2023Q2
9987.HK,20230508,8852000000.0,FY2023Q1
9988.HK,20250626,1403239000000.0,FY2025Q4
9988.HK,20250220,1437239000000.0,FY2025Q3
9988.HK,20241115,1320099000000.0,FY2025Q2
9988.HK,20240815,1306165000000.0,FY2025Q1
9988.HK,20240523,1257025000000.0,FY2024Q4
9988.HK,20240207,1306640000000.0,FY2024Q3
9988.HK,20231116,1301161000000.0,FY2024Q2
9988.HK,20230810,1283815000000.0,FY2024Q1
9988.HK,20230721,1291867000000.0,FY2023Q4
9988.HK,20230223,1308716000000.0,FY2023Q3
9988.HK,20221117,1234815000000.0,FY2023Q2
9988.HK,20220804,1261105000000.0,FY2023Q1
9989.HK,20260429,13138558000.0,FY2025H2
9989.HK,20250918,13143012000.0,FY2025H1
9989.HK,20250429,13564330000.0,FY2024H2
9989.HK,20240926,14033285000.0,FY2024H1
9989.HK,20240430,15114446000.0,FY2023H2
9989.HK,20230928,16908944000.0,FY2023H1
9990.HK,20260422,2385928000.0,FY2025H2
9990.HK,20250925,2442693000.0,FY2025H1
9990.HK,20250423,2164671000.0,FY2024H2
9990.HK,20240925,2101563000.0,FY2024H1
9990.HK,20240422,2188590000.0,FY2023H2
9990.HK,20230922,2133697000.0,FY2023H1
9991.HK,20260423,8509455000.0,FY2025Q4
9991.HK,20251125,8371787000.0,FY2025Q3
9991.HK,20250828,8069536000.0,FY2025Q2
9991.HK,20250521,8240793000.0,FY2025Q1
9991.HK,20250423,8555279000.0,FY2024Q4
9991.HK,20241121,8587099000.0,FY2024Q3
9991.HK,20240829,8119886000.0,FY2024Q2
9991.HK,20240528,7569751000.0,FY2024Q1
9991.HK,20240419,8012481000.0,FY2023Q4
9991.HK,20231122,7494799000.0,FY2023Q3
9991.HK,20230828,8244513999.999999,FY2023Q2
9991.HK,20230525,8063902000.0,FY2023Q1
9992.HK,20260421,18256606000.0,FY2025H2
9992.HK,20250925,9362086000.0,FY2025H1
9992.HK,20250423,8761561000.0,FY2024H2
9992.HK,20240924,7408706000.0,FY2024H1
9992.HK,20240425,7890833000.0,FY2023H2
9992.HK,20230915,7591852000.0,FY2023H1
9993.HK,20260430,77067738000.0,FY2025H2
9993.HK,20250925,90680568000.0,FY2025H1
9993.HK,20250429,94827574000.0,FY2024H2
9993.HK,20240930,106245598000.0,FY2024H1
9993.HK,20240426,122705068000.0,FY2023H2
9993.HK,20230921,143607717000.0,FY2023H1
9995.HK,20260428,6093473000.0,FY2025H2
9995.HK,20250925,4579356000.0,FY2025H1
9995.HK,20250428,4738989000.0,FY2024H2
9995.HK,20240925,5081215000.0,FY2024H1
9995.HK,20240426,4801691000.0,FY2023H2
9995.HK,20230922,4711452000.0,FY2023H1
9996.HK,20260423,2050297999.9999998,FY2025H2
9996.HK,20250925,1947470000.0,FY2025H1
9996.HK,20250428,2021968000.0,FY2024H2
9996.HK,20240925,1909314000.0,FY2024H1
9996.HK,20240621,1817646000.0,FY2023H2
9996.HK,20230928,1821818000.0,FY2023H1
9997.HK,20250922,2221655000.0,FY2025H1
9997.HK,20250425,2092800000.0000002,FY2024H2
9997.HK,20240925,3876647000.0,FY2024H1
9997.HK,20240425,3203438000.0,FY2023H2
9997.HK,20230925,3513022000.0,FY2023H1
9998.HK,20251017,81391000.0,FY2025H2
9998.HK,20250314,69228000.0,FY2025H1
9998.HK,20241018,57731000.0,FY2024H2
9998.HK,20240320,58414000.0,FY2024H1
9998.HK,20231027,62380000.0,FY2023H2
9998.HK,20230306,57833000.0,FY2023H1
9999.HK,20260415,174247156000.0,FY2025Q4
9999.HK,20251120,183162111000.0,FY2025Q3
9999.HK,20250814,154067925000.0,FY2025Q2
9999.HK,20250515,159109518000.0,FY2025Q1
9999.HK,20250415,144608240000.0,FY2024Q4
9999.HK,20241114,164712261000.0,FY2024Q3
9999.HK,20240822,164360382000.0,FY2024Q2
9999.HK,20240523,152037968000.0,FY2024Q1
9999.HK,20240425,164496076000.0,FY2023Q4
9999.HK,20231116,156458541000.0,FY2023Q3
9999.HK,20230824,155139452000.0,FY2023Q2
9999.HK,20230525,164540666000.0,FY2023Q1
