symbol,pv_beta_5y,pv_rel_return_26w,pv_rel_return_52w
0001.HK,0.597775051419531,17.9874643705549,34.6212431293616
0002.HK,0.283881356668184,12.8129444243476,13.6130495927359
0003.HK,0.497510121884301,4.03476047956115,0.022314449146377
0004.HK,0.502983230599848,-17.69387383622,-16.9055535194691
0005.HK,1.35006545178689,14.3586992333107,36.2970262318284
0006.HK,0.22580332080396,5.6008999526509,12.5432184891438
0007.HK,0.112977757341146,7.82314111327067,-1.09838375196449
0008.HK,0.363082947943774,6.52182734121396,1.01715884157638
0009.HK,-0.02819030561046,-10.5133400347828,-26.1509885489926
0010.HK,0.95384462784372,-10.3098645350732,-5.21928442896597
0011.HK,0.56599679541704,18.1325201489004,16.8731807602406
0012.HK,0.943757535683725,-1.47195725856302,1.45391602217837
0013.HK,1.30290799138788,-19.6471529296954,-41.8568567000092
0014.HK,0.848527637747509,-7.77360162450943,14.3899825661241
0016.HK,0.689727953956593,4.96976207819615,26.4524087678937
0017.HK,1.30810789923279,-28.5684687128091,3.89206477431252
0018.HK,0.251432133629654,-22.3673383984451,-38.2853914612258
0019.HK,0.570524957646144,41.1372677695304,32.6318475211912
0020.HK,2.17163440817596,-38.8719199987757,-10.9885453767681
0021.HK,0.053259942559617,-22.4642580758503,-53.1133078527832
0022.HK,0.501060747971443,-78.8602905600583,-76.8453863136952
0023.HK,0.774935732791767,18.1163455120325,27.813750071343
0025.HK,0.35935377797219,21.3637216251698,19.670955660123
0026.HK,0.328616936317536,9.69832426831323,3.64674683530977
0027.HK,0.942113325070346,-12.2595576817603,-11.7848960530509
0028.HK,0.242692598730678,-20.5881401303989,-27.3158380590946
0029.HK,0.669166310275981,-13.1151286132898,-26.6920081092806
0030.HK,-0.061894197425223,0.723675031738447,-16.8493818951702
0031.HK,0.505843763101969,-16.9932961270853,-7.75522330712074
0032.HK,0.095491052240314,-0.339294477721741,-6.4143456252964
0033.HK,-0.408725997967245,7.82314111327067,-39.1374669242858
0034.HK,0.540394702062117,6.95359965267977,56.9664361097853
0035.HK,0.35550271025389,-8.35033005371993,-13.7780781427383
0036.HK,1.20658455265501,26.1760161963806,-42.1320330463622
0037.HK,0.807898051425218,-2.34885333137752,-1.09838375196449
0038.HK,0.702590936357823,6.87939370746522,23.4226781277137
0039.HK,0.251250118580676,-40.8287640232051,-52.1443792348215
0040.HK,0.068319946108381,1.99486321525604,9.89068472003942
0041.HK,0.575412608355532,5.15919692270188,3.69565209538383
0042.HK,0.333145501753443,-11.8498530547647,-26.8442013149452
0045.HK,0.518330008463131,4.73266891575652,2.25421340898586
0046.HK,0.212087820358167,-11.1187620552769,-25.9754774094458
0048.HK,0.676815319358339,26.6494038473338,156.730611034569
0050.HK,0.310291699731374,7.16299943298533,-0.485357204972536
0051.HK,0.308469940568676,2.6022311225228,-0.879089702634039
0052.HK,0.443859708910396,8.30342236544557,-19.6312992290738
0053.HK,0.110611556506625,4.11022303085777,-9.90249124123083
0055.HK,0.33182091823524,-10.900637882447,-30.0080869629287
0057.HK,0.459517275146676,3.27638215066288,-7.4979000974256
0058.HK,1.0499453581892,27.2313065136594,62.0887599620582
0059.HK,1.98250884749465,7.82314111327067,-1.09838375196449
0060.HK,-0.01783084614926,-3.40843608602835,-11.4006354444682
0061.HK,0.6742421001361,-28.3453809057379,-46.4707747111148
0062.HK,0.314752551494039,-2.3371164147106,2.83148179431507
0063.HK,0.058135175923902,-29.9149582763741,-36.7678191201084
0064.HK,0.188263297516385,34.9574415258818,22.9763517820968
0065.HK,1.06179818716123,-24.1868539047316,-49.4253098731637
0066.HK,0.496388544235094,4.45561675230097,17.4895086634464
0068.HK,,,
0069.HK,0.647943996559522,-9.81663657397198,-14.2992350732065
0070.HK,0.458605751832447,3.33051023355104,-35.0075093227195
0071.HK,0.315018930795987,-1.9789626242994,-0.099377527236866
0072.HK,-0.596493889049929,6.40441557230655,-29.3559883942604
0073.HK,0.523414287123261,32.2714114819774,-8.47262706870399
0075.HK,0.368625475453944,23.4496833035997,-2.94127101124466
0076.HK,0.464866207755564,-9.40304119476668,-43.3708487612055
0077.HK,0.283819971193252,19.8034901258563,14.7296019994636
0078.HK,0.31733811744944,-18.1342817473315,-26.2733406151008
0079.HK,0.529536277126412,27.1499305581022,-1.09838375196449
0080.HK,0.404932515832361,-11.7810663618695,-14.1629483316852
0081.HK,1.78207113463011,9.54143818280486,22.4267579769371
0082.HK,0.768128644794468,-9.94990412518054,-17.4008479686736
0083.HK,0.613886775342343,0.307070175082269,15.5812401774339
0084.HK,0.757907351130258,11.090509025794,-12.6583129238128
0085.HK,0.742266377031706,-29.9149582763741,-39.9996861428585
0086.HK,0.370282953847125,4.764328599419,13.2271985458011
0087.HK,0.631549153500282,28.5027175067393,17.406792873061
0088.HK,0.239410632929556,-4.09415343082767,-1.68015796518825
0089.HK,0.317061972484487,-11.4951716695237,-8.09613961857077
0090.HK,0.107072966026624,-12.1105488404432,-54.747845395946
0092.HK,0.088846082095376,-26.6991803835221,-22.5770175836086
0093.HK,-0.264853167285747,-11.6767886625336,-34.3497892146661
0094.HK,0.67956211521536,-16.1441651793645,18.7496976857988
0095.HK,1.90062285957951,-14.1335712588863,-26.5781221751872
0096.HK,0.309311321139334,-3.72933829172263,-13.2441962736531
0097.HK,0.522991080619055,-8.81242922991967,3.08055777964262
0098.HK,0.312183035436992,-13.0016586951374,-26.4607420169759
0099.HK,0.56022650483996,1.66181876394091,0.423179574928345
0100.HK,,-52.9820401047049,
0101.HK,1.14849250086595,-13.8792802609659,-4.28875846964305
0102.HK,0.185711130800696,-8.51875098195124,-29.0749281630394
0103.HK,0.760017961989772,-40.8942914163134,-45.6041110635805
0104.HK,0.059741035646776,14.0253571950075,-9.08659121815198
0105.HK,0.041354160329433,9.68572896359587,0.417349830380864
0106.HK,-0.11090909295857,7.82314111327067,-14.5849677857875
0107.HK,0.364069367904711,-4.40215927317825,-1.92085041514983
0108.HK,-0.272834845123631,-40.3531559798928,33.0056218508064
0110.HK,0.353111530927594,285.08264683311,339.562738880158
0111.HK,0.694597619723346,-26.9198710232277,0.549976518836082
0113.HK,0.127279936229977,24.5575968768823,24.3380896755522
0114.HK,0.349016948753793,18.0920116954869,21.8609200199009
0115.HK,-0.14989086442588,-18.5234738762715,103.509094971919
0116.HK,0.803750392531699,-19.7840903148169,32.5281657723676
0117.HK,-0.682708315580416,553.100169028954,232.811788009262
0118.HK,-0.07622982557842,6.69998339334077,-13.8013436370333
0119.HK,1.14201673366467,-27.1720888971768,-5.98241418396625
0120.HK,0.440641213946301,-35.7907137190635,-61.4574583739273
0122.HK,0.166831786217656,2.75762441667404,-27.0458974716447
0123.HK,1.48415762316876,-6.90270454803252,-24.2498914568434
0124.HK,0.594363819340447,-12.4212037488128,-24.3022244870805
0125.HK,0.331987706460157,-14.8764675421547,-19.8095003394307
0126.HK,0.517183451669154,-17.84903534227,-20.8787070015716
0127.HK,1.06621416248841,-8.8936249508023,-19.5501778280905
0128.HK,0.38529216084601,52.3900394400892,90.6103876780321
0129.HK,1.03109276942982,-10.5397519147536,-39.3828803641073
0130.HK,0.086519398133047,1.83296660697787,32.3879902532759
0131.HK,0.065635058918895,24.9985087242342,-12.4587045372118
0132.HK,0.369379067876965,-9.70475867361571,-37.7286119919776
0133.HK,0.582346289054566,85.7094675990339,64.4505304533954
0135.HK,0.725208885163405,-3.06672725353099,-8.10816325408041
0136.HK,1.13493719883877,-29.9149582763741,-56.3489780139843
0137.HK,0.589519470582067,10.9038022879355,-5.05444840188591
0138.HK,-0.047644268533516,-53.1203734290127,-65.0935472065757
0139.HK,0.752449040823389,-23.9157902360661,-68.4113697893273
0142.HK,0.51941784787775,-4.42556771719689,-11.7202714431833
0144.HK,0.685528007144395,6.78770761986538,-1.79666217220095
0145.HK,0.885431434014719,-10.8475326725771,10.3908767639483
0146.HK,0.09689240498319,-15.9443254762137,-1.09838375196449
0147.HK,0.245014257093174,-68.9323152724474,-67.4581778796786
0148.HK,0.555882484925851,39.3472374735041,42.3620709490075
0149.HK,0.110245889650341,-5.65475152588816,27.1592208903313
0150.HK,0.164293116121543,-8.47570579920047,-8.51837096119217
0151.HK,0.297227937959592,-20.1055705975977,-39.6561816948175
0152.HK,0.921212598258602,-25.2603310760195,-23.6657101527008
0154.HK,0.450488880877999,-18.1342817473315,-40.3681431445668
0156.HK,0.302874929969078,20.0757707852332,27.53103147773
0157.HK,-0.087137108622669,6.67608642057631,-11.5591316243529
0158.HK,0.188041388075217,-1.82237949750115,-8.48389405620091
0159.HK,0.12243189446691,-11.134773807744,-50.5491918759822
0160.HK,0.400546986619975,-20.2558018849769,-33.1236690132331
0162.HK,0.119095729339103,-1.41884241072396,-37.9440839228012
0163.HK,0.735578569460488,-20.6078363942087,-24.9362092066192
0164.HK,1.2232240219979,32.0833478637566,10.1404362762213
0165.HK,1.40630335407256,-32.4743964745174,-26.4760166981031
0166.HK,0.66601968061664,-16.1375569119006,-29.3559883942604
0167.HK,0.443589729689265,146.210322227153,301.13942254448
0168.HK,1.08501838323594,2.42763284125871,-9.5866389716988
0169.HK,0.934650694590232,4.41819981495684,-38.1864898449778
0171.HK,0.144001188030437,-51.7967133846555,-65.833987114315
0173.HK,0.729869228357479,-13.9086547700242,-8.22642816623732
0174.HK,0.034157098347074,6.8689540237727,5.49505733123787
0175.HK,1.43524963448429,30.7532714814453,4.89565359640129
0176.HK,0.09577524140371,7.82314111327067,-1.09838375196449
0177.HK,0.511652515515226,2.97367926415706,0.206916767045118
0178.HK,0.98408720557801,67.1258687255695,45.9976239851953
0179.HK,0.965610660071882,-32.5430026249115,-30.7094087368473
0180.HK,0.397802762246525,8.34152159939214,-24.834771651493
0181.HK,0.644495272749633,-6.7969458173423,8.4727404010712
0182.HK,0.269966367808413,7.82314111327067,-17.9840255504096
0183.HK,0.271664756514346,-13.6223455169931,-46.8861690519809
0184.HK,0.482776009430347,6.89363127608729,-18.7593866533994
0185.HK,0.848237056256163,-47.3421868981701,-59.0078827393011
0186.HK,-0.114016965361348,-32.4399305682671,-49.7884102125358
0187.HK,0.926896000289068,-23.2445436142819,-44.6150949011001
0188.HK,0.131014768280533,8.70693735190402,-17.5261098406212
0189.HK,0.883322086849348,2.38450389138432,11.0770046119035
0191.HK,0.123574744883991,-17.2863575021485,-7.69182483516685
0193.HK,0.54323811554791,-2.11447557919667,-13.4061404406089
0194.HK,0.269548300103356,7.10271923500825,-1.09838375196449
0195.HK,0.377001650096069,7.82314111327067,-1.09838375196449
0196.HK,0.574845847837082,-32.9329744271522,-47.5215913785934
0197.HK,0.279823124669919,41.8725540964088,30.1337055895204
0199.HK,-0.36422891780847,93.8924905984253,830.038134442536
0200.HK,1.58328170554504,-7.78925940991786,-31.1513610649035
0201.HK,0.276510036145092,0.229962161631891,-8.06328630464305
0202.HK,-0.006928224974203,-43.4195398118481,-11.1561752348156
0204.HK,0.46402395178172,-61.0277803205046,-90.9171985078335
0205.HK,1.0265027375911,-21.7986009508147,125.086436978288
0206.HK,0.450831130757631,-48.4140266046313,4.92171462835069
0207.HK,1.13091511337606,164.462866564204,130.755376937456
0209.HK,-0.081750896108058,157.817110750843,283.765377147083
0210.HK,0.346762783084228,-13.475257131326,-40.4758791099786
0211.HK,0.471374671923866,3.82969144240879,-1.09838375196449
0212.HK,0.282383224791926,4.1751821048279,12.7929597066431
0213.HK,0.090368846811127,-3.52666321444204,-11.5090801991261
0214.HK,0.775507250843165,-22.1982040594439,-46.4767723834161
0215.HK,0.301251518786282,6.88554858185091,1.5746329033878
0216.HK,0.508815957251602,-14.6400132853274,-22.9864463642346
0217.HK,0.288831103414023,2.56347569311113,-53.1518659877727
0218.HK,1.67950359103718,-16.8221482840483,-50.5491918759822
0219.HK,0.187454042045906,7.82314111327067,14.8534898364283
0220.HK,0.552592216319562,6.57582971221742,-21.6731793051088
0222.HK,0.016733290073159,1.90601751559118,-16.2308714839044
0223.HK,-0.004187554030611,-20.4583385229971,-18.3381150245578
0224.HK,0.188986854248212,7.82314111327067,-15.2271860731124
0225.HK,0.053314736514136,-4.75622534994425,-9.62438515265721
0226.HK,0.405675339253383,53.5734243343699,31.7694876386922
0227.HK,1.75256146087913,-35.3061153320376,-62.9118939069867
0228.HK,0.14548831128244,-17.9152861202198,-42.7922023663324
0229.HK,0.127574756344004,-4.7944605063674,-4.54844013270992
0230.HK,1.07825929000869,174.85070676589,110.075411128807
0232.HK,0.469268550899146,178.961033694218,191.465028015734
0234.HK,0.679556719022244,-11.2044720243653,-16.083477122879
0235.HK,1.03685086768887,-30.4366831527286,-36.1925056464287
0236.HK,0.320750651758303,-7.95585514720796,-20.1179253381252
0237.HK,0.157482123135074,17.3838137242996,2.13671584493387
0239.HK,0.201603356716428,9.61634161621181,-3.15426341087834
0240.HK,0.344158005161377,16.2891589005604,21.0587348754204
0241.HK,2.40562499692838,-43.4086145326547,-26.7924118906294
0242.HK,0.956960863186765,-19.132644165047,-25.8237878139734
0243.HK,0.733195787223603,19.9532444885136,7.34443714725805
0244.HK,0.220592382028522,-22.203556411944,16.4750439284716
0245.HK,0.047652856910599,4.77154277987621,-3.89748609860701
0247.HK,0.082698335032154,1.7745258800872,-3.34614775760166
0248.HK,0.46369312139828,-11.6024889244496,6.24709029143653
0251.HK,0.119426394943376,-2.33411131044324,1.3336232049544
0252.HK,0.071937626947159,7.82314111327067,-1.71267950505788
0253.HK,0.165886746522618,6.16432355768188,3.76563016187332
0254.HK,0.283777775891478,-72.696398137446,-56.8679062473845
0255.HK,0.284916895890774,3.51021546873984,-3.77140040731682
0256.HK,0.485450956440439,-55.2779016973366,-81.7219797820086
0257.HK,0.764801132483682,16.3237207031136,21.0090363505376
0258.HK,0.550730035697073,-7.34589394829214,-31.8543741705609
0259.HK,0.295114394303078,-7.70573518836887,62.2604641569332
0260.HK,0.207526694365053,-3.93178327321817,4.36669016170248
0261.HK,0.491507379888917,-29.5555478059965,-40.3547175858001
0262.HK,0.431004379496613,2.4985415521215,7.25949931124978
0264.HK,0.282936032879653,-11.7354751816947,20.8797531920434
0265.HK,0.263826074656945,-11.2044720243653,70.9410651200614
0266.HK,0.096073484192534,-2.80730941902362,-10.4287249074395
0267.HK,0.685552814926822,5.25592346771659,-1.25893832379572
0268.HK,1.15261902387824,-39.6251240874916,-54.6081599416531
0269.HK,0.97041089674567,7.82314111327067,-10.0894397745132
0270.HK,1.08550735677271,27.1798901490331,17.1496609360533
0271.HK,0.712342394916034,-7.91320921136882,-5.29420989582056
0272.HK,0.990100372442354,-19.132644165047,-36.1521211563315
0274.HK,1.45719001906102,7.82314111327067,-1.09838375196449
0276.HK,0.088195446295896,-15.6166721722229,-15.2271860731124
0277.HK,-0.313958002602627,-11.4309912283848,-36.8128562859773
0279.HK,0.149278929094119,-39.0564854577166,-56.1686018900752
0280.HK,0.284053551688951,23.7969397967182,37.7955102781618
0285.HK,0.709739562380664,-23.5164569957768,-30.0867885143197
0286.HK,0.885177773674472,7.82314111327067,-1.09838375196449
0287.HK,0.007414319186566,15.2227684445736,1.46142278621997
0288.HK,0.587418009362581,0.062696932817152,7.78968516227134
0289.HK,0.347387261141834,7.03611088616649,5.91039220262071
0290.HK,0.393642612149192,-45.9105034679302,-9.98176245687785
0291.HK,1.29221238755067,2.24033550694211,-8.9288681903643
0292.HK,0.953095244477128,17.2807805835351,-24.7004238172681
0293.HK,0.390010474659359,29.2304908480772,21.8962420257037
0294.HK,0.218775962421802,15.6175850491697,-5.35221670886926
0295.HK,0.02849004752557,1.08419479369124,-7.27973476746672
0296.HK,0.477378598622752,-9.34054257414794,-27.2366680460882
0297.HK,0.704921624086481,-24.4066021542831,-14.3737684832444
0298.HK,0.684948604749993,-7.71070125050561,-18.1224324503968
0299.HK,0.283724012106769,7.82314111327067,-1.09838375196449
0300.HK,,25.8576166731416,23.1109302821846
0301.HK,-0.313296219359369,434.936514050335,336.531271715467
0302.HK,1.17897644212134,-46.3721745515575,-66.620704516288
0303.HK,0.584282256296112,-6.41596140916293,-11.9657674793892
0305.HK,1.29094261362975,-23.1260938359089,-23.8457554890127
0306.HK,0.297363213182807,3.28321938218556,42.2016093941815
0308.HK,0.76504851815906,-5.75458776765973,-25.1898155627988
0309.HK,-0.046198148985292,-33.9583260681217,-50.5491918759822
0310.HK,0.208677309928437,-30.3770574525738,11.7588263602801
0311.HK,0.228328691345153,18.0920116954869,43.0652310506174
0312.HK,1.28467790636964,-18.4041094277952,-49.1881604597249
0313.HK,0.228500203958567,-18.8155172794197,-14.4634670287261
0314.HK,0.359531857089005,-47.0686398171217,-79.0396888642311
0315.HK,0.350808254295859,9.84062192412189,3.55083752465257
0316.HK,0.856390548333282,29.3205898087514,6.28645430703048
0317.HK,0.397691326123372,-13.7699928968556,-25.2056527124232
0318.HK,0.289690288378773,52.3215803028744,100.050996501708
0320.HK,0.801939501886142,3.37682601581619,-24.6077843355139
0321.HK,0.841590872910476,0.810253886391266,34.1752356274238
0322.HK,0.411537729046942,14.5827259980114,7.82005068654556
0323.HK,1.20794961872309,-33.3807020978721,-25.2839318300867
0325.HK,,-23.5959880116524,-58.2013775810208
0326.HK,0.570195803513951,55.6403602156777,147.813861089417
0327.HK,0.391240221297974,-16.1860603491985,-41.0276077030347
0328.HK,0.912144835712419,-89.7514728392676,-70.4626098613653
0329.HK,1.0536353770162,-46.244694865268,-59.4974333460426
0330.HK,1.1856863914755,-47.1455190621222,-46.8270880386906
0331.HK,0.224654855716766,-1.25670234889951,-11.2944266641331
0332.HK,0.094298928546297,-42.382008967596,-59.7329133847284
0333.HK,0.180974189492201,-14.2828585291991,-41.2771653527289
0334.HK,0.842411202151979,-4.77956369217656,10.2509820469904
0335.HK,0.230215989336442,4.60453988600886,-5.46169035114255
0336.HK,0.717354694691632,-28.3141658083177,-15.0464245653334
0337.HK,2.16580387900597,-30.6851235700403,-51.4482974782371
0338.HK,0.696131572263282,-21.0212660635279,-19.9036206441966
0339.HK,0.573800595219862,76.2493652813078,280.390831723213
0340.HK,0.412586505686559,-42.7993946348697,-1.5904315939945
0341.HK,0.457649743917118,30.4236248400698,-26.256399190563
0343.HK,0.46226733200653,-37.3930148374557,-12.4477495509194
0345.HK,0.168631062064995,1.95311337357968,-29.7362037419769
0346.HK,0.607699346624649,-27.2193797485423,-40.6590302511787
0347.HK,1.36194163939636,-34.4391956044937,-51.3532700568606
0348.HK,0.445196794258851,-51.064882110131,-46.4660976272101
0351.HK,0.29115711920288,29.3877693359248,62.5779993118392
0352.HK,0.572576786270521,7.82314111327067,256.045818492928
0353.HK,1.21568475635483,17.9315605926398,0.334973005253403
0354.HK,1.02603270563978,-26.7382112205416,-38.4689417367231
0355.HK,0.710156118603358,-9.72946325400595,11.2643182790399
0356.HK,0.580154889405671,-46.9178382211591,-58.3572142113535
0357.HK,1.83063006969349,-41.008300679374,-47.8935003285813
0358.HK,1.08303235217547,-25.346548080611,102.983793347159
0360.HK,0.378801738868273,-17.2520079828388,-38.4197483738647
0361.HK,0.35368396773432,-36.5746228745467,-10.0894397745132
0362.HK,0.417628198754247,7.82314111327067,-1.09838375196449
0363.HK,0.686371289014879,0.30829324390258,-7.43642506717523
0365.HK,0.208234515183766,57.0056265333591,74.6560457146159
0366.HK,0.321407948970071,-5.21042539492689,-13.0535241775512
0367.HK,0.180039851296346,-21.787990177538,-32.3011471879644
0368.HK,-0.673233149274539,346.164721848016,598.129055868486
0369.HK,0.172910738578178,7.82314111327067,11.3349622906457
0370.HK,-0.092055103434425,-66.9574244975461,-82.0465218912802
0371.HK,0.543221467431239,-2.79580460243025,-14.4051466653366
0372.HK,0.449912691401226,-34.9343113971643,-13.461085782969
0373.HK,0.395196518958496,-23.9935234775305,28.0954668272749
0374.HK,-0.051300404621617,3.04868468021071,-1.47877458368773
0375.HK,0.345899675753522,26.5749917416656,10.117263451421
0376.HK,1.34874408227876,-52.112931597258,-60.285620418535
0377.HK,-1.46536336229628,86.1367909744883,37.4564835989646
0379.HK,1.1190805982091,24.6705069122192,-3.70105786375491
0380.HK,0.344616563894206,-14.6098614002286,-30.944433625632
0381.HK,-1.31047283796565,-50.8371170053481,-81.6771742529955
0382.HK,0.987559451562605,-64.8077247755297,-71.9977351586887
0383.HK,0.552252532243657,-9.96211927654718,-11.9666932297706
0384.HK,1.15086524692311,-15.8354043516841,-27.5501769733326
0385.HK,0.529008491871746,-37.2019068241391,-34.4776792356765
0386.HK,0.467909019945511,-12.9501246057998,-5.39845402361819
0387.HK,0.12804739151876,16.4489924023323,40.6257182414757
0388.HK,1.3971569856208,0.114473920746305,-8.50254286309238
0389.HK,0.56774808557671,-57.3722465366139,-60.8993610182185
0390.HK,0.737172437088546,-15.0127643190159,-11.8432507023683
0391.HK,0.481366423156071,72.5170257812331,58.2425859968568
0392.HK,0.69430159678525,-2.56432769257119,-4.1461072738073
0393.HK,0.240708228374654,4.675020204854,-1.09838375196449
0396.HK,0.478661517188252,240.494129831381,287.006324448835
0397.HK,-0.129409650285477,-3.89678955527876,-22.0198989917665
0398.HK,0.451438970176981,4.33474537137073,3.25440459719921
0399.HK,0.138249934219982,-10.5558033946732,-88.8925877136822
0400.HK,0.721749280030123,0.300596384437823,82.5875992271425
0401.HK,0.892292496942625,54.2325130337726,117.485229028788
0403.HK,0.105700049531263,11.9969401241069,-17.4965791920533
0406.HK,0.138059181722996,-20.6301877916202,-32.7976197288989
0408.HK,0.496682868050448,40.784619484685,48.3524243720533
0410.HK,0.870108425173166,-32.1113555953481,-42.0231904752895
0411.HK,0.297784637391788,-8.48344504274866,-0.918235088489039
0412.HK,0.958930332172527,-69.2406376578706,-97.3720427682665
0413.HK,0.159865649733296,-32.2254541573727,-34.0655891679763
0417.HK,0.499289913556263,-23.3010645689106,0.356051781094857
0418.HK,0.59848696053417,-2.10793767347795,-30.3651885600566
0419.HK,0.40794773103043,14.9167688180911,-38.3766852608394
0420.HK,0.48069585718522,1.18787089091554,-2.69357111080377
0422.HK,-0.147248494370516,5.86272036575666,-36.4203895548343
0423.HK,0.280113798243701,-7.95585514720798,-15.5717910077746
0425.HK,1.52089387576704,-20.1418406838771,-0.368482525041724
0426.HK,0.367985977418676,61.1289636861236,152.959903095937
0428.HK,1.07028101570962,-8.73061914063397,-37.9202162627716
0430.HK,0.246311899075425,-9.06482074784403,-12.3656564890825
0431.HK,-0.002300996406039,9.33694388221888,-0.212360110514864
0432.HK,0.632331495630927,22.9942363452886,7.93589850146184
0433.HK,0.083202404382321,-28.1179059244862,-4.90229206919662
0434.HK,0.310239334770946,-32.6482900048757,-70.8266396517038
0436.HK,0.395645161224806,-12.7901064525017,-6.21398459238012
0438.HK,1.06714448769242,-36.7235087363435,-47.8367002911205
0439.HK,1.09161368637683,-40.9046245821497,-56.2992858438913
0440.HK,0.720497564667023,40.6781506043301,64.308551793403
0442.HK,-0.031045530338585,-12.9120783315891,-16.0732431450128
0444.HK,0.106908385006748,7.82314111327067,-1.09838375196449
0450.HK,0.107068790331579,-9.59512359945906,-19.6401004136932
0451.HK,2.08869303910045,-49.9950649909469,37.602248692919
0455.HK,0.052817203228743,2.87712546587291,-39.8493094163995
0456.HK,0.159457689246832,46.8230006648792,50.7072247589113
0458.HK,0.555970589736247,5.41368544593501,-27.8842381524741
0459.HK,0.368307808428221,76.6170356782077,90.7339058060308
0460.HK,1.11812708105205,-36.1302412513747,-33.3489107893674
0464.HK,-0.05282416565557,-37.0375818316668,58.2425859968568
0465.HK,-0.251515145389,281.177583372267,599.276216288927
0467.HK,0.519073191859915,-34.0048015599809,-39.4653900550817
0468.HK,0.613586298806712,7.53939600507785,-10.0390898607869
0470.HK,,,
0471.HK,0.203595724091481,-76.942435977316,-70.799042985553
0472.HK,0.353518551255063,-46.8697565528811,-13.7780781427383
0474.HK,0.489118174778564,2.43198405760714,463.739212613802
0475.HK,0.135197600088784,-10.6919437243617,-34.5973182875894
0476.HK,0.589127827480977,-43.3928509155329,-40.6590302511787
0480.HK,0.715443769171297,-5.3260224371282,10.117263451421
0482.HK,1.420109438419,-0.698793827846267,-23.2431418303635
0483.HK,0.397434759436519,-27.6044623953754,-17.3622050905303
0484.HK,0.490829463271927,-10.1473824056078,-10.6310696553896
0485.HK,-0.212679531351708,-13.7414871093835,36.9406994203569
0486.HK,,,
0487.HK,0.82120757388282,-17.2072309308815,-66.7752382916756
0488.HK,0.130878507751965,22.5262967196257,1.61124956989949
0489.HK,0.899848189546898,10.5792110295973,98.8820034816972
0491.HK,1.28044832091644,-18.3158021869162,-29.3559883942604
0493.HK,1.41537167786549,-28.1179059244862,-50.5491918759822
0495.HK,-0.111798251612979,7.15564452196291,2.81994757889903
0496.HK,0.071805601356756,-50.4013550878955,-54.5052565259037
0497.HK,0.760975659884245,-2.47153065131298,-4.28875846964307
0498.HK,0.331634198735647,-56.5031646645329,-20.2043777998805
0499.HK,0.294893726711107,57.5228702201689,54.1216853198553
0500.HK,0.350611797221344,3.20214935127334,-39.7599246489238
0501.HK,,-20.0201817800434,
0505.HK,0.067514644730726,-7.58016476005372,-12.7338680164393
0506.HK,0.728017442237154,-12.7266810753762,2.47637346181993
0508.HK,0.410312921524356,-40.0982549370719,11.6631151187498
0509.HK,0.775603029336213,7.82314111327067,-1.09838375196449
0510.HK,0.788179657892868,-18.7633868324673,29.5140212771894
0511.HK,1.20780768254599,-17.5674695359834,-45.7414744194805
0512.HK,0.827323952468638,-30.0238705401249,-44.9833000524997
0513.HK,0.700134271805694,-13.236066135415,-57.5547230268848
0515.HK,0.794759993701386,7.82314111327067,-67.096193055942
0517.HK,0.364117852764914,2.79472500705282,1.97327699034637
0518.HK,0.0996620958684,4.98569003134248,-11.1805873500652
0519.HK,1.00920537419928,-20.1498436095118,39.8878716301043
0520.HK,1.73160539808833,-63.340132021488,-68.4751098209387
0521.HK,0.521237189167556,-25.3224911548829,-4.17304539698115
0522.HK,0.602603650955789,35.4205194336333,96.1297787261816
0524.HK,-0.074222711574473,677.070223885295,577.719271994735
0525.HK,0.4878142123556,10.6984248762912,10.9042395791078
0526.HK,1.28964108273348,60.4197953148661,9.69088347509393
0527.HK,-0.338122155413084,2.76893137358609,47.1463071007358
0528.HK,0.252364815876147,20.2642727801865,0.63673232256245
0529.HK,-0.044146358172909,-10.5732241951547,-5.93596280757493
0531.HK,0.232894344241623,173.977378369765,71.2591598406421
0532.HK,0.197191675552444,6.05554863600393,5.96601740860947
0533.HK,0.231710124432741,1.08419479369126,-14.412062862277
0535.HK,1.43591044899789,-40.8513054464344,-69.3724027102858
0536.HK,0.298479412996317,15.8846843740759,17.254493489939
0537.HK,,,
0538.HK,0.56188383824791,3.19869565860831,-5.34019237481398
0540.HK,0.439606656524764,7.82314111327067,25.1919193013108
0542.HK,-0.403678928847351,-40.4558772956565,143.957320078488
0543.HK,0.27725609770837,-17.5470097369107,-33.2092981182098
0544.HK,-0.280969252886046,-55.0736912028039,-62.9118939069867
0546.HK,0.659804020797654,-33.1047279883134,-39.4011605924797
0547.HK,0.083138426828341,-26.5552517054533,-45.3132239569686
0548.HK,0.438090617825976,-1.72897608602581,-2.10758391776077
0550.HK,0.605597577396679,289.55457434472,726.640374610446
0551.HK,0.942044257752083,-10.5324650524409,7.87860176037676
0552.HK,0.730469477556302,-5.62673095907079,-10.456816257155
0553.HK,0.612435692334789,-30.6996824602797,-29.0579123959239
0554.HK,0.844922193124576,-1.97896262429939,-28.0715518196105
0556.HK,-0.38512394612593,-2.6113752632313,69.4988496304374
0557.HK,-0.431395941523529,-5.65475152588816,-34.8412881189413
0558.HK,1.28640356949497,-57.1788096721582,-59.0853432783425
0559.HK,0.328648000091575,46.08296537927,-43.0977002408563
0560.HK,0.562816390894341,-12.0390164602266,-23.3512474077725
0563.HK,0.579653272088414,-19.9028094587132,-32.918903762202
0564.HK,1.00502832519004,-31.4205967333612,-8.24633236384618
0565.HK,-0.416620630596048,124.431871502437,139.580639359465
0567.HK,-0.02962096444842,196.513638061494,198.878510639668
0568.HK,0.670998629860629,26.2135366769827,22.6477963867965
0570.HK,0.666238978803435,-26.2262718698675,-37.6963386631318
0571.HK,0.424265529131601,1.08419479369124,-5.30696316677453
0572.HK,1.01222952174067,-14.4446815079483,-31.8885095650322
0573.HK,0.265733677708825,-13.7414871093835,-15.6904254934779
0574.HK,0.181610280488049,-55.1339114638613,-66.9610584762887
0575.HK,0.108269875748799,-2.74775507430488,-7.15358474674218
0576.HK,0.608691591210528,0.433862911102456,-12.8723856862544
0579.HK,0.531373658601952,-8.34417451462373,-21.3085892547049
0580.HK,0.871694887391679,-26.8724240964451,-13.1440934231996
0581.HK,0.896675187752044,-12.7874282959618,-39.269740432768
0582.HK,0.571383054615684,-42.5467934213959,-43.3640104222058
0583.HK,-0.035463699899073,-6.34006810076064,-12.9835565199688
0585.HK,-0.6439683274818,336.967466616939,736.85982979107
0586.HK,1.10350678640863,-11.3387983295113,-12.0327257873549
0587.HK,1.35599017333005,-44.0917046079337,-59.8660107978986
0588.HK,0.838796590337097,-5.8253577618269,-27.4020050945271
0589.HK,0.479987039427106,-15.9762463135724,-21.6762136302735
0590.HK,0.722766171836205,-21.4192161540082,13.8301620967956
0591.HK,0.820204370476194,-19.9028094587132,-34.9002019633184
0592.HK,0.966376908370042,17.6673701667396,-45.2198780705232
0593.HK,0.606125923243736,-4.49604565874302,-25.0297023932283
0595.HK,0.122346348660567,164.780878176893,128.415637525225
0596.HK,1.58798169820675,-53.102167748791,-76.7778175685954
0598.HK,0.843072414591617,-0.744201494566732,3.47636061193142
0599.HK,0.065605385737397,-25.9808706952142,3.80582862397116
0600.HK,,,
0601.HK,0.325999937658717,-29.2410636444161,-26.696449133809
0602.HK,0.905044683922809,3.23492234249319,-25.8237878139734
0603.HK,0.247932261255818,-24.5238012207105,-24.0146119069971
0604.HK,0.965931332363001,-13.4907356184224,-27.4020050945271
0605.HK,2.49221266001455,5.34444821411502,-41.620573742479
0606.HK,0.578458327360703,2.04690141077402,-11.1561752348156
0607.HK,2.62415344257363,-74.9248509038905,8.38533287455947
0608.HK,0.311869705652919,-14.6098614002286,-16.6400663052272
0609.HK,0.471139206091061,-30.4164612582963,-10.0157425940005
0610.HK,0.665087086010668,5.47915978472129,25.368245948214
0611.HK,0.445197106235122,4.58844687987254,-3.09639620141976
0612.HK,0.321449343902492,7.82314111327067,-1.09838375196449
0613.HK,0.528816788035111,352.308939415839,71.1758742754461
0616.HK,0.654921904300263,-60.9141113464394,59.3414928440572
0617.HK,0.568692230480646,-25.3192178354806,-42.3642305313172
0618.HK,-0.124068321632782,45.3268423700605,94.0474749170317
0619.HK,0.872465840956989,-5.29048415726225,-8.16278491253845
0620.HK,1.11959632221949,-30.6851235700403,-69.7533892056979
0621.HK,0.303531266272446,-11.306771019729,-8.29122857000345
0622.HK,0.979211944859354,223.469423339812,450.140240379697
0623.HK,0.662128874942307,-1.50770763691623,-16.48307961277
0626.HK,0.500892047653618,2.81203860200527,-3.77026180864342
0627.HK,0.844814412545981,29.3877693359248,-10.0894397745132
0628.HK,0.653898566246604,72.5170257812331,19.4283667900806
0629.HK,0.618782158929252,-2.95917299805639,-16.55176129072
0630.HK,0.761984051774917,-52.5578179101609,-63.1214312295461
0631.HK,1.07817693833506,-36.9777919384449,-0.967040304091937
0632.HK,-0.188607709497992,-20.2515635539583,-64.7550603916092
0635.HK,0.159012802964982,3.11772037270446,-17.8599323779207
0636.HK,0.747416764285194,-10.4723014678407,-32.5208401141975
0637.HK,0.353127867492846,-21.4564187580054,11.42915430612
0638.HK,,-47.2459322594798,
0639.HK,0.665532385631533,-23.1230776352511,-20.6095869573593
0640.HK,0.204846960440327,-5.31659651343614,12.1800739850403
0641.HK,0.812457405111859,42.4805793282505,14.3549937867911
0643.HK,-0.677259738691116,-26.064131808043,-42.4572414556884
0645.HK,0.57948166743269,64.4759779693959,14.117249516964
0646.HK,-0.16671080191049,-10.7424328532528,-29.7573748238384
0648.HK,-0.236769439770894,-79.6334066786044,-91.1509080199126
0650.HK,0.631741730254092,7.82314111327067,2.06285512354349
0653.HK,1.08437928186958,-58.8175502692369,-38.221935009766
0655.HK,0.482698323279303,56.5174629063606,43.5668622955354
0656.HK,0.88821970099956,12.1158657009185,-21.7249240389879
0657.HK,0.047087240505178,-38.7368516401871,-20.2406320580359
0658.HK,0.822165629411863,-28.5217379136745,-10.2277637133216
0659.HK,0.783351811160327,-1.40496555858585,13.2550189728895
0660.HK,0.337534311716942,120.780717517649,203.76924990468
0661.HK,1.26717069187794,-46.3736758484262,47.5674909097673
0662.HK,0.260195120354113,2.29941462181213,-6.73839445450013
0663.HK,0.28959587347737,4.66807046903708,-7.86116170895506
0664.HK,,,
0666.HK,,-4.187770014143,-15.6996827249616
0667.HK,1.59610940225072,-10.5856878572878,-39.9525901351213
0668.HK,,,
0669.HK,0.781915825398791,32.3100787679667,30.7732347771104
0670.HK,0.720890279763455,-33.4751563320009,10.3782543109475
0672.HK,0.957296946692156,-25.4223273966545,-42.9942073014795
0673.HK,0.117985009025174,-31.1590714430657,38.5167769426978
0674.HK,-0.132019685275757,-32.2254541573727,-48.803869236311
0675.HK,0.216972842394635,-6.46667276921099,-12.0874522239684
0676.HK,0.136852326279523,7.82314111327067,-0.11915982871662
0677.HK,0.759688870235012,7.82314111327067,-3.84565086996549
0679.HK,0.435607582550865,237.486431684537,206.497087976585
0681.HK,0.461192255608411,-17.7139186240829,-10.3704102752178
0682.HK,1.224389896373,-21.7825349212206,-6.34979700407259
0683.HK,1.00662099680267,-9.75573646135729,-7.70723007134256
0684.HK,0.061279273334035,-24.3346378152486,-35.1464811488292
0685.HK,0.344292228479717,-12.6432884498965,-13.461085782969
0686.HK,0.547417762243033,-25.7611159547973,-36.5821697340841
0687.HK,0.114570224195743,4.45366795348094,25.1408205587388
0688.HK,1.2813347268866,7.27581552386321,-5.76873785256616
0689.HK,0.577170054547671,17.8221738278569,83.7246217453808
0690.HK,0.147107970609474,-18.3768744843465,-35.911752671273
0691.HK,0.429088977661425,-53.5975410566103,-65.9495864060335
0693.HK,0.050395566779398,-5.72840121244096,13.0304185691835
0694.HK,0.869804056159028,-30.2556633691112,-44.843329400134
0695.HK,-0.033901409651932,-6.09688345373358,224.286972797344
0696.HK,1.10683312732971,-12.729063249165,-33.3959428079636
0697.HK,0.818500765760512,-9.09336452940241,-6.90265801681907
0698.HK,1.26668051813332,-46.5151701074014,-67.6634715571641
0699.HK,,-19.7638190344993,
0700.HK,1.26004612172866,-19.0197858047835,-16.8870021295788
0701.HK,0.01855255579793,-40.6107832370755,-52.397820217067
0702.HK,-0.949045005043024,7.82314111327067,-1.09838375196449
0703.HK,0.380771544539942,-17.4479075851521,-41.6122988415212
0704.HK,0.118358932989084,11.1664943260853,4.39615048403748
0707.HK,-0.657458300448106,7.82314111327067,2.31201680831259
0708.HK,0.71231373747568,7.82314111327067,-1.09838375196449
0709.HK,0.657730246324225,3.39205312231432,-8.90640608733572
0710.HK,0.996538396407221,-15.1271660313211,-37.1646133399839
0711.HK,0.040411125842792,9.07689856807614,0.051635041617315
0712.HK,0.985662156841118,-51.6952327812547,-45.1634602981189
0713.HK,0.496764219974195,-7.95585514720798,-30.0695642690658
0715.HK,0.788992806377207,-5.94614504304427,-23.7565363785541
0716.HK,0.444603979138462,-24.1868539047316,-36.4203895548343
0717.HK,1.64547254563214,-27.747379666365,-33.035363998726
0718.HK,-0.045214853791723,4.22903640949499,-40.2469401834786
0719.HK,0.661998041455042,-4.67591016103307,-26.0865134769699
0720.HK,0.231689450023053,-10.4238519982059,79.2176938722791
0721.HK,0.202063249893639,-28.2646040756607,-41.3783147329826
0722.HK,0.336941069286766,2.02619804266471,-10.2748223729162
0723.HK,1.50078368566351,-19.5605137726394,-43.3124882480772
0724.HK,0.004552598224677,8.55438201453016,-1.00149273072113
0725.HK,0.099521608510067,39.0351030144806,53.8469586080552
0726.HK,0.420031372552894,0.121488176608464,-52.9614264186173
0727.HK,0.743018922920071,-9.36605529609134,-50.9194118298519
0728.HK,0.493345568819973,-4.90874270822255,-21.2083790557317
0730.HK,0.335210895311396,-2.9591729980564,-3.57092415816537
0731.HK,-0.280138215740647,59.5342394022882,41.987468870942
0732.HK,1.23910668691155,-11.6877129929402,-29.7062892782558
0733.HK,0.70770014058025,-11.7447622739525,-43.9557507927799
0735.HK,1.540852866,108.30494321,67.224168326
0736.HK,0.856368101106511,-69.7338551260995,-27.0771493102042
0737.HK,0.598399061918495,4.95550438153476,-1.63589253592121
0738.HK,0.240428459824689,26.3199979569698,14.9064421139002
0743.HK,0.736865845038196,-21.6243554092613,-35.9176793598871
0745.HK,1.04938887887401,797.513752083704,759.571400038073
0746.HK,0.65994648894039,-15.779934553316,10.1244946875289
0747.HK,0.587432870268236,-30.9931896875068,3.76563016187332
0750.HK,0.553676293621828,-6.7969458173423,-32.7469009513359
0751.HK,1.09538422957402,-31.7170798873646,34.9751540892643
0752.HK,0.388921557790234,-5.7729085295085,-11.1968633269013
0753.HK,0.790396664557599,-32.6105368042058,-25.5206742790626
0754.HK,1.73172422504712,-13.2155205673675,-33.5622730547548
0755.HK,0.582736590924788,-9.12049534738615,-41.6480464136591
0756.HK,0.32145038199273,21.7767240808704,-40.6590302511787
0757.HK,0.529153508671009,-27.2820676212826,-40.8629511094221
0759.HK,0.423508450767805,6.8814542913207,-19.8190468274855
0760.HK,0.479573796898494,-23.5996028683111,-18.2413305682907
0762.HK,0.715540372575419,-9.34869247143542,-29.9146715245451
0763.HK,0.964674947922936,-6.88001449308443,-3.85842885656086
0764.HK,0.62376572112243,-70.3486361938506,-45.6041110635805
0765.HK,0.197536652952977,-51.2144476274382,-66.5049785801489
0767.HK,0.411968429434069,-16.1375569119006,-21.4904695763017
0768.HK,0.285529208283894,-29.6805601435191,-40.6590302511787
0769.HK,0.901772122024697,7.82314111327067,-1.09838375196449
0770.HK,-0.064787572239173,-19.342617329606,-41.4635152541364
0771.HK,0.488337176450438,-9.05021235729909,-27.9148376986784
0772.HK,1.32637074260648,-42.6547583736171,-37.8605279264754
0775.HK,0.533770192028641,-29.4015147472632,-45.6041110635805
0776.HK,0.308455037216961,-70.1966908594271,-66.7442941630533
0777.HK,0.791517759398343,-17.0024796698824,-29.0605679820909
0780.HK,1.08384774329382,-32.3876647762302,-29.6211214748547
0784.HK,0.536053557471056,253.518495453346,998.906847200395
0788.HK,0.590897528654032,-6.85435453565624,-13.9608083606721
0789.HK,-0.07037114614748,-18.5935284594806,-10.840931024159
0794.HK,-0.090880515958043,49.4288096950218,59.6196971091712
0797.HK,-0.132353538813356,135.388547500802,115.911979133035
0798.HK,0.564777511599153,-30.7515171298391,-44.3911667133687
0799.HK,1.00428731286791,14.3059754257746,-8.50053492725864
0800.HK,,-28.9052742229938,
0802.HK,-0.012319935911436,3.62276954008545,-7.86531634832871
0804.HK,0.459417780063848,104.958274069541,119.311540434908
0805.HK,,737.270130557832,681.585339022086
0806.HK,1.10387278246629,-9.71951279801545,-5.57357000753172
0807.HK,0.420514963002277,-21.2709048133164,-27.300989904934
0809.HK,0.467409694313525,-40.4558772956565,-68.9884762612092
0810.HK,-0.210474136841338,-5.60280088551188,-26.1794017685447
0811.HK,0.368184149240966,0.328483482598485,-17.8003123236526
0813.HK,1.26632847955197,-67.1842614003089,-92.6696449133809
0814.HK,0.46723577454634,9.6201934651585,2.25421340898586
0815.HK,1.5790170832998,-62.0622281268122,-38.0506359765052
0816.HK,1.3483622540137,-5.60230836386808,-30.2882841126236
0817.HK,2.06340440630703,-11.3170614512153,-7.73607611760447
0818.HK,0.408402225767379,-26.0037266869711,-30.7688686263751
0819.HK,0.858621908401178,-28.6422448069999,-32.2089196321845
0821.HK,0.22031830811883,0.752771204203739,-24.5298521287203
0822.HK,0.408457692600598,6.36607163876699,6.17379391333222
0825.HK,1.20413893997461,-16.8221482840483,-4.63058433225148
0826.HK,0.922924777612051,-12.0548681422485,34.3221950903552
0827.HK,-0.428391353689576,48.2568190307472,74.0668445965425
0828.HK,0.700459663980816,-27.6950700769832,-45.4445923276965
0829.HK,0.367636251619682,-35.7289511795406,-50.7113256731102
0830.HK,0.471122826531981,-38.6523507458977,-57.3365576969259
0831.HK,0.307378858623923,12.5800443976796,-2.472017310965
0832.HK,1.56458461866603,-37.9200096620563,-63.8628709862947
0833.HK,0.455417570331879,35.2067959991807,59.4536261958124
0834.HK,-0.143075019445096,-8.03320316809268,15.651083515848
0836.HK,0.582872404946157,16.0393716343261,-2.05322659175753
0837.HK,0.233721051934899,-16.3369737328527,1.92921674542432
0838.HK,0.634869344428074,-7.24891087030479,4.10696447161631
0839.HK,1.5692581971946,-31.8072186998851,-34.4089975577265
0840.HK,0.009211511988758,-8.9734286078921,-20.5001362216748
0841.HK,0.455613031171493,-19.2580199105276,59.2316021593372
0842.HK,1.20322573909466,48.6652400198126,-3.40457303358251
0844.HK,0.143132278162404,-5.35524280057353,5.58415788641629
0845.HK,0.220136735529192,7.82314111327067,-1.09838375196449
0846.HK,0.369017996091968,-17.4327297781261,-45.7636297994644
0848.HK,0.396820628375312,-10.8229659965431,-22.2915872336864
0851.HK,0.324628315809185,-54.17516502686,-32.7469009513359
0852.HK,0.442249727062456,7.82314111327067,-1.09838375196449
0853.HK,1.34888955227236,-38.8558483728037,-47.5013762751183
0854.HK,0.510747320131369,1.63503040590034,-53.4681631888583
0855.HK,0.738538522931704,-7.86383521812599,-28.519704144722
0856.HK,0.733445367809307,19.8779022315245,-2.51437605507515
0857.HK,0.546993896057198,15.7495990545705,30.4240437374492
0858.HK,0.377843876274765,1.08419479369124,-42.0498342296667
0859.HK,0.234685334493383,18.9077630968779,-7.37785145025247
0860.HK,0.970243847075063,-33.8357997714021,-52.3152921661257
0861.HK,0.577116723479279,-28.2500421268309,-41.3075654396904
0862.HK,0.148435898866559,46.9090297668313,226.675035485935
0863.HK,0.843388791658404,-30.2144670016887,-36.2013383560568
0864.HK,0.255489918467796,7.82314111327067,12.6048522342091
0865.HK,-0.271343036225002,27.6852986867679,3.50169142236274
0866.HK,0.518571370332096,-57.2925455737167,-10.988545376768
0867.HK,1.12161873637224,-6.64093879216807,-13.1191769931741
0868.HK,1.46360366458017,3.06298190601126,8.71004099990678
0869.HK,0.090397945356847,15.71263924351,-22.2915872336864
0871.HK,0.12544426645106,-47.6897632222746,-33.6139836143323
0872.HK,0.198943378273577,-7.96690635526588,0.949808866706281
0873.HK,2.24173233680809,-24.3498929285924,-46.8861690519809
0874.HK,0.522718866444804,-9.23459390941077,-13.1608877204059
0875.HK,-0.365655924247446,-74.2615727665096,6.06840003412505
0876.HK,0.952635818518052,-78.4353717773459,66.7198673895455
0878.HK,0.14237714885249,6.1384045333758,1.31385079067052
0880.HK,1.41216615667683,-26.038671798335,-49.6390543031476
0881.HK,1.26620800769737,-61.5357447620414,-69.8184313544752
0882.HK,0.533210957612096,-15.5117177843775,-27.6329637209496
0883.HK,0.361292239680798,2.75116853859938,22.9729090914727
0884.HK,2.68479808687553,-52.5064735572498,-87.5953905044837
0887.HK,0.827261532142758,-3.97001494599333,-32.8881889745473
0888.HK,0.351654264203555,-50.426142016887,-56.9992972834628
0889.HK,0.239625314386992,9.26078299478095,19.3098862674714
0893.HK,1.03543405597143,-34.279228273816,-27.2447880474222
0894.HK,-0.023469410806474,87.4068881254466,247.943035475017
0895.HK,0.679332578719858,-26.7701166605703,-40.7317520278317
0896.HK,0.224553964601022,34.7789263915883,-1.09838375196449
0897.HK,0.129050705044373,-8.88185258033466,-8.70620038642876
0898.HK,0.19978535795426,10.8182283664171,13.1760763250716
0899.HK,-1.10879464132904,42.5248417014497,-51.502653917132
0900.HK,0.234031023319612,26.8929253793145,18.7624564172475
0901.HK,,,
0902.HK,0.56755837818669,14.8874158758643,22.2423976825719
0905.HK,0.252445270018399,-91.4117614345825,-92.7928077521378
0906.HK,0.034174962923406,-3.85883061594212,-20.3532566961744
0907.HK,0.259508303062824,26.4848386136444,-39.0606202916145
0909.HK,2.28911873785205,-48.3024268006603,-54.6164399964867
0910.HK,0.353765464432445,7.82314111327067,-1.09838375196449
0911.HK,0.542637340961093,123.940370004485,117.987235811997
0912.HK,0.367469753827849,15.8846843740759,-1.09838375196449
0913.HK,0.031222000657308,-45.520939226979,-56.1789761854858
0914.HK,1.12153562272394,-19.3476025803446,-22.368438459701
0915.HK,0.829979361206749,-10.4519675499955,-43.6490791144914
0916.HK,0.781355215595894,-14.0389302572821,-21.4764640228509
0917.HK,,-69.3559413357117,-93.3868011738257
0918.HK,0.578062312423326,303.011084816815,288.785663871588
0919.HK,0.31002672658586,-10.3253083810422,-16.9226423516502
0921.HK,1.01203395856338,11.0530854285581,-4.64660668539917
0922.HK,0.252192985336398,-2.58084618713266,-40.077256037955
0923.HK,0.230485226317833,-12.7146000511619,5.08296726353772
0924.HK,0.516843789005193,-43.1060872423593,-69.340498963109
0925.HK,0.566548797479727,139.9225210096,134.728213936608
0926.HK,0.30475100938747,0.663010648717521,-1.91914405277807
0927.HK,0.125181492101763,-19.132644165047,-35.2264062600894
0928.HK,0.204598174142126,3.7543433354114,7.31877507765555
0929.HK,0.366242619380878,-21.3182483768025,28.691259696239
0931.HK,0.314238524124987,-42.0305692939405,-1.09838375196449
0932.HK,0.449636788707144,-13.7414871093835,-16.083477122879
0933.HK,0.502699500501169,-44.3239249925317,-41.8866431687338
0934.HK,0.478893162290881,-9.07080726392382,-20.6184395903925
0936.HK,0.796745930467769,-33.1800252255787,101.466255320072
0938.HK,-0.056985952827018,5.09344133825116,-34.3497892146661
0939.HK,0.476809772484898,23.6676375657812,11.2190336562158
0941.HK,0.276510699729255,12.0880861264037,-3.84247483861519
0943.HK,0.381473204392389,-30.3742945277535,-34.3694343791838
0945.HK,0.789732739231667,14.9239326529918,11.7058835847263
0947.HK,0.544623628687698,7.82314111327067,38.8092859621551
0948.HK,0.698957357141743,-38.2601739926751,-0.622895212310481
0950.HK,0.713028501905436,-28.1179059244862,-34.8696673488547
0951.HK,0.702932604550254,4.76432859941902,-3.90410336183783
0952.HK,-0.00924302685042,-26.064131808043,-40.3533980806137
0953.HK,0.383464856669683,-47.1822873966877,-9.16101551131521
0954.HK,0.766875616025906,5.8977278791051,-21.1653783530152
0956.HK,0.364819331108887,-13.530586099871,-22.9460091939296
0959.HK,-0.078084625660956,7.82314111327067,-1.09838375196449
0960.HK,2.87324709575487,-22.5464974171136,-33.972461469061
0966.HK,1.33350989145732,-5.01294711449967,23.7663968831109
0968.HK,1.15203315780514,-30.2135937984079,-33.4661854331397
0969.HK,-0.593541221975375,-17.4327297781261,-40.7983283022323
0970.HK,-0.195621890666605,-14.939522010642,-41.483210386579
0973.HK,0.416018703512545,-8.64425156239075,38.9912314515512
0974.HK,0.222884145397872,-22.7108457506644,9.74014953549145
0975.HK,0.571265653284837,-44.2348494754335,-15.141453049319
0976.HK,-0.086278292578095,7.82314111327067,-1.09838375196449
0978.HK,0.618012467936208,-6.42491681955439,-19.8896908390912
0979.HK,0.080900259525725,6.02608876138282,12.215295358348
0980.HK,0.791137030742605,-20.5513697060111,-42.3073905219793
0981.HK,0.635156246878795,-8.62906579051969,24.5771061268601
0982.HK,0.784333761880642,60.9817139451716,126.28446718785
0983.HK,0.545554662690049,-2.51606419896077,-16.314017020893
0984.HK,0.576552143298877,-40.2425964914404,-58.6411422962761
0986.HK,1.09779989843833,-50.519517434321,-63.9869114749001
0987.HK,-0.023437317583999,87.152923390814,51.6024473171488
0989.HK,0.747869756438068,-17.4479075851521,-20.5544394073157
0990.HK,0.790266145713194,-33.5508548953099,-42.3979597676277
0991.HK,0.663437316272246,13.1477406744198,27.373293652773
0992.HK,0.388763530685179,173.183658520723,116.041743477173
0993.HK,1.0035242565161,-6.20263334048813,-56.2707729812405
0994.HK,0.42380779517397,-5.24633053682275,37.8916764996649
0995.HK,0.292582787568625,29.5031763676974,27.3560976439867
0997.HK,0.475655454675003,-24.1244562536243,-27.7257419725894
0998.HK,0.483225052521977,13.8789613675776,3.74577704385766
0999.HK,,-0.932798420289582,-19.4134978719711
1000.HK,0.368973769352361,-36.5746228745467,-22.7331123062223
1001.HK,-0.118676031642921,6.47535184935477,-5.86472670367704
1002.HK,0.066490146240578,-8.15065757017683,-12.5101087036609
1003.HK,0.364989803572743,-29.5555478059965,-50.2955979881668
1004.HK,0.161341499319504,-70.3486361938506,-63.736074042387
1005.HK,-0.153656481285366,9.20548907626131,-15.0736121348391
1007.HK,0.207363516508276,7.82314111327067,-1.09838375196449
1008.HK,0.423713126005618,-9.87091281300965,-45.3526662765092
1009.HK,0.01621967620708,42.4452506450548,12.1404152733631
1010.HK,-0.046331930839735,-70.7978992818225,-73.7607956892967
1011.HK,0.244023698710056,-49.4579026031544,-43.8058998590707
1013.HK,-0.006286899937484,101.808018126442,51.1596754882639
1020.HK,0.263972243432344,-44.9192628529798,261.502459389371
1021.HK,,,
1022.HK,1.53279916117079,-36.5746228745467,1.43755512619028
1023.HK,0.378792817875602,-3.58122958140219,-2.88841343345912
1024.HK,2.09188613824607,-43.926726128214,-41.2900253062979
1025.HK,0.402126154629734,-16.2785021944016,-20.28616426854
1026.HK,0.073623974696893,-50.3002708931018,-63.0683838061133
1027.HK,-0.125392719863857,44.6228479778682,203.658868636546
1028.HK,0.46831246148738,7.82314111327067,285.957526821602
1029.HK,0.580720080543608,-10.1473824056078,-42.941375241518
1030.HK,3.15909918932514,-32.8997619681363,-46.2893844345875
1033.HK,0.727800622643337,-31.676425433175,-21.855513087972
1036.HK,0.577315512634155,2.97715724301131,0.079016441464508
1037.HK,1.25772698649943,-2.65966427274177,157.144202244892
1038.HK,0.200129544004164,5.63640034186268,11.0102144839433
1039.HK,0.438624215419841,-5.89980411932741,-3.11678408355707
1044.HK,0.623346561205362,-0.42261986043175,4.28877289189937
1045.HK,0.522674081272743,-43.5961670575348,4.74801720851052
1046.HK,-0.116905988794006,21.8261464526565,13.2163238628827
1047.HK,0.009748143182162,31.6076575353156,30.2989547394753
1049.HK,0.938566279486347,-14.1408320764697,-17.4219514822228
1050.HK,0.827279979723563,-24.5647986127688,95.6763160176186
1051.HK,0.117762297902271,-21.3514215872553,-21.9838576376765
1052.HK,0.557786261635458,-14.6113978020171,-3.42852654314858
1053.HK,1.03751942413489,-22.9834706333781,-44.7133822215951
1055.HK,0.777245509402039,-31.5255543913934,-7.11620696282379
1057.HK,1.03857586512603,-29.8026425043811,-30.2855148627569
1058.HK,0.127355729653345,9.34177690359841,-7.52056662521357
1059.HK,0.432355309245646,-3.86852479057797,-8.51600497056716
1060.HK,1.70504418162483,-44.454745487103,-55.3629873570813
1061.HK,0.467576544754005,-38.5284161009399,-55.5659405262449
1062.HK,0.31798906101286,-12.2794784163222,-17.4386507842486
1063.HK,0.014349214203743,-41.7755037988338,-49.1363116438674
1064.HK,0.718151503799129,7.82314111327067,50.8249647782541
1065.HK,0.418156490030607,-6.17667447546835,-3.86662237468305
1066.HK,0.654495629080923,-29.976925598853,-53.5628145317396
1068.HK,0.987440659987919,-28.1179059244862,-54.6216113685484
1069.HK,0.521098979290138,-12.4896680851934,-16.7203587328958
1070.HK,0.977996352894821,41.2674756750606,55.1435411550421
1071.HK,0.552517158870311,8.6007118424529,-0.624035472597406
1072.HK,0.640845121383819,-17.1302144015148,8.58993783967978
1073.HK,-0.251193251892616,0.898719206913823,-23.850738614556
1075.HK,0.34025015888466,-34.7291353127024,-22.8396873237309
1079.HK,1.58503743567078,-32.6105368042058,44.3819215299788
1080.HK,0.771620565512005,-32.9100455295205,-2.83349982649144
1081.HK,,,
1082.HK,0.004272981530838,-13.8862161578577,-21.5380511098918
1083.HK,0.820946029909311,2.82860869113006,-16.3875224956221
1084.HK,0.003573064591194,18.0920116954869,-3.88434477303593
1085.HK,-0.347981918579374,24.4113166691584,49.5990834003899
1086.HK,0.898933021581492,-10.8008559881125,-21.0522186090243
1087.HK,-0.124374099316649,30.723631261222,170.990428519617
1088.HK,0.353669435790744,7.77356725528755,24.8256102892477
1090.HK,0.198048549295967,-5.3260224371282,-17.1986468621098
1091.HK,0.930634583958365,12.254229104227,5.86651880071407
1093.HK,0.713970727737342,-10.4710221656634,-12.2210579196767
1094.HK,-0.443948695521888,-15.1555610911969,-50.5491918759822
1097.HK,-0.068432310181717,9.43244172690156,49.4513312192537
1098.HK,1.28050908774938,-23.558220852532,-47.8019247579813
1099.HK,0.491572594453186,-9.80767496668759,-9.85795017558042
1100.HK,0.151313879491629,23.9541622247049,4.63504327690711
1101.HK,1.03850334203246,7.82314111327067,-1.09838375196449
1102.HK,0.531986381308267,133.61680574542,131.429782020403
1104.HK,0.464958726362772,-51.7548107331011,8.35544721292123
1105.HK,0.645031288846764,-8.76503444261714,-22.2915872336864
1107.HK,0.099909147596998,7.82314111327067,-38.7751899416923
1108.HK,0.968176705301298,-37.2372760683947,-53.5281562208026
1109.HK,1.20822592991391,23.381513824246,11.8588760881596
1110.HK,0.746501074313406,-25.6392130253306,-30.5953570189225
1111.HK,,-11.7447622739525,-12.5709712367366
1112.HK,1.54445103371817,10.6740580647402,33.455478609203
1113.HK,0.562602107781429,13.0042530888434,29.7782183937637
1114.HK,0.991026183547659,-44.101516523587,-31.8031338943285
1115.HK,0.304760694002362,-18.1699375479643,-8.62350672735851
1116.HK,-0.377060822045352,-28.1179059244862,-23.6548927208147
1117.HK,1.21930194845647,1.6421967182424,18.0438645541069
1118.HK,0.44612450328508,-3.97001494599333,8.41138704111581
1119.HK,1.27657760787516,-49.8064687920981,-76.5759329938863
1120.HK,0.049223338162267,-12.6065066766122,-33.7789178165327
1121.HK,0.504867735219916,-65.2650283661947,-67.9238001357723
1122.HK,0.802557562756558,-43.8969021849649,-21.855513087972
1123.HK,0.683684696809784,-4.96943495101569,-12.8324738152907
1124.HK,1.09520185243955,-36.0842204740921,-24.6775770296418
1125.HK,-0.265095902727116,-16.5240197832743,-27.3375880626678
1126.HK,0.507944429440679,-18.5362772341108,-53.413928346615
1127.HK,0.074040316897231,-3.44196318214568,-16.4211693678573
1128.HK,1.69907869662687,4.55026330544797,-14.225596768295
1129.HK,0.864114709387405,-40.4231457577521,-42.4251305413222
1130.HK,0.700836117644943,27.2313065136594,2.37184839708939
1132.HK,0.238384308234529,32.7054044471023,61.4720265274049
1133.HK,0.599339201975592,-17.5719068427499,100.63635171151
1134.HK,-0.091233482582259,60.5366767686474,75.3018065772058
1137.HK,0.766225605534632,-21.3789596049068,-38.5522502600963
1138.HK,0.588349167935592,3.44376983556081,104.059057620194
1140.HK,0.38649059842745,-46.6559196597503,-2.13945339668066
1141.HK,0.213451654762394,-13.4018866649322,44.1137836757089
1142.HK,0.629086817627046,-57.834525821626,-98.5666432427821
1143.HK,0.859495802885652,23.0289687061678,8.66967711203901
1145.HK,0.778381663181713,2.36374156323165,-16.1850709762411
1146.HK,-0.029006736117288,96.0514244467549,10.6644286350039
1147.HK,0.474830915077803,-14.6968820306403,-14.7399859930728
1148.HK,1.28280681240662,-22.8390646408157,-2.37728396206841
1150.HK,-0.25122034884511,-42.9580801852375,-45.9337831177406
1152.HK,0.857834858113085,-14.8020425957435,226.51081528461
1153.HK,0.45917514130298,-0.066357016968654,-23.3007873994827
1156.HK,0.147143884779681,46.812759105123,195.7352250554
1157.HK,1.22070537340457,-2.76777097241153,18.6819394976426
1159.HK,0.526357241674196,12.3157719929903,-30.5466178033459
1160.HK,0.799501771780868,5.1933084031909,46.5209129600526
1161.HK,0.428353567427622,45.6759459721848,41.1292726236012
1162.HK,-0.01875418268846,8.40283542033125,-27.472148084774
1163.HK,0.519033100611714,11.7439826082987,12.0011680689674
1164.HK,0.587251587379232,-49.3718453318827,8.92850821788242
1165.HK,0.435510120475152,7.82314111327067,-5.05444840188591
1166.HK,0.103117907444894,-73.5343199085608,-64.7313104323043
1167.HK,1.27987624082442,-16.6742765476644,-38.6784587319626
1168.HK,0.993970172210049,48.1206787010587,-50.4581222477612
1170.HK,0.566265621321921,-8.45204999816642,-14.2274331234468
1171.HK,0.559280876444995,12.2221755163294,29.034861677252
1172.HK,-0.364371143434886,-19.132644165047,-34.0655891679763
1173.HK,0.524604203637959,-26.2262718698675,2.8576808979569
1176.HK,0.612057316194961,-63.1823420588832,-81.2888834125338
1177.HK,0.873825769053642,-17.4355742280519,-31.4893439765264
1179.HK,1.17635590119065,-7.45544163557336,30.5347401997418
1180.HK,1.16724658107688,62.5904508850907,-6.97372729145177
1181.HK,0.046002871720595,-49.1690906180295,-52.2377560558268
1182.HK,0.642178502289798,-13.2457485295524,53.8469586080552
1183.HK,0.648972533324458,-14.375740880638,-17.5819864599704
1184.HK,0.416604218910175,86.3901126465729,65.8859380805691
1186.HK,0.63250175989576,-7.85670526047249,-17.4084748525177
1187.HK,,,
1188.HK,0.217205203764838,7.82314111327067,-1.09838375196449
1189.HK,0.615434108480823,-4.88216261303446,-17.8895943557299
1191.HK,,,
1193.HK,1.01459292219977,-15.9260079981096,-17.6392495959287
1195.HK,0.702196279453886,-28.1179059244862,-46.0536638647079
1196.HK,0.113214366197529,-30.5607361740242,12.5432184891439
1198.HK,0.395045338724295,-40.1857027400834,-72.667189691452
1199.HK,0.987264838839028,-6.95197120893936,-7.4000796544942
1200.HK,1.11340783518988,-4.05692422645817,28.3602039318125
1201.HK,2.15806176497898,-27.2736531417201,161.568748234936
1202.HK,0.452497613940796,65.881755558878,63.1366865946978
1203.HK,0.402264495269609,-17.5470097369107,-33.725721070904
1204.HK,-0.38697559424215,-9.20156537829838,-11.0996707882827
1205.HK,0.75883360465578,-6.41765110923679,8.32081779546747
1206.HK,0.353428114301111,-38.1067163999148,-36.6456313309686
1207.HK,1.05798550835884,-24.2031551273871,-29.1869767749989
1208.HK,1.38134904348682,-22.2243471360368,98.0492564170861
1209.HK,1.47480135449593,-0.887835115891333,6.18029391240935
1211.HK,1.03479783620936,-1.82640069842281,-27.8473010068891
1213.HK,0.163077347865217,5.70896187575554,70.5200280138543
1215.HK,0.57780876126238,-20.3046348293217,12.0884984144403
1216.HK,0.364407222806289,-9.87916563666928,-27.1251248698686
1217.HK,0.123310857759441,-22.9834706333781,-17.5819864599704
1218.HK,-0.146556792610571,-21.5211314681891,42.171073356551
1220.HK,-0.131443504524326,7.82314111327067,-1.09838375196449
1221.HK,0.167495958665339,15.0113505208221,9.13281792886675
1222.HK,0.501991909018067,12.5111037703694,3.20168651968922
1223.HK,0.158143402839134,-2.73297060411247,23.8670727766658
1224.HK,0.285360793968638,7.82314111327067,-1.09838375196449
1225.HK,0.474284933178441,22.0639333357781,5.02826504216158
1226.HK,-0.789092130359894,26.5124855729042,-20.1528235795677
1228.HK,0.753821682260761,-24.0249753009694,101.881649660938
1229.HK,1.19470973985233,-27.0761364451309,-45.7010734324511
1231.HK,0.074884627975525,9.65065197959729,29.0021081496115
1232.HK,0.944130185752945,-21.4621564730498,-62.1091210478306
1233.HK,3.08880815480387,-66.917899885701,-87.1618094293415
1234.HK,0.234091173287313,12.2428003181507,-8.51111827373763
1235.HK,0.128837424006586,20.5082165383613,18.9323233362452
1236.HK,,,
1237.HK,0.304582086567577,-8.35033005371993,1.8986349222184
1238.HK,1.84399941816985,-22.0355748873274,-52.3243490906906
1239.HK,0.089630142020122,-50.7359786292815,94.1402096720697
1240.HK,0.368026466397901,0.752771204203739,-15.4391181079296
1241.HK,0.361233186228038,-22.1597644369436,6.81374554787835
1243.HK,0.478195322844821,1.66181876394089,-4.00725481808318
1244.HK,1.44032392206993,-51.2490074803542,-65.5859579826585
1245.HK,0.336823057205491,-6.10616419801311,-9.99952921428769
1246.HK,-0.214658750256284,7.82314111327067,-1.09838375196449
1247.HK,-0.116880331917652,-60.1523174146608,-48.0001811479401
1250.HK,0.665235991197151,-31.277558411322,-46.6391279778041
1251.HK,0.527697413556605,-1.97896262429939,-12.9665777017288
1252.HK,0.325729631813135,-0.470946664673233,-8.70620038642876
1253.HK,0.139472637972124,-39.6190409765684,-42.9861271040737
1255.HK,-0.39054193845942,41.1969705054735,625.27851915226
1257.HK,0.932445996216495,-13.0458539409108,-20.2406320580359
1258.HK,0.958801926865364,-9.04198992202123,79.3681705254044
1259.HK,0.605608793896586,-14.375740880638,16.1018973346504
1260.HK,0.504054979193633,-1.97896262429939,-4.67314096574891
1262.HK,0.549976330043253,-23.325766319452,62.3000882019044
1265.HK,0.565271480202996,-7.41273752230018,-33.2202762085914
1268.HK,1.55190965314075,-64.9977116535278,-80.5329397882826
1269.HK,0.394835397469479,-18.0544127539143,-20.0369911186096
1270.HK,0.742506691143163,0.565814307569745,-18.6995188469539
1271.HK,0.107701509522699,-72.5410400631537,-85.356427361725
1272.HK,0.323094626439573,3.79236948286803,-23.4070189958823
1273.HK,0.059475661963602,25.7936646321491,68.8564179844509
1274.HK,,-41.9985861597578,-79.7789618156048
1276.HK,,-9.48755756798159,-29.5114397645419
1277.HK,0.534909976054286,7.82314111327067,24.354238076574
1278.HK,0.639486182206187,-8.35033005371992,-45.7636297994644
1280.HK,0.73712335365805,-53.8989396653507,-68.0877451573005
1281.HK,-0.306160271675459,-3.4726165271672,-21.2139667176666
1282.HK,0.478303582772666,-18.8759224004916,-54.0398371553247
1283.HK,0.217192483701751,-12.1665423515492,-9.80670216374122
1284.HK,,29.0840421778592,42.4853793403901
1285.HK,0.159065241070017,15.8100404549944,13.5899750967536
1286.HK,0.627328498736948,16.383146209286,122.686123208156
1288.HK,0.463593029466454,21.6861163992626,20.6676090130472
1289.HK,0.155684714401449,-22.3039130213197,-11.0792808045185
1290.HK,0.135383735515113,-1.63502915982325,-18.3669199222564
1292.HK,0.450328996644345,-43.1477983220937,-38.9755984852547
1293.HK,0.350680919263926,7.82314111327067,-1.09838375196449
1298.HK,-0.054642876683709,21.0259747189773,12.1564720338547
1299.HK,1.00101076446674,-5.16175038827121,3.33103355326172
1300.HK,0.396507102344249,80.2186787178953,256.045818492928
1301.HK,0.04923585780371,12.799593780037,-49.8111201129372
1302.HK,0.864069136801748,-10.3563419814087,-30.3303885543395
1303.HK,-0.337035174170627,-10.4599132494144,-27.3453511408662
1304.HK,,-19.9719626060084,-35.1827642875727
1305.HK,0.661242854969082,11.9176907757999,-2.28996948989264
1308.HK,0.937231060192152,44.9148892482854,54.8246392798188
1310.HK,0.4070890508189,-6.44080216344937,20.6599718226033
1312.HK,0.346605203940391,11.5411804620041,-7.27973476746672
1313.HK,1.44685897467003,-30.2320851620013,-45.3307648880206
1314.HK,0.587821218006604,29.3877693359248,-7.37019356281553
1315.HK,0.552230602536319,-9.68659975127757,-32.2212699838638
1316.HK,1.39675006226512,-34.638184369389,-32.9231612575205
1317.HK,0.408981402287904,-42.5955671256108,-50.1535854109901
1318.HK,,-23.2893774088997,-40.4242489663169
1319.HK,0.170949729576355,11.8165907841325,24.7407772497745
1321.HK,0.426243698761814,37.7740136447347,-1.09838375196449
1323.HK,-0.477662811423763,117.53791628116,37.8628590124131
1326.HK,-0.341557145737848,7.82314111327067,-34.8696673488547
1327.HK,-0.469266278148354,156.872777358086,162.656751347242
1328.HK,0.88333865319588,37.3543198895168,-65.0524324211889
1329.HK,-0.009704953485168,35.2681144577319,-5.22381431217407
1330.HK,0.595426420806771,18.0029752453521,7.82364304968171
1332.HK,-0.272243487162724,66.5268512749403,34.7776927301661
1333.HK,,-38.0395075867127,-60.8151454796212
1334.HK,,24.7365750133915,20.3133063635896
1335.HK,0.166910924115723,-1.37108022196948,-5.88394582848235
1336.HK,1.39037166355009,-17.6995517831618,-3.12661994304095
1338.HK,0.262083132053016,-1.16212064616855,-37.2355127656698
1339.HK,0.640709922534432,-13.8370467617734,-15.2047949442358
1340.HK,0.316108358621326,67.1258687255695,96.5352630569936
1341.HK,0.213288081223097,-81.6471249168901,-92.8719555857272
1343.HK,0.395984934039431,8.72921792934855,67.1576612642854
1345.HK,0.113396663608489,-4.0055579118139,-5.14435896211141
1346.HK,0.384762950237131,5.54518742777903,-7.11267122650719
1347.HK,1.26237886435317,20.2135754221306,219.474406203808
1348.HK,0.927182458126412,25.4480776414014,219.122548426995
1349.HK,0.732290939767796,-18.8791414821788,-45.1815521950843
1351.HK,0.970634554625706,-35.8811720846417,-34.1639987363823
1354.HK,,-34.3537342748857,-68.7593912669872
1355.HK,0.364145686683911,41.0151475220868,56.8934147917485
1357.HK,1.60079572558074,-40.1721165216131,-59.0940006327059
1358.HK,0.293782400490546,-13.7414871093835,-29.5495336315364
1359.HK,1.20995914395737,-14.6040722382896,-33.8428377800303
1361.HK,0.629367645334046,-8.79476235579972,-22.1973952182121
1362.HK,0.211521752221936,67.7248861761988,118.624625390394
1364.HK,,-13.2099645827688,-2.41042542130449
1368.HK,0.975775906642812,-18.7047745574547,-34.410795507411
1370.HK,-0.068889646817958,-52.1534811309861,-53.1865683092632
1371.HK,1.00709877544629,-40.6972723877011,-71.202176445425
1372.HK,1.18028242167345,20.5658759721117,-23.9693825093227
1373.HK,0.146554823767167,10.9484495513365,-18.3486656556916
1375.HK,1.12824398200507,-15.0042806539533,-41.3295496833688
1376.HK,-0.239819188636709,-16.5240197832743,-18.1503865533499
1377.HK,,,
1378.HK,1.18953031751942,-36.1961522005012,10.2509820469904
1379.HK,-0.076088665141343,-44.6571488091177,-22.482516994783
1380.HK,0.666538464442469,-42.143680378245,147.254040620089
1381.HK,-0.006130439296847,-8.44964658915366,-2.80983353965508
1382.HK,0.646965342261868,-14.6040722382896,-35.1572184863873
1383.HK,1.0292485148191,-8.51875098195124,-29.0749281630394
1384.HK,,-61.8112466149902,
1385.HK,0.872596477685527,-50.8840823472296,-31.0057587251728
1387.HK,0.19062784773505,-7.86209430768339,12.6272730091988
1388.HK,0.501998919151839,-18.7633868324673,-39.5601234039783
1389.HK,0.369728942819012,99.9629162464292,73.9304285741314
1392.HK,,,
1393.HK,0.151303413883544,-29.9149582763741,-47.1621502236523
1395.HK,0.753199654440134,-27.2820676212826,-20.8787070015716
1396.HK,1.10271402694627,82.0804696017145,170.516815146035
1397.HK,0.193013372846333,-21.2719922030087,28.1542069692855
1398.HK,0.459988626386994,22.3849917340311,21.8754677982381
1399.HK,0.255100567387284,94.8289431007118,81.4024619624772
1400.HK,0.214431218488189,14.165678825816,-10.9885453767681
1401.HK,0.996667110591491,-82.5757803960955,-73.8798449592
1402.HK,0.230874093958325,22.9562135502209,-2.96445198305951
1405.HK,1.1222663493535,-38.7589670125208,-56.0211844330673
1406.HK,0.418615860116908,7.82314111327067,-1.09838375196449
1407.HK,0.116093408528485,5.99563024694403,-1.09838375196449
1408.HK,0.613027019528344,31.7838391384419,116.142605045376
1410.HK,-0.090592094558414,23.8509053328109,296.539499107689
1412.HK,-0.046746328645323,-12.9120783315891,-33.4316044484376
1413.HK,0.256253812500494,-53.5531084435142,-54.478160192685
1415.HK,0.696617646474501,-26.5943933332904,-27.9479634206752
1416.HK,0.862481396309152,17.1182394851043,119.910652598573
1417.HK,-1.42295058377113,3108.39590629732,2759.24103845032
1418.HK,0.092863703284812,-27.4166172017983,-58.6411422962761
1419.HK,0.02837335292822,-1.61138373414053,-24.793562644723
1420.HK,0.510637399807974,-10.5397519147536,22.8190005694558
1421.HK,0.452417497758507,17.1990664274681,-10.0894397745132
1425.HK,-0.060274576655884,0.977227391793156,-18.9556200189709
1427.HK,-0.538918406244505,-6.21894238055063,-25.4249909742636
1428.HK,0.66032684768445,-25.915067557656,-57.7552588352308
1429.HK,0.235533690149831,-6.2407468580255,268.006013946179
1431.HK,1.04208294636574,6.02608876138282,-11.5879491116046
1432.HK,0.714568107540512,-1.9789626242994,15.3852189560414
1433.HK,0.48959101522848,-8.06658494552712,-29.727798981659
1440.HK,0.911757354158054,83.6611625137456,45.9373849055315
1442.HK,-0.119506976917391,2.76893137358609,-11.2794324833799
1443.HK,0.015976992695232,-10.4519675499955,-19.230346730771
1446.HK,0.607978811386014,-6.00033851663583,-17.9840255504096
1447.HK,0.303626946044189,42.1843619076097,7.89267227058417
1448.HK,0.818962907755386,7.41626133548474,-26.2771564932333
1449.HK,0.542577442785441,104.863968115214,67.7795275636316
1450.HK,0.229334887041414,-8.68040089386261,-21.8206271563148
1451.HK,-0.106313998375599,-17.6468922205728,10.6756208174593
1452.HK,0.593421476913655,19.8034901258563,83.5287724190349
1455.HK,0.341574866224115,12.1169830160115,-8.85540006884963
1456.HK,0.925094634362655,-19.8289190615349,-36.9345706519647
1458.HK,0.957679010624863,-15.616672172223,-53.8459124175834
1459.HK,-0.138305536711292,-3.86852479057797,-45.1096029823403
1460.HK,0.602679855886337,-18.337227550277,-30.7688686263751
1461.HK,0.812949358747974,1.66181876394091,-21.3553412967428
1463.HK,0.003328585580462,22.0639333357781,24.6659028336582
1466.HK,0.122151564739737,68.596184286205,23.2686811207399
1468.HK,0.523784876875292,-64.4817888097461,-85.08867939645
1470.HK,0.357414900737684,6.32559748669745,84.7898619371189
1471.HK,,-43.6318677308086,-40.867977327759
1472.HK,0.509662232147835,35.3779438422176,92.6876316556554
1473.HK,0.108760968521576,186.8095553613,378.32418039959
1475.HK,0.064197444368572,0.13225971917723,-3.84967322299331
1476.HK,0.431848450726641,-28.3221164190189,-42.9975906353687
1477.HK,1.13292560059774,-23.9072393259206,-49.955782178494
1478.HK,1.21286447748146,-22.8734470199972,-43.1721041066616
1480.HK,0.364835141144236,3.00960802785679,2.74245571397862
1481.HK,0.609731755566884,-47.3176834951446,202.760049738884
1483.HK,0.233906479051273,-0.841218440474312,-14.3960800542214
1486.HK,0.044258817283033,-39.553693618318,107.918170521438
1488.HK,0.129315066591307,23.8509053328109,-7.61936943864816
1489.HK,-0.324189905937952,58.1406069661303,81.3196297880651
1490.HK,0.859499198153119,49.3862513748108,17.9211578341962
1495.HK,0.588469975480685,4.66807046903708,-7.86116170895506
1496.HK,0.094579134342517,7.82314111327067,6.92066621409244
1497.HK,,-12.7901064525017,-37.9042363739503
1498.HK,0.388115117294007,-10.9287095151242,-40.6590302511787
1499.HK,0.445134134043326,-36.9119919018097,-79.0785042552233
1500.HK,-0.054636785431805,72.8026499961026,305.664256474993
1501.HK,0.304555017762302,13.7246008651239,20.8961547867777
1502.HK,0.518587471589866,-5.41829726906081,-19.5921819121663
1508.HK,0.982737163027464,-12.354288802663,-1.80482386802189
1511.HK,,,
1513.HK,0.68091767190668,-5.10111418515504,-33.8800959405717
1515.HK,0.965679287374647,-15.9177339942385,-43.7055532516762
1516.HK,2.54088946741664,-38.823749722967,-58.3572142113535
1518.HK,-0.215710296879084,-43.5212117978106,-63.3286142001666
1519.HK,,4.13687987862892,-7.89107717559331
1520.HK,0.071804186819289,-33.122355512022,-71.1536952609897
1521.HK,0.831650841545243,19.2275118079435,-35.7418877484515
1522.HK,0.63707941093704,-11.7810663618695,-19.0804957970618
1523.HK,0.6360567103316,19.7263939298413,24.0361446735254
1525.HK,0.305171795238854,8.24268640943124,-9.19353383632328
1526.HK,0.088581601123101,16.9995786548256,-5.71995460467644
1527.HK,0.38880659389752,-3.72933829172262,-19.4986844492734
1528.HK,1.4310655694065,-11.5513295555202,-37.0626078421592
1529.HK,0.052163123515977,-44.1967953887459,-5.88394582848235
1530.HK,1.02926758209949,-22.3104490247333,-48.4709313855243
1532.HK,0.287577063028214,52.8481890506804,20.3614009056281
1536.HK,0.29801698045752,-41.2275501308811,7.8189750900715
1538.HK,0.967609121385752,55.5141458364481,80.9175906976259
1539.HK,-0.764419146398475,37.7740136447347,-9.01051305180733
1540.HK,0.020870482019263,32.7054044471023,25.8747843156816
1541.HK,,-30.6531665039131,-73.9289957169294
1542.HK,0.00433597295261,-18.2031343278636,-47.5702275311619
1543.HK,-0.264757496843824,-21.206166109533,-43.9065460085769
1545.HK,0.285311890778121,55.9771652997799,73.368715540674
1546.HK,0.050659869734173,-65.8326669718986,72.3713883180047
1547.HK,0.279747799474947,-3.99309352927955,-22.234616256585
1548.HK,0.852966613051843,44.2061994904619,-7.27973476746672
1549.HK,0.760924146320447,-32.0714210986395,-56.427959275341
1551.HK,0.218476678991631,7.82314111327067,-14.0230267843782
1552.HK,0.283390089098797,5.74961916878467,26.0995607162453
1553.HK,0.88901486903575,7.10908057609667,9.89068472003942
1555.HK,0.46508849758713,-12.3936978454676,-34.0655891679763
1556.HK,0.35465726997513,-21.3182483768025,-24.7790524310716
1557.HK,0.342583879880307,66.7664582551919,245.55986399916
1558.HK,0.818125400383942,57.4233438859158,30.8014492843141
1559.HK,1.00385424700109,-31.2530099851293,-48.1794741273645
1560.HK,0.486468126565505,0.387062415803729,15.1010189093517
1561.HK,-0.031543553111048,-17.762011015302,-33.5735413259463
1563.HK,0.7603753062656,-16.8592646837431,-41.391634815979
1565.HK,0.11950949241481,-2.95917299805641,-20.7601811370473
1566.HK,-0.168579252432962,7.82314111327067,-1.09838375196449
1568.HK,0.378394235608023,-15.0892763732994,-27.5488160043461
1569.HK,0.571833239711958,-32.4686642501094,-22.5704451742354
1570.HK,-0.038329201430456,132.249137583806,772.197586767096
1571.HK,0.343057885470227,8.10247567574027,-5.02499878910735
1572.HK,1.52442003099856,-4.15720789931495,-17.5819864599704
1575.HK,0.235476070946234,-17.059122220561,-30.5953570189225
1576.HK,0.483063530577715,-1.60401876548525,-17.0021612390858
1577.HK,-0.203355071433056,11.0578353466688,21.2722199231864
1578.HK,0.117275560711295,-5.20548843791622,-18.4834334830645
1579.HK,1.82060784366968,17.563939129063,11.1580486340743
1580.HK,0.992303180590124,-48.5089489377442,54.2865213469354
1581.HK,0.322481222243726,93.5287148186909,73.9475662653891
1582.HK,0.301240763854747,20.1457858119302,-10.298534100619
1583.HK,0.35389904031009,-12.6721667016486,-28.2047526495742
1585.HK,0.967302495130066,6.28555621325968,-15.2052809532347
1586.HK,0.214443280173116,-12.5208477760257,-45.6515080042744
1587.HK,-0.002240580344562,-11.6203761366634,-21.5066537714004
1588.HK,1.05981145078094,-44.8742048812783,-44.8386562940932
1591.HK,1.10302470076481,-1.22495464448631,-14.1979355728963
1592.HK,0.943681090484376,114.895565104315,-2.04000138135322
1593.HK,0.052105858844041,-11.0031216207925,-23.8091252607727
1596.HK,0.003066763168938,-49.9950649909469,-60.4393535007858
1597.HK,-0.246505940036711,110.572252056505,105.220853714674
1598.HK,-0.074035675837953,7.82314111327067,-1.09838375196449
1599.HK,0.600885833400989,-20.3046348293217,-28.4541499482296
1600.HK,0.61315051171263,-0.948911045097123,-22.7598328437533
1601.HK,0.349652397544517,1.40509699938551,-19.451260993868
1606.HK,0.585348920964656,-2.89220210295501,-20.3292535779714
1608.HK,-0.409001880743822,-44.8538133237471,-76.3342561120772
1609.HK,,,
1610.HK,1.25705658802508,-24.1970644294582,-36.6155387581651
1611.HK,0.627671408972902,-28.7666612861786,-64.2312336494259
1612.HK,0.632578486513555,-19.9663282458197,-14.205826869174
1613.HK,-0.369532298353441,380.455447447735,331.860029824179
1615.HK,-0.047189865159596,36.0230395582799,84.316648462248
1616.HK,0.421275830618413,7.82314111327067,97.803232496071
1617.HK,0.671171199452068,81.5152159748585,91.2642826614902
1618.HK,0.968525068611428,-15.4003046649723,-14.9890601912953
1620.HK,0.339322734456969,32.2778741492702,8.97492901403913
1621.HK,0.348054897197526,36.080240163645,64.5363252126409
1622.HK,-0.191104920123975,13.498043277127,40.0376867228821
1623.HK,0.587931357054473,5.84473485431156,20.2553743015886
1626.HK,0.164709394218469,891.446931700074,728.575762789098
1627.HK,0.19374884352216,13.498043277127,-31.3183220499753
1628.HK,2.16984243815684,20.3850604662731,-72.9197955511331
1629.HK,0.400341099396408,10.4854408938452,36.8139024764491
1630.HK,0.931148632042703,215.440040490951,491.259662352386
1631.HK,-0.560506339647431,199.122262443267,131.969245381756
1632.HK,0.088198653311577,-32.9392658929658,-72.7352301154064
1633.HK,0.197065050752385,275.037012567898,641.762121860266
1635.HK,0.655096337405697,-24.1970644294582,-7.85070293355731
1636.HK,-0.197572284961093,-46.0884294433647,-67.7268410137989
1637.HK,0.071985240203388,50.919386703458,180.261070450648
1638.HK,2.58907044049467,-51.7967133846555,-78.2759455640153
1640.HK,0.53628697983486,-84.9866512373927,-90.7411252874179
1641.HK,,-48.4519847287286,
1643.HK,0.480038012723354,33.3602008506242,47.5674909097673
1645.HK,-0.089179389219394,-23.1986006036759,142.499155223549
1647.HK,0.845736987304282,-13.4577420011906,-47.5391426858247
1650.HK,0.188302315812827,20.8662630221341,49.4274419399667
1651.HK,0.538548947580791,38.8835267460002,140.722801811256
1652.HK,0.189924341685918,53.8276813215995,202.356369672566
1653.HK,0.234260207676539,-53.501270394902,307.415613200863
1655.HK,0.267742010818337,-14.9764658181698,13.4832647974253
1656.HK,1.21381662096722,35.7905020262944,29.8040460902214
1657.HK,0.081394984345203,268.601109548652,430.653739196298
1658.HK,0.82221118615383,5.31562620365971,-11.9321297013959
1660.HK,0.782500279969204,-44.706081480374,69.0625918769838
1661.HK,0.969139184111769,78.964182672542,73.0778284340621
1662.HK,0.262218424840823,-55.257063891772,-70.6709365323918
1663.HK,0.222573309935466,-39.1116379595648,-39.1374669242858
1665.HK,0.256183712821466,13.3581953422372,-10.0153078915794
1666.HK,0.8084334918715,-11.7136206939504,-33.5068229744846
1667.HK,0.262550339798736,-22.1277314181934,147.254040620089
1668.HK,1.16667830257115,7.82314111327067,-7.97849618661045
1669.HK,0.164683348462876,54.550688731411,71.3971093397008
1671.HK,0.715302752278871,33.7805639738729,-32.3835888916492
1672.HK,1.30831605292927,-27.9009033763337,-21.7617571466433
1673.HK,0.402458948210976,47.0315560635509,31.8688216640473
1675.HK,1.04807204690305,-44.1584209508837,-60.6208243562868
1676.HK,-0.805500550100393,-48.6505716241835,-58.8939666210342
1679.HK,-0.074424796301373,121.422521929038,101.317144476637
1680.HK,0.62529901195643,-58.3840507983868,-84.1948921334141
1681.HK,0.673262747035195,-17.9501069031186,-2.18283129854383
1682.HK,0.218423182120315,18.5693332130008,27.7036989102023
1683.HK,-1.0554109774876,-47.7331892230586,-82.5395912055937
1685.HK,-0.011162047602436,144.184628079442,81.4523565164708
1686.HK,1.21512714900597,-30.5139757270034,-40.6334412172206
1688.HK,,,
1689.HK,0.189785764435942,-24.5238012207105,-51.4167499132457
1690.HK,0.075785817465821,66.635763538691,89.8272957018746
1691.HK,0.910855867409403,-13.7414871093835,-23.4310067757144
1692.HK,0.031020571777095,-17.3986462816464,-34.2329353883622
1693.HK,0.232431911545838,78.8286242854245,133.517705030084
1695.HK,0.051994666796637,-5.21042539492688,-21.6620861401699
1696.HK,1.54771379075006,-37.9579141622016,-63.171770526257
1697.HK,0.470635770826912,-27.6449974108315,-42.0231904752895
1698.HK,1.56782387970774,-39.8584729334598,-56.2955589311343
1699.HK,-0.018793820209508,-9.92337480620421,-34.2216832962726
1701.HK,0.587158331377592,-30.6851235700403,-42.1063709767597
1702.HK,0.200470941040128,-24.2608179497026,-16.2245132957817
1703.HK,0.228192166922602,76.1111304850087,101.924133173072
1705.HK,0.354196886190766,124.158635472326,66.2388868849958
1707.HK,0.447218209175335,0.634931705719288,-61.1788048372197
1708.HK,1.22939782326622,-35.9800099639955,-11.9157480290934
1709.HK,0.043260632999425,-46.8851521609504,-72.9777004786788
1710.HK,0.435796380484645,243.78392818724,350.172873956575
1711.HK,-0.046820108836017,13.2142981689342,91.7169791884996
1712.HK,0.488437862723358,-41.3509276925591,26.6044249876685
1713.HK,0.512721572767899,-19.4627150051897,-39.4682415605669
1715.HK,-0.297458899045829,-4.02555571236346,12.8314213533926
1716.HK,0.011045309255644,772.56875308332,882.272870463443
1717.HK,0.814793979561244,-37.2759611792993,-52.8854505275106
1718.HK,-0.987261166120557,193.420351226278,229.672054160118
1719.HK,0.117769140660805,-16.8221482840483,-60.7302406073977
1720.HK,-0.173125865337978,84.4973747938187,103.984583511573
1721.HK,0.512310525071442,-34.3685228006179,-69.230608278389
1722.HK,1.15487267533612,15.4469995758252,58.8419897316934
1723.HK,0.891885390702597,-46.9052714214955,-82.7651338977954
1725.HK,-0.060143564066568,-66.5376458613988,-64.3954181507072
1726.HK,0.814921698929263,-18.9299690877664,-41.8225786776262
1727.HK,0.71527606614035,-27.3301569483162,-54.9448192647838
1728.HK,1.2221852858919,7.82314111327067,-1.09838375196449
1729.HK,0.906895925881335,-9.58360127560375,32.8699200484079
1730.HK,0.807384480484716,-28.725102522045,-48.5837982788609
1731.HK,0.519326268077794,9.26078299478095,-15.5446872488686
1732.HK,0.369441354492987,-7.58016476005372,41.2880232114793
1733.HK,0.859360580100244,-22.4642580758503,-38.54656854491
1735.HK,-0.25697600291326,8.48382212499412,-1.33872789837527
1736.HK,1.18902909731839,-24.5238012207105,-62.2375647052955
1737.HK,0.064171270205371,49.0496362448153,39.45127890973
1738.HK,0.394057620610844,-56.6939843069651,-72.6204565189054
1739.HK,0.106171858537735,-31.8753790238881,-39.9680145918038
1740.HK,0.864964558321756,124.42258441018,195.056488473306
1741.HK,0.347975553315595,9.50787769316552,60.7151264030577
1742.HK,0.027033469256912,28.5583605581304,109.996582444459
1745.HK,0.93839383922522,-73.3770021942542,-80.3180863187989
1746.HK,-0.070203806648842,90.6159101823892,32.3143244399394
1747.HK,0.999233777840564,-15.1701995382136,43.4450922681431
1748.HK,0.318670445176304,7.82314111327067,-1.09838375196449
1749.HK,0.687194709240052,-48.2448922656301,-50.5491918759822
1750.HK,0.024324350649012,0.554165307881638,156.526067143342
1751.HK,-0.017817897954316,-56.5560659378372,109.618167206374
1752.HK,0.274132753980174,19.8034901258563,61.8390084058763
1753.HK,1.09119236339063,-24.6284838819856,-48.2115173101196
1755.HK,2.29379135144165,7.82314111327067,-1.09838375196449
1756.HK,0.486285445753716,-33.9148489950922,-37.3623097095775
1757.HK,0.115377511227274,-8.71091315205959,4402.62621339741
1758.HK,-0.575121523823461,30.1313772056715,-16.9226423516502
1759.HK,0.364365074960324,-19.9663282458197,-36.4203895548343
1760.HK,1.40904425708478,-16.1996312591161,-1.09838375196449
1762.HK,1.45511776297781,-2.69618972704843,50.3846493634512
1763.HK,0.725803479291045,-21.429325421944,0.071685182476777
1765.HK,1.04828417398035,-10.8273481603761,-24.3402635702529
1766.HK,0.758978788542735,-5.33921557781423,-7.27973476746671
1767.HK,-0.195764581205334,9.59073359053739,5.72241736858969
1768.HK,,4.58844687987254,
1769.HK,0.733849301848434,-48.1228283322943,-67.5628139636668
1770.HK,,,
1771.HK,0.306039962192509,-30.6549210095044,-37.615903597393
1772.HK,1.19166062302755,-39.4809269093491,34.7578205838957
1773.HK,1.1351528038928,-51.7326010900882,-71.0075640313087
1775.HK,-0.035627789399533,-14.231592296262,101.253288876816
1776.HK,1.31336859689645,-0.453138639385109,-4.32464569931325
1777.HK,1.15266649834985,-33.122355512022,-33.6139836143323
1778.HK,0.66424618596647,-27.0046876534053,-18.6454446991966
1779.HK,,,
1780.HK,-0.169545380763226,912.146260127799,487.354496493435
1782.HK,0.80937810727207,-41.7172210198537,-17.8265502983681
1783.HK,-0.284911112645777,45.9906246931895,23.0239616743856
1785.HK,0.093072195181442,1.54218143676945,-10.3415254573884
1786.HK,0.377563862405554,-14.939522010642,-28.3467882284641
1787.HK,0.901289127425364,-58.0500591606181,-22.7403844838876
1788.HK,1.64453492116627,-18.1488563811668,-69.4784329679653
1789.HK,0.375941846949845,4.26647500015931,-21.8607088650273
1790.HK,0.176750334620129,3.67609722429871,9.89068472003945
1792.HK,-0.016528131486394,-17.059122220561,58.9490261129142
1793.HK,0.018768865185057,29.7247166519038,105.822282462128
1795.HK,-0.498032441718589,-22.4430037606299,-48.6713130864626
1796.HK,-0.16599491002613,-93.4215047832677,-94.2071910483293
1797.HK,0.769824666250846,11.2383537277181,10.8086904400594
1798.HK,0.373387687737884,-34.9965752140091,-46.7452835587501
1799.HK,0.970963377516217,-45.5340688206743,-47.1179113122749
1800.HK,0.595703747945534,-17.0101413872267,-32.9800139463052
1801.HK,0.75617662239387,14.3907245163853,-11.2408706608426
1802.HK,0.494695681834593,7.82314111327067,-17.5819864599704
1803.HK,-0.305034959955022,2.29374926130805,-43.7021569049644
1808.HK,-0.634937118932111,-9.80573747178878,-40.5509410530934
1809.HK,0.28295104800734,-10.9401996196759,-14.5388598061847
1810.HK,1.19238495883468,-5.35788164396838,-42.984023038203
1811.HK,0.868285191104568,-6.71481049750741,-9.69852429527192
1812.HK,0.536780160327994,-13.9982088739389,-18.1924902639706
1813.HK,3.22206113168909,-41.5002106725872,-72.7352301154064
1815.HK,1.20322486890706,-13.9348918468064,13.5773399493569
1816.HK,0.270792240259955,-2.28527836609848,-4.71272853179303
1817.HK,-0.260314482747945,-7.58016476005374,-28.0715518196106
1818.HK,0.840761414951008,-44.7128643457469,2.8379989842757
1820.HK,-0.159220424326305,32.8151983444004,-9.62479565345608
1821.HK,0.749154925831081,-11.7935030041204,-10.8369056899061
1822.HK,0.68345381727458,33.4953175688113,31.3875485922807
1823.HK,0.679868381301114,25.074843691394,23.3611557502378
1825.HK,0.11047569066938,20.0505076312704,-9.47987665434038
1826.HK,0.54686496262232,-26.9280010847839,65.3304554484012
1827.HK,-0.049647255821019,1.08419479369124,-30.0224413339371
1828.HK,,-15.9151101132584,-23.8820021546533
1830.HK,0.825897558942436,17.5448997382377,-21.2340421497681
1831.HK,-2.10350557549583,183.745108192818,470.58624758482
1832.HK,0.364339107485541,55.4333592671824,111.116911606383
1833.HK,1.42076982085656,-43.9519074926394,-27.9300259377741
1835.HK,0.735327166593083,211.167454219506,129.879432360299
1836.HK,0.247218917507818,13.9486907673672,-9.18515932022567
1837.HK,0.802359752281459,65.881755558878,100.307070882097
1839.HK,0.490664931377108,-0.913761914506672,28.8875109837412
1841.HK,0.534560786220659,76.6464226749328,88.5006052252162
1842.HK,0.25151606834693,-20.2108755761797,-45.382689534667
1843.HK,0.001641718672058,125.783500621806,79.4881183760644
1845.HK,0.07230950250203,46.9090297668313,65.8504026313211
1846.HK,0.630337149947055,-3.10997459401903,-18.0073697556609
1847.HK,0.202725459752828,-3.80484469306245,-54.9997646071438
1848.HK,0.953530716449694,-23.0142772451247,-23.4102451181157
1849.HK,-0.060285735150409,7.82314111327067,-1.09838375196449
1850.HK,0.579581194778684,-39.1569418003687,-31.5163023036795
1851.HK,-0.010483777176564,39.011653005539,170.678107626202
1853.HK,0.090093713190967,-14.939522010642,-1.79000344600669
1854.HK,-0.275928576209341,6.16432355768188,15.0855170886231
1855.HK,0.602316809166023,-85.7466669624238,-96.8962582218096
1856.HK,0.243942740894546,-19.7316616156763,1.94474290182123
1857.HK,0.647276700469099,-23.9850645207372,-31.893439567037
1858.HK,0.864823551136178,-32.5920991945763,-45.8706124247279
1859.HK,0.262634639517183,-17.4054248696411,-23.1668386319412
1860.HK,0.509809724335776,-20.7696351738517,24.8016918819359
1861.HK,0.318652474314699,34.7789263915883,70.5200280138543
1862.HK,0.408122426608452,7.82314111327067,-12.0874522239684
1863.HK,0.0,7.82314111327067,-1.09838375196449
1865.HK,-0.027548659716458,98.0425040855992,64.8360270800592
1866.HK,0.821288510239784,-15.6327958614993,38.4622627472497
1867.HK,-0.113699444204229,4.55577320074732,47.693080263733
1868.HK,-0.103983777050891,-42.0086349147544,-46.806968558489
1869.HK,-0.426080318805508,-54.6961591961048,-42.4990603209096
1870.HK,-0.410761394942516,-54.0673418857467,-11.1137372960694
1871.HK,0.325110206461403,-5.84458099967913,24.6321180361423
1872.HK,0.979829165083355,-31.7378674966344,11.0120182375909
1873.HK,1.98395373566002,-47.7221133996263,-27.6605321157226
1875.HK,0.225497870456828,-16.1662180339403,16.8837282931329
1876.HK,1.0358045111569,-2.95917299805641,-22.5550055820468
1877.HK,1.04466946737705,-12.3642186402201,-35.9724031397735
1878.HK,1.01721388903428,-4.69899459460703,-37.6030086705558
1879.HK,,,
1880.HK,1.30958032835661,-36.4968003259265,-10.0429743687119
1882.HK,0.945021866572349,-9.75766020881282,-6.09978666929113
1883.HK,0.483053810391631,16.2798580633311,5.82857769731426
1884.HK,1.00360182078739,24.9985087242341,29.5611172849265
1888.HK,0.464562089472151,123.000768379078,194.520077518467
1889.HK,-0.679069185214156,-63.5236607723191,-56.9168301823626
1890.HK,0.670527118671444,-21.206166109533,-41.6419034561281
1891.HK,0.062657341402194,20.5916709819475,34.5061980973283
1894.HK,0.432595881030549,8.96921907869579,-10.3870863804465
1895.HK,1.71810071055205,-32.0245414720685,-40.8629511094221
1896.HK,1.41755980426005,-32.1392818168227,-44.8503998616902
1897.HK,0.173758438839461,7.82314111327067,5.49505733123787
1898.HK,0.365597859247471,3.16822136476822,7.62240004545747
1899.HK,0.173259514577889,-3.91583564312504,9.99116755150713
1900.HK,0.542941690672336,-25.9478804429613,-9.99952921428769
1901.HK,0.018867131523479,-45.958522044433,-17.7138552816345
1903.HK,0.079219421480655,-6.07740321143672,79.1695946522382
1905.HK,0.389004671727094,5.05844518728935,-13.6031858063138
1906.HK,0.29165643612343,3.67609722429871,43.3356757217906
1907.HK,0.45083446829969,-21.964574914131,-25.5234792626129
1908.HK,1.3157250517048,8.4484041738502,-9.3982259605731
1909.HK,0.51251350739101,-3.97839672002263,-3.87877241922349
1910.HK,0.60284290744604,-26.0307781929629,-16.3417153824263
1911.HK,0.855955655352967,-15.1293097177721,-50.3148278564372
1912.HK,-0.173719951648702,196.986546575149,89.3604115968485
1913.HK,0.450911009423041,3.00482795527941,-19.8792801426441
1915.HK,-0.281295112468643,7.82314111327067,-1.09838375196449
1916.HK,0.538754640379258,-9.12049534738615,-18.9556200189709
1917.HK,0.4485305769262,-31.1590714430656,67.5272275221826
1918.HK,1.72702964104936,-42.424536298739,-68.7379948641267
1919.HK,0.542104433009976,22.9480068948864,4.9581755202907
1920.HK,1.35716621546266,20.2642727801865,-12.1995855757236
1921.HK,-0.019130540281983,-47.9700168831258,-41.8655934068849
1922.HK,0.126285820673709,3.61657311507118,-22.266000644189
1925.HK,0.132968688110665,22.0103965229116,8.86220412386971
1927.HK,0.24945633517738,91.957864860747,78.7836909099103
1928.HK,1.33255323778026,-14.3252429689139,-22.8876460816098
1929.HK,0.730939763477007,-13.7129624688773,-13.1560553990399
1930.HK,0.231053613157877,-0.470946664673233,-10.9885453767681
1931.HK,0.914415860637542,-64.2608689568372,-84.3978733726361
1932.HK,-0.043491182246859,-31.3852738370096,-10.0894397745132
1933.HK,0.275729909346412,167.435350005356,114.855235297456
1935.HK,0.405473664205418,-9.13780243263709,-13.7485904813644
1936.HK,-0.304747356601662,30.602677968187,57.5099814320565
1937.HK,0.745749665501452,-12.5613333260541,-42.4251305413222
1938.HK,0.935838396557315,-40.6234209211852,-37.8774222942027
1939.HK,0.034241734372107,-55.7357631219205,-94.3443357277516
1940.HK,0.831910174638681,-26.9805310182281,115.968835480404
1941.HK,0.113685251558769,131.380131144358,144.805980811969
1942.HK,1.18794177092563,-66.3348493988309,-84.0087673454283
1943.HK,-0.109136871671901,61.734711669906,86.303044560253
1945.HK,0.538162347151237,-10.9550463839843,11.8349045266248
1947.HK,-0.042502947070912,50.3849073421933,66.4058940046312
1948.HK,1.12502497366783,-20.16940513729,-41.8669889229104
1949.HK,0.307121414906355,-22.4199350526467,-14.1883035494986
1950.HK,1.26967245800235,-14.3532496121538,-53.4580629421009
1951.HK,1.60207872372259,-1.38127337200854,-30.8917277769938
1952.HK,2.32853673481293,-33.3892594900239,-65.0491745970925
1953.HK,-1.29188195402147,461.030978150351,1099.17937426129
1955.HK,-0.277404907194691,18.3940373008462,-10.6695079050002
1956.HK,,,
1957.HK,0.753889972274846,17.103001618921,18.5924357725313
1958.HK,0.865292465806916,-48.9560661751006,-60.5280545019051
1959.HK,-0.520332182995381,0.584131639234808,1125.82284927143
1960.HK,0.151173358617331,-36.3843467431703,53.5577725956341
1961.HK,0.145077242914,-64.4183634326207,-71.202176445425
1962.HK,-0.051045727379256,3.42219657803511,-8.85537326161434
1963.HK,0.413697275193171,17.3575671154844,4.38922168928841
1965.HK,0.356948000470947,-3.03153752229348,-25.5459742851867
1966.HK,1.62028671883326,-39.9466049495708,-61.4896361512074
1967.HK,0.068069514626984,-19.7901023425669,-36.494751672314
1968.HK,0.415133196174407,28.0399800720089,78.9648294012071
1969.HK,-0.12317800639309,-62.7711630032355,-77.3082871811867
1970.HK,1.03547422724141,11.5229547789221,-2.4848550077781
1971.HK,0.011538795391405,0.121488176608486,-13.1269587010499
1972.HK,0.811363260352568,7.91397779491623,12.167179095624
1973.HK,,-20.7182785931833,-45.9554009573577
1975.HK,0.037024734971743,17.8866342838426,6.7096357752584
1977.HK,0.236193698581806,2.37752792573174,10.6756181823255
1978.HK,-0.054602947690447,-14.375740880638,-26.8399003096724
1979.HK,0.464504353545949,-35.0742376092134,-15.6575049255332
1980.HK,0.445782651806245,-11.1187620552769,-13.8143058409976
1981.HK,0.496268986937012,-31.4873790842759,-67.2119641786404
1982.HK,0.592123745687201,-18.095883192804,-2.33465395506494
1983.HK,0.20448866093939,20.2047458344118,-3.17614879919211
1985.HK,-0.21626493188614,139.334699592336,98.7886543154359
1986.HK,0.75044851484258,16.3036128862245,20.1842425292583
1987.HK,0.369060688861806,20.2642506116611,48.0333596130302
1988.HK,0.540649350661454,0.081992520523011,-26.7844885852989
1989.HK,,,
1991.HK,0.359354606366367,9.07689856807614,32.3760094396783
1992.HK,1.43162745726997,73.7479862381747,28.0069455946327
1993.HK,0.156696384899061,-14.4260784815312,-25.0745331454277
1995.HK,2.75552807711901,4.60976988379622,-19.4132546279155
1996.HK,1.56842308334058,-33.9148489950922,-62.4173858257465
1997.HK,0.965356163892551,1.83296660697785,1.53899268131643
1999.HK,1.62172486290965,-29.2410636444161,-32.4208045159844
2000.HK,0.166566882514506,-15.4003046649723,-13.0347857129343
2001.HK,1.26154553304954,-30.9447298488042,-48.7509806714725
2002.HK,0.621381423236572,-5.11563582032181,-44.7757472726705
2003.HK,0.504889220672042,-58.9699551515873,-75.1300029317805
2005.HK,0.551145587037485,-11.2893220272088,-24.2062380155242
2007.HK,2.83682652260411,-32.1694421360152,-68.8909461619816
2008.HK,0.813260570518587,-24.083706767187,-8.39984535416848
2009.HK,0.957835944858527,-24.2670794561551,-31.3506428395989
2011.HK,0.574635811837287,-1.64781047100311,-4.63058433225146
2012.HK,-0.42256783279775,-56.0720536205194,-66.0025694147378
2013.HK,1.92100894089052,-48.3161802928124,-44.576872054241
2015.HK,1.72332930236352,-14.0562992002251,-54.9622331347561
2016.HK,0.429678168884137,3.11657542975488,-16.0729242402234
2017.HK,0.334955685794304,57.8999974462123,19.364019609698
2018.HK,0.655756438150628,11.8714980773332,-8.46935326478978
2019.HK,1.26383459458205,-9.59317420709872,-26.2899352126228
2020.HK,1.1001936066549,11.5339375282079,-14.5142296890285
2022.HK,0.525843601708557,5.78874222434103,2.8576808979569
2023.HK,-0.027762498554558,14.165678825816,-14.205826869174
2025.HK,0.184686168893052,-28.6843680788856,176.697165457148
2026.HK,,-48.0692059973625,
2028.HK,-0.444155766253918,1389.4213560562,2831.08426335087
2030.HK,0.165063096169115,-2.04799152385973,-15.5078907549895
2031.HK,-0.075955643298852,37.6818571138687,5.2414634434224
2033.HK,0.319207114887823,-26.4265625344741,-29.3325743702174
2038.HK,1.25888071303466,1.75470302046348,33.6239102977056
2039.HK,0.726501169834958,-4.33279362328747,-9.4935209451117
2048.HK,1.34542054767881,-72.2740494280161,-85.040091659961
2050.HK,,-21.7945662072872,-4.96521386091027
2051.HK,0.454303272430141,-43.3928509155329,-19.0804957970619
2057.HK,1.09492865728075,17.7214548759785,19.8865104647661
2066.HK,0.259501571687074,39.7937586394728,11.5814352646944
2068.HK,0.922893529310531,-33.1496525097722,-25.8237878139734
2076.HK,1.50008415008583,-11.0211135096794,-19.3373831119918
2078.HK,-0.457450586921433,-11.0270583820564,-7.37785145025247
2080.HK,0.735042721120099,5.99563024694403,-2.77468233243968
2086.HK,-0.101380374254907,19.375620518264,-22.0521160079042
2088.HK,0.048497282589404,7.82314111327067,-1.09838375196449
2096.HK,0.557365115556848,14.5008748733824,-10.933138308842
2097.HK,,-37.8986435740971,-53.1475587074884
2098.HK,0.41830839244739,-35.9164349987165,-66.6802041517313
2099.HK,0.930485955482215,-18.0763593301466,152.26116788317
2100.HK,0.970549718386986,2.8394444317039,-38.9172766440242
2101.HK,0.437471064274535,21.9638809314045,2.8507899546536
2102.HK,0.002253402470503,5.8977278791051,29.5140212771894
2105.HK,,-57.1539003869173,-71.5373226513411
2107.HK,0.375755174268474,99.9537123931545,18.3822376302243
2108.HK,0.32363616308418,58.1406069661303,97.803232496071
2110.HK,-0.016286574776169,-2.39168278167078,-37.4592720784481
2111.HK,0.474276652096201,-19.8065387970049,-21.2756365651089
2112.HK,-0.258003574145209,-39.6921414112215,-48.1943914891243
2113.HK,0.223854294361325,228.445876006578,307.969167023146
2115.HK,0.005315244712688,43.1472539640496,2.58871800624472
2116.HK,-0.006829600282592,18.2576386403614,46.2023892362264
2119.HK,0.415990572937397,-8.15065757017683,-24.1754275431728
2120.HK,-0.109632116375177,-14.0461337240325,-14.2346028145466
2121.HK,0.37953562253038,-34.4223190934042,-41.8502383074149
2122.HK,0.988562517190648,-45.1082190696077,134.681801266525
2125.HK,0.471274366924486,-26.3646841177664,-53.063639746695
2126.HK,1.96882940581717,-32.0151278924358,-72.6627574807366
2127.HK,0.703184344739497,7.82314111327067,-1.09838375196449
2128.HK,1.41040423733648,-23.1996573824774,-18.3860646408488
2129.HK,0.346766758426842,49.1799623621964,49.0904961350983
2130.HK,0.522537861955703,2.89220478187111,-8.95233563048498
2131.HK,1.11919598891838,7.82314111327067,-1.09838375196449
2132.HK,0.365363215703593,11.3013069556342,73.8929516448976
2135.HK,0.411805688216826,-31.4501884312981,-23.4310067757144
2136.HK,1.09316119855206,-0.883135581917116,34.4528196108611
2137.HK,1.56274746229232,-34.8992355542517,-53.6850967814078
2138.HK,1.357754615667,-38.1342632956644,-46.7452835587501
2139.HK,-0.183431423284531,0.634931705719288,-20.2081875693815
2142.HK,2.06502993823998,10.9917472752895,18.4115053907144
2145.HK,0.448117251748342,-54.6803449798585,-61.5644247967291
2146.HK,0.915772112014626,65.8817555588779,49.8509337091447
2147.HK,0.11624490116876,-17.7139186240829,-24.5224507580782
2148.HK,2.1996396083152,30.9453775890405,-7.42882035335989
2149.HK,,-24.7408947934218,-48.2259995480083
2150.HK,1.57811964186374,-30.3443424666482,-50.8855919312477
2152.HK,0.637875994047324,-2.43487442604684,-29.3324010781983
2153.HK,0.365616762696625,-3.64740581367301,-14.3532395377837
2155.HK,1.18349166723609,-34.4239259956563,-25.5734743870239
2156.HK,0.810808190420946,6.87801145869449,-11.8678051001994
2157.HK,1.08100028159306,-1.5433135692963,-44.3985938506069
2158.HK,1.23564093097049,-22.1674014480364,-33.7617439567688
2159.HK,0.826942291622871,29.8599874721873,4.60747872388372
2160.HK,1.03925666203629,-72.2386395294567,-83.5896577484741
2161.HK,0.35746825083392,-22.9264213523658,-37.2104870530564
2162.HK,0.635081104132256,40.4968202385042,14.7624768336881
2163.HK,0.366658701167403,7.82314111327067,-1.09838375196449
2165.HK,0.520808780532384,-7.8286051773654,-9.10198275469569
2166.HK,0.331603286995282,40.1700834472519,104.082700194359
2167.HK,0.272206291726037,-26.8168725475538,-15.2271860731124
2168.HK,1.7397390064245,-13.1424696587542,-45.1946457733816
2169.HK,0.905051455367961,-22.3039130213197,-63.5625624349343
2170.HK,1.05384552159311,-22.6722927369473,-51.7387302157353
2171.HK,1.24671961265344,-8.3944364361766,-46.1624266391742
2172.HK,0.131679724962266,-19.0658668274459,-33.3074412689434
2175.HK,0.026455452080649,-5.84458099967913,9.01155924227914
2176.HK,-0.096913152728545,-50.8654040496488,-52.2086149673922
2177.HK,0.062330240735604,-17.3495766563645,-28.6314344290733
2178.HK,-0.154582750227089,216.375795634992,215.072291761599
2179.HK,0.099645514952273,6.34611178295188,-38.6127899150124
2180.HK,0.295469865326755,13.2142981689342,-5.59391176323883
2181.HK,0.70830676508056,-18.6240444428146,-30.5953570189225
2182.HK,0.120165211369708,-3.11543841995968,-9.82499695032057
2185.HK,-0.314012491595497,-56.2207458954983,-48.0539676128437
2186.HK,1.35759798837763,-21.3789596049068,-53.43197441236
2187.HK,0.547957609577109,-34.8321674590122,13.3247686175407
2188.HK,0.00788823613793,-28.5509305875917,-61.1457936168432
2189.HK,0.190940287973466,18.7266048213542,7.69287102563865
2190.HK,0.896713842125317,-13.562527539071,-21.6893759872112
2192.HK,1.39240101758618,-21.675642776209,-49.6999706004047
2193.HK,0.495011331646441,47.8220483004517,66.468066952139
2195.HK,-0.956406163116038,-36.793331071531,-43.9557507927799
2196.HK,0.913543124069302,-14.2410537863562,-15.6367165751747
2197.HK,3.22339490993897,-23.3767465280162,184.768446783137
2198.HK,0.702243730796529,-29.3817669192205,65.5768631568235
2199.HK,0.434691870296521,-11.44727395292,-0.677409418674546
2202.HK,1.77504207509761,-28.502302149489,-55.8061246315085
2203.HK,0.29427117324127,-29.5749753989899,-26.4577725335121
2205.HK,0.185441977790011,-40.2825679988039,-7.52056662521357
2207.HK,0.459823302062523,-13.4778024577249,-16.3086563328269
2208.HK,1.12973328967614,-32.7316475211174,31.6881794425898
2209.HK,-0.02762113642633,0.92747511184057,-33.6534991002762
2210.HK,0.794266811446426,-24.404439809884,-45.3741073048641
2211.HK,0.707675828787378,-89.360904482182,-59.5048500401745
2212.HK,-0.139257934221785,-16.7365743625299,40.278823045683
2215.HK,-0.322308413589271,-66.635858221554,-90.9889638529568
2216.HK,1.09886770578677,-67.7538269567789,-78.1734364142266
2217.HK,1.10159333324152,-2.3207579566064,15.5759335527599
2218.HK,0.38508670380756,23.4748874039067,-5.31263816598542
2219.HK,0.939789168052534,4.9963171889527,-15.9659469787934
2221.HK,0.124984256750898,-30.6851235700403,-9.69852429527192
2222.HK,0.557113180006726,-1.69066545554735,-17.1364836840784
2223.HK,-0.324435477228018,-29.4490558147735,105.560222005721
2225.HK,0.330017188603611,98.9336953539844,135.449654164678
2226.HK,-0.392126019239832,19.8034901258563,-23.9218336553573
2227.HK,-0.169735190620219,25.5771523005963,198.765299082607
2228.HK,,-41.1006332937162,6.08877951408549
2230.HK,0.428658674262231,-5.94151519906175,-26.2733406151008
2231.HK,0.038574608552421,-84.5966941266756,-96.6525606808357
2232.HK,0.701770097929913,-3.62177330657372,9.5104401362331
2233.HK,1.17948957622942,-48.8054581982083,-12.7911856729145
2235.HK,0.604100496320161,4.29758881528906,0.458007920036052
2236.HK,0.553087892988914,25.7936646321491,5.88290680672037
2237.HK,0.828361099598167,-37.4938312386837,-45.8073335627203
2238.HK,0.83628732867383,-33.1439626342517,-31.6415299462107
2239.HK,0.59386293093397,76.5603935729807,19.9639974860431
2245.HK,0.371264453822878,-51.2549549550422,-13.923860725306
2246.HK,1.9036359926912,-46.3238511488522,-71.7423953577041
2249.HK,,,
2250.HK,0.7382710202983,-60.5525093488034,-76.4519961314201
2251.HK,0.7243789447832,-11.2893220272088,-31.7537234305281
2252.HK,1.32494914355206,-23.5489216987483,-1.99108242593727
2255.HK,0.2055240886192,-30.8304377763924,-57.9668130945849
2256.HK,1.147341340507,-13.3922623608385,-16.2880517764068
2257.HK,0.677839021234966,-48.6556470889187,-53.5281562208026
2258.HK,0.461584588759,88.6904969482237,111.539568086076
2259.HK,,-49.8784213703319,
2260.HK,-0.331834694553754,14.2194291454139,-4.90229206919663
2262.HK,0.550249593096581,-33.9583260681217,-63.834483610793
2263.HK,0.585516770914819,15.2592198107376,7.5771966206702
2265.HK,0.187964797875603,29.3877693359248,18.6819394976426
2266.HK,0.369149880540659,22.7985773790027,39.8264229713605
2268.HK,,-12.6203902293067,-15.1127828154513
2269.HK,1.62540264103689,10.8635847791279,15.9150490430845
2270.HK,1.00178494911732,102.168389587382,372.459950229469
2271.HK,,76.6464226749328,9.97002817471095
2272.HK,,,
2273.HK,0.894447156432784,6.87412226799475,-18.1966292728113
2276.HK,0.148508218389187,-47.6769349791075,-33.2810149429729
2279.HK,1.32585314782786,26.0541070019879,-23.0411860706605
2280.HK,1.0379719588507,5.26809037598936,42.4736569726945
2281.HK,0.283962540005692,-10.6202909192625,-13.4610857829689
2282.HK,1.58221166446075,-7.4602013186727,-31.1934462718844
2283.HK,0.334949693686569,-22.6775200249758,-30.488194392399
2285.HK,1.39901607607217,-14.4253735892617,-3.74575024749273
2286.HK,-0.339502211797552,-39.8460370631227,-55.9513809987741
2288.HK,0.232457695098418,-15.3793069743952,-19.3171025344974
2289.HK,-0.306385992826023,25.1518602207606,-6.15175100551375
2290.HK,,,
2291.HK,-0.014652939058566,-18.6465305271018,-50.0873944460303
2292.HK,0.100881744966361,17.0934066934516,-43.0807549403284
2293.HK,-0.030062034943904,-19.6827622319514,-35.5373394097626
2295.HK,0.686016230088318,89.1634054618783,1.81048731415421
2297.HK,0.544090542969623,-10.9460723397802,-40.3917285856435
2298.HK,0.145131169821858,-0.470946664673233,-24.8848484192135
2299.HK,-0.140372530416371,33.6069357273137,30.1938135366749
2302.HK,1.73962968320881,-44.4240453859115,-4.8164896259508
2306.HK,2.32144547026532,-14.181581562907,-16.871486343246
2307.HK,0.164176879997066,-51.30567820691,-20.8787070015716
2309.HK,-0.13128986706197,-17.2863575021485,-18.9489193674636
2310.HK,0.400784350230925,506.505168762148,368.481340122273
2312.HK,1.62132826914373,-67.1842614003089,-70.4140464215278
2313.HK,1.0423513987859,-23.3599958880593,-25.6910339666606
2314.HK,1.06111189514355,29.2616603989502,49.6297515191681
2315.HK,0.718754031214019,20.6701536714476,121.371277219007
2317.HK,-0.046954858191064,14.2603435677943,9.71898052516438
2318.HK,1.44822519326964,-11.9330369624519,1.61965712010033
2319.HK,1.09191620200024,27.8786424989803,13.0638595214228
2320.HK,0.47259465931626,141.016433076723,67.0338407744599
2321.HK,-0.222050154287762,14.2925295800669,27.2401143932461
2322.HK,0.202556199088922,-22.9834706333781,-79.2428706639925
2323.HK,1.32998765131241,7.82314111327067,-1.09838375196449
2324.HK,0.067229527078676,-21.4533409108624,-22.1602482205089
2325.HK,0.340087035925475,-22.9834706333781,-85.871197678852
2326.HK,0.828655748404517,7.82314111327067,-1.09838375196449
2327.HK,0.460575407203716,3.1719467907374,-7.18463705953591
2328.HK,0.33211690025693,10.2001362633489,0.77338065810213
2329.HK,0.534807643274893,-22.7267488688227,-54.7577712907923
2330.HK,0.676254414023231,7.82314111327067,235.16658839612
2331.HK,1.5710397407833,-18.6531934387528,-11.1630776407352
2333.HK,1.30212730364206,-25.8163943494698,-32.7061167796872
2335.HK,,,
2336.HK,0.016694816776548,13.8133156195635,216.707422816743
2337.HK,-0.421016482888493,-4.77956369217656,-25.2743343903732
2338.HK,1.05503319466642,29.2268392745617,86.4272249933627
2339.HK,0.917860395835571,-19.132644165047,1007.10764456756
2340.HK,0.579334549956625,-9.50557799421928,-11.1775293568599
2342.HK,1.24733798363925,-63.6040029997399,-58.1368820114135
2343.HK,1.11885284969211,14.3892939374763,42.3323259917381
2347.HK,0.62949352483525,9.36347170060308,-3.80801707382847
2348.HK,0.275793146217947,-7.97852611884658,-31.0474647284823
2349.HK,0.490313663875233,26.2665731458038,37.5350600949244
2350.HK,0.100279208184657,-19.1172188590572,71.0742445759141
2352.HK,0.231193452561474,-39.3859098606478,-60.2354326425424
2355.HK,0.222754805165274,-17.3525451372336,-26.7812635976958
2356.HK,0.739125630802587,45.2846464865582,56.5071030901788
2357.HK,0.619854699867153,-24.5992020186919,-39.8164607009926
2358.HK,0.076054011864923,17.6252448508407,7.89267227058421
2359.HK,1.09644475475824,50.5347727162388,40.4278991668615
2360.HK,0.398208870237071,-11.0459085815517,-26.8216740765657
2361.HK,0.132501965452159,11.1238495146973,38.3526764688585
2362.HK,1.00520148620887,7.48513753611309,-1.40842016653514
2363.HK,0.28919339628481,1.08419479369124,-17.5819864599704
2367.HK,0.990153798660911,2.40212615767272,-45.2760615741947
2368.HK,0.056625029686898,-14.7949315915246,-32.0051388294756
2369.HK,0.421584328968027,12.254229104227,-48.1619114837883
2370.HK,0.147171879866263,130.160935837943,306.595533464146
2371.HK,0.547299312125965,7.33303592639216,-47.1720635162932
2372.HK,0.174729872554768,159.28898220096,412.259653387261
2373.HK,1.12352105344131,-25.0680438495925,-30.5312122472209
2376.HK,0.425615736570899,-30.588852908332,-38.2614153118324
2377.HK,-0.137429955127717,-7.58016476005372,-6.65465432769684
2378.HK,1.13251799232636,-14.017693577039,-2.99806474838978
2380.HK,0.750338158233568,-8.09051525585662,-11.4267170943226
2381.HK,0.498905775467027,80.6037613647284,212.566428708414
2382.HK,1.2534046195072,3.42909461022203,-22.0504969171954
2383.HK,-0.123495771391497,-2.69618972704843,-19.5745098642349
2385.HK,-0.008316881589573,11.0258086710906,-9.10956032581125
2386.HK,0.539360163425333,-17.4793779995945,-11.7522302916828
2388.HK,0.507727130524872,36.2141327713632,41.8314386853696
2389.HK,-0.115047534641047,30.0723607080725,-19.1771738188097
2390.HK,1.2854748799474,-11.3454173068663,-33.3560301110092
2391.HK,1.05257670452997,-3.4575374302706,-21.9950420891363
2392.HK,0.396201875168352,-19.132644165047,-42.6261342207529
2393.HK,1.1334547485839,-40.8029813495769,-71.1536952609897
2396.HK,,-60.9933930678462,
2399.HK,-0.035143246684739,-52.5256318978883,-20.0658170050124
2400.HK,1.58682002059892,-45.3837030308596,-13.6352083467859
2402.HK,1.38102011022186,-45.3127233921901,-51.7284034543242
2405.HK,-1.34971501284659,-40.0982549370719,-82.8889937287136
2407.HK,-0.009592935158227,-22.8785434816525,-32.8287858600018
2408.HK,,-26.2381440501266,
2409.HK,-0.181460432259539,-7.76574675852751,-18.3486656556916
2410.HK,,-37.9042633106706,-66.7857335597932
2411.HK,1.10161952338828,-8.66745693934721,-15.7288003567035
2415.HK,,-40.8188774340695,-48.4298715278101
2416.HK,,15.0113505208221,44.5137771660793
2418.HK,-0.321033866995427,29.6727644225678,23.8538588794206
2419.HK,,-16.6146888421629,-43.3939302503205
2420.HK,-0.450753122239661,30.7790356728702,3.01110168770458
2421.HK,0.313505850788914,9.74855434743618,-19.4658267694568
2422.HK,0.886394479133621,131.049588099866,470.58624758482
2423.HK,1.93658795987405,-3.3386747369644,-14.946574309038
2425.HK,0.529420826638963,-21.431199498857,23.9566923642045
2427.HK,1.23275342813421,76.9405392628031,517.532042914563
2429.HK,,-15.2518501755616,-36.5773762472915
2431.HK,,-67.4248239484602,-80.7509664244526
2432.HK,,-32.7466771338943,-55.7851597949959
2433.HK,0.247469155439054,-0.365958211787887,-33.7631377421414
2436.HK,0.809604201725981,46.3998649337964,506.309908303174
2438.HK,,-49.4060645545422,-35.8191639241472
2439.HK,0.479268864421735,18.9772591594711,-4.09540242614739
2440.HK,0.859953084310042,-50.5810603230843,-76.2203764212374
2442.HK,,287.871894112874,4119.16830852998
2443.HK,,-40.0138862820536,-63.9943424719133
2448.HK,0.860151301190542,-5.84314563553681,-13.9420871174024
2450.HK,1.10432676261784,53.2370222540022,88.2210689841506
2451.HK,,10.2917003538034,46.942900149991
2453.HK,,-54.2775287684232,-89.1370355924289
2455.HK,0.206345174370313,-1.52078574158184,8.12326207164229
2457.HK,0.154008145968431,22.6952985082046,14.517660918778
2458.HK,0.456665971345087,6.17698628711387,33.176497870528
2459.HK,-0.838519200843707,-45.0712299988999,-61.5777893712668
2460.HK,,-13.5689564316183,-29.3136896250435
2465.HK,,-10.9171247639123,45.4520837196182
2469.HK,0.854121026914816,-83.3130853038986,-89.892130414902
2473.HK,,-95.9440999327637,-93.1976477232804
2475.HK,,,
2476.HK,,,
2477.HK,,-93.7239999081277,-92.0601736314296
2479.HK,,7.82314111327067,-1.09838375196449
2480.HK,,-32.0665859802039,-41.9804714703591
2481.HK,,1.13338418288524,-11.1268693155765
2482.HK,0.372999292288222,-12.7146000511619,-40.6590302511787
2483.HK,,16.9717712683361,3.52859244677401
2486.HK,,-35.8195588611484,-33.0615118456613
2487.HK,,-43.3869781954287,-75.1456835080536
2488.HK,0.516169543525909,-15.3084670148359,-43.0186119586191
2489.HK,,-40.1803121220896,-42.7783505993509
2490.HK,,1.63002105332524,-40.1832374676946
2493.HK,,,
2495.HK,,-32.3528199940514,-44.7122507482202
2496.HK,,-49.4450583598515,-36.1980832246065
2497.HK,,13.2142981689342,-26.696449133809
2498.HK,,-30.0640225267611,-30.0701915885162
2499.HK,,4.61517989006592,20.197202355273
2500.HK,0.906948017145986,-60.0126099182572,-62.9532407365218
2501.HK,,71.248518238724,51.724070380509
2502.HK,,48.5563277560618,15.6962303278906
2503.HK,,-21.589942973736,-78.0110362164567
2505.HK,,-47.9474491177314,-76.9229562087917
2506.HK,,-23.9538871272661,-37.786173779212
2507.HK,,-22.5440976461718,-12.4470944648704
2508.HK,,-16.776168266516,-53.0152426748178
2509.HK,,-20.6519702443704,-15.3690715086842
2511.HK,,-2.33411131044324,-32.0730657637119
2512.HK,,-10.0920884870882,-33.3275174049313
2513.HK,,388.514494605301,
2515.HK,,106.038279553082,274.274743840605
2516.HK,,-20.1310065827625,4.10696447161631
2517.HK,,-47.3720382661417,-47.8796109746857
2518.HK,0.913679656973505,7.0955895538019,-17.5944269148444
2519.HK,,-20.0587923030001,-50.4282852546521
2520.HK,,16.2701153018679,14.0048187292626
2521.HK,,11.1578774363615,213.973384914398
2522.HK,,-43.277281500087,-67.8817354959885
2525.HK,,-30.068688418571,
2526.HK,,,
2528.HK,-0.144160554292188,169.557852783177,198.570916975202
2529.HK,,-2.14071351105797,-4.56861590101837
2530.HK,,21.0936815579809,7.75847740457598
2531.HK,,-7.93838117571243,-57.987247312818
2533.HK,,-40.4410486285086,-37.0676307784847
2535.HK,,-48.1228283322943,-13.0347857129343
2536.HK,,-56.4750623028999,-66.7811365273774
2539.HK,,-66.9724302084918,
2540.HK,,-23.5100793811841,-49.9461332403235
2543.HK,,-25.5467807939313,
2545.HK,,7.82314111327067,-20.2731869020938
2546.HK,,14.3470146779699,
2549.HK,,-17.5470097369107,-22.7021436137598
2550.HK,,-23.799900273307,-64.5513920257937
2551.HK,,-30.1800971479641,-52.3583677829585
2552.HK,1.63891273808582,-17.7323436311084,-40.5578521271398
2553.HK,,,
2555.HK,,-20.9517462390439,-50.7038867919072
2556.HK,,-3.43827719814743,-33.326669046583
2558.HK,0.381085201145772,-12.7901064525017,-22.2915872336864
2559.HK,,13.6998384897035,81.2167046959388
2560.HK,,-8.86377358283076,-29.7798524638948
2561.HK,,-38.9206410852666,-60.79327578557
2562.HK,,-62.1236658140562,-93.2252392870096
2563.HK,,6.03106674573708,-54.7550595772518
2565.HK,,-90.4481001115871,-61.9609168276787
2566.HK,,-42.6204336765636,-44.8976709475231
2567.HK,,-44.5257752243318,-70.4957363293676
2569.HK,,30.0220231071793,-11.8485594310988
2570.HK,,-62.5951721374327,-88.493641231631
2571.HK,,24.2449419514731,18.1790499235
2573.HK,,-37.7628451295552,-65.2012831719875
2575.HK,,-81.8961599553948,
2576.HK,,22.0220732763351,13.3247686175407
2577.HK,,-29.5222249809284,-10.2382572535071
2579.HK,,-28.3948015102933,
2580.HK,,-15.3107061173336,
2581.HK,,-29.8884008524545,
2582.HK,,-66.3733385669472,-88.6378143194117
2583.HK,,-72.2580043177314,
2585.HK,,94.3270551785404,87.3069473636188
2586.HK,,-32.929918146366,-52.8826238382771
2587.HK,,-55.1819473685803,-74.5997089784822
2588.HK,0.464246350746421,3.32507778992381,5.77534531250761
2589.HK,,41.3458810417585,-18.0653765687096
2590.HK,,-68.4222590481786,-47.0412398122647
2591.HK,,-73.4743602314427,
2592.HK,,-48.4700650904449,-78.9834065472925
2593.HK,,-15.0207447158121,-50.281890210447
2595.HK,,-2.32491922680188,
2596.HK,,8.64308895443622,0.803570406651577
2597.HK,,157.982721457781,134.225516208957
2598.HK,,-35.4004212863641,-68.6836947011228
2600.HK,1.22343447760922,-40.3607725449174,27.3339201462343
2601.HK,1.288513997091,-13.9875565185631,-7.81170558213418
2602.HK,1.62364587897578,-3.31108373149189,-29.464209007784
2603.HK,,-19.8441842307116,-25.4235010732435
2605.HK,,-45.0313398246071,-83.1380850986956
2607.HK,0.495505987360589,6.40324789696423,-7.64560912663974
2608.HK,0.685192772229283,7.82314111327067,-38.1864898449778
2609.HK,,-17.1037140903349,-55.5951927049637
2610.HK,,-60.4746951206696,-32.9972847899385
2611.HK,0.279806545952233,-2.09684721525033,-14.7594517496954
2613.HK,,16.5185557191796,18.3287194396139
2615.HK,,,
2616.HK,1.0743071481246,-15.7934176224906,-44.7725249449353
2617.HK,,-86.3387111323751,-76.1330329494349
2618.HK,1.30320081712771,36.6943288117114,-0.211679606292448
2619.HK,,-26.6125217553655,-46.2041417897715
2621.HK,,-13.2008696887598,-41.0668719676654
2623.HK,0.384473566858529,29.9727419882159,883.552709319476
2625.HK,,-55.8905331809347,-23.8935518091325
2627.HK,,-38.3747661317525,
2628.HK,1.24743587830513,-13.2020649139333,22.3097717093609
2629.HK,,-63.7178638499,-60.407449753609
2630.HK,,-13.0405545516131,
2631.HK,,-5.93965006948015,
2632.HK,,,
2633.HK,0.35788120300421,-7.58016476005371,-34.0211340743126
2635.HK,,-73.3552950334742,
2637.HK,,28.3608822777032,
2638.HK,0.375110231269748,4.26141573115062,3.06252566947389
2643.HK,,-52.9487982191527,-63.7594550391359
2648.HK,,5.65408376446379,24.5549962756744
2649.HK,,,
2650.HK,,-80.4545689771608,
2651.HK,,110.255125170878,19.7724896387806
2652.HK,,-52.7096814891937,
2655.HK,,-73.8471530065684,
2656.HK,,-87.4281706047678,
2657.HK,,-33.6472977764488,
2658.HK,,-17.1835335372302,
2659.HK,,-80.5137630492944,
2660.HK,0.128009352593443,0.182131113117623,-7.00883890622956
2661.HK,,-93.9493421783038,
2663.HK,0.110081284440748,77.1380175432304,31.8688216640473
2665.HK,0.385908653582842,-76.7381556672296,-78.0532603944836
2666.HK,0.81679087733175,-16.5240197832743,-27.1889941732254
2667.HK,,,
2668.HK,-0.290214816630788,65.8817555588779,185.842821526114
2669.HK,1.57794047408223,-11.5749473580421,-38.1102954195759
2670.HK,,32.2138516656048,
2671.HK,,-11.5850242871181,
2672.HK,,,
2675.HK,,-37.2936386705311,
2676.HK,,-7.79642049024716,
2677.HK,,,
2678.HK,1.04307320741207,31.0405328128436,31.7369528423833
2680.HK,0.284400628886963,-43.9579034591677,16.6383583431998
2682.HK,0.244550386522441,-7.58016476005371,-9.03938943611332
2683.HK,-0.170208693780689,3.17559192735384,52.0914133706535
2685.HK,,-87.1684156628359,
2687.HK,,24.4167024404428,
2688.HK,1.11305948183236,-26.4913767884709,-30.4935217639841
2689.HK,1.32654495911972,12.1591923644746,74.0309619239808
2691.HK,,-9.52639665145886,
2692.HK,,,
2693.HK,,-40.1219315161481,
2695.HK,,-18.4877689191542,
2696.HK,0.771445831934736,-2.18769566811477,-27.1575233027954
2697.HK,,,
2698.HK,,12.3891543485574,
2699.HK,-0.511226718224722,458.888311343713,-40.8302661162715
2700.HK,0.184453020043609,15.1331845785772,7.42761764872821
2701.HK,,,
2706.HK,,,
2708.HK,0.268093858090764,-8.78870220064496,-25.012919262659
2714.HK,,,
2715.HK,,,
2718.HK,,-59.6102240129442,
2720.HK,,,
2722.HK,0.944133395273758,-18.5913633361651,27.3527661276074
2723.HK,,,
2726.HK,,,
2727.HK,0.552334992225527,-19.2568643737028,-5.7389287958606
2728.HK,0.420609590753862,-20.1310065827625,-31.7919887944583
2729.HK,,,
2738.HK,1.00319825847975,-84.4255462836387,-88.3116271706867
2768.HK,,,
2772.HK,1.90372231392284,-41.8097333674412,-61.348793650193
2777.HK,2.15137951391291,-57.0741834435847,-78.2622489288172
2779.HK,0.713313677037566,-41.2748963579508,-51.3467855554019
2788.HK,,-40.4252927988529,
2789.HK,1.15858939774399,26.666417358821,140.67049911675
2797.HK,,,
2798.HK,0.747756988274878,-23.6650328401623,-12.0874522239684
2799.HK,1.49086720195007,-22.9834706333781,-53.274826969432
2858.HK,1.52000042033695,-45.8577721751161,-48.1221975300709
2863.HK,-0.310591594641618,171.191536739438,118.902243962319
2865.HK,,-51.4951229746929,-34.7207513897744
2866.HK,0.608455948181804,-11.4309912283848,-26.0248073591929
2869.HK,1.52805949077509,11.4609002285107,-10.4633339518788
2877.HK,0.836201576755028,-4.15720789931495,-2.4913642625002
2878.HK,1.25342718028122,-33.3677217839339,-43.3376156912297
2880.HK,0.51656059172683,-14.939522010642,-17.3880617222292
2881.HK,,91.9213334663762,54.7281574949612
2882.HK,0.517828640554713,-31.0638933865974,-33.4971890745968
2883.HK,0.316202884255457,-14.3405045600127,0.162401724285255
2885.HK,0.371956182654907,13.9341387722131,46.3380739715453
2886.HK,0.474479545518099,3.00960802785679,-5.51363447732324
2888.HK,1.50021969969657,6.69244181893614,32.7589520731376
2889.HK,,-49.9991133179392,
2892.HK,-0.096090827754063,91.0009928292223,53.297505184455
2898.HK,,1.47126240262143,-6.09489928306882
2899.HK,1.13965996338922,-21.2284022697956,44.3786987192304
2900.HK,,,
2902.HK,,,
2904.HK,,,
2905.HK,,,
2907.HK,,,
2910.HK,,,
2911.HK,,,
2914.HK,,,
2919.HK,,,
2921.HK,,,
2923.HK,,,
2929.HK,,,
2931.HK,,,
2934.HK,,,
2935.HK,,,
2938.HK,,,
2940.HK,,,
2941.HK,,,
2942.HK,,,
2944.HK,,,
2945.HK,,,
2948.HK,,,
2950.HK,,,
2951.HK,,,
2954.HK,,,
2955.HK,,,
2957.HK,,,
2958.HK,,,
2959.HK,,,
2962.HK,,,
2965.HK,,,
2967.HK,,,
2968.HK,,,
2969.HK,,,
2971.HK,,,
2973.HK,,,
2974.HK,,,
2975.HK,,,
2976.HK,,,
2977.HK,,,
2979.HK,,,
2982.HK,,,
2983.HK,,,
2985.HK,,,
2986.HK,,,
2988.HK,,,
2989.HK,,,
2990.HK,,,
2991.HK,,,
2994.HK,,,
2995.HK,,,
2997.HK,,,
2998.HK,,,
3200.HK,,,
3268.HK,,,
3277.HK,,,
3288.HK,,15.9396137733222,-5.65976812379408
3296.HK,,,
3300.HK,1.27278340587679,-37.5310372915178,-2.43489207964065
3301.HK,1.85284964673801,-53.1930550205957,-74.2395790237675
3302.HK,0.46117141268372,25.2139703250885,187.133724591071
3303.HK,0.441201489168454,-5.91902393057756,-24.7897097018317
3306.HK,1.01639869551204,11.360196536034,0.865180206982896
3309.HK,0.856353034372643,-36.1722891434604,-49.2166021200072
3310.HK,,,
3311.HK,0.765283566414573,-0.737923739070578,-29.2853443826546
3313.HK,1.95555477460002,-47.5454989178683,-56.3133965039352
3315.HK,0.46291218067453,-14.7380564161235,-30.2935986188029
3316.HK,1.09037097651457,10.9916690284402,-3.6467689559016
3317.HK,,94.4934785011948,
3318.HK,0.179792377889481,52.8007942633778,19.6468333146966
3319.HK,2.16045052406015,-13.181366895808,-40.4669882778815
3320.HK,0.384461984795229,15.6090572111655,-13.9222167645872
3321.HK,0.429104172956938,72.5170257812331,97.803232496071
3322.HK,0.17023967007163,-14.3893514765877,-18.6808933071708
3323.HK,1.3011881263325,-29.5223518122849,-27.9291192489563
3326.HK,0.294377457026137,34.6459461180817,2.36546336863113
3328.HK,0.497071258440155,20.2093045990367,3.83983841853381
3329.HK,0.876663999982078,46.5288840770089,-21.7643931172256
3330.HK,0.777090941083031,-21.250895396471,83.4808849376471
3331.HK,0.601217542536293,-5.80212019060754,46.7427947786863
3332.HK,-0.561846490707877,-56.8707435546917,-67.0327945839881
3333.HK,0.581788215962797,-7.34523744689046,-30.380431222212
3336.HK,0.504587103053721,55.1332948670527,123.122046255568
3337.HK,0.826432669980062,-31.2309099986226,-44.36784086048
3339.HK,0.973526223301725,5.11911249600996,13.9200098264409
3347.HK,1.44461800634004,-12.9381166984098,-34.8869564018906
3348.HK,0.029974327780658,11.1926142730604,15.5310915463778
3355.HK,,,
3360.HK,0.453076299041716,-0.184943637847568,-16.8273154926159
3363.HK,0.148560534438756,11.090509025794,-23.5760238083362
3366.HK,0.944884451809332,-39.6736349720688,12.0884984144402
3368.HK,0.227853287489381,1.48060340072531,42.5608882854566
3369.HK,0.309503498886996,-6.95262266891828,1.51575588454747
3377.HK,1.84622464191847,-45.520939226979,-64.8349808895874
3378.HK,,62.4218811671516,
3380.HK,2.91230050840544,17.4789447950561,40.1906405069241
3382.HK,0.611419134192098,-4.49950358538883,-19.3171025344974
3383.HK,1.97870825031972,-34.4923557764658,-69.3785380462813
3388.HK,,,
3389.HK,-0.035701714238826,58.5634428136333,96.233365571499
3390.HK,-0.285296431622932,-28.4304367682928,-35.2900853691425
3393.HK,0.539706645334516,-20.3843224200933,93.9909455261577
3395.HK,0.732100997725733,-16.3163680911929,-42.8568439455795
3396.HK,0.891229678198847,56.8778134215604,23.1029751372465
3398.HK,0.403346580383084,44.7910752092492,-7.03248072684662
3399.HK,0.793460445919263,-9.92822967976779,-17.8816883273887
3600.HK,0.870234336934848,36.7772959756481,79.1864576729114
3601.HK,0.370787385722005,-12.1007001793989,-25.0745331454277
3603.HK,0.311146626259029,16.8084028727099,64.8360270800592
3606.HK,0.931751757667246,-6.43578839502218,1.50886447953027
3611.HK,,-10.1619128306505,-17.8709484238335
3613.HK,0.527852603749477,-12.690586532897,-27.2954973971531
3616.HK,0.569134341995393,23.5255403045237,-10.2277637133216
3618.HK,0.333271724107339,20.2713136017298,2.48952977122923
3623.HK,0.24158975760901,-27.7584954541087,-42.3790583598402
3625.HK,,,
3626.HK,-0.679081708724675,-25.1744581067389,-81.9054997546208
3628.HK,0.431318702763016,7.82314111327067,34.5600221061708
3633.HK,0.028380464957403,-2.15337728155154,-35.1673209685114
3636.HK,,-70.4407927247166,
3638.HK,0.041029172091573,-38.935643357382,-57.78313866441
3639.HK,8.95233152531469,-50.5074106365315,-72.3075474505501
3650.HK,,-47.2294150636109,-65.6075206656268
3658.HK,1.05383402406976,5.56506485958961,-5.63978449804775
3660.HK,0.855711468639384,-9.87916563666928,-61.9554158756653
3661.HK,,,
3662.HK,0.569026624200953,-11.662968726477,-43.005848263844
3666.HK,0.632644605402262,-26.064131808043,-12.0874522239684
3668.HK,-0.027631209675196,0.729379224598548,-11.505872085891
3669.HK,1.29201418495491,-47.4033457984046,-66.8948564860132
3677.HK,,-30.9488788075972,-45.6041110635805
3678.HK,1.00958659921249,-27.1195435067708,-53.8177953980389
3680.HK,1.33607651483631,62.7918012886635,28.3498502994169
3681.HK,0.424983528215503,-4.90597971260156,-65.5876568123274
3683.HK,0.344794978320887,-33.6472977764488,-44.7990979080732
3686.HK,0.620680904113635,-28.1179059244862,-14.7924536940002
3688.HK,0.736428016661348,-17.6351005384738,-32.0051388294756
3689.HK,0.246494969627957,21.942838163818,-4.12598424935334
3690.HK,1.44848070511742,1.190400861768,-29.0154029572809
3692.HK,0.786601988297792,-7.46974679680408,-11.0018207614993
3696.HK,,-21.4353996913354,
3698.HK,0.170322081526678,63.7899914858481,54.310353061694
3699.HK,0.40662014979018,9.22344164720925,-4.76140657596582
3700.HK,0.325004210156087,11.6286637407979,-34.0655891679763
3708.HK,0.182905402718068,-23.0997219984598,24.6160364725247
3709.HK,0.204281119546389,-20.3837565619309,-26.4541805520982
3718.HK,-0.048931061821464,6.49199122298336,8.38533287455947
3728.HK,0.328000760530941,-0.600541786203623,71.6233929010028
3737.HK,0.189694806710073,0.335422980404654,-22.0422554280191
3738.HK,2.15431809219482,-43.0732409334857,-36.227373129682
3750.HK,,41.7181537902596,33.7624137825024
3752.HK,,,
3759.HK,2.0507016810219,18.7587582688346,-7.87681115814249
3768.HK,0.493396099787221,-19.132644165047,-21.4604812147953
3773.HK,-0.280800251592838,79.2384683441382,71.0730659425479
3774.HK,0.315985305568176,130.06639836327,819.588537829416
3778.HK,0.257003958614878,1.62244929206021,-20.0658170050124
3788.HK,0.878735477011718,-42.917160587092,7.10921925617123
3789.HK,0.289649473411009,126.730904210149,290.401116768561
3798.HK,-0.211390188396095,3.97231464493959,12.1993125502924
3800.HK,0.805109259788358,-41.7945875406238,-52.1190588005542
3808.HK,0.944532484350183,22.6327256418578,68.112686441894
3813.HK,1.0865966885669,-28.1323669090706,-40.6761120279803
3816.HK,0.335117356024487,210.399420467598,495.714076954546
3818.HK,1.2460269306362,-33.6472977764488,-40.0337070596974
3822.HK,0.338731582061885,-6.88001449308445,38.1713756406378
3828.HK,0.491755061611413,-13.5168555653975,-14.4334331337221
3830.HK,0.063122979843779,189.49774874248,189.324131113656
3833.HK,1.60246080519462,-37.1939279037178,47.499824231984
3836.HK,0.790193286288953,-36.5746228745467,-36.8713087778497
3838.HK,0.63341388644734,-1.11247831600589,-24.6895949670922
3839.HK,2.96401356110928,52.2408501882344,46.3157354048367
3848.HK,0.306092339485099,6.57496583769408,-15.5532353574466
3858.HK,,-35.6615762368066,
3860.HK,-0.288816578175508,-13.7414871093835,15.3852189560414
3866.HK,0.869595694615287,31.9950795492432,16.1018973346504
3868.HK,1.02717672882034,-22.6108100074106,-32.8072988849224
3869.HK,0.03719134973158,-28.6772996527003,-35.3335586070537
3877.HK,0.494142204641595,13.9398381111482,0.779625502865788
3878.HK,-0.108768052079252,9.71477516788946,58.2425859968568
3880.HK,,-12.0613266545805,-33.911130811708
3881.HK,,-19.1113352438784,
3882.HK,1.02563913479675,-10.1473824056078,-52.1443792348215
3883.HK,1.25140093657804,-43.8728854478865,-72.7662216128598
3886.HK,-0.013795545734927,-9.39231839220951,-25.3572707561996
3887.HK,,-74.7926980910867,
3888.HK,0.828750261218073,-11.7185130514829,-26.226294391727
3889.HK,0.169328770337362,-36.3453745234908,-53.4021231139063
3893.HK,0.558735936101741,12.814953201848,621.024686195356
3896.HK,2.01139062448274,-26.0010196713021,-30.0642924684076
3898.HK,0.557411245987718,-18.9401028416304,0.939588946479852
3899.HK,0.615239523687433,-23.9123828687631,12.7018417710172
3900.HK,1.86027059735457,-26.342625875091,-32.12089446647
3903.HK,0.783904421165189,7.82314111327067,-1.09838375196449
3908.HK,1.31891329632948,8.3288781729014,-1.69500603095497
3913.HK,2.14666840684631,-29.2719762422124,-57.7822951538236
3918.HK,1.39888812644965,-18.0544127539143,-20.2255831206884
3919.HK,0.558274353609668,-33.6472977764488,-12.0874522239684
3928.HK,0.137476589652788,174.292296656422,661.25986906345
3931.HK,0.649539878625988,-26.7722870136523,-19.2024084210964
3933.HK,0.72652849488599,-17.4254444307536,-42.4743130810477
3938.HK,0.445406837259475,16.3805332651175,460.442492072201
3939.HK,0.467023792166631,-21.7205506703935,45.8534867373164
3952.HK,,,
3958.HK,1.12961250597,-9.90988650007194,-29.4799252567266
3963.HK,0.131127456657898,2.76893137358609,-51.7360112709587
3968.HK,1.25618645557192,14.0219536741259,-5.14478670026661
3969.HK,0.379658121226504,-3.83341468275861,-7.80357807386521
3978.HK,0.675469888916987,0.189644397286881,-42.0929198547748
3983.HK,0.669878034054024,-16.0073357269812,-4.21690318320888
3986.HK,,36.7681098490819,
3988.HK,0.382905583963919,26.5247994219964,17.3118738180161
3989.HK,0.472977258202428,-1.3532964282843,-1.09838375196449
3990.HK,1.67294434777852,-22.0840075166876,-34.7249332762966
3991.HK,0.421804716485165,-37.7228409087144,-24.6999058111548
3993.HK,1.31691171388892,-26.480161444721,74.2955678204137
3996.HK,0.652333056270728,2.29374926130808,-19.2788279152063
3997.HK,0.418433259791728,170.207389777835,231.798970638571
3998.HK,0.772657608098013,14.5912603606405,10.1149514235497
3999.HK,0.445429797460517,-1.63502915982325,-18.3669199222564
4335.HK,2.25533786405652,84.5442004504458,258.945067831569
4621.HK,,7.82314111327067,
6030.HK,1.23620252919844,3.28713310781583,-5.42213771530374
6031.HK,,-8.41944745186948,
6033.HK,0.265899900657422,-8.35033005371992,-25.8237878139734
6036.HK,0.456261334842315,161.171608474367,147.822440713468
6038.HK,0.248104551776928,9.408775541407,52.3623707775827
6049.HK,1.41378193249198,-6.76700480193526,-21.5939899007229
6051.HK,2.86372481581328,-54.3548702620487,-45.3891075499978
6055.HK,1.14241203306343,-35.4042354806746,-31.8613864802779
6058.HK,0.631811961512444,16.9995786548256,-19.9367868468284
6060.HK,1.57752199413099,-28.9492824573881,-48.2919079286741
6063.HK,-0.254127132064503,394.189396769157,465.968786621706
6066.HK,0.991706973464878,1.43551427006743,-11.3013366329742
6067.HK,,,
6068.HK,1.23801895359918,-16.8592646837431,-40.8438930852872
6069.HK,0.401295592332656,-30.5593012090802,-48.1873380363425
6078.HK,1.26038184830626,-15.3530194187806,-40.2249424930319
6080.HK,-0.056185151307054,55.9994382064342,38.6661836054931
6082.HK,,-12.3196434903074,
6083.HK,0.18908467730889,71.1200835567161,151.137967772302
6086.HK,,-73.517123235337,-81.4393749668566
6088.HK,1.13142018172845,3.96465892631463,80.3281348883354
6090.HK,,-50.0119772066803,
6093.HK,0.195981924662836,23.0094990165482,-20.682862216922
6098.HK,2.97393176071488,-3.85197607733827,-21.9930914100002
6099.HK,0.549108429584256,6.57195107987434,-18.6309429959344
6100.HK,1.24067001988494,-39.857443901643,-48.4597211101787
6106.HK,,,
6108.HK,-0.469317069942577,-7.31798083029499,-50.6712926367823
6110.HK,1.14227395733015,-49.8584693424301,-57.8122865181699
6113.HK,0.778341642439689,-21.0386087806856,-78.563924729499
6117.HK,0.421619433122445,-11.3782401808734,-39.4479900522232
6118.HK,0.958104232726554,-11.7810663618695,-56.8429310917663
6119.HK,0.164118443901004,-20.9296965169348,26.1353946351757
6122.HK,-0.000701293105062,-9.4654015904186,-62.611611222367
6123.HK,0.767624349127157,18.7043755375457,-2.71972172324376
6127.HK,1.67900897203784,8.6518416000507,-16.4909429891364
6128.HK,0.988754273058626,-78.820454424179,-72.1046723402977
6132.HK,,,
6133.HK,-0.093679824455563,26.0270480544722,8.99361790599833
6136.HK,0.128719591870172,70.3605629589676,120.090920664642
6138.HK,0.928785483190527,-12.0390164602266,-31.8677754735755
6158.HK,1.71547017006918,-59.1015671639318,-79.8533744679928
6160.HK,0.828796056765275,2.03225948503891,5.92421621831021
6162.HK,0.486204333645151,172.125070428731,351.878074236714
6163.HK,0.338634412418032,90.27613137636,212.320893414849
6166.HK,,-8.2727594486025,
6168.HK,,-41.95039433909,-61.8504012034167
6169.HK,1.2590472946437,-28.4446427157386,-29.2174707244452
6178.HK,1.05200378692733,-6.58584037185497,-32.4466639020115
6181.HK,,-62.4349662214698,-62.0238920788585
6182.HK,0.155366578457622,1.99486321525604,106.660093652612
6185.HK,1.00278837169834,-30.6222358215101,-50.7263602085657
6186.HK,1.33055697309699,-5.09317266592321,-29.0260163655287
6188.HK,-0.174497005511502,-0.65733065968322,22.8777656414986
6189.HK,0.300748726285356,7.82314111327067,-1.09838375196449
6190.HK,-0.05405684091306,72.5170257812331,-25.7574998674264
6193.HK,0.118486200144898,47.2200580585042,72.9560284140522
6196.HK,0.53554442508427,-12.2147877661867,-33.5843160962097
6198.HK,0.487164612761008,3.22268709243776,6.94481997905043
6199.HK,-0.299315917536027,-2.07898409100929,-24.7671466147422
6228.HK,,,
6288.HK,0.065322691291457,43.8133551100396,61.0506485876152
6600.HK,,-66.5254954060107,
6601.HK,0.68493121235333,0.634931705719288,-20.8787070015716
6603.HK,,-60.3387393214928,-83.5643020818984
6606.HK,0.735961689061626,-15.9762463135724,-21.6762136302735
6608.HK,0.770207329034313,-50.405192210355,-43.6870753301384
6609.HK,1.01621231330435,1.53521624991357,-13.9394977602989
6610.HK,2.07423538471696,-53.9863028370119,-88.1671280560386
6611.HK,0.686155491597918,7.82314111327067,-1.09838375196449
6613.HK,,-25.2773659561201,5.1449046484626
6616.HK,0.362359420344377,-13.6702383377227,35.9196124996632
6618.HK,1.62078571670933,-34.0531247013635,-20.7995065080797
6622.HK,1.29986011874659,-20.9090999283745,-17.7960592224121
6623.HK,,7.82314111327067,-1.09838375196449
6626.HK,1.04124492392379,-18.683381077075,-41.6899265768911
6628.HK,0.744076815682647,-52.2750031137982,-69.4817869863205
6633.HK,-0.065405463324507,0.685023757339853,-21.5809669985991
6636.HK,,,
6638.HK,2.14401250042023,-0.082307709642337,137.801340055987
6639.HK,0.733698921681307,7.82314111327067,-37.1562646757274
6651.HK,,-34.257089746856,
6655.HK,1.05671040175143,-18.4594227544996,8.19150794763421
6656.HK,,,
6657.HK,,-2.97225833071578,-18.8766056992054
6658.HK,,,
6660.HK,0.862546385907852,-52.8677287349176,-71.1207280555736
6661.HK,-0.119711884939454,7.17749356169421,-1.88644443919983
6663.HK,0.423059530430996,20.0295344468485,25.2187845200449
6666.HK,1.07828556079965,-9.83754579321333,21.4361617222714
6667.HK,0.607775323638795,6.32559748669745,-2.472017310965
6668.HK,1.24157198874728,1.61749270387379,-4.02880201116554
6669.HK,1.01268030584224,-39.1591174085429,-42.7373975491447
6675.HK,,,
6676.HK,0.457013729238129,-53.8869585175949,-83.5163972919941
6677.HK,1.38440100139317,-15.9982505280333,-44.7799309281802
6680.HK,0.974313827090696,-22.9362212288587,-18.9404341203287
6681.HK,,-67.3390096821937,-72.3004450005502
6682.HK,,-42.2597766399184,-50.4159012880469
6683.HK,,-27.7602835659016,-64.4517322382506
6686.HK,0.723198946825204,-7.78423018559589,-15.8666962645625
6687.HK,,-50.202935898115,
6689.HK,,-6.09688307848223,-21.6294919140573
6690.HK,0.946313347055774,-5.45515685703078,-13.2441962736531
6693.HK,,-22.8833190997414,37.4211931025336
6696.HK,0.39166884460667,281.927752859055,349.281509559139
6698.HK,1.59269679730147,-8.23562458445048,-61.7771531408558
6699.HK,1.43178549101103,31.3779212531836,45.4199829151412
6715.HK,,,
6745.HK,,,
6805.HK,0.128468914620185,30.9882690868249,61.8863297533634
6806.HK,0.728311005625571,-10.6608259347186,-24.7425019220488
6808.HK,1.93422835920268,-14.8764675421547,-46.7793993284114
6809.HK,,,
6810.HK,,,
6811.HK,0.571795654736735,19.9154560044785,22.596795140794
6812.HK,0.661617959680886,26.1760161963806,101.466255320072
6816.HK,-0.028796458417034,17.1990664274681,91.6697989303014
6818.HK,0.460432930828515,4.85553172483202,-16.5763555255297
6819.HK,-0.12227571711627,29.7258351700663,-9.69027022506117
6820.HK,0.118883092813127,-29.9149582763741,-50.5491918759822
6821.HK,1.11358683139126,56.2595802052757,0.632178212130618
6822.HK,0.197602404424625,3.87839204815101,-10.1927852460367
6823.HK,0.248588348127655,19.1241919859674,2.7362508036944
6826.HK,0.780474058959361,-32.3430366449553,-45.3464681977242
6828.HK,1.00560798603931,-10.5856878572877,-36.5536801427697
6829.HK,-0.529805192809964,-22.8084330666358,22.172584776985
6830.HK,-0.354283910801399,3.0732230025539,-23.3512474077725
6831.HK,,-0.808988087937324,-20.4760541109944
6833.HK,0.311851023328953,3.03100150823639,-23.7171390373897
6836.HK,-0.027124812839664,-9.37855293404927,-17.8237752578961
6837.HK,0.596071439924316,43.3552484615334,17.7465341822914
6838.HK,0.030908916304762,17.2205708433264,-19.1735067214331
6839.HK,0.492816327481371,-28.1179059244862,-53.9992482567277
6855.HK,0.971591535235229,-22.0961402341846,-54.7479053210658
6858.HK,0.179273033978522,-1.24935619723106,-20.258810831356
6860.HK,0.841076312814555,-38.1748044075283,-48.0558738193091
6862.HK,1.59315407146412,-16.9094866163198,-16.6997654699645
6865.HK,1.04098269755037,-36.6130624970469,-40.1477741244063
6866.HK,0.340315135943775,-12.8552695111922,0.606816528174048
6868.HK,0.122589334459316,4.69783267520485,-14.7728837476736
6869.HK,0.103165341734042,47.3965280112264,359.010661413005
6871.HK,,,
6872.HK,,,
6877.HK,1.67741143977694,-34.5359500383714,-71.0115952376448
6878.HK,0.417483760153529,7.82314111327067,-1.09838375196449
6880.HK,,,
6881.HK,1.33899777635146,-20.8061169855729,-33.2847869344392
6882.HK,0.058040311825184,-1.97896262429939,-29.3559883942604
6883.HK,,6.25290119414534,-0.482137773971358
6885.HK,0.494078734862974,-47.4250799530333,-48.8140758014553
6886.HK,0.88468415867973,-2.42120191182246,-10.3999704022845
6887.HK,,-9.55563206443155,
6888.HK,0.23902398635503,-6.50301050317788,-28.6988347979279
6889.HK,0.324425164524973,-6.61745814297094,-20.0545268661713
6890.HK,-0.223279407281284,121.175674078504,75.8250955520631
6893.HK,0.103086900682409,-41.1873775745796,4.71935838027286
6896.HK,0.184744050423756,4.18493696527686,-34.4126123828817
6898.HK,0.048677602714628,34.0087610979221,10.3133411997319
6899.HK,0.36716617235465,18.0920116954869,19.7230091423588
6908.HK,-0.150750640271731,-22.3673383984451,-36.4203895548343
6909.HK,0.769095426517286,-35.5659301299009,-62.2652294930572
6911.HK,,3.47543381031619,-25.979293499898
6913.HK,-0.208211645415306,-49.5541732648627,-56.8129609050245
6915.HK,,,
6918.HK,0.139632660719748,-3.42221716234653,12.8096560329155
6919.HK,0.101389896556823,-19.88950206703,-28.9725344690517
6922.HK,0.242578343577514,-34.5733367031125,-41.1299903285503
6928.HK,0.877940809684218,-16.5983395662308,-57.2214242417054
6929.HK,0.539899005611051,3.0621192978795,-31.3252605417299
6933.HK,-0.318982022710192,52.3900394400892,158.853612896093
6936.HK,,1.68930932657036,-26.4058820350152
6938.HK,,-32.137435266668,
6939.HK,0.47728292053054,6.75558526066402,119.781369440079
6951.HK,,,
6955.HK,0.79526299330369,-39.4041443337934,-74.6473129596738
6958.HK,1.27306942983192,-15.616672172223,-37.7542275362014
6959.HK,,-32.2148128407072,-50.7521363689673
6960.HK,,-57.2234055546988,
6963.HK,0.565182762586186,-5.01294711449967,-9.42178709957144
6966.HK,-0.249664802358907,15.7680041426695,-4.83052021415451
6968.HK,0.694996528932174,54.9957653503266,27.7942232418436
6969.HK,1.58013529866941,-11.8714916731017,-59.8961867296295
6978.HK,-0.200479078422179,-84.4768240420583,-90.3161317528292
6979.HK,,3.63706622299076,15.9291541960474
6988.HK,1.09334423279025,-49.0290605646357,-64.2855274659872
6989.HK,1.42161227710283,-29.4490558147735,-65.2861876745306
6990.HK,,26.2418706305023,24.8438463851407
6993.HK,0.737992113074249,29.2348287102322,-14.7225859902143
6996.HK,2.01392232754946,25.3248683664392,-29.4314090472202
6998.HK,1.15924963125193,-27.1234896032835,-40.239659440233
6999.HK,1.32141562862197,7.82314111327067,24.424613989464
7489.HK,,,
7618.HK,,15.0334510877938,
7630.HK,,,
7656.HK,,,
7666.HK,,,
7687.HK,,,
7688.HK,,,
7827.HK,,-17.2692476368331,-17.3337634244927
8001.HK,-0.363959167532822,-12.1456952047345,-26.8573176890661
80011.HK,0.56599679541704,18.1325201489004,16.8731807602406
80016.HK,0.689727953956593,4.96976207819615,26.4524087678937
80020.HK,2.17163440817596,-38.8719199987757,-10.9885453767681
8003.HK,0.39799489914836,-51.30567820691,-42.7841889474175
8005.HK,0.645605863038796,-5.48835778960226,-36.1635022399044
8006.HK,-0.052884126485311,-24.0336960338321,-10.2130797866088
8007.HK,0.208275163712348,115.646282226541,130.770437912083
8013.HK,0.341328140138386,17.6252448508407,21.1040198955537
8017.HK,0.83903314868309,-13.1625709154867,-11.4313884345951
80175.HK,1.43524963448429,30.7532714814453,4.89565359640129
8018.HK,0.463946646040397,65.1041848296957,38.4622627472497
8019.HK,0.308722689187372,-63.1278377540111,-74.4019346181555
8020.HK,-0.809774828405379,7.82314111327067,-6.04346456436627
8021.HK,-0.301468085327779,-55.5229542907759,-77.3350462764919
8023.HK,-0.152756081625839,10.9038022879355,27.1592208903313
8026.HK,0.404612149109075,-6.2407468580255,28.4436574649812
8027.HK,-0.004346348853978,16.4489924023323,33.5171819348479
8028.HK,0.533605613672946,-38.3867765067025,-13.9985945669256
8029.HK,0.323482212681031,-56.5966169247427,-22.9864463642346
80291.HK,1.29221238755067,2.24033550694211,-8.9288681903643
8030.HK,,-77.5368456014019,-59.9047501697153
8031.HK,0.396285000512355,-36.7575806931778,97.1568167036002
8033.HK,-0.039177264860645,8.66550940321808,-5.49401114076609
8035.HK,-0.083929007890419,-9.2015653782984,-26.964960309143
8036.HK,0.171600357660951,88.6904969482237,15.3852189560414
8037.HK,0.310402926168558,-8.42418152023587,-7.09242110033028
80388.HK,1.3971569856208,0.114473920746305,-8.50254286309238
8039.HK,0.569353946289219,7.82314111327067,-1.09838375196449
8040.HK,-0.213981034719378,49.900464474547,97.803232496071
8041.HK,0.234809088607078,-16.4711735197907,-27.0749411707885
8042.HK,0.134258687202205,63.808233614392,95.3306920898701
8043.HK,0.38687667271302,29.2652430392052,-3.83299065283182
8045.HK,0.254862660003096,-9.49017886574404,-18.5639532731532
8047.HK,0.332655291627934,7.82314111327067,-1.09838375196449
8048.HK,-0.286554814418986,11.3283808173823,5.46092619517882
8049.HK,0.037162436933,36.0869257309713,17.3829933185604
8050.HK,-0.167850655342823,-17.9152861202198,-1.09838375196449
8051.HK,-0.246142601848484,10.0161541528626,34.7031062925732
8052.HK,0.325639181084726,-1.76113809679784,-37.615903597393
8056.HK,1.58918305823169,84.197866068504,-30.0867885143197
8057.HK,-0.012388192615463,11.4271117592334,-17.1582236531366
8059.HK,0.034580235642119,7.82314111327067,45.0557038304521
8060.HK,0.446595416623001,22.1995599283734,13.3479197449396
8062.HK,0.528083701423402,29.3877693359248,-20.2301718130599
8063.HK,0.750275892466831,3.62276954008545,-7.86531634832871
8065.HK,-0.219682489086492,26.8507542509067,38.4622627472497
8066.HK,0.293447875676007,-30.6851235700403,-68.2101947774172
8067.HK,0.753393566043675,19.8034901258563,-13.9985945669256
8069.HK,0.607840009728115,-58.5295611102805,-40.0596265163421
8070.HK,-0.336483473340014,71.8919640936199,144.475905332223
80700.HK,1.26004612172866,-19.0197858047835,-16.8870021295788
8071.HK,0.688301169317824,-40.6972723877011,-59.2030832976854
8072.HK,0.966325962887245,-15.1952822704613,4.89565359640129
8073.HK,1.01743380967484,37.7476252107863,43.4073435596515
80737.HK,0.598399061918495,4.95550438153476,-1.63589253592121
8076.HK,0.705190422897142,-32.2254541573727,-9.34018510596747
8079.HK,0.270892541944242,42.0728447610155,-4.50878431224158
8080.HK,0.091942234757732,-8.76503444261714,42.6777414725758
8081.HK,-0.015594739298217,-33.2523412155944,-41.5581358534336
8082.HK,0.175379796446621,-41.9413855543927,-73.372641779375
8083.HK,2.86372481581328,-54.3548702620487,-45.3891075499978
8087.HK,0.995639425045952,75.2126043090648,113.930284729528
80883.HK,0.361292239680798,2.75116853859938,22.9729090914727
8090.HK,,,
8091.HK,-0.038849220941616,0.866809428543536,10.3133411997319
8092.HK,0.478403860111265,45.0035346006054,24.424613989464
8093.HK,-0.599247986533689,-17.6699271344406,-45.5764849137905
80941.HK,0.276510699729255,12.0880861264037,-3.84247483861519
8095.HK,0.545009413096966,-43.6744785229183,15.3852189560414
8096.HK,0.062904616975333,13.7553137447841,0.478394189812059
8098.HK,0.47148880920457,5.37261517887815,-21.2450092839717
80992.HK,0.388763530685179,173.183658520723,116.041743477173
8100.HK,0.088768846701693,-7.58016476005372,189.468145116201
81024.HK,2.09188613824607,-43.926726128214,-41.2900253062979
8103.HK,-0.803535963089157,-10.2730504022433,-32.7469009513359
8106.HK,0.31148021800223,0.866809428543514,-24.5224507580782
8107.HK,0.759776745294627,-31.3852738370096,-67.0327945839882
8111.HK,0.101041190975696,13.9844634626004,-53.085130754137
8112.HK,-0.004763634358531,-1.97896262429939,-10.8264115796401
8113.HK,0.33924930484393,16.652241477434,2.98767069509294
8115.HK,0.184459393756959,72.8888297161064,64.2473269833447
8117.HK,3.06229586576618,-69.4359599993878,-57.6135930365562
8118.HK,0.425856977869015,8.73689654643397,9.99338629454416
8120.HK,-0.325173842704211,389.094660719991,326.634423030741
8121.HK,0.336225482670432,-31.043339985699,-16.314017020893
81211.HK,1.03479783620936,-1.82640069842281,-27.8473010068891
8123.HK,-0.41637817524298,-51.4795864990282,-55.494272688384
8125.HK,-0.026515426393619,-34.2541822480057,70.5200280138543
8126.HK,0.009191806043655,0.239424767434548,-13.7615592959502
8128.HK,0.209290117491422,-37.5760761975801,-48.1943914891243
81299.HK,1.00101076446674,-5.16175038827121,3.33103355326172
8130.HK,0.540793194363058,7.82314111327067,-1.09838375196449
8131.HK,-0.726018719862844,234.38822243989,163.37930413879
8132.HK,0.248528992152572,15.71263924351,112.276639751881
8133.HK,0.09248085498379,-7.99091958334236,-14.4634670287261
8136.HK,0.108464523736831,-16.3820538305248,-16.48307961277
8137.HK,0.894464088764731,14.9323592086511,-5.94650219549565
8139.HK,0.39493909248099,-2.48348266961551,-12.4827424567743
8140.HK,0.508814425440765,-13.1625709154867,-9.40309962012015
8143.HK,0.560838283680955,-45.7576836117289,-34.0655891679763
8146.HK,-0.039238302601016,-59.5663220825235,121.421528913512
8147.HK,0.1051676094062,-46.0884294433647,37.813727558738
8148.HK,1.02427639586947,-57.9844098009321,76.5340677115472
8149.HK,-0.032526640620637,18.7043755375457,11.9640938657006
8152.HK,0.097142299834419,18.8819248171958,54.6461635878373
8153.HK,-0.112581198587455,-0.470946664673233,-48.6472441364607
8156.HK,1.55452043819544,-40.4231457577521,-53.9401044330577
8158.HK,-0.177788836362383,-26.2981060744732,-54.7399383271702
8159.HK,-0.014146017467722,-53.950533482874,-54.9448192647838
8160.HK,0.059917530749466,95.4294432678031,38.2239455996641
8161.HK,0.283345563099434,34.2703266693559,43.4616851070405
8162.HK,-0.052299236976166,39.4076976009964,17.2167303680421
8163.HK,-0.463463553409782,-60.2205887154924,-64.8760615193893
8166.HK,1.22870782950492,-6.80636197962026,7.13162672115606
8167.HK,0.444807585726486,-21.3383685948472,-27.6933129290767
8168.HK,2.6091051311865,-51.2847254006307,48.3524243720532
8169.HK,0.084550998462853,-2.95917299805641,11.2643182790399
8172.HK,0.287365384541468,7.82314111327067,-35.2023893547354
8173.HK,-0.109222806995509,-7.58016476005372,-43.6426544284937
8176.HK,0.342012653013707,-71.6964254577664,-76.3984779408097
8178.HK,0.877938670165424,-25.0371272391746,-93.1559238683481
8179.HK,0.126201706777434,-22.9834706333781,-34.0655891679763
8181.HK,-0.189699977195117,-5.41829726906081,-33.1745836161922
81810.HK,1.19238495883468,-5.35788164396838,-42.984023038203
8186.HK,-0.197229449909728,-34.108080430779,198.059665405039
8187.HK,0.297410196150781,5.62266884565288,50.7072247589113
8188.HK,-0.037974404041268,41.585942876012,32.5485578581919
8189.HK,0.079410542564883,-54.3704968042391,-68.9470194145953
8191.HK,0.277021033607368,-5.03105625556669,-28.7273607211724
8193.HK,0.531347086489368,-19.5895218816287,-67.1571991327278
8195.HK,0.28118215924266,-4.91187555365106,-26.1534598681335
8196.HK,-0.884238677805846,28.2723575313048,-31.7578847888555
8198.HK,1.18142161383712,-12.3936978454676,-66.2335896042061
8200.HK,0.484601393755062,28.6921361674521,46.3743920470925
8201.HK,0.617370991769147,16.0469400117405,67.4734035133401
82020.HK,1.1001936066549,11.5339375282079,-14.5142296890285
8203.HK,-0.437576955329151,-63.7876997770525,-63.0157821593481
8205.HK,0.128602390792326,-5.50331452994256,7.14341760203847
8206.HK,0.78794162803654,7.82314111327067,-50.5491918759822
8208.HK,0.421090123112794,-37.0142046962082,177.866445649243
8210.HK,0.220170101873458,-16.5240197832743,-1.09838375196449
8211.HK,0.998235366718694,3.62276954008545,-7.86531634832871
8213.HK,0.356131388012969,-1.41884241072395,-30.7688686263751
8215.HK,0.0,-9.00573548430709,-28.367470644735
8217.HK,1.11989307853704,-66.6191371347957,-61.4624736688689
8218.HK,0.640081803270872,11.0578353466688,41.4842565770508
8219.HK,0.39085875067264,108.45807281899,10.8462558915181
8220.HK,0.522453871703161,35.6002938100412,8.19598500387497
8221.HK,0.982648545094237,121.74947889333,134.353829805128
8222.HK,-0.224200772096077,77.386457960542,26.0995607162453
8223.HK,0.245775508709446,-67.6530576660188,-79.8355928037986
8225.HK,0.118512653653542,-38.1713456553273,-55.6834287850333
8226.HK,-0.159757829509385,-15.7019078568975,-31.4069435699109
8227.HK,-0.185627529751776,29.0840421778592,20.6694360921007
8229.HK,-0.171756264385935,30.9280999232573,143.670648727044
82318.HK,1.44822519326964,-11.9330369624519,1.61965712010033
8232.HK,0.502173720049603,-46.0884294433647,-53.7159923962395
82331.HK,1.5710397407833,-18.6531934387528,-11.1630776407352
82333.HK,1.30212730364206,-25.8163943494698,-32.7061167796872
8237.HK,0.525342704649472,502.882079343019,465.152092845917
8238.HK,1.00476667656823,-39.2611999842274,-26.5709159369169
82388.HK,0.507727130524872,36.2141327713632,41.8314386853696
8239.HK,1.23863911377552,116.292574780667,627.452181047822
8241.HK,-0.120683906546646,102.893007471208,54.5337753875554
8245.HK,0.456201399646498,43.3413523035245,-48.9685724382283
8246.HK,-0.162356717575143,5.1933084031909,-48.2867366023344
8247.HK,0.276141278996107,-27.9649652987937,400.888830675535
8249.HK,1.18985330865165,-53.276638850916,-64.6779941971302
8250.HK,0.600418172688882,-21.4533409108624,-21.1653783530152
8257.HK,1.07002969617827,244.898372604511,220.365001971431
8262.HK,0.101990415684363,-7.90106696574798,-52.8492294631459
8267.HK,0.686363718796373,-43.0933421902183,-71.0902967890358
8268.HK,0.147643331399968,-32.4519733613922,-55.6504331350914
8269.HK,1.06089363088504,-35.3061153320376,-46.0536638647079
8270.HK,0.090963496403576,21.6466207431772,50.0576246521918
8271.HK,0.327703301878979,14.3578769383174,44.2315236950518
8275.HK,-0.922206790133997,-28.4125046706973,-46.5931272260608
8277.HK,0.435168783177958,-12.8038945779637,6.95174780310817
8279.HK,0.151999774973336,235.549194335905,164.915043521524
8280.HK,-0.015129334751301,79.7052351887845,79.8211204509737
8281.HK,-0.347930755005093,166.990635137623,129.593037718654
8282.HK,0.134949827318991,-17.059122220561,-20.699775243234
8283.HK,-0.524628805594492,-57.7164152496978,-67.6634510642276
8285.HK,0.621454082020875,-0.066357016968666,21.2342392717854
8286.HK,0.724072293571548,1.25999339333245,-24.7790524310716
8290.HK,0.206232027184368,78.1425809697515,97.803232496071
8291.HK,-0.102040027114394,11.8919388911299,5.41838941166577
8292.HK,0.522321448928231,-53.9740024501561,-77.9016701195796
8293.HK,-0.064513419369729,-58.7297632290585,-17.4580495975042
8295.HK,0.478587411097218,-0.16375822845307,-31.3183220499753
8296.HK,0.258541457311324,-50.8453327277737,-68.7147948603153
8297.HK,-0.204238218199692,7.82314111327067,-1.09838375196449
8299.HK,0.925261336293295,-61.2099675263234,16.7039071726819
8300.HK,-0.458310308769492,-55.0736912028039,-80.060158014509
8305.HK,0.745637130572222,-45.4541756721101,-52.747005570383
8307.HK,0.542742749371939,-30.1987033845669,-43.419075355775
8308.HK,-0.378457051243077,-33.5336801356551,-16.0269296007246
8309.HK,-0.234882722867076,32.7054044471023,38.8092859621551
8310.HK,0.180747476463727,30.6318825026164,-29.1954338224291
8311.HK,-0.0973858644771,-51.064882110131,45.8798839658524
8313.HK,0.045034451585006,3.97231464493957,66.8964774185599
8315.HK,0.176334389138129,-27.1195435067707,-60.7618587711598
8316.HK,-0.097464869296803,39.4961888152939,9.47932921573984
8317.HK,0.117473609196336,-14.2944262945797,-7.09242110033028
8319.HK,0.116951192472715,-2.9591729980564,-4.63058433225148
8320.HK,0.544362359968417,26.8507542509067,26.2573824443006
8321.HK,-0.132417980076935,71.3617778407337,564.320290269823
8325.HK,0.165910915628217,-8.33229569366752,14.6077633544225
8326.HK,0.294536602259646,1.08419479369124,-7.27973476746672
8328.HK,1.26471310615819,-53.8914199186672,-58.7909932299852
8329.HK,0.151500862651619,-28.1179059244862,-34.8552228306353
8331.HK,0.172598670102124,-24.3719376416778,38.3511373357351
8333.HK,0.227105680814901,98.6215757349723,79.8211204509737
8337.HK,-0.200926256605148,3.13517845617193,-10.8264115796401
8340.HK,0.595772186346,57.7899626047863,54.1323889579774
8341.HK,0.241014623424277,-16.9761813427816,23.0025725906707
8347.HK,0.736671970699727,-31.0199780455473,-0.128760063258271
8348.HK,0.20426658964592,-10.3807658279309,-30.442819342041
8349.HK,0.095881993232263,6.17698628711385,-45.2433111759803
8350.HK,0.396766690900712,6.36607163876699,61.8793270427487
8353.HK,0.15516552804369,55.2970700605614,112.446909298525
8356.HK,0.525049011598401,-4.94538875540612,-36.2845356863617
8357.HK,0.145303817327522,1.35375264647442,-22.5270672723722
8360.HK,-0.298773965858924,43.7641881510275,-13.1595564651396
8362.HK,0.397985515611286,7.82314111327067,-4.39510429356567
8363.HK,-0.471774522302129,-13.9675423076982,-21.6065915447299
8365.HK,0.391800792244588,-47.4033457984046,295.606464992142
8366.HK,0.365699308930208,-31.3852738370096,-33.0021309287501
8367.HK,0.159757672923237,-8.62445668366892,-14.7399859930728
8368.HK,0.230614699125796,-17.059122220561,-77.2639962648194
83690.HK,1.44848070511742,1.190400861768,-29.0154029572809
8370.HK,1.19127593822546,7.01487168963295,21.2460554744435
8371.HK,0.307710506429301,4.45366795348097,-0.563780420894044
8372.HK,0.220767796839184,3.76963956765897,8.2000588012696
8373.HK,0.044363999158807,16.1172288912146,6.50943288249977
8375.HK,2.25585244187949,-38.8465766820256,-71.9532730042884
8377.HK,0.136140517058645,6.30450532294291,4.89565359640129
8379.HK,0.531851182537426,-31.676425433175,13.0304185691834
8385.HK,1.26964126837853,-51.5896101124091,-26.6572284003332
8391.HK,0.59772559600459,-27.7355543602548,-30.7688686263751
8392.HK,0.234643958583697,-1.3532964282843,46.6472240919147
8395.HK,-0.335463803061141,568.503474902278,467.768537720204
8400.HK,-0.364319546014548,80.5410734919881,69.5456278537751
8401.HK,1.26483507756869,-59.1407044202343,-70.080183319922
8402.HK,-0.236171319893045,-15.1555610911969,-35.8476002715445
8403.HK,0.247557616442131,15.4431510859399,118.738611117918
8405.HK,0.270797241100752,-3.47476874951435,-19.4930968779344
8406.HK,-0.812262156465302,21.3010337524295,-43.9297923633185
8411.HK,-0.011907948842584,34.7789263915883,47.6143526090082
8412.HK,0.436098697457874,-22.7753178513062,-28.1947169706044
8413.HK,-0.568222326305584,-72.7479973010415,-58.6411422962761
8416.HK,0.392207242120535,56.0264277286152,16.9701807548881
8417.HK,0.509833129081561,24.8478476048397,81.3196297880651
8418.HK,1.14849637415811,-64.7813860685297,28.5721011224461
8419.HK,0.422895583587711,17.9315605926398,-12.3656564890825
8420.HK,1.04194772302384,23.7969397967182,9.49821798889645
8422.HK,0.066925693376175,32.8380567163268,63.7725033318316
8423.HK,0.998064559348655,1.22172431041736,-12.5101087036609
8425.HK,-0.00030542358978,5.47915978472129,43.5668622955354
8426.HK,-0.141103262379945,-11.6203761366634,-1.09838375196449
8427.HK,0.461604520730467,-74.2279318072783,-85.4357208949811
8428.HK,0.020043677707977,7.82314111327067,-1.09838375196449
8429.HK,0.015795374629951,18.1907508357005,52.3619493550817
8430.HK,0.721582034225991,-35.3061153320376,-51.1751514724888
8431.HK,-0.312905201477366,280.55226275272,524.641786829698
8432.HK,0.429208371235947,-11.3454173068664,14.3549937867911
8436.HK,-0.298842319527161,42.1305041947659,6.22766189603812
8437.HK,-0.170849301953896,3.67609722429871,57.4866500764897
8439.HK,-0.067140431985662,321.490460715513,222.995151797382
8445.HK,-0.393578457428443,-21.9700952469752,-39.5601234039783
8446.HK,0.526655493396146,-36.1687004609438,-40.010495062667
8447.HK,0.594942202994428,59.1674940243519,80.3500060993589
8448.HK,0.260497044777061,206.581461478697,418.684031878586
8450.HK,-0.409381015774567,792.329443696033,431.411669392429
8451.HK,0.077582546699289,26.9530532462703,14.6002854937554
8452.HK,-0.03466373229396,-31.9011740337238,-38.6127899150124
8455.HK,1.40725965389519,-75.8476163906274,-55.3347539525001
8456.HK,0.248780722900448,-21.8282226928788,-15.642739082558
8460.HK,-0.770869299342874,-62.9698303247353,1100.94819729757
8462.HK,0.644202613812903,-0.578662090360815,-41.483210386579
8471.HK,-0.392281142188325,-79.2647805551403,-82.7497180962729
8472.HK,1.27233537882615,-50.9163312842574,-24.5875176108729
8473.HK,0.602254169755463,-13.3728609859193,-22.1209709694438
8475.HK,-0.961036375196706,7.82314111327067,-1.09838375196449
8480.HK,0.066117291019196,1.79135232287195,-25.8678998203863
8481.HK,0.252515500329495,0.471563310093104,-10.87986228199
8482.HK,0.28316838008972,-18.0544127539143,-40.9697159566699
8483.HK,0.275466476365127,87.6921345305082,21.5261689845142
8487.HK,0.461585923041504,40.5551660940849,-29.9046797465379
8489.HK,0.127605018626824,-57.3967100967077,-1.70514213385428
8490.HK,0.844010104401766,5.03461160172056,-15.9708072479097
8491.HK,0.560696911072622,-30.8826018504675,-54.2122146999836
8493.HK,0.341477541471029,7.82314111327067,-33.4316044484376
8495.HK,0.156802761754609,-28.1179059244862,7.89267227058417
8496.HK,0.016206669638718,5.25592346771659,-71.4438995340179
8500.HK,0.175247127194719,-29.9149582763741,-79.7751751043343
8501.HK,-0.009990563070942,88.9683916418146,91.0599404791595
8502.HK,0.126369965502337,32.9118912340681,15.7154270316931
8507.HK,1.11341873404161,486.619625069854,1202.49867905924
8509.HK,0.209646334002053,2.6058923497253,-2.74674402276509
8510.HK,0.308346739406999,14.5620874328501,107.571293360075
8511.HK,0.06978274387961,-25.6753104947358,-32.4806273691296
8512.HK,-0.08699839641234,26.3552434921141,23.6270203100444
8513.HK,-0.237534573401782,-49.1690906180295,-77.6455250946221
8516.HK,0.110574934357298,90.2048669076797,39.2983709637081
8519.HK,1.86689976526507,-19.132644165047,-67.9814911427223
8521.HK,-0.002555398990488,0.537793740752357,-25.0086646031379
8523.HK,-0.228516952198592,-20.9630007464053,-33.0205783361266
8525.HK,0.083034339011514,7.82314111327067,-1.09838375196449
8526.HK,-0.528790864525571,103.853126167277,117.583555745678
8527.HK,0.121196141106597,35.5671072476795,24.3499853410973
8529.HK,,30.0220231071793,14.5470696658038
8532.HK,0.772913276994806,13.1259185450709,-73.6262356671905
8535.HK,0.089362282179862,-23.889547449456,30.4197137336732
8536.HK,-0.418490384268493,0.791197127622567,-24.0576875238299
8537.HK,0.190501537126555,-27.0473215446381,-9.65031706941145
8540.HK,0.176374942390831,4.55577320074732,-42.9021596918558
8545.HK,0.160745967627753,-0.066357016968666,-12.5985716877826
8547.HK,0.122265581321917,-3.09565798680739,-53.4965910356919
8549.HK,,-29.649819404784,
8551.HK,,,
8552.HK,,,
8553.HK,,,
8557.HK,,,
8558.HK,,,
8559.HK,,,
8566.HK,,,
8567.HK,,,
8571.HK,,,
8572.HK,,,
8578.HK,,,
8583.HK,,,
8591.HK,,,
8592.HK,,,
8595.HK,,,
8597.HK,,,
8598.HK,,,
8601.HK,0.019797422872106,4.76742456350185,-10.4287249074395
8603.HK,0.315985305568176,130.06639836327,819.588537829416
8606.HK,0.756847468952269,-12.7146000511619,-46.3406124611722
8607.HK,0.77575595492891,-9.49017886574404,-18.5639532731532
8609.HK,0.406236122265586,145.032485568534,207.072378111558
8610.HK,,-11.9191241609902,
8611.HK,0.695408004122244,-32.0284635819617,-3.01512233958838
8612.HK,0.662030733475573,-15.0773490346806,14.4541383981769
8613.HK,-0.170883351714957,-14.7444930732278,-59.9683934234142
8616.HK,-0.145500023647814,23.7969397967182,80.3500060993589
8619.HK,0.375112939663273,-7.65753931025229,-34.6585794004892
8620.HK,-0.312943546191506,50.3303409752331,99.1768660550715
8621.HK,1.19777628538478,-20.3046348293217,-19.9367868468284
8622.HK,-0.08814588712121,-55.7788636446839,-54.8674314586429
8623.HK,0.227577090366796,-20.2108755761797,-35.4230623321651
8627.HK,0.046877895916317,-22.1277314181934,8.95940773088659
8629.HK,,9.12221510258717,-12.7338680164392
8631.HK,0.428875450808035,-31.8177195901377,-7.54848915944508
8635.HK,-0.163718834760546,-45.1707856892092,-53.6519876798422
8637.HK,,63.9105149659137,142.953970348435
8645.HK,0.613437056013307,-47.9159403096913,-47.8019247579813
8646.HK,-0.073278331665627,11.090509025794,-23.8644161713236
8657.HK,0.638915959264426,-24.5238012207105,-42.3073905219793
8659.HK,-0.028378379888875,-28.3543601813136,-32.9593071070363
86618.HK,1.62078571670933,-34.0531247013635,-20.7995065080797
8668.HK,0.000226694304361,35.857157802721,36.9406994203569
89618.HK,1.62749434602749,17.0015512338328,-4.28386525688588
89888.HK,1.31909874279614,-28.8546858765735,16.7549166022654
89988.HK,1.80342523893603,-29.4022545794378,-6.91612588420188
9600.HK,0.975454977650395,-12.0665645289831,-47.2524713343811
9606.HK,,-31.6605191568611,-40.5515284943874
9608.HK,0.137797382502878,-14.9856002760751,-65.0433942571599
9609.HK,,-20.4804334289629,
9611.HK,,-22.9934082500706,
9616.HK,0.45500424155857,-5.48835778960226,-46.6682423776416
9618.HK,1.62749434602749,17.0015512338328,-4.28386525688588
9626.HK,2.60783175351015,-43.7094135184455,-18.990133424976
9630.HK,,,
9633.HK,0.494450308456652,-3.56057697239339,-4.29563427722426
9636.HK,1.52725816328782,-14.9173361791372,-42.532166922543
9637.HK,,,
9638.HK,,-30.7670799454733,-14.5448197479998
9639.HK,,-15.8222845694641,-17.7360388217275
9658.HK,1.05147756508925,-7.21801807024202,-30.2095278661035
9660.HK,,-36.5390705331086,-28.9694274552413
9663.HK,,-38.0638560481422,-66.585643832353
9666.HK,0.942258700102369,25.5509727522097,5.65907723809036
9668.HK,0.617732219882827,-1.86882662724805,-25.1305521860666
9669.HK,,-46.6827302211544,-63.7630017480944
9676.HK,,-48.5278670251129,-52.2465880358456
9677.HK,0.070122082722122,19.0817823540138,-7.17425096174142
9678.HK,,-80.5382052885864,-88.201961175948
9680.HK,,-21.812459075757,-36.9146069199774
9686.HK,,4.18865321057613,-10.46801055441
9688.HK,1.36717247284873,12.3482801759115,-55.7019199386715
9689.HK,0.164710280919289,26.8507542509067,30.4197137336732
9690.HK,,-19.9380617798473,-44.1946435856495
9696.HK,0.851686434749876,-35.9114382295156,-11.821401092541
9698.HK,2.37142248615648,-30.7587915546518,-21.463609033146
9699.HK,1.24356669494332,-39.4136635649241,-51.6611035379424
9857.HK,0.84864194192515,-24.9142471356054,-30.5466178033459
9858.HK,1.25068458488789,1.14383148678487,15.8405670971466
9860.HK,,-31.8574368301488,-55.864312749176
9863.HK,1.40083113790622,6.31089509485172,-32.3330061096166
9866.HK,1.66637629387363,8.27546682323717,-0.579215162735969
9868.HK,2.10345668738765,-25.4031075854043,-31.6211270429414
9869.HK,2.00090289093256,116.8443171278,34.595432638304
9876.HK,0.090369581462676,-18.9631109243029,-36.9667032445854
9877.HK,0.805010002322771,-0.213366298898587,-18.6736157783814
9878.HK,0.693642773497464,-22.1852186975244,-47.8443089631678
9879.HK,,29.9936720446073,54.3192160961083
9880.HK,,-39.144141269172,-11.7626521706087
9881.HK,,-20.3476795615655,77.1820453026547
9882.HK,-0.208164147298369,63.5317640217939,45.1620496543747
9885.HK,,-37.6152810484531,-67.8329694727263
9886.HK,0.345729990567407,-18.0544127539143,36.6640515427399
9887.HK,,-6.41422907578191,-34.404583568141
9888.HK,1.31909874279614,-28.8546858765735,16.7549166022654
9889.HK,0.121383291638577,4.98569003134248,-15.5532353574466
9890.HK,,-39.6860564693802,-28.3815882341812
9893.HK,0.923913220839841,29.8433600730231,202.003149614537
9896.HK,1.69821323355543,-26.7789632461238,-34.0138759045787
9898.HK,1.62450476399092,-20.5909850788827,-21.890551359942
9899.HK,1.36268300775543,-23.0924167576182,-52.0133164688473
9900.HK,1.0688221440127,-12.9486698953153,274.461981518424
9901.HK,0.794400839517294,-3.70693974850638,6.2759763289792
9903.HK,,166.24485124059,
9906.HK,0.011338706593675,1.94187887072865,2.17650420326845
9908.HK,0.073605432345512,11.5049069073824,4.83571322291763
9909.HK,1.7816651053562,-12.0390164602266,-13.808631623198
9911.HK,1.1683222479849,-26.5090583797218,-23.2561496998417
9913.HK,0.030304715552551,7.82314111327067,-7.87793002703143
9916.HK,0.424339375587749,12.6510429541634,-13.461085782969
9918.HK,0.636770009573045,-3.47261652716723,-50.2847490517896
9919.HK,0.048539000418393,-17.1993456663417,-21.7945276154808
9922.HK,1.89677853580574,-36.8961340028324,-57.1313813532406
9923.HK,0.657695669242838,-33.4475668920623,-67.0553439720976
9926.HK,0.685911846975351,-8.65116521271623,-39.2034730454717
9927.HK,,-50.373637056761,
9928.HK,2.30516985004397,7.82314111327067,-13.2441962736531
9929.HK,0.177205079154075,213.034925812721,2725.76046422959
9930.HK,,-29.1749955432438,-41.8736115033476
9933.HK,1.15120776481879,5.92037979950706,9.38125770478098
9936.HK,0.207780993618746,32.8117389057939,199.099561001928
9938.HK,0.521558164656347,173.464488330759,229.672054160118
9939.HK,0.663164608836797,-38.49264115188,-40.2993880102768
9955.HK,0.147403007824939,-44.9881933095558,-67.4665736026199
9956.HK,1.27415012686513,33.845303253541,36.1520301077882
9958.HK,0.078767883331049,-33.6472977764488,-54.7878325723266
9959.HK,1.92371550464959,-6.83462117467677,-14.906975813321
9960.HK,0.586031077562818,-15.5385394612713,-39.6314809914589
9961.HK,0.994398625969672,-20.1229455216586,-27.0560828717262
9963.HK,-0.217152243104521,394.499233381552,1544.23937012359
9966.HK,2.44629832687768,-12.9120783315891,-21.7890984482062
9968.HK,1.82340794042026,95.1085410621088,50.330456697014
9969.HK,1.23084605358676,29.2584185239637,-26.5587255143303
9971.HK,,,
9973.HK,,0.670069600867928,
9977.HK,0.128475465700798,12.8228558808112,6.35592315120288
9978.HK,1.6690708873145,1157.93664632149,827.839905007343
9979.HK,1.23512114246296,-41.3800209862016,-38.8076236592739
9980.HK,,,
9981.HK,,,
9982.HK,0.609766504388918,-8.29994540833992,-18.181390194807
9983.HK,0.939259679725195,-35.7208197209348,-73.7952982590675
9985.HK,1.19047770816829,-27.5802052207718,-30.622468207587
9986.HK,0.031565861740416,7.82314111327067,37.7296581824494
9987.HK,0.079898706749619,-14.7480427900569,-16.5699903267653
9988.HK,1.80342523893603,-29.4022545794378,-6.91612588420188
9989.HK,0.85961559306752,-11.3134087408022,-37.6804143232408
9990.HK,1.577124784867,16.6507667014917,-2.67660103251824
9991.HK,1.62788410845191,4.15376720103893,-6.30373197554532
9992.HK,1.61834764002705,-22.4642580758503,-37.1381629347857
9993.HK,0.954240705466092,-36.8989571893927,-64.75132708115
9995.HK,1.01827663144104,2.67393471948385,16.9158392074991
9996.HK,1.27725452133802,-31.0666295978626,-52.9419729142412
9997.HK,0.681333959745152,12.7758341111882,10.8728034772188
9998.HK,0.672534380258929,-19.132644165047,78.0229092464639
9999.HK,0.795239253921354,3.34746355762545,-2.53730154412797
